-4.409149693 0.1528003684  8.791983976  -4.182237247 -0.3388461723   8.840377054 1785404703 1785404703
-4.406697152 0.1367792824   8.77563679  -4.191809173 -0.3246617481    8.83136437 1785404703 1785404703
-4.430339762 0.1105003114  8.752544238 -4.219151697 -0.283606049  8.806323435 1785404703 1785404703
 -4.410883661 0.09498466173    8.75005583  -4.261678169 -0.2199361314   8.769587729 1785404703 1785404703
 -4.386077598 0.09360740512   8.749345972  -4.315106035 -0.1404219619   8.727086628 1785404703 1785404703
 -4.356625397 0.08413646736   8.754140288    -4.37389533 -0.05338793582    8.686010395 1785404703 1785404703
 -4.330314082 0.08106845996   8.762089273  -4.431721263 0.03223093579   8.653616526 1785404703 1785404703
 -4.318713549 0.07706415846   8.772386015 -4.482148168 0.1080126862  8.636011605 1785404703 1785404703
   -4.3162321 0.07829009355   8.782087156 -4.519448863 0.1670361609  8.637243939 1785404703 1785404703
 -4.340817633 0.09135924478   8.782739712 -4.539339322 0.2047341315  8.658554544 1785404703 1785404703
-4.372170231 0.1009676512  8.783415821 -4.539823323 0.2194240432   8.69790365 1785404703 1785404703
-4.417863964 0.1011329731  8.781296531 -4.521477357 0.2123964579  8.750284958 1785404703 1785404703
 -4.444690755 0.09771150283   8.775510141 -4.487532274 0.1872716592  8.808308902 1785404703 1785404703
 -4.432252776 0.09451920696   8.785834886 -4.443301787 0.1494613809  8.863158768 1785404703 1785404703
 -4.435466367 0.09780222261   8.784402826 -4.395690221 0.1053826454  8.906471492 1785404703 1785404703
 -4.421461217 0.09748816709   8.786680142  -4.351801508 0.06121565011   8.931097135 1785404703 1785404703
 -4.400159688 0.08531885724   8.786747619  -4.317961478 0.02224786845   8.932817878 1785404703 1785404703
 -4.391712294 0.06481900973    8.78222792    -4.298563684 -0.007734912851     8.910916282 1785404703 1785404703
 -4.378415057 0.05994504173   8.783822003    -4.29557363 -0.02641150579    8.868473665 1785404703 1785404703
 -4.359853034 0.06290563817   8.789012962   -4.308198025 -0.03303500014    8.812205111 1785404703 1785404703
 -4.340137239 0.07149717379   8.798994537  -4.333083002 -0.0281687257   8.751301425 1785404703 1785404703
-4.315290537 0.0690078785  8.818388567  -4.365101127 -0.0131356514   8.695847922 1785404703 1785404703
 -4.311094937 0.06746650436   8.831520293  -4.398217329 0.01017628214   8.655284447 1785404703 1785404703
 -4.299959086 0.07029799049   8.848904215  -4.426741366 0.03964889645    8.63685811 1785404703 1785404703
 -4.315427668 0.08174017005   8.859070447  -4.445900776 0.07284716712   8.644136033 1785404703 1785404703
-4.330278418   0.09115572  8.873150075 -4.453011324 0.1072377674  8.676634791 1785404703 1785404703
 -4.363769518 0.09612206026    8.88688315 -4.447441867 0.1399973012  8.729645209 1785404703 1785404703
-4.394166911 0.1018403128  8.891873242 -4.430728187 0.1681345053  8.795078135 1785404703 1785404703
-4.406573595 0.1085214518  8.902642126 -4.405888105 0.1884755458  8.862738863 1785404703 1785404703
-4.443287165 0.1129596394  8.900485123 -4.376994555 0.1981702505  8.921938887 1785404703 1785404703
-4.464758752  0.109063914  8.898514716 -4.348249126 0.1950351026  8.963022738 1785404703 1785404703
 -4.491637158 0.09103288688   8.881915558 -4.323626147 0.1781877855  8.979029051 1785404704 1785404704
 -4.502747335 0.07824062192   8.856393436 -4.305785548 0.1480911463  8.966447385 1785404704 1785404704
 -4.49084967 0.0793711616  8.836380181 -4.296309795 0.1071457232  8.925709857 1785404704 1785404704
 -4.484277622 0.08213044529   8.796982781  -4.296281604 0.05985432582   8.861325596 1785404704 1785404704
 -4.459585353 0.08546707161   8.757179923  -4.305244027 0.01169621843   8.780875563 1785404704 1785404704
 -4.426824713 0.08348745196   8.704937345   -4.322321969 -0.03111418478    8.694177289 1785404704 1785404704
 -4.401419297 0.07060776644   8.655066309   -4.345965093 -0.06271698449    8.611715622 1785404704 1785404704
 -4.372682847 0.06836853987   8.640949054   -4.374306154 -0.07836222778     8.54344909 1785404704 1785404704
 -4.348702868 0.08615406957    8.62419134   -4.405384316 -0.07553659437    8.497649304 1785404704 1785404704
-4.326942802 0.1079040277  8.624040583   -4.436750587 -0.05445183381    8.480035925 1785404704 1785404704
-4.313883275 0.1273095907  8.643661232   -4.465626248 -0.01789440019    8.492900479 1785404704 1785404704
-4.323584789 0.1407432802  8.676409659  -4.489054095 0.02924101449   8.535051646 1785404704 1785404704
 -4.32025203 0.1379959014  8.717841201  -4.504124537 0.08068128986   8.602207657 1785404704 1785404704
 -4.33654573 0.1521805189  8.764186131 -4.508080611 0.1295715004  8.686908745 1785404704 1785404704
-4.357268976 0.1669376274  8.814293199 -4.499053648 0.1698057615  8.780043637 1785404704 1785404704
-4.397409981   0.16739785  8.862101299 -4.476497449 0.1970367249  8.871445532 1785404704 1785404704
-4.425386589 0.1611707004  8.891402334 -4.441550716  0.209279208  8.951220517 1785404704 1785404704
-4.416562301 0.1492319223  8.909965017 -4.397150598 0.2068890769  9.010580272 1785404704 1785404704
-4.421111787 0.1451911836  8.911692099 -4.348061017 0.1924770397   9.04304668 1785404704 1785404704
-4.412423939 0.1353004245  8.901913581 -4.300216866 0.1703039148  9.045053748 1785404704 1785404704
-4.40142171 0.112356924 8.871717865 -4.259895232 0.1450978048  9.016624861 1785404704 1785404704
 -4.379081374 0.09373152087   8.829827463  -4.23282398 0.1210225709  8.961249622 1785404704 1785404704
 -4.361013762 0.07639383748   8.803251721 -4.223409508  0.101046267  8.885739291 1785404704 1785404704
 -4.345059045 0.07867080577   8.769966805  -4.233626003 0.08667933531   8.799796301 1785404704 1785404704
 -4.327763831 0.08198727935   8.742682598  -4.262723458 0.07756788353   8.714459419 1785404704 1785404704
 -4.321143391 0.07380812456   8.718249263   -4.30718696 0.07192339805   8.640936461 1785404704 1785404704
 -4.324849276 0.06318196844   8.707653306 -4.361289351  0.067139265  8.589220243 1785404704 1785404704
 -4.318908914 0.04848579535   8.719718136  -4.417953951 0.06082097695   8.566434515 1785404704 1785404704
 -4.320812065 0.05239486708   8.737060729  -4.469412826 0.05112961696   8.575895219 1785404704 1785404704
 -4.333436869 0.06119851624   8.758475043 -4.508869879 0.0377472815  8.616140419 1785404704 1785404704
 -4.361977586 0.06065168619   8.781584533  -4.531331819 0.02173502521   8.681446454 1785404704 1785404704
 -4.404374825 0.05377469706   8.804139483   -4.534376053 0.005659556705    8.762469318 1785404704 1785404704
 -4.416921488 0.06615308148   8.815724879   -4.518258849 -0.00722988211    8.847457376 1785404704 1785404704
 -4.441651724 0.07176428381   8.825156433   -4.485733078 -0.01354456794     8.92392851 1785404704 1785404704
 -4.456407468 0.08481813796   8.831523033   -4.44152816 -0.0106510701    8.98049439 1785404704 1785404704
 -4.475271086 0.08142653171   8.824926952   -4.391420787 0.002769747942    9.008580743 1785404704 1785404704
 -4.480180543 0.08370877997   8.809902745  -4.341712695 0.02598977165   9.003822839 1785404704 1785404704
 -4.47503774 0.1103856562   8.79663948  -4.298458417 0.05640713851   8.966761134 1785404704 1785404704
-4.454833896 0.1278967458  8.781766888  -4.265969784 0.09051385788   8.902393359 1785404704 1785404704
-4.426404751 0.1550426052  8.767049612 -4.247181582 0.1237780136  8.820042334 1785404704 1785404704
-4.399606591 0.1669141275  8.749001391 -4.243287305 0.1519945415  8.730710645 1785404704 1785404704
-4.371812559 0.1627835825  8.732255194 -4.254392219 0.1718557521  8.646110648 1785404704 1785404704
-4.373570024 0.2359335379  8.722737202 -4.278836742 0.1816545309  8.576827069 1785404704 1785404704
-4.370795679 0.2648658582  8.719989486 -4.314185443 0.1810646416  8.530703827 1785404704 1785404704
-4.370548521 0.2734031162  8.726317535 -4.357726444 0.1713138489  8.512743141 1785404704 1785404704
-4.390129941 0.2557840257  8.734831709 -4.406863842 0.1546034389   8.52360034 1785404704 1785404704
-4.418100815 0.2318362143  8.748825791 -4.457732214  0.134417743  8.560217424 1785404704 1785404704
-4.389100704 0.1859234466  8.783978941 -4.506021348 0.1137290112  8.617123274 1785404704 1785404704
-4.366721745 0.1602893634  8.815986362  -4.546593821 0.09583378682   8.683359598 1785404704 1785404704
-4.357873323 0.1370147764  8.836705396  -4.575490231 0.08187061266    8.74942982 1785404704 1785404704
-4.363239215 0.1110914384  8.845430744  -4.589436123 0.07184923291   8.806477779 1785404705 1785404705
 -4.377313148 0.07829480289   8.838690742    -4.5855966 0.06455472874   8.848296798 1785404705 1785404705
 -4.407448786 0.08746256499   8.816777539  -4.562946244 0.05798368101   8.871537036 1785404705 1785404705
  -4.4121054 0.1081240681  8.803962639  -4.523243482 0.04959897944   8.877241112 1785404705 1785404705
-4.402275397 0.1354760297  8.796687007  -4.470699421 0.03819693697   8.868836974 1785404705 1785404705
-4.390712834 0.1368598333  8.791434375  -4.410773487 0.02390202583   8.851689494 1785404705 1785404705
-4.374868828 0.1333616213  8.793472328   -4.349836705 0.008409759852    8.832002317 1785404705 1785404705
-4.345831935 0.1006239656  8.811458612    -4.294799255 -0.005265739436     8.815139653 1785404705 1785404705
-4.319343287 0.0877167636  8.832970902    -4.25151198 -0.01339374425    8.805667839 1785404705 1785404705
 -4.308372501 0.08081988298   8.852838625   -4.224121277 -0.01231605843    8.805561174 1785404705 1785404705
 -4.317831048 0.04804674232   8.868757244    -4.214790711 0.0004204151608     8.814496299 1785404705 1785404705
 -4.340870766 0.01169652291   8.882154732  -4.223554902 0.02525327807    8.83043525 1785404705 1785404705
   -4.361551208 -0.006262049288     8.885059606  -4.248144275 0.06034466216   8.849857377 1785404705 1785404705
    -4.372745578 -0.0006918939112      8.890029856 -4.284378446 0.1014722766   8.86861464 1785404705 1785404705
 -4.386602781 0.01884413864   8.887934919 -4.327059527 0.1425955748  8.882747243 1785404705 1785404705
-4.407991548 0.0218032778  8.872840285 -4.370782046 0.1768854676  8.889220834 1785404705 1785404705
 -4.430469507 0.03042692236    8.84514227 -4.410531346 0.1979905628  8.886156667 1785404705 1785404705
 -4.437443739 0.01813555877    8.82334548 -4.442412611 0.2011857226  8.873102002 1785404705 1785404705
 -4.429299446 0.03220932493   8.805605127 -4.464098813 0.1844118178  8.850868936 1785404705 1785404705
 -4.418320933 0.06300094949   8.785687277  -4.47496155 0.1489292372   8.82146922 1785404705 1785404705
-4.410518792 0.0757838142  8.766198159  -4.475830578 0.09917459466   8.787560536 1785404705 1785404705
 -4.398724893 0.08582604831   8.748089728 -4.468723252 0.0421092765  8.752088548 1785404705 1785404705
 -4.392539653 0.06452284492   8.746267392   -4.456394476 -0.01385429558    8.717981238 1785404705 1785404705
 -4.373816985 0.06414491345     8.7534814   -4.441788483 -0.06019566375    8.688037225 1785404705 1785404705
 -4.368549841 0.07687778729   8.759341646   -4.427426389 -0.08962442642     8.66471868 1785404705 1785404705
 -4.370135507 0.07920600175   8.767084835   -4.415202008 -0.09742533961    8.649920483 1785404705 1785404705
 -4.379467058 0.06680639751   8.777683081    -4.40602031 -0.08219561558    8.645089227 1785404705 1785404705
 -4.399323603 0.04843410087   8.776765365   -4.399936917 -0.04601428518    8.651020458 1785404705 1785404705
 -4.393631908 0.04492771491   8.787378634  -4.396150119 0.00592488473   8.667830979 1785404705 1785404705
 -4.391763217 0.05181395979   8.795625535  -4.393245526 0.06621134471   8.694619318 1785404705 1785404705
 -4.389693111 0.04922252353   8.800788264 -4.389565827 0.1263838081  8.729480325 1785404705 1785404705
 -4.389999457 0.03892075534   8.801396019 -4.383642244 0.1783740474  8.769449804 1785404705 1785404705
 -4.390266061 0.03434610984    8.79904606 -4.374465902 0.2156498936  8.810661021 1785404705 1785404705
 -4.368818647 0.04423197361   8.806251795 -4.361722668 0.2340959409  8.848615466 1785404705 1785404705
 -4.361940508 0.05520868965   8.805620954 -4.345983078 0.2325321013  8.878624592 1785404705 1785404705
 -4.355108728 0.06347976848   8.804157469 -4.328727508 0.2127112373  8.896510572 1785404705 1785404705
-4.354516347 0.0723418303  8.798573287 -4.312166593 0.1788284072  8.899198061 1785404705 1785404705
 -4.366085131 0.06549485208   8.790722525  -4.29892642 0.1366686172  8.885300905 1785404705 1785404705
 -4.359271527 0.07918211239   8.792298464   -4.29169834 0.09266197383   8.855412139 1785404705 1785404705
-4.357872533 0.1029911901  8.791734956 -4.292950046 0.0529072829  8.812364286 1785404705 1785404705
-4.35926049 0.121291793 8.791309233  -4.304278742 0.02224082036   8.760938437 1785404705 1785404705
-4.370314388 0.1297088412  8.788503994    -4.32611046 0.003718146123    8.707290297 1785404705 1785404705
-4.382478082 0.1133668862  8.786439481     -4.35739585 -0.001626050459     8.658163094 1785404705 1785404705
-4.376799929 0.1080536141  8.793282989  -4.395575319 0.00535957911   8.619997041 1785404705 1785404705
-4.380521887 0.1198953751  8.796833798   -4.43662629 0.02225346452   8.597969377 1785404705 1785404705
-4.378306395   0.12445243  8.803851522  -4.475392354 0.04563192545    8.59527466 1785404705 1785404705
-4.375333649  0.124525002  8.812738106  -4.506168072 0.07171482269    8.61264539 1785404705 1785404705
-4.375820638 0.1231577405  8.816631857  -4.523514024 0.09697919314    8.64826864 1785404705 1785404705
-4.357525283  0.125541322  8.829043301 -4.523070786 0.1185072134  8.698110988 1785404705 1785404705
-4.357368047 0.1316792686  8.832489255 -4.502278801 0.1342233872  8.756435424 1785404705 1785404705
-4.349101588 0.1334699373  8.839944146 -4.461324884  0.143073467   8.81665836 1785404706 1785404706
-4.354157167 0.1223466504  8.842167801 -4.403273247 0.1448133493  8.872216771 1785404706 1785404706
-4.364119245 0.1092996167  8.841346595 -4.334352085 0.1398786718   8.91734795 1785404706 1785404706
-4.355644503 0.1062933621  8.849916279 -4.263227509 0.1290732715  8.947746262 1785404706 1785404706
-4.371700422 0.1039254983  8.847679203 -4.199925041 0.1133884303  8.960961967 1785404706 1785404706
-4.380305998 0.1063307287  8.849707561  -4.154714483 0.09386632998    8.95646279 1785404706 1785404706
 -4.404580053 0.09265408442   8.845565254   -4.13633085 0.07156043498   8.935550758 1785404706 1785404706
 -4.423862384 0.08075183135   8.839579932  -4.150521999 0.04758249967    8.90103697 1785404706 1785404706
  -4.41516517 0.07030756605   8.844528431   -4.19872389 0.02322115971   8.856785013 1785404706 1785404706
 -4.419908299 0.06301922189   8.839791799    -4.277474471 8.424744449e-05     8.807267094 1785404706 1785404706
 -4.419412184 0.05951659609   8.832908711   -4.378491848 -0.01979154051    8.757039008 1785404706 1785404706
 -4.427743362 0.04252690131   8.813590169   -4.489455568 -0.03414282031    8.710532842 1785404706 1785404706
 -4.441214127 0.01931684277     8.7878088  -4.595654426 -0.0405628058   8.671547434 1785404706 1785404706
   -4.43118831 0.007047746352    8.776389824   -4.681977942 -0.03697090877    8.642938492 1785404706 1785404706
 -4.426032207 0.01053556178   8.756987186   -4.735514092 -0.02182802073    8.626771626 1785404706 1785404706
-4.407142923 0.0195163115  8.744299203   -4.747349077 0.005208709072    8.623934019 1785404706 1785404706
 -4.388190659 0.02785291013    8.72758533  -4.714202755 0.04294212046   8.634280992 1785404706 1785404706
 -4.379235785 0.03785125922   8.714251767  -4.639064718 0.08848395985   8.656421814 1785404706 1785404706
 -4.369447585 0.04794827224   8.713963627 -4.530981488 0.1375050009  8.687878748 1785404706 1785404706
 -4.376382065 0.06220439717   8.707042483 -4.403743006  0.184517192  8.725301598 1785404706 1785404706
 -4.376874446 0.07387914612   8.710226393 -4.273907499 0.2235113662  8.764759691 1785404706 1785404706
 -4.386974941 0.07848465572   8.718117096 -4.158382204 0.2488973185   8.80205291 1785404706 1785404706
 -4.393402579 0.07907171841   8.732855305 -4.072012827  0.256481094  8.833324549 1785404706 1785404706
 -4.365572607 0.07310521741   8.763364367 -4.025446555 0.2442555231  8.855484728 1785404706 1785404706
 -4.358643737 0.08086304176   8.789050966  -4.02364363 0.2126707438  8.866221652 1785404706 1785404706
 -4.347543448 0.09890081613   8.818576101 -4.065512474 0.1650936139   8.86500578 1785404706 1785404706
 -4.354988397 0.09376195096   8.844635431 -4.144223423 0.1072706161  8.852783647 1785404706 1785404706
-4.373089798 0.0710366313  8.858813585  -4.248427886 0.04668732755   8.832111122 1785404706 1785404706
 -4.371166781 0.05430084464      8.873664    -4.364016982 -0.008661193871     8.806627499 1785404706 1785404706
 -4.376631483 0.05196807071    8.88456272   -4.476222248 -0.05149148145    8.780531411 1785404706 1785404706
-4.377621265 0.0614520473  8.893324303   -4.571558462 -0.07632820631    8.757967569 1785404706 1785404706
 -4.379729276 0.06208369721   8.895356528   -4.639444686 -0.08036171378    8.742337196 1785404706 1785404706
 -4.391387367 0.05639114986   8.882924761   -4.673318336 -0.06396275916    8.735738097 1785404706 1785404706
 -4.383030917 0.05200654979   8.875974409   -4.671144017 -0.03052062006    8.738560688 1785404706 1785404706
 -4.392533273 0.05846404605   8.852851916   -4.63512948 0.01423987348   8.749671052 1785404706 1785404706
 -4.396939163 0.07059431593   8.826031331  -4.571228344 0.06314663925   8.766363111 1785404706 1785404706
 -4.402465575 0.06637841828   8.787683809 -4.488038866 0.1088200784  8.785021053 1785404706 1785404706
 -4.406850542 0.06028918597   8.752101724 -4.395823321 0.1448453035  8.801776717 1785404706 1785404706
-4.384852961 0.0484966381  8.742664449 -4.305187828 0.1667726046  8.813210085 1785404706 1785404706
 -4.371505391 0.05492679095   8.724678436 -4.226028946 0.1726875533  8.816867386 1785404706 1785404706
 -4.350955134 0.06858716873   8.719130237 -4.166697108 0.1633083772  8.811733954 1785404706 1785404706
 -4.340233044 0.07161570224   8.712529823 -4.133298507 0.1417045726  8.798312297 1785404706 1785404706
 -4.337675521 0.07378447808    8.71687306 -4.129190902 0.1125600587  8.778549791 1785404706 1785404706
 -4.331721413 0.06828384362   8.730952204  -4.154692608 0.08127961577   8.755405369 1785404706 1785404706
 -4.333979883 0.07590345155   8.748447281  -4.207082546 0.05299086453   8.732203437 1785404706 1785404706
  -4.34052098 0.08448609832   8.772982198  -4.280750414 0.03178801598   8.712217749 1785404706 1785404706
 -4.363210814 0.08263048203   8.799778634 -4.367664549  0.020182111  8.698089063 1785404706 1785404706
 -4.391814308 0.08368347896   8.826014858  -4.458070836 0.01897288758   8.691560213 1785404706 1785404706
 -4.384218549 0.08064419681   8.850699776   -4.54148394 0.02731941606   8.693365061 1785404706 1785404706
  -4.39202309 0.09674605886   8.873222641   -4.60786252 0.04309778668   8.703176697 1785404706 1785404706
-4.403157322 0.1256569487  8.888115278  -4.648782929 0.06352107151   8.720023175 1785404707 1785404707
-4.424152976 0.1332957713  8.891924149  -4.658649425 0.08567422236   8.742532753 1785404707 1785404707
-4.445850606 0.1311579834  8.885093766 -4.635423991 0.1068990027  8.769166929 1785404707 1785404707
-4.441776821  0.118570774  8.881885994 -4.581142664 0.1250432411  8.798341422 1785404707 1785404707
-4.434835001 0.1181947542  8.875478839 -4.501999378 0.1388097174  8.828489427 1785404707 1785404707
 -4.41892649 0.1220338618  8.869749723  -4.40751177 0.1474149634   8.85807832 1785404707 1785404707
-4.403780117  0.105720493  8.860548417 -4.309442168 0.1505361696  8.885492311 1785404707 1785404707
  -4.38884994 0.08515121984   8.851363711 -4.220160369 0.1479812668  8.908752408 1785404707 1785404707
 -4.373401494 0.05514487581   8.852824959 -4.151073318 0.1396939837  8.925569184 1785404707 1785404707
 -4.36019965 0.0377510454  8.854510707 -4.111023558 0.1257829945  8.933661369 1785404707 1785404707
-4.349878018 0.0381110913  8.858069786 -4.104966018 0.1064978028  8.930950514 1785404707 1785404707
 -4.347470616 0.03128506199   8.861168553  -4.133273544 0.08244809041   8.915924499 1785404707 1785404707
 -4.361050126 0.02160230195   8.858621781 -4.191756971 0.0548196817  8.888194022 1785404707 1785404707
 -4.365860408 0.02329465264   8.857479148  -4.272347455 0.02560373942   8.848955022 1785404707 1785404707
 -4.365206151 0.03633448786   8.856717302    -4.364016904 -0.002500992596      8.80107369 1785404707 1785404707
 -4.367468158 0.05573274295   8.850019635 -4.45447372 -0.02622573 8.749030704 1785404707 1785404707
 -4.374471682 0.07065928723   8.833935373  -4.531909038 -0.0421493632   8.698607694 1785404707 1785404707
 -4.390387457 0.09222136379   8.805338984   -4.586550178 -0.04707822948    8.656154675 1785404707 1785404707
 -4.39387717 0.0879598316  8.786803778   -4.611812575 -0.03883470734    8.627757495 1785404707 1785404707
 -4.397518397 0.09745001114   8.764859989   -4.605174589 -0.01668373822    8.617909723 1785404707 1785404707
-4.393282813 0.1122314643  8.745754408  -4.568440248 0.01823630896   8.628849799 1785404707 1785404707
-4.389087579 0.1134734503  8.727675806  -4.507419738 0.06281493703    8.65991443 1785404707 1785404707
-4.377941939 0.1174094209  8.719757079 -4.430826157  0.112128744  8.707297163 1785404707 1785404707
-4.366769555 0.1079314966  8.724967329 -4.349417782 0.1600155125  8.764514417 1785404707 1785404707
-4.356377972 0.1035011886  8.735204218 -4.274487459 0.1998994915  8.823185487 1785404707 1785404707
 -4.343653849 0.09706124002   8.754071154 -4.216315087 0.2256944722  8.874349639 1785404707 1785404707
 -4.334424068 0.07514275189   8.781011035 -4.182734667 0.2327543377  8.909840317 1785404707 1785404707
 -4.335500287 0.05210385671   8.810320946   -4.1783288 0.2187836105  8.923693733 1785404707 1785404707
 -4.340941348 0.02636358083   8.828945145 -4.203676693 0.1843647734   8.91312509 1785404707 1785404707
 -4.345240362 0.01884703511   8.846150699 -4.255462573 0.1330907415   8.87927269 1785404707 1785404707
 -4.354605061 0.01754232725   8.861666228  -4.326452689 0.07118555549   8.826966965 1785404707 1785404707
  -4.37538767 0.01133968821   8.866438809   -4.406804337 0.006853940943    8.764126593 1785404707 1785404707
 -4.398422044 0.01620358377   8.862897381  -4.485252935 -0.0509566028   8.700675059 1785404707 1785404707
 -4.401842363 0.01930506356   8.858716366  -4.550505198 -0.0938447673   8.646873278 1785404707 1785404707
 -4.408935079 0.02830437515   8.850052704  -4.592921245 -0.1151696806    8.61167816 1785404707 1785404707
 -4.421103814 0.05053337436   8.835826178   -4.60595869 -0.1110905169   8.601177766 1785404707 1785404707
 -4.436583775 0.06766403112   8.817430397   -4.587176525 -0.08129805076    8.617659402 1785404707 1785404707
 -4.452144006 0.08066937175   8.798426566  -4.538694369 -0.0291034232   8.659041017 1785404707 1785404707
-4.447258911 0.0667596731   8.79758469  -4.466917487 0.03886375876   8.719274595 1785404707 1785404707
 -4.424882349 0.07514618428   8.806241928  -4.38206351 0.1137845708  8.789192492 1785404707 1785404707
 -4.411121786 0.08591456131   8.812628948 -4.296595249 0.1856974042  8.858094414 1785404707 1785404707
 -4.400923186 0.09282821942     8.8189798 -4.223284426 0.2449548389  8.915261108 1785404707 1785404707
 -4.393301115 0.08533603865   8.825047838 -4.173428413 0.2836703364  8.951635663 1785404707 1785404707
 -4.395265149 0.06987963746   8.824403144 -4.155193502 0.2968659008   8.96122355 1785404707 1785404707
 -4.383937082 0.06418106164   8.828703072 -4.172254892 0.2830614611  8.942080778 1785404707 1785404707
 -4.379220644 0.06842276662    8.82748032 -4.223093138 0.2444810346  8.896391545 1785404707 1785404707
 -4.375607623 0.06952671296   8.822536685 -4.301256212  0.186627461   8.83026484 1785404707 1785404707
  -4.37660633 0.06770843941   8.811652995 -4.396360658 0.1174259478  8.752798504 1785404707 1785404707
 -4.379500003 0.05752136293   8.804554281  -4.495560708 0.04595556082   8.674777373 1785404707 1785404707
 -4.374298165 0.05175060432   8.801167206   -4.585318672 -0.01889206967    8.607077893 1785404707 1785404707
 -4.382166459 0.05347989859   8.792717521   -4.653552597 -0.06957683262    8.559098477 1785404708 1785404708
 -4.389404757 0.05657894123   8.787974563  -4.691197363 -0.1009085849   8.537520093 1785404708 1785404708
  -4.40459546 0.05530079856   8.784049876  -4.693302317 -0.1106123976   8.545515694 1785404708 1785404708
 -4.420482623 0.02882539064     8.7820811   -4.659622228 -0.09933608416     8.58233312 1785404708 1785404708
 -4.413768153 0.02577872978   8.793227958   -4.594407565 -0.07021747724    8.643394343 1785404708 1785404708
 -4.406514676 0.03427040707   8.806560642   -4.505821924 -0.02834452077    8.721293992 1785404708 1785404708
  -4.39725208 0.04729151019   8.820282133  -4.404473849 0.02020631553   8.806646897 1785404708 1785404708
 -4.393821053 0.04773223556   8.831870823  -4.301963449 0.06931287948   8.889279724 1785404708 1785404708
 -4.385264922 0.04442281064    8.83801698 -4.209670684 0.1136296893  8.959519932 1785404708 1785404708
 -4.373787119 0.05187875053   8.842947004  -4.13727668 0.1490262042  9.009350771 1785404708 1785404708
-4.378136235 0.0628258437  8.836519094 -4.091723569  0.172947599  9.033259176 1785404708 1785404708
 -4.379304574 0.07283763562   8.828203442 -4.076950335 0.1844434379  9.028727115 1785404708 1785404708
 -4.391664887 0.07282316221    8.80739398 -4.093488269 0.1839429122   8.99648918 1785404708 1785404708
 -4.407048654 0.06273217882   8.789532259 -4.13878123 0.172893926 8.940340636 1785404708 1785404708
 -4.394128046 0.06080999933   8.785934459 -4.207437473 0.1533803562  8.866615616 1785404708 1785404708
  -4.39791394 0.06889629442   8.772642386 -4.291806107 0.1280086067  8.783579763 1785404708 1785404708
 -4.398477618 0.07657123525   8.762824456  -4.382863787 0.09950742984   8.700327447 1785404708 1785404708
 -4.401730439 0.07614161605   8.752063983  -4.471056275 0.07067999037     8.6259382 1785404708 1785404708
-4.416181807 0.0673199531  8.742308063  -4.547101741 0.04423800404   8.568468346 1785404708 1785404708
 -4.406091023 0.05785876105   8.747315183  -4.602887487 0.02277310794   8.534018656 1785404708 1785404708
 -4.409301927 0.05868324238   8.747909818    -4.63263734 0.008645641995    8.526089571 1785404708 1785404708
 -4.396688974 0.06409855788   8.759175567   -4.633328092 0.003674171103    8.545215007 1785404708 1785404708
 -4.384609829 0.05977192325   8.774539413   -4.605382463 0.008944686117    8.588799643 1785404708 1785404708
 -4.377948937 0.04719019998    8.78711735  -4.552604601 0.02451817288   8.651376509 1785404708 1785404708
 -4.359411732 0.03895053677   8.804132774  -4.482031407 0.04924498982     8.7252194 1785404708 1785404708
 -4.368092697 0.03662837939   8.809509559  -4.402981656 0.08066917911   8.801272798 1785404708 1785404708
-4.367888936 0.0494572194  8.818172912 -4.326063662   0.11519938  8.870242755 1785404708 1785404708
 -4.369999323 0.05033770386   8.826355666 -4.261564697 0.1484916647  8.923641494 1785404708 1785404708
 -4.375364753 0.04800689958   8.828434703 -4.218165117 0.1759798098  8.955030897 1785404708 1785404708
 -4.357631599 0.04939610453   8.838884939 -4.201512591 0.1935382025  8.960852829 1785404708 1785404708
 -4.361345861 0.05899342039   8.837717149 -4.213235207 0.1981315059  8.940792817 1785404708 1785404708
 -4.358925132 0.07749441709   8.837701473 -4.250859186 0.1883963558  8.897956647 1785404708 1785404708
 -4.365582156 0.08454266503   8.831133124 -4.308015198 0.1649135046  8.838378106 1785404708 1785404708
 -4.380239548 0.09104763394   8.819826717 -4.375436037 0.1301772257  8.770275102 1785404708 1785404708
 -4.372126962 0.08137017297   8.820577323  -4.442316489 0.08826741765    8.70295291 1785404708 1785404708
 -4.378475507 0.07598967022   8.812853869  -4.498167496 0.04427983048   8.645312909 1785404708 1785404708
 -4.376600104 0.06950028416   8.808889598   -4.534302152 0.003573448257    8.604868332 1785404708 1785404708
-4.377605477 0.0535639899  8.802064244   -4.545265145 -0.02899438707    8.586644804 1785404708 1785404708
 -4.384689046 0.03628218143   8.792867144   -4.529461655 -0.04975175608    8.592592843 1785404708 1785404708
 -4.382104311 0.03303078205   8.790152192   -4.489462335 -0.05663922277    8.621352937 1785404708 1785404708
 -4.385389393 0.03902249939   8.783351211   -4.431559539 -0.04936937674    8.668608612 1785404708 1785404708
 -4.383661816 0.04776148863   8.779710794   -4.364536164 -0.02935479109    8.727773747 1785404708 1785404708
 -4.387732149 0.04536273576   8.773534318     -4.29831492 0.0006616948708     8.790943158 1785404708 1785404708
 -4.393047692 0.05137947282   8.768674028  -4.242496762 0.03708044142   8.850024525 1785404708 1785404708
 -4.371294004 0.04446242546   8.780432778  -4.204918453 0.07599569409   8.897810079 1785404708 1785404708
 -4.373529814 0.04811796539   8.781890222 -4.190466748 0.1136101409  8.928957273 1785404708 1785404708
 -4.368395248 0.05386664871   8.789361653 -4.200673349 0.1466559473  8.940501048 1785404708 1785404708
 -4.366596746 0.05491361118   8.798483918 -4.233529765 0.1725717447  8.932140145 1785404708 1785404708
 -4.367623195 0.06029711279    8.80913294 -4.284007464 0.1895883034  8.906116337 1785404708 1785404708
 -4.354396922 0.05528145146   8.821859506 -4.344850377 0.1967075659   8.86674386 1785404708 1785404708
 -4.351635288 0.05688819046   8.831494142 -4.407700159 0.1936608477   8.81972539 1785404709 1785404709
 -4.348315206 0.05868550421      8.839501 -4.464302171 0.1808715585  8.771296174 1785404709 1785404709
 -4.346840176 0.05308551743   8.844484655 -4.507589403 0.1594252254  8.727410622 1785404709 1785404709
-4.350718217  0.047167956  8.842357516 -4.532566755 0.1310697815  8.692991659 1785404709 1785404709
  -4.34382663 0.03754978956   8.842283178  -4.536912095 0.09821193418   8.671377326 1785404709 1785404709
 -4.345370242 0.03310172835   8.835186905  -4.521178201 0.06383816659   8.664032387 1785404709 1785404709
 -4.345717061 0.04217978264   8.826483214  -4.488595004 0.03131230665   8.670511416 1785404709 1785404709
 -4.356065252 0.04341545757    8.81077151   -4.444556044 0.004093657618    8.688630653 1785404709 1785404709
 -4.368624087 0.04930186156   8.792615304   -4.395845817 -0.01467817471     8.71491769 1785404709 1785404709
 -4.361237786 0.04403620582   8.791848751    -4.34966251 -0.02261909327     8.74512923 1785404709 1785404709
-4.364138836 0.0447275306  8.784760873   -4.312524481 -0.01858849174     8.77492127 1785404709 1785404709
 -4.369174521 0.05958888466   8.778356846    -4.289450564 -0.002921663921      8.80036865 1785404709 1785404709
  -4.37943479 0.06600618718   8.770881377  -4.283211925 0.02244737849   8.818469204 1785404709 1785404709
 -4.395543111 0.07308849581   8.761564035  -4.293963376 0.05415139969   8.827498042 1785404709 1785404709
 -4.397932384 0.06377005449   8.760489336  -4.319230033 0.08778823723   8.827162169 1785404709 1785404709
 -4.397182583 0.06567720048   8.760920158 -4.354341986 0.1185573157  8.818450884 1785404709 1785404709
  -4.39998272 0.07490951441   8.759815576 -4.393253752 0.1419480846   8.80346968 1785404709 1785404709
 -4.404867297 0.07251787042    8.75850519 -4.429491008 0.1544360722  8.785103772 1785404709 1785404709
  -4.40888639 0.07459362491   8.759873397 -4.457159417 0.1540662566  8.766508204 1785404709 1785404709
 -4.398655964 0.04983972639   8.769087312 -4.471978171 0.1407378316  8.750743142 1785404709 1785404709
 -4.387748989 0.04057750938   8.781461694 -4.471890858 0.1162814634  8.740292206 1785404709 1785404709
 -4.381400081 0.04827350296   8.794431408  -4.457350847 0.08414828045   8.736914928 1785404709 1785404709
 -4.381119451 0.04924203182     8.8079714  -4.431103641 0.04894481628   8.741394145 1785404709 1785404709
 -4.382615279 0.05110865369   8.828862184  -4.397628063 0.01576452136   8.753503396 1785404709 1785404709
 -4.394976734 0.04726957162   8.834278068   -4.362276709 -0.01052910964    8.772068752 1785404709 1785404709
 -4.392228975 0.05554407277   8.850706771   -4.330300703 -0.02598833666    8.795139357 1785404709 1785404709
 -4.391594201 0.07033409119   8.865172735   -4.305895351 -0.02808485162    8.820176231 1785404709 1785404709
 -4.393688128 0.08103901676   8.876055166   -4.291692219 -0.01605562745    8.844266022 1785404709 1785404709
 -4.398379777 0.08827696092   8.883656934  -4.288511546 0.00898004117   8.864401027 1785404709 1785404709
 -4.386422301 0.08321974486   8.888204579  -4.295479985 0.04413809778   8.877731523 1785404709 1785404709
 -4.379410135 0.09261636416   8.886818729  -4.310510502 0.08512035436    8.88186784 1785404709 1785404709
-4.380326359  0.104349857  8.875980598 -4.331030422 0.1267552937  8.875135337 1785404709 1785404709
 -4.38505003 0.1048701611  8.856138792  -4.35461577 0.1635886334  8.856847172 1785404709 1785404709
 -4.398045022 0.09558828888   8.825107032 -4.379387744 0.1905301658  8.827536803 1785404709 1785404709
 -4.409112266 0.07589066715   8.802436248 -4.404256064 0.2035640402  8.789079909 1785404709 1785404709
 -4.405694525 0.07118430588   8.785829397 -4.428820537 0.2003394283  8.744721547 1785404709 1785404709
 -4.406386324 0.07064122068   8.767809709 -4.452997038 0.1805669533  8.698915788 1785404709 1785404709
 -4.401841553 0.06582629404   8.756320755 -4.476435988 0.1462083116  8.656913607 1785404709 1785404709
 -4.399161062 0.05666051463   8.748452751 -4.498108908 0.1014162308  8.624152331 1785404709 1785404709
 -4.395192348 0.04708848276   8.752890226  -4.516076125 0.05208599625   8.605570747 1785404709 1785404709
 -4.382133024 0.04708316653   8.765633024    -4.52758259 0.005119745892    8.604843135 1785404709 1785404709
  -4.37918382 0.05519270014    8.77793225   -4.529359975 -0.03258317803    8.623631802 1785404709 1785404709
-4.377183377 0.0598487649  8.793595315    -4.51868083 -0.05502652527    8.661070758 1785404709 1785404709
 -4.385848307 0.05592079477   8.809434475   -4.494045071 -0.05825176522    8.713689049 1785404709 1785404709
   -4.3926993 0.04596601082   8.816415706   -4.456096303 -0.04106612472    8.775582521 1785404709 1785404709
 -4.386616109 0.04203639794    8.82717986    -4.407876165 -0.005482999121     8.839054103 1785404709 1785404709
 -4.387836371 0.04427760081   8.830922429  -4.354905264 0.04347453824   8.895643194 1785404709 1785404709
 -4.389355343 0.04678577168   8.829024355  -4.304500771 0.09835668504   8.937319903 1785404709 1785404709
 -4.391201428 0.04154496902   8.819099224 -4.264637767 0.1503785507  8.957788597 1785404709 1785404709
 -4.399765038 0.02703183011   8.804882019  -4.24242965 0.1907741189  8.953572696 1785404709 1785404709
 -4.386729024 0.02009049232   8.800758607 -4.242716517 0.2123991161  8.924541798 1785404710 1785404710
 -4.387968616 0.01829057285      8.789432 -4.267092383 0.2109343189  8.874446192 1785404710 1785404710
 -4.382625274 0.01157355944   8.784973195 -4.313046078 0.1856916906  8.810288846 1785404710 1785404710
  -4.379466523 0.007029748152    8.786595295 -4.374259335 0.1398887512   8.74144007 1785404710 1785404710
  -4.382776396 -0.00206106797    8.794721801  -4.441457798 0.08019484393   8.678257989 1785404710 1785404710
   -4.378900484 -0.005250445787     8.812320232   -4.50399786 0.01569694461   8.630496173 1785404710 1785404710
  -4.390191037 0.002306549485    8.829486999   -4.551555449 -0.04364452832    8.605691021 1785404710 1785404710
 -4.391601708 0.01660233608   8.855801326   -4.576107567 -0.08857519095    8.607925167 1785404710 1785404710
 -4.400834109 0.02949707639   8.883519645   -4.57326813 -0.1120762423   8.636963213 1785404710 1785404710
-4.415399479 0.0429607122  8.892683283  -4.543259371 -0.1105326494   8.688345134 1785404710 1785404710
 -4.403240861 0.05486786887   8.900820895     -4.4907671 -0.08430617742    8.753927354 1785404710 1785404710
-4.411938124 0.0654771516   8.88717678   -4.424161832 -0.03753808485    8.823228977 1785404710 1785404710
 -4.407832305 0.08366890143   8.863817769  -4.354197468 0.02261122634    8.88488158 1785404710 1785404710
 -4.407679408 0.08772901826   8.806380567  -4.292135865 0.08722899195   8.928599886 1785404710 1785404710
-4.411037567 0.0794871152  8.748558497 -4.247739459 0.1470861409  8.946643676 1785404710 1785404710
 -4.391479777 0.07398498022   8.708616346 -4.227681505 0.1942506601  8.934961737 1785404710 1785404710
 -4.394185223 0.06953838536   8.649931932 -4.234790743  0.223235733  8.893990741 1785404710 1785404710
 -4.385825327 0.07443884891    8.60163528 -4.267179982 0.2316004583  8.828498869 1785404710 1785404710
 -4.378805652 0.07049553702   8.558849864  -4.31905484 0.2201217416   8.74700539 1785404710 1785404710
 -4.376627458 0.06422933806   8.547120005 -4.381544364 0.1924667708  8.660434748 1785404710 1785404710
  -4.34502509 0.05336797115   8.572477343 -4.444404049 0.1544129194  8.580742555 1785404710 1785404710
 -4.330377684 0.05667174697   8.605241413 -4.497486845 0.1125480662   8.51871875 1785404710 1785404710
 -4.314879131 0.07368534157   8.654095936 -4.532488004 0.0734308773  8.483127577 1785404710 1785404710
-4.309661992 0.0843147892  8.725272063  -4.544005108 0.04253243435   8.479011584 1785404710 1785404710
-4.320329805 0.0872829739  8.791677544  -4.530426982 0.02366137466   8.507396804 1785404710 1785404710
 -4.323324361 0.08773827328   8.832827748  -4.494097002 0.01858779453   8.565244562 1785404710 1785404710
 -4.342465471 0.08409786561   8.877107949  -4.440472416 0.02687595382   8.645836271 1785404710 1785404710
 -4.350303494 0.07880543449   8.916073989    -4.3774817 0.04635623705   8.739831569 1785404710 1785404710
 -4.362503595 0.06600039309    8.95086665  -4.314106743 0.07351122152   8.836412171 1785404710 1785404710
 -4.370747126 0.05598636891   8.962222301 -4.258978661 0.1038881004  8.924800937 1785404710 1785404710
 -4.349312656 0.04679650053   8.968577892 -4.219014671 0.1326845863  8.995504462 1785404710 1785404710
 -4.355515551 0.04013430004    8.95397517 -4.198780601 0.1555982095  9.041670097 1785404710 1785404710
 -4.353355591 0.04356726781   8.934237211 -4.199612704 0.1688640311  9.059318226 1785404710 1785404710
 -4.359552691 0.03792696672   8.896044479 -4.220002566 0.1700142407  9.048157415 1785404710 1785404710
 -4.371107925 0.03484460684   8.853962099 -4.255630765 0.1578355416  9.011137423 1785404710 1785404710
 -4.359329533 0.02447520743   8.837638205 -4.300448032 0.1328539477  8.953991774 1785404710 1785404710
 -4.356845851 0.02812607345   8.814703226  -4.347861474 0.09736331563   8.884475218 1785404710 1785404710
 -4.348224426 0.04364609783   8.798350033  -4.391501416 0.05510274394   8.811291367 1785404710 1785404710
 -4.341186162 0.05988624729   8.786021138  -4.426276255 0.01105312637   8.742966349 1785404710 1785404710
 -4.345509164 0.07359563391   8.777896782   -4.448986684 -0.02911956736    8.686763555 1785404710 1785404710
 -4.343841339 0.07327348095   8.782339708   -4.458670217 -0.05972534348    8.647943338 1785404710 1785404710
 -4.356738026 0.07640119964   8.783274945   -4.456378639 -0.07596829992    8.629198172 1785404710 1785404710
 -4.366051847 0.08655583474    8.79042207  -4.444856084 -0.0746807459   8.630637501 1785404710 1785404710
 -4.383953315 0.08365063868   8.796878649   -4.427923709 -0.05481664503    8.649719721 1785404710 1785404710
-4.407184218 0.0768201075  8.803909054   -4.409706109 -0.01797459332    8.682073984 1785404710 1785404710
 -4.402410546 0.07044750023    8.81385991  -4.393925303 0.03172401594   8.722062274 1785404710 1785404710
 -4.412772997 0.05834524987   8.816146143   -4.38333174 0.08808093602   8.763679319 1785404710 1785404710
 -4.416455271 0.05472609177   8.818093579 -4.379473338 0.1436773885  8.801296121 1785404710 1785404710
 -4.423433912 0.04064500971   8.813471254 -4.382573541 0.1909126093  8.830384087 1785404710 1785404710
 -4.423904755 0.03296373858   8.805311548 -4.391610085 0.2231171945  8.847939494 1785404710 1785404710
   -4.4142428 0.03381812178   8.803054686 -4.404711507 0.2356562908  8.852729718 1785404711 1785404711
 -4.405246693 0.03555291793    8.79847467 -4.419606583 0.2266549095  8.845289236 1785404711 1785404711
 -4.390522305 0.04833783295   8.796161456 -4.434012283 0.1973084666  8.827618647 1785404711 1785404711
 -4.381442107 0.05481364663   8.792836171 -4.445950486 0.1516394476  8.802894601 1785404711 1785404711
-4.365413719 0.0684656832  8.795510939  -4.453929406 0.09590707747   8.774915053 1785404711 1785404711
  -4.35817651 0.05839572051   8.800819624  -4.457100662 0.03765201698   8.747616353 1785404711 1785404711
-4.351311376 0.0588952348  8.808019897   -4.455171519 -0.01547157463    8.724639864 1785404711 1785404711
 -4.350130635 0.07118303178   8.814911296   -4.448229536 -0.05683407291    8.708977855 1785404711 1785404711
 -4.352341016 0.07517206249   8.823201058   -4.436620732 -0.08165900417    8.702641041 1785404711 1785404711
  -4.36204118 0.07557340654    8.82976989   -4.420840558 -0.08760532997    8.706567039 1785404711 1785404711
 -4.369777613 0.06615548912   8.830187185   -4.401472498 -0.07491441282    8.720548859 1785404711 1785404711
 -4.370759077 0.06374074501   8.833414881   -4.379246569 -0.04616367834    8.743278563 1785404711 1785404711
 -4.372387356 0.06590152079   8.833730255    -4.355089362 -0.005739880106     8.772458238 1785404711 1785404711
 -4.374766984 0.06535906308   8.830376359  -4.330345708 0.04093253774   8.805018928 1785404711 1785404711
-4.381699897 0.0549748146   8.82013327  -4.306827169 0.08813647075   8.837425193 1785404711 1785404711
 -4.374223727 0.04259326783   8.818483499  -4.28668094 0.1305247574  8.865988811 1785404711 1785404711
 -4.367189114 0.03561302828   8.814884288 -4.272414839 0.1638147853  8.887190655 1785404711 1785404711
-4.366739726 0.0323090543   8.80770904 -4.266468216 0.1850398874  8.898157003 1785404711 1785404711
-4.366890066 0.0302036852  8.799412304 -4.270840374 0.1927854969  8.896934968 1785404711 1785404711
-4.370339298 0.0303111285  8.790086994   -4.2865385 0.1870942451  8.882863958 1785404711 1785404711
 -4.375171855 0.01268407736   8.784839863 -4.313218263 0.1693667322  8.856724174 1785404711 1785404711
 -4.369149001 0.01732065495   8.784710917 -4.349017422 0.1421800833  8.820749475 1785404711 1785404711
 -4.369011016 0.02982577278   8.781756167 -4.390523099 0.1089574092   8.77850875 1785404711 1785404711
 -4.368529089 0.04497769833   8.778940127  -4.433060555 0.07367133996   8.734500753 1785404711 1785404711
 -4.373426503 0.05295298696   8.772557763  -4.471320697 0.04053926245   8.693596248 1785404711 1785404711
 -4.374096754 0.04457059732   8.769810536  -4.500128524 0.01358519916   8.660506378 1785404711 1785404711
 -4.362531123 0.04948586885   8.773077694    -4.515277182 -0.003789550329     8.639149846 1785404711 1785404711
 -4.356840992 0.05925478257   8.773672526    -4.514226677 -0.009207443095     8.631974741 1785404711 1785404711
 -4.354102546 0.06061645518   8.773725738    -4.496739915 -0.001679314398     8.639681498 1785404711 1785404711
  -4.35479018 0.05501537243   8.774221746  -4.465023415 0.01811707682   8.661068857 1785404711 1785404711
-4.357448183 0.0368952814  8.775627838  -4.423486246 0.04776698943   8.693133021 1785404711 1785404711
  -4.35078087 0.02999462524   8.782598771   -4.37811141 0.08329854952   8.731423427 1785404711 1785404711
 -4.354530523 0.03227683167    8.78600574 -4.335594882 0.1196343358  8.770674417 1785404711 1785404711
 -4.359420004 0.03445530264   8.789786455 -4.302257317 0.1512385918    8.8055384 1785404711 1785404711
 -4.373620263 0.03140559888   8.790528286 -4.283018816  0.172934986  8.831356485 1785404711 1785404711
 -4.381793451 0.03301503991   8.790746214 -4.280612675 0.1807825374  8.844830257 1785404711 1785404711
 -4.368018926 0.03859379851   8.800878582 -4.295136234 0.1727914457  8.844550516 1785404711 1785404711
 -4.365484446 0.05206867843    8.80546644 -4.323951181 0.1493657465  8.831153649 1785404711 1785404711
 -4.364498938 0.06691418743   8.808847112 -4.362150493 0.1134345146  8.807253833 1785404711 1785404711
 -4.371149859 0.07624401992   8.809244774  -4.403247181 0.07003707369   8.777059514 1785404711 1785404711
 -4.383328444 0.07447549853   8.806463495  -4.440313195 0.02571691514   8.745735621 1785404711 1785404711
 -4.383860452 0.07924942301    8.80989355   -4.466991446 -0.01258734876      8.7186957 1785404711 1785404711
-4.394938549 0.0857903519  8.809765412   -4.478451101 -0.03865717122    8.700701866 1785404711 1785404711
 -4.392900096 0.09000025116   8.816815018   -4.472196961 -0.04801223411    8.695247492 1785404711 1785404711
 -4.392130201 0.08631426303   8.826058932   -4.448440375 -0.03869412863    8.704010691 1785404711 1785404711
 -4.387620693 0.07048382823   8.833580088   -4.410071884 -0.01163745427     8.72663335 1785404711 1785404711
 -4.364452359 0.05683636854   8.847831877   -4.36219056 0.02942747965   8.760685933 1785404711 1785404711
 -4.364043768 0.04433278389   8.849437113  -4.311552064 0.07866071079   8.802097815 1785404711 1785404711
 -4.353453621 0.04020101429   8.852867359 -4.265384605  0.128943697  8.845515687 1785404711 1785404711
 -4.347183223 0.02166760944   8.848427544 -4.230537214 0.1730626875  8.885210014 1785404711 1785404711
  -4.347454881 0.006335245024    8.839188018 -4.212364927 0.2047896507  8.915660171 1785404712 1785404712
  -4.324898132 0.003803459445    8.840000652 -4.214102232 0.2199446519  8.932336213 1785404712 1785404712
   -4.328279213 0.0005523033427     8.826278493 -4.236309031 0.2168920113  8.932342821 1785404712 1785404712
  -4.326902623 0.008861217649     8.81474649  -4.27671402 0.1967078126  8.914775739 1785404712 1785404712
-4.337784631  0.013673997  8.794486743  -4.33046894 0.1628900937   8.88088915 1785404712 1785404712
 -4.360296219 0.02203616679   8.775960356 -4.390785782 0.1207511099  8.834029819 1785404712 1785404712
 -4.349838824 0.02361185082   8.778900577  -4.449789033 0.07646172834   8.779325942 1785404712 1785404712
 -4.361865945 0.03369151319   8.772069009  -4.499466852 0.03598740748   8.723010348 1785404712 1785404712
 -4.371563377 0.04665033676   8.769495567   -4.532885834 0.004289297099    8.671842024 1785404712 1785404712
 -4.384719335 0.05229419055   8.768499488   -4.545119809 -0.01538040443     8.63221581 1785404712 1785404712
 -4.403407833 0.05466608686   8.766609253   -4.534022132 -0.02181042831    8.609385368 1785404712 1785404712
 -4.397503679 0.05750764899   8.774210907   -4.500607044 -0.01582742925     8.60669708 1785404712 1785404712
  -4.40307119 0.06036252831   8.778132801  -4.449077658 0.00011160326   8.625141253 1785404712 1785404712
 -4.395186759 0.06259480691   8.788727118  -4.386320002 0.02245686441   8.663001268 1785404712 1785404712
 -4.387016747 0.05354515738   8.801845477  -4.321052601 0.04732833912   8.716028587 1785404712 1785404712
 -4.383123391 0.04671007632   8.811660084    -4.2626329 0.07108309459   8.777814178 1785404712 1785404712
-4.354188551 0.0389425801  8.831062848   -4.21976573 0.09098246662   8.840566293 1785404712 1785404712
-4.350344366 0.0362653111  8.838333844 -4.199087533 0.1054322616  8.896159102 1785404712 1785404712
 -4.337453461 0.04469301739   8.848261821 -4.204238902 0.1140514359  8.937184793 1785404712 1785404712
 -4.342146337 0.04781122473   8.846842639  -4.23512554 0.1175263949  8.957977146 1785404712 1785404712
 -4.35904788 0.0573586848  8.833399781 -4.287897401 0.1172390142  8.955563108 1785404712 1785404712
 -4.355355214 0.05992773576   8.827658842 -4.355366989 0.1148146098   8.93009607 1785404712 1785404712
 -4.363444782 0.06900719702   8.811561201 -4.427989125 0.1116704303  8.884908779 1785404712 1785404712
 -4.362823039 0.08576321752   8.796277483  -4.49534045 0.1087260055  8.826075402 1785404712 1785404712
 -4.366984717 0.09356061811   8.773435984 -4.547672839 0.1062267881  8.761570506 1785404712 1785404712
 -4.374014885 0.09285320069   8.750557434 -4.577464018 0.1038164449  8.700069569 1785404712 1785404712
 -4.374526683 0.08067122003   8.743379726  -4.58055074 0.1006932258  8.649657912 1785404712 1785404712
 -4.385254547 0.06954713973   8.730661276  -4.556843275 0.09600977112   8.616607898 1785404712 1785404712
 -4.388476873 0.06552287211   8.726872832  -4.510298991 0.08920290228    8.60447607 1785404712 1785404712
 -4.398361493 0.04901233934   8.726078092  -4.448272226 0.08025480757   8.613756006 1785404712 1785404712
 -4.409518063 0.03693710073   8.730887099  -4.380275697 0.06990556045   8.641837977 1785404712 1785404712
 -4.404167598 0.01686457804   8.743045653  -4.316438709 0.05957901145   8.683691269 1785404712 1785404712
-4.397132693 0.0079594215  8.758129356  -4.265855574 0.05113929936   8.732687246 1785404712 1785404712
 -4.385238838 0.01265048648   8.775946721  -4.235139341 0.04648197902   8.781824532 1785404712 1785404712
   -4.38238884 0.009437806568    8.790466463  -4.227480551 0.04710444747   8.824756091 1785404712 1785404712
 -4.386043727 0.01129197489   8.801498953   -4.24234662 0.05367363685   8.856744767 1785404712 1785404712
 -4.380591374 0.01866469471   8.809589752  -4.275812364 0.06566468034   8.875179184 1785404712 1785404712
 -4.383871236 0.02470374044   8.814761868  -4.321460523 0.08125193564   8.879631029 1785404712 1785404712
  -4.38063621 0.03448230283   8.823036314 -4.371672542 0.0975519171  8.871611271 1785404712 1785404712
  -4.38247153 0.03812633568   8.829639574 -4.419015621 0.1110406797  8.853959649 1785404712 1785404712
 -4.381343165 0.04255151825   8.837279946 -4.457419981 0.1181717909   8.83014127 1785404712 1785404712
 -4.380006733 0.03818884302   8.839736541 -4.483042958 0.1161017555  8.803586936 1785404712 1785404712
 -4.370114609 0.04071589612   8.845010705 -4.494615478 0.1034116467  8.777167089 1785404712 1785404712
 -4.366596512 0.04503433088   8.843855943  -4.493272477 0.08058866584   8.753006658 1785404712 1785404712
-4.369367729 0.0429096925  8.834319866  -4.481862884 0.05014367876   8.732476487 1785404712 1785404712
 -4.383548764 0.04284677255   8.811605329   -4.46409905 0.01639540041    8.71640372 1785404712 1785404712
 -4.390016743 0.03480792205    8.79738886   -4.443667621 -0.01512081041    8.705357967 1785404712 1785404712
   -4.3923957 0.03663950903    8.78181103   -4.423500072 -0.03858915487    8.699909295 1785404712 1785404712
 -4.395887129 0.04407246048   8.766209105   -4.405331839 -0.04897815895    8.700693069 1785404712 1785404712
 -4.405952623 0.04838343204   8.747952243   -4.389713623 -0.04304300045    8.708276208 1785404712 1785404712
 -4.420712023 0.05630536656   8.733730164   -4.376355006 -0.02009129915     8.72289568 1785404713 1785404713
-4.434114891 0.0597169551  8.730188877  -4.364656323 0.01767801551   8.744065979 1785404713 1785404713
 -4.438674929 0.07312205233   8.735536528 -4.354234593 0.0653017789   8.77028664 1785404713 1785404713
 -4.439733835 0.08651980009   8.747840074 -4.345371193 0.1157632775   8.79885913 1785404713 1785404713
 -4.437551694 0.09819748705   8.768533682 -4.339174248 0.1610994719  8.826048191 1785404713 1785404713
-4.427044475 0.1037347489  8.797311788 -4.337379627  0.193753453  8.847517618 1785404713 1785404713
-4.407530158 0.0842405916  8.817405818 -4.341844783 0.2078978377  8.859039105 1785404713 1785404713
-4.388835825 0.0783695895  8.835066812 -4.353933751  0.200562216  8.857314946 1785404713 1785404713
 -4.377745652 0.07545906675   8.844233125 -4.373849023 0.1722539781  8.840799623 1785404713 1785404713
 -4.373621032 0.06249871548   8.841625798 -4.400166776 0.1269800283  8.810218399 1785404713 1785404713
-4.367328677 0.0507909957  8.829410109  -4.429800367 0.07162849408   8.768794325 1785404713 1785404713
 -4.363244568 0.03401249133   8.816387844  -4.458282479 0.01488563996   8.721900276 1785404713 1785404713
 -4.355509697 0.02651860114   8.803786801   -4.480609547 -0.03424717673    8.676441889 1785404713 1785404713
 -4.353856855 0.02414624187   8.785998136    -4.49192957 -0.06801158002    8.639744958 1785404713 1785404713
 -4.362382056 0.01042207482   8.765698714 -4.488829065 -0.081115818  8.618211758 1785404713 1785404713
   -4.376659107 -0.006830178084      8.74527363    -4.47018567 -0.07167362075    8.616420492 1785404713 1785404713
  -4.384260747 -0.01337320096    8.740394646    -4.43767506 -0.04131929196    8.636051604 1785404713 1785404713
   -4.370206326 -0.007270961591     8.750930233   -4.395499446 0.004896053169    8.675695772 1785404713 1785404713
  -4.372927428 0.003696539962    8.758235139  -4.349861286 0.05956848148   8.730699469 1785404713 1785404713
  -4.38010122 0.01087706917   8.770492175  -4.30810287 0.1142273815   8.79413391 1785404713 1785404713
 -4.392009505 0.01546282099   8.787645176 -4.277220006 0.1607174392  8.857805389 1785404713 1785404713
 -4.400971875 0.03758661759   8.800924496 -4.262720387 0.1924027972  8.913563513 1785404713 1785404713
 -4.399531401 0.05442872587   8.818471595 -4.267285804 0.2052009536  8.954470511 1785404713 1785404713
  -4.40576527 0.07469643414    8.83425742 -4.290221012 0.1979788683  8.976341941 1785404713 1785404713
  -4.40652782 0.09771358684   8.850784691 -4.327596062 0.1725760438  8.977906218 1785404713 1785404713
-4.405607864 0.1084027012  8.868526064 -4.372660809 0.1333597029  8.961169904 1785404713 1785404713
-4.408647653 0.1449367834  8.873008087  -4.417768247 0.08594613087   8.931250901 1785404713 1785404713
-4.399047071 0.1748892711  8.880347273  -4.454720567 0.03725383715    8.89425812 1785404713 1785404713
-4.398083199 0.2090120242  8.880541148    -4.476901567 -0.006350668454     8.858071317 1785404713 1785404713
-4.391608142 0.2569059993  8.879503618  -4.479999318 -0.0391639846   8.829570743 1785404713 1785404713
-4.371256708 0.2674857497  8.882116744  -4.463490721 -0.0567819502    8.81268721 1785404713 1785404713
-4.385878074 0.3626280531  8.865016788   -4.430195254 -0.05686750352    8.810861213 1785404713 1785404713
-4.384639166 0.4063528611  8.857021395   -4.384867812 -0.03806642319    8.820685036 1785404713 1785404713
-4.395117863 0.4031601803  8.843993339    -4.335237245 -0.001773287847     8.839656951 1785404713 1785404713
-4.402190276 0.3686063319  8.833545568  -4.289100578 0.04914282821   8.862897386 1785404713 1785404713
-4.398772482 0.3019588479  8.826937727 -4.254118831 0.1104299076  8.884789608 1785404713 1785404713
-4.407766559 0.3482338443  8.811419399  -4.23588302 0.1768673745  8.899278084 1785404713 1785404713
 -4.39695772 0.3739781756  8.805783291 -4.236532236 0.2418086828   8.90078664 1785404713 1785404713
-4.393101074 0.3708399672   8.79446573 -4.255921744 0.2985340854  8.886754155 1785404713 1785404713
-4.396529097 0.3804905245  8.779969424 -4.291407253 0.3401304945  8.856759289 1785404713 1785404713
-4.400634172 0.3323688617  8.764916075 -4.338290573 0.3606881066  8.813017847 1785404713 1785404713
-4.423926872 0.3665082503  8.741470593 -4.390949726 0.3564104349  8.759103519 1785404713 1785404713
-4.435009564 0.3937516314   8.72782868 -4.443410161 0.3251398313  8.701122937 1785404713 1785404713
-4.445688199 0.3665171728  8.717967226  -4.49051798 0.2683339704  8.644772489 1785404713 1785404713
-4.454771408 0.3564840888  8.712102678 -4.527932214 0.1905065223  8.595473358 1785404713 1785404713
 -4.45006961 0.3071855716  8.716822257  -4.552908875 0.09924163805   8.557183749 1785404713 1785404713
  -4.4505884 0.3046051263  8.717893392   -4.564433187 0.004520071005    8.531590454 1785404713 1785404713
-4.449364781 0.3213364047  8.718099307   -4.562439338 -0.08303742519    8.519556608 1785404713 1785404713
-4.438225129 0.3095299946  8.722928994  -4.548266546 -0.1531173326   8.519727172 1785404713 1785404713
-4.426965483  0.308302478  8.725255817  -4.523919103 -0.1973992969   8.529777898 1785404713 1785404713
-4.403095093 0.2891471333  8.732349941  -4.491960042 -0.2108080898   8.546820284 1785404714 1785404714
-4.394905354 0.3020432235  8.730496601  -4.455277206 -0.1924491933   8.567858566 1785404714 1785404714
-4.388209898 0.3210765833  8.729904625  -4.416892045 -0.1459062932   8.591253544 1785404714 1785404714
-4.384586813 0.3090720932  8.732149585   -4.380118158 -0.07868815719    8.616116566 1785404714 1785404714
-4.379906668 0.2951230796  8.740442561     -4.348303735 -0.0009087939841      8.643023219 1785404714 1785404714
-4.382555755  0.258677706  8.753244278  -4.323963937 0.07649832489   8.673019991 1785404714 1785404714
-4.382633901 0.2409464722  8.773004364 -4.309210836 0.1430743166  8.706968626 1785404714 1785404714
-4.386335925  0.242108849  8.790458415 -4.304826279 0.1906916471  8.745949371 1785404714 1785404714
-4.397042874 0.2357579131  8.811643369 -4.310993302 0.2145713129  8.789298491 1785404714 1785404714
 -4.39755694 0.2174245972  8.833970957 -4.326142921 0.2140709667   8.83606952 1785404714 1785404714
-4.413002065 0.1682055805  8.847177322 -4.347403759 0.1924021036  8.883100391 1785404714 1785404714
-4.424340586 0.1475638472   8.85462886 -4.370382922 0.1558045069  8.924943139 1785404714 1785404714
-4.420790161 0.1423099247  8.859301821 -4.390785496  0.112394168   8.95773424 1785404714 1785404714
-4.415607963 0.1654119716  8.858097798  -4.405325127 0.07084115511   8.977763004 1785404714 1785404714
-4.408750186 0.1842236255  8.851425979  -4.411237358 0.03872073213   8.983242989 1785404714 1785404714
-4.402394831 0.1827764367  8.838975248  -4.407429459 0.02148376035   8.973516016 1785404714 1785404714
-4.398515357 0.1882026888  8.822326921  -4.394438755 0.02160718228    8.94951007 1785404714 1785404714
-4.394582292  0.182140921  8.810627289  -4.374716459 0.03848163018   8.913762672 1785404714 1785404714
-4.379883382 0.2019541462  8.801917541  -4.351986083 0.06880238702   8.869913924 1785404714 1785404714
-4.374002355 0.1985382417  8.796900197 -4.330668679 0.1071661242  8.821921623 1785404714 1785404714
-4.373103182 0.1755304714  8.792143375 -4.315070892 0.1471621804  8.773864986 1785404714 1785404714
-4.371884934 0.1566290588  8.792420363 -4.308578022 0.1824210471  8.729470383 1785404714 1785404714
-4.370184287 0.1383989093  8.796167488 -4.312897563 0.2076187273  8.691755304 1785404714 1785404714
-4.373864795 0.1421137284  8.799115848 -4.327774957  0.219107603  8.662866116 1785404714 1785404714
-4.375150213 0.1490457853  8.803240325 -4.350923426  0.215404611  8.644316659 1785404714 1785404714
-4.386498038  0.136663644  8.803087283 -4.378589526 0.1971534598  8.637074577 1785404714 1785404714
 -4.40191774 0.1392612621  8.800265565 -4.405857329 0.1669282501  8.641243661 1785404714 1785404714
-4.417140357 0.1328044392  8.796334319 -4.427850596    0.1286727  8.656689177 1785404714 1785404714
-4.419033099 0.1635302875    8.8003713  -4.440702058 0.08706703112   8.682370256 1785404714 1785404714
-4.413707752 0.1674876679  8.808192648  -4.442492066 0.04684516099    8.71711772 1785404714 1785404714
-4.411844334    0.1673466  8.817618473   -4.43337526 0.01227668424   8.758812853 1785404714 1785404714
 -4.40185309 0.1619253617  8.832054454  -4.415634963 -0.0132697499   8.804147782 1785404714 1785404714
-4.390398928 0.1465592391  8.847382442   -4.393014747 -0.02759096645    8.849512412 1785404714 1785404714
-4.383929967 0.1644309576  8.859787259   -4.370749661 -0.02983806926    8.889823835 1785404714 1785404714
 -4.37594662 0.1616227569  8.869592536   -4.354217381 -0.02050857957    8.921159763 1785404714 1785404714
-4.392507795 0.1312658133  8.864799739    -4.347725867 -0.001230781542     8.939977153 1785404714 1785404714
  -4.40520259 0.09806352695   8.856232976  -4.353183366 0.02562859157   8.942985273 1785404714 1785404714
 -4.419403025 0.05358423275   8.842507447  -4.370189734 0.05695356696   8.929162159 1785404714 1785404714
-4.426203697 0.0626527341   8.82566015 -4.396964083 0.0892897205  8.899449879 1785404714 1785404714
  -4.41788282 0.03843671837   8.814654135   -4.4298142 0.1188790581  8.857573467 1785404714 1785404714
 -4.407771155 0.01119274922   8.800750957 -4.46403875  0.14230907 8.808600622 1785404714 1785404714
    -4.39354084 -0.009323278263     8.787440204  -4.49465629 0.1566245815  8.758840887 1785404714 1785404714
  -4.385224617 -0.05184470391    8.777107653 -4.517666985 0.1596864336    8.7147931 1785404714 1785404714
  -4.363134645 -0.03356443867    8.771713361 -4.530340984 0.1504814777  8.682095066 1785404714 1785404714
  -4.348674696 -0.03492042969    8.767912876 -4.531710125 0.1291752183  8.664508447 1785404714 1785404714
  -4.348894156 -0.05455136272    8.758960602  -4.522434765 0.09742778866   8.663506359 1785404714 1785404714
  -4.353988287 -0.09344366611    8.752615867  -4.504426984 0.05853315645   8.678177073 1785404714 1785404714
 -4.357580604 -0.1462150185   8.751294626  -4.480083831 0.01701149329   8.705426374 1785404714 1785404714
 -4.354615688 -0.1445850733   8.757549954 -4.451857314  -0.02181053  8.740533649 1785404714 1785404714
 -4.353644058 -0.1385632064   8.765624422   -4.421833627 -0.05263598644    8.778382192 1785404714 1785404714
 -4.360045939 -0.1512483259   8.772895217   -4.391408998 -0.07082400934    8.814296664 1785404715 1785404715
-4.374669473 -0.171442682  8.777023682   -4.361043236 -0.07291300466    8.844401165 1785404715 1785404715
 -4.385083299 -0.2233008153    8.77816726    -4.33048843 -0.05791019205    8.866439292 1785404715 1785404715
 -4.375203465 -0.2207198637   8.789345727    -4.29975518 -0.02704631563    8.879899588 1785404715 1785404715
 -4.361966308 -0.1867600156     8.8006661 -4.269653882 0.0157571766   8.88599273 1785404715 1785404715
 -4.343741596 -0.1574886535   8.811340433 -4.241659073 0.0642211429  8.886714732 1785404715 1785404715
 -4.324708814 -0.1389071279   8.818945023 -4.218172104 0.1106820226  8.884362666 1785404715 1785404715
 -4.312792456 -0.2061156319   8.820278044 -4.202440725 0.1474552703  8.881034629 1785404715 1785404715
 -4.288736527 -0.1995265336   8.829562169 -4.197985483 0.1683476785  8.878450926 1785404715 1785404715
 -4.277430133 -0.1706005962   8.835065565 -4.207682368  0.168896693  8.876601875 1785404715 1785404715
 -4.280135664 -0.1280208923   8.838377201 -4.232991159 0.1475840309  8.874857628 1785404715 1785404715
 -4.302898585 -0.1011833731    8.83976614 -4.273398199 0.1068126872  8.871959135 1785404715 1785404715
 -4.298820033 -0.2072568701   8.852363351  -4.326131142 0.05316068181   8.866389848 1785404715 1785404715
 -4.312683082 -0.2341267782   8.863734659    -4.386286575 -0.004142625717     8.857032983 1785404715 1785404715
  -4.34622896 -0.2285680575   8.872355122     -4.447051 -0.0551301632   8.843615083 1785404715 1785404715
 -4.383814683 -0.2241994522    8.88214103   -4.500697896 -0.08965829942    8.826876431 1785404715 1785404715
 -4.427053982 -0.1681948858   8.898412818   -4.540121132 -0.09981154666    8.808268205 1785404715 1785404715
 -4.441532248 -0.2707656717   8.901910351   -4.559685296 -0.08125223845    8.789529018 1785404715 1785404715
 -4.462737531 -0.2899026711   8.899482137   -4.556877473 -0.03551450697    8.773100263 1785404715 1785404715
 -4.484661003 -0.2434256797   8.892830989  -4.531720009 0.03260886402   8.759277562 1785404715 1785404715
-4.487717898 -0.180499161  8.882353487  -4.48762649 0.1144889348  8.747016053 1785404715 1785404715
-4.469287873 -0.108805662  8.861745772 -4.431113348 0.1981669601  8.734844227 1785404715 1785404715
-4.494954036 -0.161691017  8.819428564 -4.370648443  0.270532434  8.721058857 1785404715 1785404715
 -4.474235748 -0.1693787131   8.798499622 -4.315109312 0.3198501733  8.703854303 1785404715 1785404715
  -4.43324851 -0.1357401805   8.778479015 -4.272672651 0.3380682035  8.684250645 1785404715 1785404715
 -4.386958339 -0.0968303125   8.757735432 -4.249543006 0.3209972901  8.664092543 1785404715 1785404715
  -4.32046684 -0.0184696469   8.743693803  -4.24903181 0.2696886043  8.646721821 1785404715 1785404715
 -4.336740558 -0.1031834436   8.718696633 -4.271044651 0.1902618771  8.635624289 1785404715 1785404715
 -4.320605179 -0.1484932764   8.718449201  -4.312383404 0.09344820377   8.635698818 1785404715 1785404715
 -4.315099339 -0.1291731394   8.719054783    -4.367016863 -0.008004295834     8.649304901 1785404715 1785404715
 -4.318388016 -0.1056551359   8.726644875  -4.427259322 -0.1005951369     8.6772746 1785404715 1785404715
  -4.337881111 -0.06060887922    8.743979132    -4.4846846 -0.1726640623   8.717633803 1785404715 1785404715
 -4.388762465 -0.1250590261   8.736824033  -4.531661945 -0.2154793717   8.765808584 1785404715 1785404715
 -4.412143471 -0.1541684411   8.744343386   -4.56226638 -0.2246970803   8.815492044 1785404715 1785404715
 -4.433960721 -0.1474660251   8.758310806  -4.572681181 -0.2010390983   8.858439989 1785404715 1785404715
 -4.443466281 -0.1383598839    8.77476807  -4.561798671 -0.1495558851   8.886771074 1785404715 1785404715
  -4.438640282 -0.08664450528    8.798683472   -4.531093614 -0.07869491114    8.894337968 1785404715 1785404715
 -4.448964304 -0.1608682892   8.793710706   -4.484234952 0.001198790587    8.878097303 1785404715 1785404715
 -4.445343129 -0.1965711469   8.792235691 -4.426148812 0.0802115166  8.838372895 1785404715 1785404715
 -4.434758756 -0.1668793379   8.789588931  -4.36289145 0.1498199651  8.779929127 1785404715 1785404715
-4.416477175  -0.13264205  8.784418946 -4.300660189 0.2040534873  8.710848693 1785404715 1785404715
 -4.359026396 -0.0200269065   8.781460248 -4.245316876  0.240325282  8.641489382 1785404715 1785404715
 -4.371665345 -0.0509372222   8.756081742 -4.201306241 0.2593097464  8.582503477 1785404715 1785404715
  -4.353166629 -0.04442008211    8.744080097 -4.173397186   0.26331552   8.54395406 1785404715 1785404715
   -4.328578059 -0.008382391142        8.731605 -4.163795391 0.2562926539  8.532566363 1785404715 1785404715
 -4.301710408 0.03495302955   8.719366659  -4.17343463 0.2427246843  8.550399451 1785404715 1785404715
 -4.281168416 0.08711092426   8.699670939 -4.201261681 0.2265881062  8.594574759 1785404715 1785404715
-4.286159491 0.1087629499  8.685435886 -4.244708422 0.2103598928  8.658083254 1785404715 1785404715
 -4.289586445 0.09924446951   8.679600551 -4.299294003 0.1959689039  8.729721218 1785404715 1785404715
 -4.304436242 0.08396617967   8.672123296 -4.360024665 0.1831962274  8.797912554 1785404715 1785404715
 -4.318408334 0.07425023244   8.673056409 -4.420850547 0.1708098529  8.851940505 1785404716 1785404716
 -4.364297868 0.02388856952   8.677057703 -4.475128333 0.1575018641  8.883514789 1785404716 1785404716
 -4.374427267 0.03922485512   8.695409112 -4.517222518 0.1418975364  8.889033246 1785404716 1785404716
 -4.389373014 0.01404541832   8.712006213 -4.542274271 0.1236001451  8.869524553 1785404716 1785404716
  -4.429548591 -0.02010743165    8.726966621 -4.547694992  0.102982129  8.831166431 1785404716 1785404716
  -4.460599321 -0.03489924784    8.746068169  -4.532847501 0.08178940333   8.782882937 1785404716 1785404716
 -4.488526717 -0.0485152538    8.78347641  -4.499464866 0.06277818545   8.734983338 1785404716 1785404716
     -4.48610311 -4.695881323e-05      8.806315737  -4.451691417 0.04861264059   8.697503685 1785404716 1785404716
 -4.488167732 0.02371238851   8.814970986  -4.395436104 0.04183751185    8.67777598 1785404716 1785404716
 -4.478496587 0.03948545975   8.828466309  -4.338025977 0.04342458882   8.679273017 1785404716 1785404716
 -4.455735921 0.07007084742    8.83906379  -4.287406071 0.05215337842   8.701776461 1785404716 1785404716
 -4.405717411 0.09536311381   8.849032082  -4.251319049 0.06523070368   8.740580301 1785404716 1785404716
-4.382014546  0.167240636  8.840392197 -4.235287471 0.0779050521  8.789178323 1785404716 1785404716
-4.376118576  0.260361507  8.827314171  -4.242249684 0.08642700317   8.837142848 1785404716 1785404716
-4.359376968    0.2637054  8.816508088  -4.271337161 0.08783812628   8.873381421 1785404716 1785404716
-4.342012221 0.2789856152  8.810920663  -4.319762132 0.07808497505   8.891761318 1785404716 1785404716
-4.334270027 0.1986869284  8.807821815  -4.380256975 0.05679856011   8.887081622 1785404716 1785404716
-4.342677156 0.2222297425  8.808414778  -4.444617244 0.02529382178   8.859334067 1785404716 1785404716
-4.339199766  0.248510091  8.817940105   -4.502837876 -0.01242583385     8.81102181 1785404716 1785404716
-4.357342293 0.1868691824  8.824304969    -4.5469434 -0.0515744795    8.74995189 1785404716 1785404716
-4.374150125 0.1329491164  8.830457921   -4.571159343 -0.08589711248    8.686198295 1785404716 1785404716
 -4.395224583 0.03646133228   8.834391125  -4.572423012 -0.1089513031   8.629883803 1785404716 1785404716
 -4.420241716 0.04514095327   8.819459314  -4.551249877 -0.1152622892   8.589673307 1785404716 1785404716
-4.437523095 0.1022303319   8.79820397  -4.511751094 -0.1028544181    8.57301176 1785404716 1785404716
 -4.450432414 0.09050281233   8.771305628   -4.460190826 -0.07140496578    8.582700217 1785404716 1785404716
 -4.444252697 0.06644491792   8.741973335   -4.404043118 -0.02333247492     8.61709064 1785404716 1785404716
-4.418771968 0.0572506807  8.711179874   -4.35132821 0.03604178283   8.670887825 1785404716 1785404716
 -4.388731195 0.09701582194   8.689302042  -4.308823909 0.09937579899   8.736444837 1785404716 1785404716
-4.348311127 0.1539268415  8.694343851 -4.281598047 0.1583799865  8.804517422 1785404716 1785404716
 -4.33747501 0.1630572921  8.686991424 -4.271394765 0.2056815913  8.864778462 1785404716 1785404716
-4.329931194 0.1726267149  8.689198744 -4.277101308 0.2359576678  8.909092843 1785404716 1785404716
-4.331114063 0.1645087653  8.705264241 -4.294732373 0.2461772174  8.931706153 1785404716 1785404716
-4.343616572 0.1859308642  8.727426968 -4.318669549 0.2366847903  8.930141408 1785404716 1785404716
-4.333705233 0.2756269957  8.754612166 -4.342904137  0.210794682  8.905695654 1785404716 1785404716
-4.357115736 0.2802257948   8.77406706 -4.360559422 0.1745992198   8.86117857 1785404716 1785404716
-4.365272913 0.2720660495  8.800951637 -4.368397798 0.1348724335  8.804791875 1785404716 1785404716
-4.374659714 0.2273496546  8.828672071  -4.365182005 0.09854944505   8.745555582 1785404716 1785404716
-4.366007472 0.2483919782  8.846886697  -4.352351491 0.07137838013   8.693218941 1785404716 1785404716
-4.356802573 0.3135418608  8.851643327  -4.333351414 0.05723728535   8.655133413 1785404716 1785404716
-4.370806035 0.3013360784  8.843309017  -4.313106743 0.05722330043   8.636333439 1785404716 1785404716
-4.381625286 0.2834894963  8.831548985   -4.29785424 0.06957375808   8.639866815 1785404716 1785404716
-4.379441144 0.2477214812  8.821879681  -4.292490855 0.09058054314    8.66441217 1785404716 1785404716
-4.367135251 0.3069629056  8.814961439 -4.299989552 0.1154071166  8.705271911 1785404716 1785404716
-4.355821896 0.4107246059  8.808323895 -4.320543108 0.1384345929    8.7545609 1785404716 1785404716
 -4.36096666 0.4291143787    8.7967238 -4.351783162  0.154922745  8.803774298 1785404716 1785404716
-4.362977356 0.4366177405  8.788087054 -4.389059372 0.1623090243  8.844766913 1785404716 1785404716
-4.363344313 0.4034684322  8.781072957 -4.426141789 0.1602672287  8.870734331 1785404716 1785404716
-4.365618195 0.4370142228  8.769856135 -4.456600216 0.1507504129  8.877390797 1785404716 1785404716
-4.357005468 0.4580310727  8.764129425  -4.47468635 0.1366111142  8.863792075 1785404716 1785404716
-4.361931031 0.4371950507  8.753163167 -4.476969883 0.1220077838  8.832433924 1785404716 1785404716
-4.366914797 0.3870736903  8.743962636 -4.462510189  0.111052167  8.789216788 1785404717 1785404717
-4.374006967 0.3366684855  8.737324804  -4.43341517 0.1063697331  8.742128722 1785404717 1785404717
-4.379907709 0.3104433879  8.736485031 -4.394278622 0.1089267583  8.699921608 1785404717 1785404717
-4.400629804 0.3095747959  8.734935881 -4.351406749 0.1171829648  8.670849221 1785404717 1785404717
-4.404312847 0.3242201001  8.747886076 -4.311644505 0.1275904201  8.661985352 1785404717 1785404717
-4.398034209 0.2887281584  8.776942125 -4.281809568 0.1355997982   8.67747416 1785404717 1785404717
-4.394629585 0.2426467397  8.808844798 -4.266822727 0.1371137113  8.717684372 1785404717 1785404717
-4.397378698 0.2144071349   8.84084419 -4.268013205  0.129567548   8.77824866 1785404717 1785404717
-4.402954636 0.2242695932  8.862513983 -4.284329575 0.1119059783  8.852732107 1785404717 1785404717
-4.414342966 0.2210273072  8.878606227  -4.312135386 0.08569115227   8.931553309 1785404717 1785404717
-4.418772412 0.2325432644  8.888375923  -4.346117111 0.05488967566   9.003174431 1785404717 1785404717
-4.434835816 0.1926972811  8.886683435  -4.380096518 0.02500907455   9.057063263 1785404717 1785404717
-4.438259288 0.1820261591  8.879493506   -4.407908068 0.001911320078    9.082972795 1785404717 1785404717
-4.452935604 0.2154373114  8.858179585    -4.426299499 -0.009238397995     9.075707456 1785404717 1785404717
-4.448304629 0.2455062475  8.839601906    -4.433986822 -0.005730224813     9.033988434 1785404717 1785404717
-4.437638054 0.2921838391  8.820496387  -4.432591392 0.01239357226   8.961130252 1785404717 1785404717
-4.424713715 0.3031366813  8.799879483  -4.425605781 0.04167996758   8.863900201 1785404717 1785404717
-4.402246195  0.304746678  8.783700074  -4.418287023 0.07559222306   8.752345027 1785404717 1785404717
-4.392246815 0.3540694807  8.770233602 -4.415425796 0.1062931888  8.638491505 1785404717 1785404717
-4.370768835 0.3837180032  8.767017254 -4.420550903 0.1253184651  8.534029247 1785404717 1785404717
-4.352310483 0.3928758769  8.769276131 -4.435430247 0.1259429175  8.450480855 1785404717 1785404717
-4.350664289 0.3629523791  8.773980172 -4.459831699 0.1045998194  8.397795883 1785404717 1785404717
  -4.3631281 0.3067732775  8.782497162  -4.490531213 0.06213437487   8.382573587 1785404717 1785404717
-4.386358613 0.3089782842  8.786359079   -4.522974184 0.003565923075    8.406389868 1785404717 1785404717
-4.394927876 0.2971383709  8.804297301   -4.55034134 -0.0619121219   8.468167669 1785404717 1785404717
-4.408096623 0.2786773454  8.820856667  -4.567228237 -0.1230344589   8.561619165 1785404717 1785404717
-4.425491382 0.2120181969  8.838834683  -4.568435039 -0.1679535573   8.677505498 1785404717 1785404717
-4.440684721  0.146557334  8.854326273  -4.550177419 -0.1873833635   8.801191517 1785404717 1785404717
-4.445304378 0.1225005954  8.863630795  -4.513615172 -0.1761711411   8.916538213 1785404717 1785404717
  -4.4368961 0.1206569011   8.87429442 -4.461279254 -0.133383093  9.011185931 1785404717 1785404717
  -4.4317471 0.1349119693  8.875989593   -4.399765795 -0.06347813969    9.075213705 1785404717 1785404717
-4.437281523 0.1174167058  8.864697059  -4.336556262 0.02463903318   9.103702036 1785404717 1785404717
-4.433409321 0.1006398678  8.849251433 -4.279555269 0.1186284336  9.095465272 1785404717 1785404717
 -4.440814757 0.09389516273    8.82645042 -4.235985024 0.2052182543   9.05490112 1785404717 1785404717
-4.432302245 0.1081513083  8.807521755 -4.210869213 0.2722564014  8.990252935 1785404717 1785404717
-4.408615082 0.1375935281  8.792503114 -4.206055634 0.3108207418  8.912217311 1785404717 1785404717
-4.390300399 0.1384736783  8.777131181 -4.220104106 0.3164825482   8.83205379 1785404717 1785404717
-4.365744181 0.1251168421  8.766165031 -4.24881453 0.290054285 8.760313631 1785404717 1785404717
-4.361137061 0.1102322305  8.755877626 -4.285956214 0.2373013125   8.70517378 1785404717 1785404717
-4.351219095 0.1107050278  8.753028684 -4.324337021 0.1678224499   8.67135734 1785404717 1785404717
-4.347492645 0.1261052122  8.753403021  -4.357434958 0.09312077685   8.659646022 1785404717 1785404717
-4.359672255 0.1048436602  8.753672476  -4.380483093 0.02484560965   8.667731667 1785404717 1785404717
 -4.376474026 0.07850766596   8.760240008   -4.391119122 -0.02730717645    8.690184847 1785404717 1785404717
 -4.402866012 0.05489008465   8.764539723   -4.389592677 -0.05693836153    8.720082834 1785404717 1785404717
  -4.41715774 0.05431513937   8.779538376  -4.378812008 -0.0617669153   8.750698484 1785404717 1785404717
-4.425596601  0.069886889  8.800688912   -4.364052836 -0.04369359498    8.776609725 1785404717 1785404717
 -4.436695228 0.05515767282    8.82339507    -4.351319062 -0.007841261073     8.795618839 1785404717 1785404717
 -4.441703399 0.03822543206   8.853279054 -4.346063297 0.0382910033  8.807447653 1785404717 1785404717
 -4.450972321 0.01917987358    8.87370688  -4.352233248 0.08635200178   8.813939857 1785404717 1785404717
  -4.45216048 0.02304305386   8.896779108 -4.371383324  0.128606852  8.818593858 1785404717 1785404717
 -4.446890224 0.04502295229   8.919386381 -4.403224068 0.1590598909  8.824957448 1785404718 1785404718
  -4.44783246 0.01143390507   8.933087626 -4.445222623 0.1742503483  8.837668378 1785404718 1785404718
  -4.448925388 -0.04992554817      8.9380214 -4.491677559 0.1730551487  8.856954077 1785404718 1785404718
-4.438125456 -0.107644953  8.935710408 -4.535050062 0.1567643914  8.879011024 1785404718 1785404718
 -4.420098755 -0.1415429451   8.925579832 -4.568220423 0.1286858166  8.898326216 1785404718 1785404718
   -4.4078405 -0.1301474031   8.899541206  -4.586380795 0.09340564414   8.908106388 1785404718 1785404718
 -4.412649564 -0.1496178287   8.856547877  -4.585904305 0.05564596076   8.902948546 1785404718 1785404718
 -4.409664683 -0.1516446853   8.800530249  -4.565133822 0.02004399279   8.877823501 1785404718 1785404718
 -4.38755003 -0.178778778  8.754865794    -4.525198591 -0.009280148671     8.831186501 1785404718 1785404718
 -4.370260304 -0.2174966093   8.718112222   -4.470408999 -0.02917420456    8.766506371 1785404718 1785404718
 -4.346255104 -0.1590134742   8.680768211   -4.407133748 -0.03781066988    8.692170077 1785404718 1785404718
  -4.33968448 -0.1721937005   8.662211536   -4.342921056 -0.03506634986    8.619052095 1785404718 1785404718
 -4.322105467 -0.1190831615   8.660621392   -4.285325778 -0.02179007223    8.559773122 1785404718 1785404718
  -4.321758422 -0.08863919599    8.673673932     -4.241144232 -0.0001062098275       8.52532259 1785404718 1785404718
  -4.323002055 -0.09157036997    8.699410145   -4.21558264 0.02738643969   8.524224977 1785404718 1785404718
  -4.324848495 -0.03551021129    8.746755051  -4.210917065 0.05683857582   8.560447478 1785404718 1785404718
   -4.32704003 -0.06817642113    8.795694253  -4.227745107 0.08342075663   8.632596884 1785404718 1785404718
 -4.354336047 -0.1140733758   8.840346888 -4.264505975 0.1029456855  8.734006326 1785404718 1785404718
 -4.368532429 -0.1633428936   8.888256769 -4.317036032 0.1116437151  8.853494446 1785404718 1785404718
-4.343416326 -0.246623269  8.934205785 -4.378831662 0.1069435118  8.976279423 1785404718 1785404718
 -4.339456354 -0.2497120592   8.964669078  -4.443774095 0.08851913509   9.083572974 1785404718 1785404718
 -4.349236193 -0.2341701572   8.977585916  -4.505150823 0.05711365218   9.162129104 1785404718 1785404718
 -4.394661832 -0.2507405253   8.959217754  -4.557386773 0.01611800538    9.20195412 1785404718 1785404718
 -4.415543286 -0.2977030494   8.938170221   -4.592146992 -0.02756356109    9.196599202 1785404718 1785404718
-4.430043101 -0.325518534  8.914638914   -4.604943848 -0.06636571106    9.146587577 1785404718 1785404718
 -4.436801795 -0.2590261387   8.890604881   -4.593995063 -0.09255987402    9.059621277 1785404718 1785404718
 -4.440029168 -0.2210793153   8.865430827  -4.559758843 -0.1001073071   8.948439156 1785404718 1785404718
 -4.445092704 -0.1614981083   8.831123501   -4.505049322 -0.08504543168    8.827579949 1785404718 1785404718
 -4.440563494 -0.1986625929   8.801901111   -4.435291286 -0.04646112007    8.711614123 1785404718 1785404718
 -4.427527784 -0.2524955165    8.78347272  -4.359346974 0.01217446257   8.615368194 1785404718 1785404718
 -4.404385494 -0.2193601125    8.76628868  -4.285885175 0.08501762989   8.549447508 1785404718 1785404718
 -4.390775074 -0.1815871334   8.746531419 -4.223419604 0.1633330689  8.519378721 1785404718 1785404718
-4.368784567 -0.133328344  8.726635661 -4.179251019  0.236766356  8.524831009 1785404718 1785404718
 -4.377707674 -0.1792113599   8.700367066 -4.158829845 0.2947865854  8.562198562 1785404718 1785404718
 -4.370320748 -0.2696671008    8.69501505 -4.165400082 0.3287562906   8.62677829 1785404718 1785404718
 -4.344388236 -0.2583847753   8.704511142 -4.197426208  0.332687538  8.709309921 1785404718 1785404718
 -4.333818313 -0.2482787745   8.716639599 -4.250633191 0.3047235152  8.798075927 1785404718 1785404718
 -4.342208534 -0.2098531265   8.735763579 -4.318146648 0.2470284872  8.881587701 1785404718 1785404718
 -4.376221872 -0.2568708999   8.749343193 -4.391769409 0.1664178559  8.949320988 1785404718 1785404718
 -4.380999043 -0.3553399898   8.765244773  -4.462584497 0.07427444102   8.993044298 1785404718 1785404718
 -4.411138704 -0.3439880623   8.780426928   -4.522690161 -0.01673737259    9.006020494 1785404718 1785404718
 -4.448679394 -0.3086772022   8.790939209   -4.565921309 -0.09454290812    8.986084326 1785404718 1785404718
 -4.483288871 -0.2387274234   8.799630046  -4.588665693 -0.1483078915   8.934886601 1785404718 1785404718
 -4.494996844 -0.2460719522   8.795274052   -4.58987225 -0.1713361328   8.857661819 1785404718 1785404718
 -4.489522474 -0.3559575159   8.780820503  -4.570903828 -0.1605933406   8.762235404 1785404718 1785404718
 -4.478564426 -0.3355767118   8.762790455  -4.535368184 -0.1176722207   8.659355292 1785404718 1785404718
 -4.463302368 -0.2998732049   8.735116509    -4.48789766 -0.04982100411     8.56001856 1785404718 1785404718
  -4.42294838 -0.2321933752   8.706103074  -4.433274112 0.03346592287   8.474702012 1785404718 1785404718
 -4.398582383 -0.1956531754   8.664894876 -4.376253514 0.1204640735  8.411997945 1785404718 1785404718
 -4.412251046 -0.2943750793   8.636847374 -4.322181171 0.1991778039  8.379856229 1785404718 1785404718
  -4.36960623 -0.2499527774   8.636650909 -4.276022176 0.2585632288  8.384226396 1785404719 1785404719
 -4.326648464 -0.1740049204   8.646996977 -4.240483546 0.2913450477  8.424123825 1785404719 1785404719
  -4.307128198 -0.09795986474    8.660632142 -4.217616547 0.2954855167  8.493432746 1785404719 1785404719
  -4.315838149 -0.05346038488     8.67921998 -4.208342634 0.2726609749  8.582929244 1785404719 1785404719
 -4.300384156 -0.1221589643   8.705221654 -4.213460033 0.2292792819  8.680713231 1785404719 1785404719
 -4.307853239 -0.1086879485   8.732177234 -4.231286855 0.1739354276  8.772648882 1785404719 1785404719
  -4.336429878 -0.08522905538    8.756555745 -4.259737708 0.1169982762  8.845867789 1785404719 1785404719
  -4.379183182 -0.06498766526    8.779876269  -4.296439714 0.06802480507   8.891543192 1785404719 1785404719
  -4.412274805 -0.04382548687     8.80569274  -4.338312437 0.03396627963   8.906058763 1785404719 1785404719
-4.421420217 -0.109585802  8.814213933  -4.381581919 0.01845613599   8.890955481 1785404719 1785404719
  -4.443886073 -0.09661825172    8.819712702 -4.422026306  0.020374293  8.853378719 1785404719 1785404719
  -4.448739582 -0.08086270989    8.827751877  -4.455079054 0.03692847946   8.802082816 1785404719 1785404719
  -4.438920388 -0.05476621061     8.83530736 -4.476636625 0.0627343039  8.748290595 1785404719 1785404719
  -4.414919691 -0.01301440093    8.839662891  -4.483876946 0.09145385867   8.702823184 1785404719 1785404719
  -4.408696703 -0.02230921625    8.833898106 -4.476265871 0.1173969563   8.67390769 1785404719 1785404719
  -4.380349293 0.008452247516    8.836168421 -4.455054756 0.1364171068   8.66759946 1785404719 1785404719
   -4.3463935 0.03522544902   8.838749602 -4.423661461 0.1470765227  8.685172182 1785404719 1785404719
-4.322142973 0.0520944129   8.83498012 -4.387101971 0.1499077966  8.723762422 1785404719 1785404719
 -4.306585514 0.06240098931   8.829264409 -4.351567218 0.1470676705  8.776835393 1785404719 1785404719
 -4.303541013 0.04472896108   8.828240776 -4.32307964  0.14239855 8.834764815 1785404719 1785404719
 -4.307056973 0.01235056733   8.825135853 -4.306695635  0.138913521   8.88761538 1785404719 1785404719
 -4.328937969 -0.0199657025   8.816003743 -4.305430485 0.1383464773  8.926377762 1785404719 1785404719
  -4.359185408 -0.04895976521    8.806196449 -4.319812523 0.1405314796  8.944527795 1785404719 1785404719
 -4.392603933 -0.0504779885   8.797392653 -4.347629497 0.1432841375  8.938926772 1785404719 1785404719
  -4.413233716 -0.05279683712    8.790854171 -4.384206604 0.1426433138  8.910256303 1785404719 1785404719
  -4.426598356 -0.05713313958    8.787508903 -4.423186211 0.1339960868  8.862562885 1785404719 1785404719
  -4.433420994 -0.05983898887    8.786408931 -4.457702361 0.1135216967  8.802366278 1785404719 1785404719
  -4.435421591 -0.04875887172    8.785879871  -4.481537492 0.07938818972   8.737481147 1785404719 1785404719
  -4.423759197 -0.01403179631    8.790230716  -4.490256356 0.03282080215    8.67571252 1785404719 1785404719
   -4.420398494 -0.001727296905     8.790350326   -4.481990899 -0.02178703533     8.62391857 1785404719 1785404719
   -4.391007003 -0.008338238834      8.80310157   -4.457708649 -0.07676156695    8.586833023 1785404719 1785404719
   -4.375562418 0.0008279052916     8.808192478  -4.421166231 -0.1222510699   8.566320134 1785404719 1785404719
  -4.372807912 0.008795333874    8.805924771  -4.377890574 -0.1483122739   8.561864024 1785404719 1785404719
 -4.381322768 0.03419895957   8.794182752  -4.334375419 -0.1466129826   8.570920644 1785404719 1785404719
 -4.391430998 0.05406267698   8.783214725  -4.296938523 -0.1123120125   8.589462712 1785404719 1785404719
 -4.391061544 0.06004315737   8.774154227   -4.270633552 -0.04543339368    8.612945211 1785404719 1785404719
 -4.393287879 0.06419589662   8.758851921  -4.258297961 0.04811773557   8.637653255 1785404719 1785404719
 -4.392261987 0.05684786686   8.740980895 -4.260411057 0.1574931093  8.660931802 1785404719 1785404719
 -4.381309552 0.05640375179   8.718159923  -4.27562583 0.2666817645  8.682756644 1785404719 1785404719
-4.355854722 0.1242946776  8.715544084 -4.301448828 0.3589692769  8.703773784 1785404719 1785404719
-4.344994339 0.1852126026  8.706328972 -4.331602243 0.4208743323  8.725077312 1785404719 1785404719
-4.324890166  0.174392242  8.703294225 -4.361534183 0.4427172816  8.747055696 1785404719 1785404719
-4.304576549 0.1544064943  8.708817194 -4.387530474 0.4179083187  8.772445851 1785404719 1785404719
 -4.294276713 0.08136666865   8.724961469 -4.407428093 0.3475326217  8.802505249 1785404719 1785404719
-4.274706277 0.2193775877  8.749894801 -4.419880199 0.2398044982  8.837507928 1785404719 1785404719
-4.284094258 0.2588060703  8.768701772 -4.422858554 0.1112981361  8.870509839 1785404719 1785404719
-4.310744543 0.2062356242   8.79636376   -4.419291118 -0.02376928699    8.900664617 1785404719 1785404719
-4.340412593 0.1734441589  8.826619421  -4.412550328 -0.1489632968   8.925912314 1785404719 1785404719
 -4.400075452 0.02407374292   8.878854368  -4.404968254 -0.2490181553   8.943597947 1785404719 1785404719
-4.362101417 0.2224990736  8.912694509   -4.39844991 -0.3118614659   8.951179978 1785404719 1785404719
-4.371415433 0.2323173184  8.930581237  -4.395005624 -0.3336857476   8.947949749 1785404720 1785404720
-4.406452627 0.2033390845   8.93205034    -4.3943544 -0.3124014671   8.934582678 1785404720 1785404720
-4.427609044 0.2074036705  8.923235909  -4.394254617 -0.2522490026   8.911882032 1785404720 1785404720
-4.432068562  0.180427248  8.900126563  -4.391980626 -0.1625677368   8.881441162 1785404720 1785404720
-4.430475661 0.3490312948   8.86901743   -4.385281874 -0.05557528166    8.845975451 1785404720 1785404720
-4.445724835 0.4198942951  8.828397853  -4.371753726 0.05472299719   8.806650589 1785404720 1785404720
-4.448927224  0.420847126  8.787175191 -4.350674049 0.1557848603  8.763975564 1785404720 1785404720
-4.435819852  0.430601793  8.753113715  -4.32402351 0.2367636614  8.719508222 1785404720 1785404720
-4.403622095 0.3843065184  8.728884297 -4.295699662 0.2903040346  8.674268484 1785404720 1785404720
-4.396551916  0.510423293   8.70932085 -4.271796669 0.3134625216  8.630703348 1785404720 1785404720
-4.373162644 0.5523238244  8.708658649 -4.256234004 0.3079631974  8.586604437 1785404720 1785404720
-4.371556139 0.5171538771  8.707293572 -4.253958828  0.278640369  8.544551667 1785404720 1785404720
-4.365248892 0.4722304038  8.715643748 -4.268455367 0.2334725631  8.509209193 1785404720 1785404720
-4.360892137 0.3771155248  8.733575479 -4.300042831 0.1821843649  8.484277469 1785404720 1785404720
-4.367320549 0.4365296798   8.73808497 -4.346480519 0.1353743013  8.473799905 1785404720 1785404720
-4.361999724 0.4863220116   8.74653676    -4.4011374 0.09994125951   8.479733817 1785404720 1785404720
-4.383907144 0.4409185294  8.749909824  -4.456589296 0.08096496464   8.505750803 1785404720 1785404720
-4.400086341 0.4042857834  8.756929253  -4.504567731 0.08171453519   8.554493352 1785404720 1785404720
-4.415446305 0.3454286537  8.771372056  -4.53733907 0.1015395015  8.624714733 1785404720 1785404720
-4.430618403 0.3830708264  8.780478544 -4.549465053 0.1356373825  8.712355449 1785404720 1785404720
 -4.42264246 0.4188092759  8.799716599 -4.538311326  0.175132965  8.812644574 1785404720 1785404720
-4.442916516  0.365608666  8.818714659 -4.506760085 0.2122995749  8.916895035 1785404720 1785404720
-4.442121578 0.3696705814  8.842210787 -4.458929212 0.2386132734   9.01567844 1785404720 1785404720
 -4.44956329 0.3082679614  8.871357161 -4.404169914  0.247245046  9.099185621 1785404720 1785404720
-4.452298932 0.3035321028  8.895725752 -4.351342915 0.2341827079  9.158268493 1785404720 1785404720
-4.453202114 0.3253914651  8.910712913 -4.309332149 0.1978636133  9.188345778 1785404720 1785404720
-4.466965571 0.2736623128  8.923183471 -4.286069823  0.142318866  9.186166906 1785404720 1785404720
-4.478893944 0.3288143777  8.918804991  -4.284533865 0.07449775795   9.152563076 1785404720 1785404720
-4.476651941 0.2904897329   8.91853948   -4.304981294 0.003937106297    9.093344715 1785404720 1785404720
-4.460962789 0.2956707818  8.912120298     -4.3424239 -0.05839346212    9.016105478 1785404720 1785404720
-4.440885444 0.3097798299  8.899715045   -4.38955173 -0.1024135728   8.931142308 1785404720 1785404720
-4.410659077 0.3016377231   8.88163999  -4.437086231 -0.1198376138   8.848563724 1785404720 1785404720
-4.390752459  0.334229984  8.853501485  -4.475796199 -0.1063504534   8.777543502 1785404720 1785404720
-4.370976932 0.3227722224  8.814560903   -4.497980257 -0.06254019938    8.724160799 1785404720 1785404720
-4.360471609 0.3306092134  8.770012387   -4.499662491 0.006685015871    8.691270229 1785404720 1785404720
-4.364033379 0.3505025935   8.72527113  -4.480385389 0.09187762099   8.677508187 1785404720 1785404720
 -4.34892207 0.3646733434   8.69288984 -4.443350301 0.1811146891  8.679188055 1785404720 1785404720
-4.342050714 0.3868572606   8.66916679 -4.394961361 0.2609894603   8.68940376 1785404720 1785404720
-4.340078826 0.3860028975  8.653345963 -4.343619825 0.3197766926   8.70111805 1785404720 1785404720
-4.351087899  0.409263824  8.648322715 -4.297647419 0.3484366579  8.707805717 1785404720 1785404720
-4.370601221 0.4660287904  8.652064322 -4.264210883 0.3420718834  8.705620941 1785404720 1785404720
-4.386801863 0.4780642864  8.674261645 -4.247755559 0.3013765498  8.694839773 1785404720 1785404720
-4.393486349 0.4842488811  8.707836895  -4.25073461 0.2324336857   8.67845705 1785404720 1785404720
-4.413469438 0.3952924998  8.752588148 -4.271964437 0.1456306449  8.663444011 1785404720 1785404720
-4.433129504 0.3210950772  8.799606364  -4.305666544 0.05302793011   8.653648231 1785404720 1785404720
-4.449792398 0.3331599652  8.826085105   -4.344821446 -0.03352501234    8.653811502 1785404720 1785404720
-4.454639359 0.3189331829  8.858843237 -4.382731013 -0.103411279   8.66936522 1785404720 1785404720
-4.444729496 0.3016588595  8.887211958  -4.414057812 -0.1495415875   8.701244927 1785404720 1785404720
-4.428996063 0.2167746485   8.91238408  -4.433942305 -0.1686233135   8.749187422 1785404720 1785404720
-4.410786952 0.1630733816  8.927227335  -4.439831904 -0.1630313667   8.804863778 1785404720 1785404720
-4.397976858 0.1706616963  8.928604585 -4.434184119 -0.137317994  8.861754331 1785404721 1785404721
-4.371817255 0.1852571387  8.931875887   -4.420099635 -0.09811019691    8.913120217 1785404721 1785404721
-4.346254102 0.2104865643  8.933426406   -4.402608055 -0.05269022998    8.952590522 1785404721 1785404721
-4.337689513 0.1803897657  8.926959574    -4.386691914 -0.007642756808     8.975518479 1785404721 1785404721
-4.341238034 0.1576677344  8.914106303  -4.376332661 0.03166353587   8.978356268 1785404721 1785404721
 -4.36539517 0.1505972944  8.897302655  -4.374169946 0.06234850278   8.961256142 1785404721 1785404721
-4.373769627 0.1607532337  8.886296721  -4.380960491 0.08362135801   8.926817173 1785404721 1785404721
-4.376920586 0.1783434605  8.877399296  -4.395724044 0.09652254945   8.879838821 1785404721 1785404721
-4.382307835 0.1684482202  8.864644663  -4.41592477 0.1031379357  8.826661656 1785404721 1785404721
 -4.38848301 0.1590456724  8.843691409 -4.438113136 0.1057291535  8.773656737 1785404721 1785404721
-4.397101005 0.1539238726   8.82310802 -4.458563708 0.1062071486  8.726805026 1785404721 1785404721
-4.396545561 0.1650620352  8.799861785  -4.47387636 0.1057874525  8.690879569 1785404721 1785404721
-4.392620162 0.1830924626  8.772595345 -4.481546593 0.1048830633   8.66890649 1785404721 1785404721
-4.395096333 0.1714067775  8.739913736 -4.480062546 0.1031516874  8.661689388 1785404721 1785404721
-4.40371312 0.158678136 8.702902704   -4.46909206 0.09998535003   8.668032324 1785404721 1785404721
-4.415879764 0.1572732147  8.682013472  -4.449393594 0.09478179213   8.685340437 1785404721 1785404721
-4.421049792 0.1736977338  8.669512097  -4.422681687 0.08732959922   8.709824399 1785404721 1785404721
 -4.42595807 0.2021567887  8.671005145  -4.391446409 0.07783328669   8.736766383 1785404721 1785404721
-4.444133344 0.1876842369  8.682752061  -4.358964798 0.06706513027   8.761519795 1785404721 1785404721
-4.466217687 0.1649794695   8.71183168  -4.329247075 0.05632382925   8.780615618 1785404721 1785404721
-4.485028661 0.1570062828  8.744383303   -4.30625097 0.04667868772   8.791384428 1785404721 1785404721
-4.493585522 0.1696962359  8.793544703  -4.293624094 0.03895385084   8.792727074 1785404721 1785404721
-4.489605661 0.1888522141  8.845716867  -4.294917566 0.03403929297    8.78586162 1785404721 1785404721
-4.488682859 0.1664825591  8.899004886  -4.314107535 0.03354008069   8.776233895 1785404721 1785404721
-4.480301335 0.1181752579  8.945459426  -4.351873365 0.03734982723   8.768564351 1785404721 1785404721
 -4.498930324 0.05651640733    8.95168412 -4.406198333 0.0441531115  8.765039803 1785404721 1785404721
 -4.507157313 0.02397851276   8.948541747 -4.471402105    0.0525361  8.767433462 1785404721 1785404721
  -4.501727258 0.001152079343     8.93491608  -4.541970629 0.06151123678   8.776854835 1785404721 1785404721
  -4.47166951 -0.1268266753   8.919579074  -4.609668154 0.07005743379   8.797612024 1785404721 1785404721
 -4.422966768 -0.2089967231    8.89792063  -4.661392887 0.07647119164   8.820919161 1785404721 1785404721
 -4.369635263 -0.2928897495    8.88328359  -4.686373499 0.08175098465   8.842334692 1785404721 1785404721
 -4.310715843 -0.2993748771   8.876772394 -4.677053007 0.0884329789  8.860104852 1785404721 1785404721
  -4.26239321 -0.2412574619   8.874073387  -4.631931863 0.09681932733   8.874105693 1785404721 1785404721
  -4.24097819 -0.2197451171   8.870536702 -4.552505523 0.1062891859  8.884604473 1785404721 1785404721
 -4.231538374 -0.1657955961   8.873087647 -4.444766976 0.1155753761  8.891698065 1785404721 1785404721
 -4.232438317 -0.1852232312   8.879869611 -4.319874601 0.1226120113  8.895525962 1785404721 1785404721
 -4.251484207 -0.1761224142   8.884732969 -4.192147331 0.1242515244  8.897063509 1785404721 1785404721
 -4.284623182 -0.1365169452   8.886469176 -4.076507936 0.1171002808  8.896896415 1785404721 1785404721
 -4.335570721 -0.1407801341   8.875758852  -3.988187664 0.09798600096   8.894423649 1785404721 1785404721
 -4.391382415 -0.1520085335   8.862753632  -3.939198893 0.06590093523   8.889636742 1785404721 1785404721
 -4.419235865 -0.2458278749   8.851778344  -3.938077974 0.02175681524   8.883141612 1785404721 1785404721
 -4.440609007 -0.3081620588   8.839916722   -3.987323967 -0.03087967718    8.874967716 1785404721 1785404721
 -4.450420065 -0.3367727838   8.830596245   -4.083264725 -0.08648514636    8.864759985 1785404721 1785404721
 -4.449666089 -0.3641424426   8.823712409  -4.215556036 -0.1393967552   8.853084358 1785404721 1785404721
 -4.443991473 -0.3481334114   8.818174035  -4.370162022 -0.1830893453   8.841259694 1785404721 1785404721
  -4.43362831 -0.4188047889   8.811000811  -4.528172973 -0.2124162888    8.83039661 1785404721 1785404721
-4.430355274   -0.4706248  8.800108366  -4.670709124 -0.2217035958   8.820296614 1785404721 1785404721
-4.424656132 -0.463172741  8.792167916    -4.7804233 -0.2084056599   8.811867695 1785404721 1785404721
  -4.42079971 -0.4236041774   8.783033622  -4.844239474 -0.1739834076   8.806511529 1785404721 1785404721
 -4.434545762 -0.3700842205   8.762147126  -4.854796905 -0.1231583974   8.804458961 1785404721 1785404721
 -4.445808906 -0.4419391369   8.737702302   -4.810779632 -0.06140811483    8.805283323 1785404722 1785404722
 -4.426965058 -0.5252492167   8.730156439   -4.719259297 0.007027130505    8.809803508 1785404722 1785404722
 -4.411890754 -0.4773433577   8.728542419  -4.594301457 0.07467143914   8.817638475 1785404722 1785404722
 -4.393211065 -0.3942395265   8.732754951 -4.452960452   0.13332142  8.827091259 1785404722 1785404722
 -4.394596663 -0.2670139367   8.733490547 -4.314744935 0.1769237904  8.834933208 1785404722 1785404722
 -4.419065999 -0.3782133911   8.719638947 -4.197863642 0.2021601432  8.838817925 1785404722 1785404722
 -4.427605405 -0.4707700232   8.715274152 -4.118483766 0.2105599623  8.839316023 1785404722 1785404722
 -4.441275638 -0.4315070453   8.719595349 -4.086059868 0.2035898698  8.833510883 1785404722 1785404722
  -4.45375092 -0.3459524535   8.729356923 -4.102311097 0.1847467413  8.818356626 1785404722 1785404722
  -4.47757654 -0.2273361461   8.737054293 -4.162397172 0.1594054155  8.791308132 1785404722 1785404722
 -4.502072472 -0.2552011485   8.732873299 -4.255023658 0.1338094415  8.750731386 1785404722 1785404722
 -4.503897765 -0.4043999269   8.723115024 -4.365481063 0.1146089541  8.698919696 1785404722 1785404722
 -4.499601493 -0.3761232408   8.721344084 -4.476726904 0.1064078072  8.640122589 1785404722 1785404722
  -4.49809577 -0.3056088027   8.712355672  -4.57194641 0.1109957785  8.577953159 1785404722 1785404722
 -4.469993256 -0.1719375155   8.705895473 -4.636587639 0.1285079542  8.518155523 1785404722 1785404722
 -4.457494114 -0.1666978379   8.682934221 -4.661410157 0.1562283519  8.466046966 1785404722 1785404722
 -4.472070746 -0.2739337553   8.654816919 -4.645094177 0.1870538553  8.431315517 1785404722 1785404722
 -4.429977471 -0.2107689995    8.65605141 -4.592422795 0.2122292855  8.421358392 1785404722 1785404722
  -4.37128958 -0.1199101654   8.667126605 -4.511210666 0.2242442951  8.438746177 1785404722 1785404722
   -4.296968414 -0.001220319968     8.686867975 -4.413890544  0.216731734  8.483068304 1785404722 1785404722
  -4.256403611 0.005133530745     8.70042856 -4.314155052 0.1854962828  8.550588162 1785404722 1785404722
-4.232755349 -0.118551274  8.712980135 -4.227313956 0.1278276907  8.637988538 1785404722 1785404722
  -4.210903977 -0.08759926283    8.729187764  -4.164590089 0.04905004191   8.734787504 1785404722 1785404722
  -4.206665456 -0.06186457417    8.741750924   -4.131631725 -0.04183555298    8.827521587 1785404722 1785404722
  -4.240766893 -0.02698223753    8.743472433  -4.130728523 -0.1321598201   8.903861957 1785404722 1785404722
  -4.280137063 -0.05513893014    8.745022402 -4.159430316 -0.208230635  8.953877376 1785404722 1785404722
 -4.269254446 -0.1817871146   8.759627629  -4.211551937 -0.2555728254   8.970482609 1785404722 1785404722
 -4.303829967 -0.1802875469   8.757286381  -4.278250328 -0.2630494418   8.951863926 1785404722 1785404722
 -4.354034326 -0.1480610033   8.749999458  -4.349471192 -0.2245795513   8.901518197 1785404722 1785404722
  -4.397758496 -0.09993628789    8.745197835  -4.415314323 -0.1401438433   8.828009578 1785404722 1785404722
  -4.412149035 -0.04925278139    8.750828612  -4.467251621 -0.0160518099   8.743447077 1785404722 1785404722
 -4.410941678 -0.1161311104   8.754043685 -4.499297603 0.1344269873  8.661635156 1785404722 1785404722
 -4.422834531 -0.0963322205   8.750436425 -4.508795685 0.2912024167  8.596480374 1785404722 1785404722
  -4.420104102 -0.05583127255    8.752445346 -4.496034773 0.4345437891  8.556782509 1785404722 1785404722
  -4.405679035 -0.01436136575    8.757569314 -4.464336317 0.5448352315  8.547966156 1785404722 1785404722
 -4.388783484 0.04854225103   8.762146688 -4.419380846 0.6056427261  8.570722944 1785404722 1785404722
 -4.377836799 0.01076886575   8.765926236 -4.36911208 0.609195129 8.618597665 1785404722 1785404722
 -4.361601396 0.03624999953   8.772952457 -4.321245841 0.5524526487  8.684392184 1785404722 1785404722
 -4.345827305 0.04440753647   8.781118017 -4.282360884 0.4445955606  8.756154469 1785404722 1785404722
-4.339941607 0.0413022238  8.786623105 -4.257667255 0.3004628851  8.822536409 1785404722 1785404722
 -4.341905061 0.05796520428   8.790300507  -4.25029811 0.1400860041   8.87372324 1785404722 1785404722
 -4.336178379 0.04500394492   8.795238349   -4.260593369 -0.01331913178    8.902412112 1785404722 1785404722
  -4.32319915 0.00977876923   8.803160773  -4.286654817 -0.1389928309    8.90612331 1785404722 1785404722
   -4.32394562 -0.01642470882    8.802204748  -4.32446463 -0.220610506  8.886699603 1785404722 1785404722
  -4.327732791 -0.02920989756    8.795979324   -4.36860216 -0.2488755338    8.84983302 1785404722 1785404722
  -4.330644682 0.007897456532    8.786140053  -4.412895401 -0.2230491372   8.803962389 1785404722 1785404722
 -4.334282962 0.01861150805   8.777083196  -4.451335221 -0.1508339061   8.758576384 1785404722 1785404722
 -4.340149346 0.02700810208   8.768269151   -4.478903939 -0.04695485789    8.722434633 1785404722 1785404722
-4.349464686 0.0307142687  8.758246843  -4.492284888 0.06946463226   8.701949101 1785404722 1785404722
-4.361092648 0.0376826375  8.751729611 -4.490328474 0.1781900868  8.700117874 1785404722 1785404722
 -4.374457021 0.08462568396   8.751799644 -4.474184642 0.2612830424   8.71609939 1785404723 1785404723
 -4.371669745 0.09942269504   8.762281434 -4.447034672 0.3060897517  8.745343395 1785404723 1785404723
 -4.361065461 0.08048580296   8.779586245 -4.413584206 0.3071830083  8.780477886 1785404723 1785404723
  -4.37143093 0.07011964624   8.789788382 -4.379310886 0.2671678776  8.812621549 1785404723 1785404723
 -4.394397703 0.05852743973   8.793035538 -4.349627819 0.1958886216  8.833199842 1785404723 1785404723
 -4.424867061 0.09638982227   8.788347077 -4.329066783 0.1082147364  8.835637061 1785404723 1785404723
-4.428376033 0.1169122106  8.784329721  -4.320429703 0.02176661839   8.816397871 1785404723 1785404723
-4.432417943 0.1146804376  8.775419376   -4.324375643 -0.04647015143    8.776044054 1785404723 1785404723
 -4.436737639 0.09948677628   8.757750487   -4.339304318 -0.08326769013    8.719336079 1785404723 1785404723
-4.435175033 0.0797445792   8.73537884 -4.361635527 -0.081457407  8.654596465 1785404723 1785404723
-4.425425152 0.1025117992  8.704728289   -4.386776848 -0.04239911141     8.59312726 1785404723 1785404723
-4.395535991 0.1542829477  8.694574342  -4.409390363 0.02787831987    8.54559795 1785404723 1785404723
-4.362479536 0.1841763287   8.69329586 -4.423860139  0.118559669  8.521178344 1785404723 1785404723
-4.325062378 0.1612710792  8.691885279 -4.426408094 0.2141022122  8.526553759 1785404723 1785404723
-4.292356463 0.1290691534  8.696464054 -4.41541702 0.298066308 8.564377959 1785404723 1785404723
-4.270030248 0.1074582189  8.705433407  -4.39172292 0.3549766229  8.633688822 1785404723 1785404723
-4.238939359 0.2274718554  8.727468445 -4.358956247 0.3766133879  8.726669407 1785404723 1785404723
 -4.23165784 0.2862664737  8.742743664 -4.319090463 0.3624525423  8.829466277 1785404723 1785404723
-4.241154909 0.2588834283  8.763447257 -4.279332994 0.3135369979  8.929348674 1785404723 1785404723
-4.258643966 0.2334621809  8.786308576 -4.246699199 0.2364979963  9.013911726 1785404723 1785404723
 -4.30215414 0.1718891997  8.817000082 -4.227133951 0.1423202399  9.072688147 1785404723 1785404723
-4.288908696 0.3199294706   8.84432111  -4.224567399 0.04445758704   9.098158695 1785404723 1785404723
-4.278877047 0.3094727765  8.873821606   -4.239473829 -0.04486498658    9.085966945 1785404723 1785404723
 -4.30777414 0.2406292726  8.893191159  -4.272025508 -0.1153325264   9.040961764 1785404723 1785404723
-4.334131825  0.200281618  8.905713029  -4.318196854 -0.1596879447   8.971114419 1785404723 1785404723
 -4.393923129 0.07475496586   8.910983933  -4.371863362 -0.1746744562   8.887633689 1785404723 1785404723
-4.394000508 0.2566305644  8.912979706  -4.425542692 -0.1609310709   8.803303183 1785404723 1785404723
 -4.39692237 0.3264695058  8.911591353  -4.471615834 -0.1248328378   8.729820578 1785404723 1785404723
-4.418453075 0.2907397212  8.902426151   -4.503767475 -0.07298925236    8.677017204 1785404723 1785404723
-4.432482169 0.2899579351   8.88958241   -4.517563621 -0.01319875528    8.650630797 1785404723 1785404723
  -4.4416552 0.2365399259  8.872159843 -4.511352616 0.0462276162  8.651438587 1785404723 1785404723
-4.441425259 0.3479692117  8.852659328  -4.486653467 0.09855888613   8.675986412 1785404723 1785404723
-4.418667767 0.3845941441  8.846608354 -4.446806188 0.1383494467    8.7150672 1785404723 1785404723
-4.413482755 0.3626788632  8.829490878 -4.398036027 0.1635124529   8.75863848 1785404723 1785404723
-4.398454049 0.3333194247  8.813150845 -4.347308104 0.1739008732  8.796441791 1785404723 1785404723
-4.371158377 0.2541767793  8.797402987 -4.302226096 0.1712585232   8.81902589 1785404723 1785404723
-4.352371817 0.3713550485  8.781749124 -4.269919387 0.1588671778  8.821642603 1785404723 1785404723
-4.344769633 0.4484324072    8.7659581 -4.253048739 0.1407444562   8.79901312 1785404723 1785404723
-4.359746559 0.4262031675  8.743208661 -4.253300007 0.1211061959   8.75386886 1785404723 1785404723
 -4.37404287 0.4167807276  8.725480572 -4.270443507 0.1040601908  8.693909505 1785404723 1785404723
-4.380970213 0.3406510628   8.72047827  -4.300834483 0.09297754693   8.628819525 1785404723 1785404723
-4.388053133 0.4231560917  8.716557472  -4.340131917 0.09089983103   8.570572833 1785404723 1785404723
-4.367301619 0.5132510548  8.727646459 -4.380254203 0.0974713149  8.527049062 1785404723 1785404723
-4.376865703 0.4786718925  8.736319694 -4.415921879 0.1118023197  8.507600093 1785404723 1785404723
 -4.38540934 0.4360961076  8.749846265 -4.442449749 0.1327456826  8.518602215 1785404723 1785404723
-4.381340516 0.4071334704  8.771636981 -4.456060814 0.1577432767  8.560909383 1785404723 1785404723
-4.387037805 0.4592673815  8.779137706 -4.455825329 0.1826045835  8.630329604 1785404723 1785404723
-4.36829077 0.490433999 8.794726931 -4.441972015 0.2014680406  8.720140566 1785404723 1785404723
-4.374517025  0.421839487   8.80429244 -4.418591027 0.2111603198  8.819268955 1785404723 1785404723
-4.372751871 0.4355341579  8.806186608 -4.389169561 0.2088445209  8.915612062 1785404723 1785404723
-4.375136433 0.3622240201  8.807729409   -4.3598059 0.1924538752  8.997109569 1785404724 1785404724
-4.391868103 0.3892930588  8.792466236 -4.335595156 0.1628347902  9.052848616 1785404724 1785404724
-4.390670885 0.4216433526  8.783605555 -4.320513412  0.121211692  9.078346744 1785404724 1785404724
-4.407204802 0.3686841682  8.767482862  -4.318391673 0.07203027531   9.070275733 1785404724 1785404724
-4.410426394 0.3355050209  8.758043861  -4.329132334 0.02140939784   9.031212236 1785404724 1785404724
-4.424124211 0.2640662861  8.745297032   -4.351292433 -0.02348662663     8.96627184 1785404724 1785404724
-4.435215512 0.2484026529  8.735666102   -4.381042751 -0.05573105726    8.884435797 1785404724 1785404724
-4.43971777 0.258448219 8.732838521   -4.413685635 -0.07055165532    8.797005146 1785404724 1785404724
-4.442966386 0.2554142369  8.735962935    -4.44416497 -0.06523449004    8.714993146 1785404724 1785404724
-4.444896797 0.2836225291  8.742260245    -4.46795266 -0.04033268203     8.64830955 1785404724 1785404724
-4.438160846 0.2778606131  8.760346625    -4.481702265 0.0004399414103     8.604276787 1785404724 1785404724
-4.432830484 0.3153996419  8.778832829  -4.484126107 0.05077051893   8.586518979 1785404724 1785404724
-4.423030404 0.3814455337  8.795414958 -4.475783184 0.1020955265  8.594969496 1785404724 1785404724
-4.408533928  0.384649189  8.821031663 -4.459064186 0.1458340862  8.625992072 1785404724 1785404724
-4.401075649  0.378968955  8.839725732 -4.437960258  0.174645068  8.673277109 1785404724 1785404724
-4.402358644 0.3499681008  8.854349253 -4.416532083 0.1839399488  8.728647741 1785404724 1785404724
-4.409302583 0.3463611584  8.862750987 -4.398500758 0.1725276548  8.782898847 1785404724 1785404724
-4.402739613 0.3853560173  8.869895519 -4.386837656 0.1426423136  8.829178207 1785404724 1785404724
-4.392920838 0.3734757961  8.880572466 -4.383279459 0.1000736487  8.862201447 1785404724 1785404724
-4.391324551  0.342785901   8.88494723  -4.388371893 0.05305780778   8.879774343 1785404724 1785404724
-4.399582028 0.2891207781  8.883537577  -4.400795013 0.01053553164    8.88148877 1785404724 1785404724
-4.414743772 0.2646031204  8.876095902    -4.41690462 -0.01997127912    8.869238927 1785404724 1785404724
-4.430888586 0.2768486935  8.866169951   -4.433407851 -0.03285051187    8.848564345 1785404724 1785404724
-4.430962813 0.2679727531  8.864278932   -4.446817239 -0.02599337578    8.825102152 1785404724 1785404724
-4.427813895 0.2517785357  8.863885537    -4.455023786 -0.000529180754     8.804647077 1785404724 1785404724
-4.426414741 0.2067267008  8.862390225   -4.45559558 0.03839715205   8.791616445 1785404724 1785404724
-4.422345416 0.1873752825  8.859899138  -4.447094416 0.08288627801   8.787393333 1785404724 1785404724
-4.422879787 0.1983959104   8.85352958  -4.43021077 0.1247394597  8.792043977 1785404724 1785404724
-4.411023312 0.2028738864  8.849463288 -4.406583223 0.1562812343  8.803525243 1785404724 1785404724
-4.408911651 0.1892349541  8.838356836 -4.378784704 0.1716662109  8.818090095 1785404724 1785404724
-4.405665843  0.160456322  8.822579721 -4.349353231 0.1678417333  8.831195287 1785404724 1785404724
-4.401993291 0.1481652061  8.801093024 -4.321250953 0.1452565002  8.838616812 1785404724 1785404724
-4.394539402 0.1572959479  8.787972558 -4.297463111  0.107563059  8.837669774 1785404724 1785404724
-4.380241031 0.1621731337    8.7734892   -4.28050688 0.06081425053   8.827567342 1785404724 1785404724
-4.370720539 0.1642899367  8.761756235  -4.272402059 0.01204963523    8.80953657 1785404724 1785404724
-4.374422789 0.1425545292  8.747249922   -4.274174848 -0.03132815881    8.786939126 1785404724 1785404724
-4.377434883 0.1179573181  8.739812578   -4.285814955 -0.06303613636     8.76435702 1785404724 1785404724
-4.386360488 0.1173300591  8.738441551   -4.306181866 -0.07889902129    8.746511005 1785404724 1785404724
-4.380992006 0.1260818601  8.749625531   -4.333023339 -0.07727756776    8.737437531 1785404724 1785404724
-4.380194377  0.132994179  8.763043681   -4.363486217 -0.05922522302    8.739254248 1785404724 1785404724
-4.385764547 0.1132557205  8.775478638    -4.39384734 -0.02800753111    8.751905412 1785404724 1785404724
 -4.39097019 0.1057244564   8.79102644  -4.420253342 0.01130479501   8.772493539 1785404724 1785404724
-4.393967316 0.1105581916  8.798001511  -4.439398458 0.05292781063   8.796364229 1785404724 1785404724
-4.384109586 0.1417711241  8.811176717  -4.448912689 0.09121574684   8.817961552 1785404724 1785404724
-4.378902548  0.168202102  8.816830259 -4.447896507  0.121467021  8.831948258 1785404724 1785404724
  -4.3881892 0.1718725491  8.812496317 -4.437045592   0.14042265  8.834334207 1785404724 1785404724
-4.401549062 0.1663295682  8.803812405 -4.418637811 0.1466657265  8.823561495 1785404724 1785404724
 -4.42372779 0.1520564744  8.791398491  -4.39616563 0.1406420712  8.801039873 1785404724 1785404724
-4.429014254 0.1661864621  8.788012217 -4.373652154 0.1242895941  8.770780051 1785404724 1785404724
-4.434218609 0.1759433552   8.78768194 -4.355050793 0.1008130551  8.738959111 1785404724 1785404724
-4.445473788 0.1768088704    8.7880869  -4.343605416 0.07406488431   8.712693021 1785404725 1785404725
-4.457659487 0.1670428284   8.79313179 -4.341141875  0.048022853  8.698778554 1785404725 1785404725
 -4.47433682 0.1494305137  8.796286971  -4.348059531 0.02619712283   8.701837677 1785404725 1785404725
-4.474691307  0.141785934  8.810875357  -4.362728899 0.01123905275   8.723556563 1785404725 1785404725
-4.468023225 0.1370068642  8.830636895   -4.383564084 0.004751672077    8.761710764 1785404725 1785404725
-4.477104272 0.0813972339  8.844079852   -4.407953636 0.007507131635    8.812336176 1785404725 1785404725
 -4.482625558 0.02916286405   8.859749763  -4.432229186 0.01823797388   8.865821912 1785404725 1785404725
 -4.495798574 -0.0316571665   8.865961968  -4.454365179 0.03499299275   8.911448803 1785404725 1785404725
  -4.494255938 -0.03983720042    8.881075145   -4.47211042 0.05523694079   8.939819889 1785404725 1785404725
    -4.4880338 -0.03080099904    8.896203653  -4.486407507 0.07665628522   8.944429081 1785404725 1785404725
  -4.493002399 -0.05820486053    8.902861292  -4.497668598 0.09681770849   8.924558648 1785404725 1785404725
  -4.492623196 -0.07527241892    8.909309271 -4.506181636 0.1133817291  8.882110697 1785404725 1785404725
  -4.48842357 -0.1259197507   8.910807421 -4.512571505 0.1247606752  8.824052313 1785404725 1785404725
-4.465791458 -0.143641734  8.917351801 -4.515675046 0.1298903254  8.761225589 1785404725 1785404725
 -4.440230305 -0.1243243157   8.919655586 -4.514339609 0.1283065731  8.705704316 1785404725 1785404725
  -4.44853248 -0.1589060278   8.898756503 -4.506646181 0.1193658002  8.669607081 1785404725 1785404725
 -4.451578417 -0.2021239825   8.873439153  -4.48927077 0.1032896133  8.661579552 1785404725 1785404725
-4.466447679 -0.288349923  8.842436066   -4.45955954 0.08118781777   8.685020851 1785404725 1785404725
 -4.438934927 -0.3186631325   8.833786066 -4.416171131 0.0549511392  8.738178805 1785404725 1785404725
 -4.399713738 -0.2952918437    8.83269103  -4.361954349 0.02547537267   8.813399202 1785404725 1785404725
  -4.37489819 -0.3413422891   8.829720288    -4.302170849 -0.006256761283     8.899045038 1785404725 1785404725
 -4.358827927 -0.3298934818   8.830597024   -4.244550208 -0.03798208365    8.978991914 1785404725 1785404725
 -4.347804006 -0.3685347638    8.83516037   -4.198290076 -0.06730697068    9.038487119 1785404725 1785404725
 -4.345967117 -0.3488046836   8.842611716   -4.173135228 -0.09186810291    9.065989842 1785404725 1785404725
-4.349681672 -0.269211445  8.854009392  -4.176849855 -0.1097122827     9.0558588 1785404725 1785404725
 -4.371978769 -0.2683256903   8.851086929  -4.213533921 -0.1197170744   9.008729605 1785404725 1785404725
 -4.413488138 -0.2119865157   8.840943669  -4.281558921 -0.1207122435   8.931155391 1785404725 1785404725
 -4.444911663 -0.2803760003   8.820941989  -4.374569919 -0.1123146441   8.835326041 1785404725 1785404725
 -4.463522106 -0.2691375014   8.805202934   -4.481160529 -0.09512257217    8.736511088 1785404725 1785404725
 -4.465456421 -0.1950059603   8.793792212    -4.58596635 -0.07025008655     8.64995468 1785404725 1785404725
 -4.478267778 -0.1842339012   8.773318477   -4.673014788 -0.03989843026    8.588381142 1785404725 1785404725
 -4.493011868 -0.1283185573   8.749451495    -4.727832181 -0.006196346382     8.561034811 1785404725 1785404725
 -4.512985894 -0.2055359717   8.729535567  -4.740891878 0.02826305538    8.57218287 1785404725 1785404725
 -4.490150832 -0.2034089913   8.738545334   -4.70820596 0.06195640438   8.620481646 1785404725 1785404725
 -4.472742415 -0.1574399858   8.753563424   -4.63378789 0.09290959508    8.69835866 1785404725 1785404725
-4.467974245 -0.158838286  8.768521814 -4.528728608 0.1189502387  8.794077615 1785404725 1785404725
 -4.485028856 -0.1250280161   8.786486468 -4.409938137 0.1387058359  8.893417032 1785404725 1785404725
 -4.501645858 -0.2601030415   8.798858956 -4.296158972  0.150419844  8.982526113 1785404725 1785404725
 -4.501072394 -0.3631680112   8.813058095 -4.205005488 0.1569986574  9.047078353 1785404725 1785404725
 -4.508045851 -0.3557925027   8.829821764 -4.151920452 0.1587956923  9.077453958 1785404725 1785404725
  -4.51638558 -0.3513671674   8.838591953  -4.14540833 0.1554514394  9.069530326 1785404725 1785404725
 -4.525372543 -0.2569510913   8.846504651 -4.186561664 0.1466811757  9.023928251 1785404725 1785404725
-4.559469496 -0.455050326  8.811084527  -4.26717498 0.1317855912  8.945770353 1785404725 1785404725
 -4.549064563 -0.5483058043   8.796499006 -4.372002402 0.1159161257  8.844322451 1785404725 1785404725
 -4.507691337 -0.4869016278   8.797546944  -4.484024718 0.09841833717   8.731951975 1785404725 1785404725
 -4.479161912 -0.4425128325   8.785357889  -4.584282962 0.07876531486   8.620919402 1785404725 1785404725
 -4.434145404 -0.3099680736   8.773447396  -4.655196474 0.05815081889    8.52268355 1785404725 1785404725
  -4.43303828 -0.4170743241    8.74036925  -4.683963299 0.03815126864   8.444991567 1785404725 1785404725
 -4.412292515 -0.4831260725   8.725320507  -4.666716749 0.02207309514   8.396941896 1785404725 1785404725
 -4.382655183 -0.3851622444   8.718564317  -4.606043187 0.01136956102   8.380529549 1785404725 1785404725
 -4.368935147 -0.3098440857   8.706376346   -4.510715096 0.008443045949    8.392823457 1785404726 1785404726
 -4.347082219 -0.1219452631   8.694488187  -4.393748025 0.01596864032   8.428824055 1785404726 1785404726
  -4.39536565 -0.1998206517   8.651136812 -4.270808006 0.0368769138  8.479801639 1785404726 1785404726
 -4.399846653 -0.2549433253   8.634243887  -4.161823484 0.06936860307    8.54266587 1785404726 1785404726
 -4.369802654 -0.1804974109   8.635458247 -4.080297241 0.1121223877  8.609647493 1785404726 1785404726
 -4.343381571 -0.1265957162   8.636266941 -4.034474777 0.1629963079  8.673039738 1785404726 1785404726
  -4.310449599 -0.03019841588    8.641803205 -4.027633967  0.216966195  8.728447236 1785404726 1785404726
   -4.3165949 -0.1004008133   8.637496645 -4.057011628 0.2674500912  8.773089419 1785404726 1785404726
 -4.303633877 -0.1417212009   8.648459339 -4.117364292  0.305258223  8.808968017 1785404726 1785404726
 -4.291382431 -0.1152014966   8.667206186 -4.196895684 0.3235869745  8.835435497 1785404726 1785404726
  -4.293565188 -0.07453438789    8.688339715 -4.283258782 0.3178129203  8.852181949 1785404726 1785404726
   -4.319163356 -0.008139439785     8.715728327 -4.364754714  0.285313545   8.85973564 1785404726 1785404726
  -4.339515839 -0.03752079746    8.738200811  -4.43199534 0.2270946501  8.858565689 1785404726 1785404726
  -4.346027861 -0.08324633318    8.759044084 -4.479320049 0.1479755877  8.849407507 1785404726 1785404726
 -4.359085043 -0.0839957171   8.782958987  -4.504218493 0.05605683671   8.832764151 1785404726 1785404726
  -4.377185224 -0.08595403852    8.800191973   -4.507593961 -0.03776656181    8.809553206 1785404726 1785404726
  -4.395503688 -0.05960096812    8.813222387  -4.493329808 -0.1216145025   8.781576374 1785404726 1785404726
  -4.402520889 -0.05267584761     8.81766048  -4.466715314 -0.1835287224   8.751255077 1785404726 1785404726
  -4.392965239 -0.09338632642    8.818578789   -4.43395098 -0.2143494605   8.721540807 1785404726 1785404726
   -4.38630754 -0.06086184122    8.814290489   -4.40068957 -0.2092744641   8.696338447 1785404726 1785404726
  -4.379684096 -0.04407867464    8.804146675  -4.371128333 -0.1664414211   8.678613671 1785404726 1785404726
 -4.369020547 0.01042371539   8.789264103   -4.348422042 -0.09090893295    8.671197242 1785404726 1785404726
 -4.365394555 0.06135448209   8.773496992   -4.333663222 0.008801355669    8.675501479 1785404726 1785404726
 -4.357091567 0.05492002624   8.769309713 -4.326911157 0.1213843262  8.690643368 1785404726 1785404726
  -4.34551737 0.07466562959   8.767290234 -4.326639043 0.2316768884  8.715642355 1785404726 1785404726
 -4.340680521 0.07743998955   8.768239711 -4.330694412 0.3263337996  8.746969707 1785404726 1785404726
 -4.348343042 0.08998266709   8.771303591 -4.337015547 0.3933112756   8.78052413 1785404726 1785404726
-4.361070323 0.1194213055  8.779610424 -4.343764301 0.4249830537  8.811632046 1785404726 1785404726
-4.359078494 0.1024222887  8.792782024 -4.349614883 0.4191276864   8.83581365 1785404726 1785404726
-4.362594446 0.0641606572  8.809943367 -4.354128141 0.3776395334  8.850501065 1785404726 1785404726
 -4.378001861 0.02584475113   8.820594757 -4.357665119 0.3078660129  8.854443857 1785404726 1785404726
 -4.396901623 0.00277267172   8.830837236 -4.361087165 0.2209371854  8.848105245 1785404726 1785404726
 -4.411580598 0.01471210325   8.834795665 -4.365486808  0.129923214   8.83345936 1785404726 1785404726
   -4.418989288 -0.002295148445     8.833201392   -4.37191468 0.04739779762   8.813772859 1785404726 1785404726
  -4.414145055 -0.02091680992    8.835437178   -4.380908564 -0.01572038145    8.792344015 1785404726 1785404726
  -4.415121772 -0.02777314783    8.831231815   -4.392521551 -0.05248452259     8.77246466 1785404726 1785404726
  -4.407093507 -0.01666607575    8.827204091 -4.405962785 -0.060630157  8.756637069 1785404726 1785404726
 -4.403851671 0.03739732928   8.819732445   -4.419841597 -0.04261128353    8.746454382 1785404726 1785404726
 -4.400498135 0.04897614558   8.817061498    -4.432101589 -0.005032421144     8.742500768 1785404726 1785404726
 -4.379731884 0.03680816478   8.823315432  -4.440345905 0.04287031276   8.744395149 1785404726 1785404726
 -4.376140546 0.03845506176   8.822000523  -4.442183472 0.09075952696   8.751265763 1785404726 1785404726
 -4.376981486 0.05661509302    8.81964785 -4.435791247 0.1292210318  8.761857062 1785404726 1785404726
 -4.380179354 0.09687686845   8.817006346  -4.42031118 0.1513320829  8.774829391 1785404726 1785404726
-4.385435782 0.0866190263  8.813385457 -4.396100933 0.1538082774  8.788736706 1785404726 1785404726
 -4.383461331 0.07059226375   8.812076193 -4.36521493 0.137096756 8.802303965 1785404726 1785404726
 -4.391675637 0.05436908668   8.803416477 -4.331074971 0.1053513477  8.814066208 1785404726 1785404726
 -4.398196292 0.05699260842   8.790925712  -4.298325554 0.06543206168   8.822407964 1785404726 1785404726
-4.402072307 0.0977912237  8.776789908  -4.272055938 0.02548698501   8.825524811 1785404726 1785404726
-4.397965135 0.1092127621  8.770015542    -4.257005092 -0.006426103056     8.821514003 1785404726 1785404726
  -4.38012113 0.09684424032   8.766508471    -4.25678189 -0.02393555297    8.808865508 1785404726 1785404726
 -4.378541392 0.09529282784   8.754810371   -4.272973992 -0.02334752524    8.786887984 1785404727 1785404727
 -4.377784904 0.09714652399   8.738920095    -4.304819657 -0.004079007193     8.756038872 1785404727 1785404727
-4.381648298  0.145676915  8.724957386  -4.348972901 0.03114925627   8.718444963 1785404727 1785404727
-4.383836667  0.148161252  8.719414796  -4.399723485 0.07814883083   8.677255105 1785404727 1785404727
-4.381652959 0.1405432614  8.718059399 -4.450057206 0.1304613492  8.637277944 1785404727 1785404727
-4.382945015 0.1301796273   8.71880531 -4.492454269 0.1815445064  8.603838602 1785404727 1785404727
-4.380155791 0.1163266823  8.726927814  -4.52043997 0.2254432643  8.581882301 1785404727 1785404727
-4.385750717 0.1516710072  8.733549692 -4.529181293 0.2572945428  8.575666708 1785404727 1785404727
-4.381069642 0.1855117207  8.742072097 -4.516499479 0.2765493433  8.585727383 1785404727 1785404727
-4.378464282 0.2026823456   8.74934497 -4.483200183 0.2830691473  8.611186006 1785404727 1785404727
-4.367605153 0.2094183001  8.757181582 -4.433220761 0.2788437103  8.648115269 1785404727 1785404727
-4.335098599 0.1857075019   8.76974926 -4.372974872  0.266241859  8.691134188 1785404727 1785404727
-4.308608374 0.2413585331  8.766687209 -4.309926064 0.2463394317  8.735833335 1785404727 1785404727
-4.280466026 0.3735814555  8.759706723 -4.251214391 0.2235980967   8.77507733 1785404727 1785404727
-4.259144907 0.3927988062  8.748797337 -4.201247342 0.2022054902  8.802356913 1785404727 1785404727
-4.236672775 0.3618260453   8.73631517 -4.166123365 0.1804652509  8.817691884 1785404727 1785404727
-4.218044041 0.3164457049  8.723358486 -4.149015384 0.1568581858  8.823904032 1785404727 1785404727
-4.219673126 0.2954748339  8.712099089 -4.150291668 0.1301432366  8.826200326 1785404727 1785404727
-4.198222282 0.4810674501  8.721790373 -4.168045763 0.1003307723  8.829985175 1785404727 1785404727
-4.229472515  0.485494979  8.728145353  -4.196557492 0.06821090894   8.835091778 1785404727 1785404727
-4.287060337 0.4503759119  8.740720376  -4.234881529 0.03262172725   8.847702137 1785404727 1785404727
-4.374160077 0.3466531368  8.773995601    -4.279927831 -0.005379408444      8.86968658 1785404727 1785404727
-4.482057934 0.2670996472  8.823971767   -4.329402293 -0.04252039541     8.89822754 1785404727 1785404727
-4.503284407 0.4416468091  8.856875946   -4.380531429 -0.07571562172    8.926713847 1785404727 1785404727
-4.540843454  0.422489354  8.901954564  -4.432199197 -0.1046555242   8.947713498 1785404727 1785404727
  -4.5726312 0.3509362909  8.942984179  -4.483081294 -0.1240762261   8.953742801 1785404727 1785404727
-4.58110042 0.265542345 8.979897209  -4.529889092 -0.1295495863   8.937741961 1785404727 1785404727
-4.548841409 0.1550100929  9.002849687   -4.56841036 -0.1184414363   8.896048867 1785404727 1785404727
-4.497911106 0.3360117564  8.991188216   -4.594428472 -0.08984763468    8.830207654 1785404727 1785404727
-4.480579499 0.3172756268  8.946904096   -4.603208746 -0.04489677725    8.746319695 1785404727 1785404727
 -4.44091578 0.3018088768   8.89527712  -4.589201534 0.01503611156   8.653348318 1785404727 1785404727
-4.374175096 0.2727986334   8.83238753  -4.550353476 0.08585719285   8.564575945 1785404727 1785404727
-4.295356638 0.2376903391  8.761411572 -4.487895888 0.1616335524   8.49438892 1785404727 1785404727
-4.286341698  0.430409277  8.714891936 -4.406926524 0.2364913479   8.45505199 1785404727 1785404727
-4.266257551 0.4696019188  8.683210216 -4.314985683 0.3001741407  8.454312128 1785404727 1785404727
-4.258406564 0.4394402772  8.668838531 -4.223554078 0.3459323158  8.495227342 1785404727 1785404727
-4.284064305 0.3963991219   8.67327798 -4.144851645 0.3684072513  8.573060271 1785404727 1785404727
-4.336930502 0.3530745607  8.706231663 -4.090202944 0.3632400265  8.676503864 1785404727 1785404727
-4.324235385 0.3548781161  8.772858803 -4.068635296 0.3270943753  8.792531301 1785404727 1785404727
-4.360635911 0.3124967323  8.833037062 -4.088458353 0.2615148468  8.902541395 1785404727 1785404727
-4.426639167  0.240008129  8.887029514    -4.151118 0.1724448503  8.992682402 1785404727 1785404727
-4.497266486 0.1388459958  8.930976204  -4.251704371 0.06925953391    9.05359253 1785404727 1785404727
 -4.562923465 0.05718121735   8.960289125   -4.376559363 -0.03577544434    9.077951265 1785404727 1785404727
  -4.591238084 -0.02033345423    8.960677109   -4.51083987 -0.1314217848   9.069612322 1785404727 1785404727
  -4.630483536 -0.08172046459    8.930142784  -4.634425268 -0.2058230869   9.030289462 1785404727 1785404727
 -4.632143564 -0.1322200685   8.892367739  -4.727799337 -0.2511390628   8.967242918 1785404727 1785404727
 -4.601485753 -0.1695130168   8.846422093  -4.777092395 -0.2633851093   8.891168078 1785404727 1785404727
 -4.534514866 -0.1619799574   8.797338103  -4.774449487 -0.2433157257   8.813323804 1785404727 1785404727
 -4.468226298 -0.1633452888   8.762838564  -4.721301798 -0.1961038644   8.745714334 1785404727 1785404727
 -4.394138314 -0.1314836629   8.745162239  -4.627872071 -0.1296772083   8.697248516 1785404727 1785404727
  -4.331076359 -0.07001261039     8.72538076   -4.510499997 -0.05487035344    8.673466777 1785404728 1785404728
  -4.297490302 -0.01607491637    8.710412783  -4.388549027 0.01728790293   8.674479114 1785404728 1785404728
 -4.286562697 0.03111832162   8.704050947   -4.28065542 0.07612721883    8.69631879 1785404728 1785404728
 -4.302113389 0.04645293385   8.709481455 -4.203325253 0.1151097339  8.731375418 1785404728 1785404728
 -4.316195351 0.06915989524   8.727531432 -4.166439352 0.1307414685  8.770827987 1785404728 1785404728
-4.346234573 0.1013351359  8.748783042 -4.171899702 0.1236715826  8.805527576 1785404728 1785404728
-4.382735133 0.1127657496  8.771586514  -4.214431808 0.09864910774   8.828738931 1785404728 1785404728
-4.426911841 0.1134922162  8.801192064  -4.282859384 0.06344719197   8.837489362 1785404728 1785404728
-4.443563825 0.0940251459  8.823470487  -4.362221707 0.02735688205   8.832248418 1785404728 1785404728
-4.440776212 0.0799551085  8.843634629     -4.436338041 -0.0007835665907      8.816538902 1785404728 1785404728
 -4.448702185 0.07850541081   8.850806061   -4.491145115 -0.01372940395    8.795874864 1785404728 1785404728
  -4.45133978 0.07666462991   8.846594748    -4.516771273 -0.007787034593     8.776118756 1785404728 1785404728
 -4.451096386 0.06950220378   8.830096803  -4.509510372 0.01726321641   8.762161453 1785404728 1785404728
 -4.450693769 0.06050746049   8.808090819  -4.471932918 0.05736095815   8.756983198 1785404728 1785404728
 -4.435474821 0.07038098768   8.794082066 -4.412604763 0.1055287745  8.761285997 1785404728 1785404728
 -4.418243472 0.08973392107   8.776391514 -4.344234989 0.1531269711  8.773660477 1785404728 1785404728
-4.396731077 0.1052191296  8.767849571 -4.281067938 0.1912394676   8.79060946 1785404728 1785404728
-4.380245464 0.1207619278  8.757632526 -4.236150353 0.2124237283   8.80737695 1785404728 1785404728
-4.374425526 0.1285001271  8.756565956 -4.219110141 0.2122685503  8.818988603 1785404728 1785404728
-4.370436503 0.1350838687  8.761425433 -4.234225183 0.1900218632   8.82136145 1785404728 1785404728
-4.385555666 0.1440169474  8.763700892  -4.27954716 0.1484946179  8.812167447 1785404728 1785404728
-4.401517014 0.1537476079  8.770313755   -4.34770354 0.09410169493   8.791465826 1785404728 1785404728
 -4.42371371 0.1540608498  8.783270486  -4.427024088 0.03553947752   8.761620899 1785404728 1785404728
 -4.43585844 0.1428689792  8.796942178   -4.503697668 -0.01765175206    8.727018597 1785404728 1785404728
-4.437787734 0.1388598486  8.812383733   -4.564169533 -0.05682119884    8.693218256 1785404728 1785404728
-4.449722879 0.1440420688  8.821067572   -4.597705656 -0.07538210807    8.666055748 1785404728 1785404728
-4.454598748 0.1500609707  8.827548544   -4.598149845 -0.06996869152    8.650457615 1785404728 1785404728
-4.452729333 0.1515957313  8.831070173   -4.565047162 -0.04089573112    8.649710474 1785404728 1785404728
-4.450004406 0.1385493176  8.825010203   -4.50366541 0.00782548474   8.664878542 1785404728 1785404728
-4.438466514 0.1226854475  8.818975665  -4.424106527 0.06924965856   8.694523331 1785404728 1785404728
-4.430385497 0.1236460285  8.805344432  -4.33948367 0.1346588819  8.735163634 1785404728 1785404728
-4.420255225 0.1189077668  8.786103252 -4.263665296 0.1946911883  8.781540624 1785404728 1785404728
-4.420089756 0.1002129107  8.760597165 -4.208944364 0.2408153624  8.827489441 1785404728 1785404728
 -4.423472897 0.07999687255   8.736552923 -4.184075532 0.2665578622  8.866923633 1785404728 1785404728
 -4.416145635 0.06742946343   8.730347315 -4.192870262 0.2684558974   8.89463714 1785404728 1785404728
 -4.424756441 0.06130454914   8.718211035  -4.23366537 0.2461635281  8.906796818 1785404728 1785404728
-4.429420589 0.0719296906  8.717065898 -4.299899645 0.2028117525  8.901706875 1785404728 1785404728
 -4.441121526 0.07454175138   8.721460293 -4.381327786 0.1441916212   8.87979637 1785404728 1785404728
 -4.445064506 0.07815286329   8.737999207   -4.46572989 0.07801752999   8.843550925 1785404728 1785404728
 -4.434457565 0.07684545958   8.758260928 -4.540958696 0.0126666601  8.797095107 1785404728 1785404728
 -4.435708128 0.09169615065   8.777960524   -4.596904159 -0.04384008398    8.745759196 1785404728 1785404728
-4.427724579 0.1068980888  8.796171728   -4.626690193 -0.08504547052    8.695414965 1785404728 1785404728
-4.415409825 0.1120794819  8.814062995  -4.627595014 -0.1066495237   8.651945688 1785404728 1785404728
-4.401175331 0.1156953328  8.823330168  -4.600917053 -0.1072606237   8.620604644 1785404728 1785404728
-4.375883396 0.1027457419  8.830311687   -4.551531269 -0.08799005773     8.60565161 1785404728 1785404728
 -4.34668508 0.1090244961  8.834306853   -4.486728345 -0.05223679744    8.609967284 1785404728 1785404728
-4.324548877 0.1150510888  8.831914215    -4.414890611 -0.005216036735     8.634551163 1785404728 1785404728
-4.312383968 0.1096587991  8.822855813  -4.344292714 0.04709944032   8.678421833 1785404728 1785404728
 -4.30823825 0.1112782954  8.814382153  -4.282074137 0.09914705773   8.738722862 1785404728 1785404728
 -4.283377499 0.09538464357   8.826792358 -4.233562347 0.1460533359  8.810821103 1785404728 1785404728
-4.280333259 0.1076243613  8.834124645 -4.202014876 0.1834439794  8.886789508 1785404729 1785404729
-4.296013203 0.1195207062  8.839805996 -4.188865913 0.2086040909  8.958084756 1785404729 1785404729
-4.343144412 0.1205409287  8.839838447 -4.19392613 0.220316366 9.015800065 1785404729 1785404729
-4.393649176 0.1275395679  8.844571367 -4.215567673 0.2192607216  9.051969999 1785404729 1785404729
-4.371256819 0.1002552682  8.873514532 -4.251126364 0.2068621357  9.060300593 1785404729 1785404729
-4.379281604 0.1000956001  8.889943529 -4.297204749 0.1851263683  9.037500927 1785404729 1785404729
-4.379005981 0.1100359427  8.901307952 -4.349539886 0.1565783197  8.985311497 1785404729 1785404729
-4.395718976  0.105795159  8.896322532 -4.403091525 0.1240566727  8.909829776 1785404729 1785404729
 -4.39382482 0.0985709499  8.886444321  -4.452358007 0.09029016054   8.820651937 1785404729 1785404729
 -4.354836114 0.08369025733   8.888667256  -4.491848252 0.05783245375   8.729969436 1785404729 1785404729
 -4.340630912 0.08072988827   8.869748004  -4.516462217 0.02947904993   8.650578262 1785404729 1785404729
 -4.318726004 0.08459917899   8.849190173   -4.522394176 0.007680054455    8.593719328 1785404729 1785404729
 -4.302675716 0.07537197532   8.822508291    -4.507943199 -0.005526697372      8.56772668 1785404729 1785404729
 -4.282337107 0.08143664027   8.790423166    -4.473953405 -0.008990449721      8.57705323 1785404729 1785404729
 -4.214985722 0.06010164738   8.807734405    -4.423847788 -0.001681352603      8.62146445 1785404729 1785404729
 -4.164548088 0.07019534638   8.815470546  -4.363759368 0.01642266342   8.693165944 1785404729 1785404729
 -4.153202001 0.07669066901   8.813466252  -4.302136953 0.04250569637   8.779403843 1785404729 1785404729
 -4.158820603 0.07585365417   8.814256263 -4.247980054 0.0732554567  8.865055998 1785404729 1785404729
-4.194651379 0.1053058564  8.813316589 -4.209391287 0.1051403855  8.934465383 1785404729 1785404729
 -4.140245243 0.08709063138   8.855068427 -4.192694595 0.1336658591  8.973337824 1785404729 1785404729
 -4.13917398 0.1035575735  8.876268899 -4.201437558 0.1546343958  8.972319796 1785404729 1785404729
-4.153821139 0.1311487979  8.887087412 -4.234540349 0.1644631316  8.930896186 1785404729 1785404729
-4.200901947 0.1387177537  8.877879199 -4.286517557 0.1618473602  8.855912312 1785404729 1785404729
-4.271411285 0.1525546273  8.848471622 -4.349076853 0.1471396109  8.759651695 1785404729 1785404729
-4.249540502 0.1412134371  8.849207349  -4.41217139 0.1232121161  8.658077383 1785404729 1785404729
-4.254354505 0.1398821924  8.829349363  -4.466461905 0.09370689698   8.568387475 1785404729 1785404729
-4.266989141  0.145773395   8.79607325  -4.504160272 0.06465937029   8.504577612 1785404729 1785404729
-4.277361308 0.1331778177  8.764808638  -4.521063378 0.04179026778   8.476122086 1785404729 1785404729
-4.303049188  0.124750027  8.728016635  -4.517237388 0.02924773074   8.486492649 1785404729 1785404729
-4.295708499  0.114633741  8.724322764  -4.496287112 0.02934715303   8.532858761 1785404729 1785404729
 -4.26181983 0.1130153596  8.745880655  -4.464407672 0.04183983268   8.606980392 1785404729 1785404729
-4.260879318 0.1037421407  8.769200973  -4.429552931 0.06388718556   8.696175533 1785404729 1785404729
 -4.273362128 0.08113400236   8.800835256  -4.399469858 0.09071562844   8.785918926 1785404729 1785404729
 -4.303481474 0.07074806257   8.837907772 -4.379502255 0.1170914678  8.862153958 1785404729 1785404729
 -4.311979256 0.04892960879   8.886902305 -4.371860446 0.1377821367  8.914475291 1785404729 1785404729
-4.301083096 0.0296753269  8.934038949 -4.375266493 0.1491607948  8.937196654 1785404729 1785404729
   -4.3217804 0.03232010157   8.965778575 -4.385099917 0.1493676993  8.930880899 1785404729 1785404729
 -4.350007122 0.02053989319   8.972648267 -4.394703159  0.138834035  8.901785347 1785404729 1785404729
 -4.387599323 0.02482322745   8.958153667 -4.397518122 0.1196922317  8.858483374 1785404729 1785404729
 -4.417706736 0.02836550532   8.926069797  -4.389135602 0.09570983311   8.811435666 1785404729 1785404729
 -4.422480501 0.04422822036   8.896233026  -4.369002015 0.07152622314   8.769407105 1785404729 1785404729
 -4.413907665 0.07000081881   8.861174181  -4.340193894 0.05198168981   8.739633994 1785404729 1785404729
 -4.400861211 0.07407717113   8.827408187  -4.309044184 0.04105405255   8.725725158 1785404729 1785404729
 -4.377922582 0.07280464387   8.802583689   -4.28421008 0.04029658446   8.727624786 1785404729 1785404729
 -4.350955647 0.06613153138   8.794180156  -4.274748739 0.04909009549   8.741814533 1785404729 1785404729
 -4.316739594 0.05577202785   8.803957849 -4.287667042 0.0648734213   8.76241485 1785404729 1785404729
 -4.303807244 0.05761868595   8.813450346  -4.326209858 0.08349395461   8.782692146 1785404729 1785404729
 -4.313321034 0.04657507002   8.822902974  -4.38876832 0.1002960809  8.796545356 1785404729 1785404729
 -4.354097306 0.03424144521   8.827091421 -4.468396229  0.111008796  8.800424443 1785404729 1785404729
 -4.392953753 0.02968956937   8.829361855  -4.55349881 0.1126362308   8.79374472 1785404729 1785404729
 -4.407482947 0.02823778923   8.837862694 -4.629889551 0.1044742803  8.778715768 1785404730 1785404730
 -4.410582553 0.03634410768   8.848189442  -4.683037253 0.08760211087   8.760225921 1785404730 1785404730
-4.413674383 0.0302550915  8.848337082  -4.701074878 0.06534532812   8.744630211 1785404730 1785404730
-4.412542229 0.0239471297  8.840370293  -4.677138453 0.04207762872   8.737648793 1785404730 1785404730
 -4.417291983 0.02557677034   8.821666418  -4.610903517 0.02187500237    8.74355674 1785404730 1785404730
 -4.410847437 0.02801193902   8.808329964   -4.509400145 0.008573874248    8.763748538 1785404730 1785404730
-4.388422563 0.0430468592  8.799818159   -4.385784924 0.004585972044    8.797104131 1785404730 1785404730
 -4.382872406 0.04500112202   8.789238259  -4.257437886 0.01043217086   8.839516407 1785404730 1785404730
 -4.371967625 0.04811222932   8.787286512 -4.143324489 0.0247583018  8.884641138 1785404730 1785404730
 -4.371690939 0.05850515358   8.792019978  -4.060588319 0.04480256841   8.925159093 1785404730 1785404730
 -4.370194271 0.06225730644   8.804692382  -4.021934204 0.06704154846   8.953702632 1785404730 1785404730
 -4.367200504 0.07126952959   8.827944728  -4.033038059 0.08775924087   8.964650006 1785404730 1785404730
 -4.395699317 0.06428396433   8.836892348 -4.091919431 0.1040650097  8.955033897 1785404730 1785404730
 -4.432013302 0.05199798133   8.847487736 -4.189439978 0.1139034206  8.925172774 1785404730 1785404730
 -4.471089747 0.05655051832   8.847856873 -4.310636431 0.1164576923  8.878476133 1785404730 1785404730
 -4.490735721 0.05420873777   8.846595514 -4.437486729 0.1124938064  8.820430939 1785404730 1785404730
 -4.483389093 0.05743953722   8.852332224 -4.551766546 0.1037440696  8.758517858 1785404730 1785404730
 -4.498552346 0.04606797196   8.835792442  -4.637919962 0.09226240776    8.70175839 1785404730 1785404730
-4.512611443 0.0233431943  8.807296236  -4.685645037 0.07993543395   8.656910253 1785404730 1785404730
 -4.553379817 0.01275621947     8.7588443  -4.690997703 0.06824220728   8.628191338 1785404730 1785404730
   -4.589038318 -0.004512547909     8.712499054  -4.656375071 0.05804353649   8.616467652 1785404730 1785404730
   -4.57632668 -0.01028386249     8.68931746  -4.589764106 0.05016155081   8.620653826 1785404730 1785404730
  -4.566711773 -0.01765182621     8.67032719  -4.503188111 0.04485162711   8.638825912 1785404730 1785404730
  -4.519890861 -0.01739556785    8.672911299 -4.410341154 0.0420604024  8.667052303 1785404730 1785404730
  -4.500725269 -0.00207133188     8.67100562  -4.324722025 0.04184658412   8.700820619 1785404730 1785404730
  -4.501248586 0.007161119232     8.66911545   -4.25746231 0.04449053774   8.735639967 1785404730 1785404730
 -4.471930332 0.03728653258   8.689288784  -4.216048792 0.05019315034   8.768350548 1785404730 1785404730
 -4.458294675 0.06688628604   8.707170461  -4.203462584 0.05888525462   8.795879822 1785404730 1785404730
 -4.444887506 0.09228419837   8.732852946  -4.218259024 0.07022563357   8.816654785 1785404730 1785404730
-4.471968896 0.1346767866  8.743350903  -4.255588807 0.08357198577   8.830649692 1785404730 1785404730
-4.534156982 0.1635748945  8.728700012  -4.307990941 0.09761379971   8.839029815 1785404730 1785404730
-4.530977459 0.1859006114   8.75476319 -4.366964596  0.110672586  8.843740024 1785404730 1785404730
-4.538274943 0.1939416275   8.77276847 -4.424348185 0.1210549474  8.846258502 1785404730 1785404730
-4.542770725  0.175845287  8.795188124 -4.473797232 0.1272716672  8.848350563 1785404730 1785404730
-4.563058575  0.156413337  8.807876309 -4.511129083 0.1283276493  8.851211255 1785404730 1785404730
-4.617374056 0.1497537993  8.789251257 -4.533982861 0.1235662655  8.854758833 1785404730 1785404730
 -4.60379345 0.1281719495  8.807390128 -4.542153231 0.1135197097   8.85744373 1785404730 1785404730
-4.597449685 0.1078103366  8.815001714  -4.53786447 0.0997860544  8.857503278 1785404730 1785404730
 -4.578116603 0.06826029423   8.823949143  -4.524357654 0.08445747823   8.852798657 1785404730 1785404730
-4.571400859 0.0346091033   8.81744501  -4.504996192 0.06965656445   8.841144488 1785404730 1785404730
 -4.626942091 0.01344060386   8.775501678  -4.482434659 0.05697236685   8.820712671 1785404730 1785404730
 -4.599787501 0.01436982788   8.768730233  -4.459166922 0.04791803046   8.791097356 1785404730 1785404730
 -4.579620798 0.02200663432   8.755148103  -4.437672264 0.04282488016   8.755052675 1785404730 1785404730
 -4.548670428 0.01900907911   8.739990972  -4.419168062 0.04103304092   8.716473584 1785404730 1785404730
-4.539680757 0.0217217909   8.70936605  -4.404055715 0.04131124578   8.680306212 1785404730 1785404730
 -4.592269405 0.03241509738    8.66013476  -4.392202148 0.04226575203   8.652622522 1785404730 1785404730
 -4.571510979 0.06355182097   8.649403647  -4.383402599 0.04260405802   8.639946558 1785404730 1785404730
 -4.538379056 0.08531429054   8.649918506  -4.376929118 0.04130123972   8.645821819 1785404730 1785404730
 -4.508265972 0.09562726904   8.657182856  -4.372272967 0.03874312648   8.671289373 1785404730 1785404730
-4.489886104 0.1025752181  8.671574529  -4.369065313 0.03631964767   8.714624274 1785404730 1785404730
 -4.520163629 0.09919329394   8.669120733  -4.367039306 0.03606269335   8.771186127 1785404731 1785404731
 -4.51968655 0.1119843487  8.690673495  -4.365697541 0.03971000812   8.833568295 1785404731 1785404731
-4.513290956 0.1222397364  8.723640318   -4.36465431 0.04879380772    8.89229329 1785404731 1785404731
-4.517348316  0.121207244  8.757567273  -4.363740642 0.06383921566   8.938327411 1785404731 1785404731
-4.540664946 0.1136458518  8.783199364  -4.362781125 0.08360615997   8.964442052 1785404731 1785404731
-4.621481164 0.1160918998  8.758564901 -4.361456692 0.1051725346  8.965832575 1785404731 1785404731
-4.657366004 0.1153534512  8.752677803  -4.35889582 0.1248735119   8.93977909 1785404731 1785404731
-4.670250949 0.1185918957  8.749666158 -4.354951394 0.1382656873  8.888563899 1785404731 1785404731
-4.656675661 0.1079174933  8.747701733 -4.349450409 0.1409404187   8.81792528 1785404731 1785404731
 -4.617314009 0.09638444477   8.742487046 -4.342903165 0.1306389097   8.73637181 1785404731 1785404731
 -4.677073288 0.08460375552   8.686216254 -4.335767935 0.1066241046  8.653799259 1785404731 1785404731
-4.667427647 0.0820379134  8.662650119  -4.328556526 0.07115122436   8.580941485 1785404731 1785404731
 -4.614976452 0.08125452097   8.659677092  -4.323419006 0.02878345702    8.52852137 1785404731 1785404731
   -4.5294979 0.08184533027   8.671890196  -4.322493399 -0.0145994555    8.50388786 1785404731 1785404731
 -4.472749231 0.08522711852    8.67777296   -4.327455291 -0.05068871676    8.510144024 1785404731 1785404731
 -4.489230576 0.07613378684   8.663253565   -4.339951933 -0.07222462576    8.547508242 1785404731 1785404731
 -4.480717489 0.08165602421    8.66631476   -4.360595638 -0.07396125486    8.610680214 1785404731 1785404731
 -4.450919297 0.09184020631   8.685821242   -4.388575071 -0.05339096068    8.690040186 1785404731 1785404731
-4.411112706 0.0984420375  8.717170304   -4.421395814 -0.01178375041    8.772798623 1785404731 1785404731
-4.409247181 0.1078483201  8.732799993  -4.455473175 0.04569850242   8.845970348 1785404731 1785404731
-4.438176876 0.1068806836  8.727273748 -4.486919508 0.1108110385  8.899174017 1785404731 1785404731
-4.460129641 0.1034241448  8.722942208 -4.511460301  0.173271928  8.925036123 1785404731 1785404731
  -4.46721185 0.09504774079   8.724698169   -4.5252288 0.2228443834  8.920788213 1785404731 1785404731
 -4.459732387 0.08155865771   8.732030654  -4.52536011 0.2508063982  8.888763556 1785404731 1785404731
 -4.451795304 0.06536276218   8.736779911 -4.510397948  0.251616132  8.835798542 1785404731 1785404731
 -4.502977164 0.06866602139   8.710569304 -4.480572281 0.2238210996  8.771827877 1785404731 1785404731
 -4.538585593 0.05855043048   8.693466223   -4.4375765 0.1705862789  8.707891885 1785404731 1785404731
 -4.539560541 0.05347831903   8.696262276  -4.385151593 0.09915679971   8.654934106 1785404731 1785404731
 -4.512306922 0.05105881099   8.717384895  -4.328596128 0.01980184175   8.621548964 1785404731 1785404731
 -4.507233849 0.05552276362   8.728575192   -4.274013141 -0.05577720245    8.612181682 1785404731 1785404731
 -4.501547827 0.04570686282   8.736692821 -4.227988685 -0.116177548  8.627401633 1785404731 1785404731
 -4.496710962 0.04951867436   8.741125982  -4.196233071 -0.1522909249   8.662434119 1785404731 1785404731
 -4.469020014 0.05097882642   8.753985936  -4.183150385 -0.1584675385   8.709258887 1785404731 1785404731
 -4.401216272 0.06334952718   8.780639295  -4.190986132 -0.1338428871   8.757791094 1785404731 1785404731
-4.351910081  0.076274798  8.789198312   -4.218878154 -0.08118774651    8.797161334 1785404731 1785404731
 -4.345035558 0.08106651963   8.777469664    -4.263760124 -0.007855046958     8.819470643 1785404731 1785404731
  -4.35673609 0.08648544779   8.758365281  -4.320243355 0.07572323684   8.820802543 1785404731 1785404731
 -4.363352177 0.09733341616   8.742118323 -4.381109733 0.1581071975  8.801720671 1785404731 1785404731
-4.365979541 0.1246228654  8.728369002 -4.438037633 0.2283726925  8.766899017 1785404731 1785404731
-4.381143572 0.1462918754  8.717797206 -4.482611121 0.2771299997  8.724361542 1785404731 1785404731
-4.366935224 0.1190430035   8.73164679  -4.50805081 0.2986061483  8.684110269 1785404731 1785404731
-4.356709018 0.1075914189  8.747698705 -4.509523461 0.2907455845  8.655350672 1785404731 1785404731
 -4.362250616 0.09872285396   8.759974474 -4.485547234 0.2556548524  8.645073974 1785404731 1785404731
-4.362484577 0.1127911154  8.782898886 -4.438604923 0.1988342238  8.656982122 1785404731 1785404731
-4.367323788 0.1117025333  8.802007079 -4.374551218 0.1298050769  8.689736631 1785404731 1785404731
-4.373474935 0.1073428505  8.815550188  -4.302234089 0.05853770045   8.738370527 1785404731 1785404731
 -4.37601338 0.1060195428  8.822426177     -4.23234386 -0.004709729601     8.794890323 1785404731 1785404731
-4.391332197 0.1068434385  8.820666959   -4.175799135 -0.05079448501    8.849912607 1785404731 1785404731
-4.416972701 0.1285314037  8.809388327   -4.141930417 -0.07295118383    8.894262612 1785404731 1785404731
-4.416889827 0.1430408515  8.805100527   -4.136707245 -0.06797131034    8.920647787 1785404731 1785404731
-4.415885591 0.1377923005  8.798880715   -4.162042714 -0.03614053613     8.92483855 1785404732 1785404732
 -4.42581781 0.1412056939  8.786949523  -4.214904609 0.01858809739   8.906068779 1785404732 1785404732
 -4.42864595 0.1434455896  8.778755916  -4.287849817 0.08916601621   8.867069831 1785404732 1785404732
-4.414053013 0.1533241007  8.777286184 -4.370349859 0.1663537867  8.813623555 1785404732 1785404732
-4.395394175 0.1560632951  8.777396698 -4.450473731 0.2401096015  8.753413146 1785404732 1785404732
-4.382808287  0.149190738  8.776043149 -4.516745551 0.3006968943  8.694449354 1785404732 1785404732
-4.340205425  0.119031927  8.788808748 -4.560431463 0.3400202743  8.644487585 1785404732 1785404732
-4.324722409 0.1009902896  8.786716427 -4.576110345 0.3527687519   8.60850978 1785404732 1785404732
-4.319040753 0.1124850548  8.774365022 -4.563693227 0.3369538876  8.590169373 1785404732 1785404732
-4.314468561 0.1034747837  8.757158234 -4.527558193 0.2945159587  8.590288519 1785404732 1785404732
-4.282226217 0.1022924877  8.758809966 -4.475831934 0.2307314756   8.60759304 1785404732 1785404732
 -4.248219687 0.09732262634   8.764648219 -4.418482371 0.1535117543  8.638549559 1785404732 1785404732
 -4.239854874 0.08781744315   8.761841906  -4.365825329 0.07209137002   8.678610646 1785404732 1785404732
 -4.229419501 0.07523021499   8.765434208    -4.327029984 -0.003755276735     8.723851631 1785404732 1785404732
 -4.259948867 0.05105715102   8.759315287   -4.307908952 -0.06575183605    8.769711628 1785404732 1785404732
 -4.241540299 0.03936013235   8.783429402 -4.310334205 -0.107256928   8.81251588 1785404732 1785404732
  -4.221517284 -0.01001554389     8.81183074  -4.332296424 -0.1252860911   8.849082486 1785404732 1785404732
 -4.240726481 -0.0346549226   8.824225641  -4.368517884 -0.1196816922   8.876568788 1785404732 1785404732
  -4.267548007 -0.03679995935    8.833904261   -4.411177169 -0.09369761906    8.893473262 1785404732 1785404732
  -4.333069653 -0.02962534974    8.830404875   -4.452219174 -0.05328569286    8.898656695 1785404732 1785404732
 -4.319958725 -0.0104946212   8.851890139    -4.484000424 -0.005888815065     8.891643513 1785404732 1785404732
  -4.290932689 -0.01803987908    8.870674568 -4.501781905 0.0404429239  8.872922388 1785404732 1785404732
  -4.297716949 -0.01037302154    8.866527628  -4.503006786 0.07866008131    8.84349753 1785404732 1785404732
 -4.317182626 0.01709739015     8.8492129 -4.487879242 0.1032134196  8.805653264 1785404732 1785404732
 -4.331968737 0.04520992605   8.823830015 -4.459475099 0.1109095464   8.76280782 1785404732 1785404732
 -4.290630178 0.06349207672   8.821435608 -4.422624918 0.1015007049  8.719349835 1785404732 1785404732
 -4.230577422 0.05647572536    8.83166654  -4.383157194 0.07747455249    8.67985271 1785404732 1785404732
 -4.216146989 0.05414387144   8.818654779  -4.346544257 0.04363409298   8.648856495 1785404732 1785404732
-4.200999094 0.0724123774  8.806678305   -4.317483639 0.006354977152     8.63105405 1785404732 1785404732
 -4.205521937 0.08277504909   8.786640252   -4.298954574 -0.02771774756    8.629436584 1785404732 1785404732
 -4.178116616 0.08077154707   8.792712952   -4.292537786 -0.05212290777    8.645282833 1785404732 1785404732
 -4.120879687 0.05920059413   8.823129786    -4.29784857 -0.06204815649    8.677125613 1785404732 1785404732
 -4.151803258 0.04011496119   8.819330301   -4.313152573 -0.05497285779    8.722160558 1785404732 1785404732
 -4.199251502 0.03501758062   8.817732865   -4.336262583 -0.03073403488    8.776061997 1785404732 1785404732
 -4.253391899 0.02566638248   8.823484057   -4.364228381 0.008282758227    8.832474336 1785404732 1785404732
 -4.304041337 0.01877854525    8.84354175  -4.394028981 0.05730175929   8.884495278 1785404732 1785404732
 -4.264752157 0.02502245315   8.889265753 -4.422626727 0.1097464462  8.926027677 1785404732 1785404732
 -4.301341363 0.01795719957   8.904277149 -4.447504693 0.1585483981  8.953074409 1785404732 1785404732
 -4.331325686 0.02182414137   8.918224194 -4.465706407 0.1969372677  8.962159358 1785404732 1785404732
-4.354699981 0.0206041926  8.924971616 -4.475118397 0.2196646891  8.952771614 1785404732 1785404732
  -4.35913256 0.03571418846   8.924739045 -4.473290093 0.2232727324  8.926266911 1785404732 1785404732
-4.289767717 0.0218051105  8.942320257 -4.459125516  0.207172984  8.887108672 1785404732 1785404732
 -4.268683168 0.02052909071   8.921778568 -4.432769933 0.1744682669  8.839729556 1785404732 1785404732
 -4.242924104 0.02760631878   8.889823045 -4.395155321  0.130669441  8.789224819 1785404732 1785404732
  -4.23349825 0.02946592141   8.834963613  -4.349046009 0.08304094747   8.741025305 1785404732 1785404732
 -4.219854737 0.05652402962   8.758681279  -4.298562252 0.03977360233   8.700143683 1785404732 1785404732
 -4.142756545 0.03141872297   8.753461728   -4.249319669 0.008822528652    8.670795959 1785404732 1785404732
 -4.087363153 0.05303337662     8.7338993    -4.208031896 -0.003655508182     8.654331878 1785404732 1785404732
 -4.072493774 0.08513689657   8.705393157 -4.180828297 0.0050296443  8.650564869 1785404732 1785404732
-4.091332414 0.1042848646  8.682417101  -4.172338956 0.03416542621   8.657921302 1785404732 1785404732
-4.131218798 0.1330601464  8.677900555  -4.185406431 0.07983658348   8.674489205 1785404733 1785404733
-4.094184354 0.1365008715  8.728225852 -4.220501156 0.1353236047  8.695749745 1785404733 1785404733
-4.116838145 0.1552515709  8.768246856  -4.27402616 0.1911408457  8.718512626 1785404733 1785404733
-4.166047113 0.1825699405  8.813330267 -4.339676703 0.2376683298  8.740715524 1785404733 1785404733
-4.224553873 0.1877467611  8.861623935  -4.40904611 0.2669517279  8.760720715 1785404733 1785404733
-4.287302928 0.1923838819  8.912673158 -4.473413276 0.2734568732  8.778330443 1785404733 1785404733
-4.270971709 0.1844719387  8.964344339 -4.524467335 0.2554311578  8.793917792 1785404733 1785404733
-4.293553541 0.1766535556  8.985381782  -4.55599743 0.2147213985  8.809505814 1785404733 1785404733
-4.321572214 0.1671123694  8.986285023 -4.564631435 0.1572806819  8.824818787 1785404733 1785404733
-4.338727405 0.1368375728  8.968237238  -4.550768076 0.09188826171   8.840069074 1785404733 1785404733
-4.362661235  0.113552804  8.920537275   -4.51754899 0.02817402324   8.853795894 1785404733 1785404733
 -4.326801731 0.07096977225     8.8982762  -4.470945168 -0.0241950134   8.864758637 1785404733 1785404733
 -4.294269099 0.03499281988   8.868325485   -4.418662128 -0.05700670094    8.870914484 1785404733 1785404733
 -4.266971024 0.01645807779   8.828941537   -4.369452479 -0.06463814423    8.869993538 1785404733 1785404733
   -4.248330346 -0.009972095486      8.79762897   -4.330548866 -0.04613888747    8.861148421 1785404733 1785404733
  -4.240795469 -0.01554054005    8.773254995    -4.30673284 -0.00454099906    8.844318005 1785404733 1785404733
  -4.225784064 -0.02041073787    8.772360667   -4.30000082 0.05325070857   8.821169305 1785404733 1785404733
   -4.214038942 -0.009537886038     8.785539147 -4.309158875 0.1177119683  8.794914354 1785404733 1785404733
 -4.231451366 0.01318667523    8.80029027 -4.329862413 0.1783588957  8.769730268 1785404733 1785404733
 -4.258281053 0.01820014602   8.821891574 -4.355632598 0.2258428684   8.74980421 1785404733 1785404733
 -4.296919574 0.02534664931   8.845815835 -4.380017801 0.2526428398  8.739070386 1785404733 1785404733
 -4.331750422 0.03788619816   8.870777979 -4.397401964 0.2547801316  8.739814202 1785404733 1785404733
 -4.346751195 0.04544620638   8.896912048 -4.403974539 0.2326631345   8.75231967 1785404733 1785404733
 -4.357780141 0.04504606548   8.924402429 -4.398986957 0.1898631638  8.775151527 1785404733 1785404733
 -4.373984437 0.03124069283   8.937605616 -4.384480965 0.1328874406  8.805515039 1785404733 1785404733
 -4.381099661 0.02376495821   8.942963044  -4.365190188 0.06956153813   8.838602291 1785404733 1785404733
 -4.380601049 0.01646271011   8.939062467   -4.346956706 0.007975194349    8.869320274 1785404733 1785404733
 -4.365185828 0.01554233119   8.933881896    -4.33558255 -0.04468256247    8.892710701 1785404733 1785404733
 -4.356367929 0.01822760622   8.915425287  -4.335976327 -0.0827790501   8.904787045 1785404733 1785404733
 -4.358748995 0.01152426046    8.88907701  -4.350819532 -0.1033238423    8.90329186 1785404733 1785404733
 -4.364035323 0.01460543898   8.856004436  -4.379587019 -0.1058845113   8.887643095 1785404733 1785404733
 -4.369560279 0.01535168905    8.83240465   -4.419078038 -0.09220568291    8.859783051 1785404733 1785404733
 -4.363399559 0.02047590675   8.822419033    -4.46369635 -0.06564556917    8.823490855 1785404733 1785404733
 -4.356564499 0.03873594461   8.817238386   -4.506713788 -0.03047983021    8.783879764 1785404733 1785404733
 -4.365957201 0.04833493346   8.813658008   -4.540999405 0.008763557544    8.746581277 1785404733 1785404733
 -4.379348655 0.05173870066   8.816337887   -4.56031636 0.04799841644   8.716810292 1785404733 1785404733
 -4.396177812 0.05428518522   8.820816225  -4.560453881 0.08392525228   8.698655781 1785404733 1785404733
 -4.389559577 0.04781396107    8.83564441  -4.53975619 0.1141649352  8.694450618 1785404733 1785404733
 -4.376377579 0.05299176689   8.853357107  -4.49945471 0.1371708082   8.70457875 1785404733 1785404733
 -4.374775703 0.04513377668   8.858648654 -4.443233879 0.1521651037  8.727345905 1785404733 1785404733
 -4.374791028 0.02938755828   8.855658655 -4.377108808 0.1587424445  8.759517278 1785404733 1785404733
 -4.383811809 0.02242194188   8.839368806 -4.308382269 0.1567597989  8.796710775 1785404733 1785404733
 -4.381374708 0.01519387927   8.825339543 -4.244735231 0.1463128805  8.833947773 1785404733 1785404733
 -4.373419223 0.01593022507   8.807316426 -4.193276838 0.1277643256  8.866431647 1785404733 1785404733
  -4.382698137 0.007312499246    8.781803855 -4.159960157 0.1019219406  8.890007227 1785404733 1785404733
   -4.385050427 0.0003675564347     8.758553314  -4.148782157 0.07022029332   8.901538787 1785404733 1785404733
   -4.386778945 -0.004130588509      8.74411636  -4.161492231 0.03488488028   8.899254545 1785404733 1785404733
  -4.370043354 -0.01102882214    8.748343649   -4.197494162 -0.00105981625    8.882791566 1785404733 1785404733
  -4.360058006 0.006363650695    8.754153127   -4.253799883 -0.03390326623    8.853140559 1785404733 1785404733
 -4.370515511 0.01406396629   8.755951999   -4.325231451 -0.05972481729    8.812787509 1785404733 1785404733
   -4.4013203 0.02135755406   8.753552692   -4.404712948 -0.07469635662    8.765326983 1785404734 1785404734
  -4.43432999 0.03223707892   8.749649457   -4.484016167 -0.07574068998    8.715235097 1785404734 1785404734
 -4.444146743 0.03278339493   8.753657146   -4.554549221 -0.06106945805    8.667481602 1785404734 1785404734
 -4.440908795 0.05056412622   8.760853684   -4.608272625 -0.03060855051    8.627102496 1785404734 1785404734
 -4.445237552 0.06566156174   8.758984288  -4.638652636 0.01379502238   8.598656747 1785404734 1785404734
  -4.44588508 0.07466112344   8.752443291  -4.641639135 0.06838448987   8.585724112 1785404734 1785404734
 -4.438654314 0.08522616763   8.745811348 -4.616431943 0.1278755913  8.590410694 1785404734 1785404734
 -4.409201222 0.08349114726   8.750424612 -4.565756579 0.1859378173  8.613024198 1785404734 1785404734
-4.381456271 0.0905289214  8.755948908 -4.495843794 0.2360966351  8.651743028 1785404734 1785404734
 -4.365760335 0.08978482711   8.759940243 -4.415716498 0.2723743127  8.702774332 1785404734 1785404734
 -4.360443135 0.08195140735   8.767756434 -4.336044977 0.2902476928  8.760828414 1785404734 1785404734
 -4.362941504 0.08207853648   8.782703327 -4.267603869 0.2873575971  8.819672527 1785404734 1785404734
 -4.356324565 0.06862887675   8.808341027 -4.219623682 0.2636659947  8.872965174 1785404734 1785404734
  -4.34816057 0.06989929409    8.84139158 -4.198354302 0.2217339945  8.915030828 1785404734 1785404734
 -4.358049418 0.06873520855   8.872896338 -4.205925988 0.1664223981   8.94207709 1785404734 1785404734
 -4.366696519 0.06395071861   8.903283351 -4.239987023 0.1043906097  8.952509722 1785404734 1785404734
 -4.383329524 0.05904192685   8.927198347  -4.294037654 0.04325778423   8.947472774 1785404734 1785404734
-4.399024679  0.052719343   8.93490535    -4.358546065 -0.009823520966     8.930440781 1785404734 1785404734
 -4.415899398 0.05928990252   8.937817952   -4.422791151 -0.04845367648    8.906493585 1785404734 1785404734
  -4.43505815 0.06394109211    8.92897812   -4.476698822 -0.06781508193    8.881530717 1785404734 1785404734
 -4.453308054 0.05767185493    8.91280852   -4.512734564 -0.06572777088    8.860849405 1785404734 1785404734
 -4.480245362 0.05596154916   8.886670992  -4.527144574 -0.0427736662   8.848631051 1785404734 1785404734
 -4.534365887 0.04940377739   8.851221012     -4.52086132 -0.002307694889      8.84633283 1785404734 1785404734
 -4.562186363 0.05227379281   8.831044006  -4.499275459 0.04954741402   8.852477976 1785404734 1785404734
 -4.597310072 0.04534093459    8.81506355 -4.470405234 0.1062243897  8.864429863 1785404734 1785404734
 -4.618890394 0.03301291303   8.816315691 -4.443791864 0.1598394953   8.87784524 1785404734 1785404734
 -4.670414414 0.04593702365   8.808957418 -4.428179897 0.2030482626   8.88868217 1785404734 1785404734
 -4.693535801 0.05130671262   8.817754915 -4.430148067 0.2299323905  8.890392767 1785404734 1785404734
 -4.665396175 0.06349793979   8.853607977 -4.451642457 0.2370888585  8.880480399 1785404734 1785404734
 -4.630242471 0.07353514419   8.888328583 -4.490190061 0.2237990061  8.860698802 1785404734 1785404734
 -4.625257835 0.06629068555   8.896352576  -4.53970911 0.1914997659  8.834133287 1785404734 1785404734
 -4.657113507 0.06686048512   8.869648633 -4.591229678 0.1437354841  8.804023698 1785404734 1785404734
 -4.712258476 0.05865037817   8.818405589  -4.633311261 0.08609244082   8.773126404 1785404734 1785404734
 -4.696583943 0.05284745012   8.791217305  -4.655321593 0.02547821872   8.747111575 1785404734 1785404734
 -4.680969488 0.05317482812    8.75802775   -4.649840745 -0.03101900484     8.73143524 1785404734 1785404734
 -4.641976377 0.05090277969   8.730093934  -4.613659014 -0.0774802693   8.729716343 1785404734 1785404734
 -4.621536212 0.05962890373   8.690977252  -4.548801537 -0.1087227149   8.742472214 1785404734 1785404734
 -4.677057613 0.05597439127   8.638121019  -4.461238684 -0.1216793263   8.769706955 1785404734 1785404734
 -4.592420539 0.07533503434   8.661717802  -4.361767729 -0.1155383229   8.808262067 1785404734 1785404734
 -4.536644322 0.09409545429   8.681505082   -4.263569515 -0.09215963163     8.84768673 1785404734 1785404734
-4.511688367 0.1006967718  8.696488493   -4.178720557 -0.05456076726    8.878685834 1785404734 1785404734
 -4.517714649 0.09845971168   8.707203658    -4.117226112 -0.007234464765     8.893434004 1785404734 1785404734
-4.599595487 0.1000970404   8.67413271   -4.08568341 0.04433943142   8.887321181 1785404734 1785404734
-4.600641432 0.1002537079  8.685465862    -4.0861485 0.09442248416   8.858894023 1785404734 1785404734
-4.606737886 0.1077866221  8.688041312 -4.116748731 0.1379658151  8.810571076 1785404734 1785404734
-4.608871803 0.1034601034  8.684877696 -4.172048929 0.1707459849  8.748775085 1785404734 1785404734
 -4.599213829 0.07509575134   8.676113807 -4.244320518 0.1895610682  8.682370775 1785404734 1785404734
 -4.696280058 0.08470073432   8.608641903 -4.323951695 0.1930813095  8.620862623 1785404734 1785404734
 -4.661663093 0.09637932904   8.606155667 -4.400900742 0.1814936636  8.574159517 1785404734 1785404734
-4.618030855 0.1118652796  8.610791651 -4.467747616 0.1563193263  8.550033089 1785404734 1785404734
-4.561665185 0.1178273922  8.627263519 -4.518714929 0.1206392675  8.552921498 1785404735 1785404735
-4.498665717 0.1289035695  8.656686514  -4.550458484 0.07903097693   8.582117314 1785404735 1785404735
-4.542521878 0.1205228573   8.64311451  -4.561862415 0.03668449762   8.634111943 1785404735 1785404735
-4.540759347 0.1282566176  8.661607809     -4.554153949 -0.0009728147043      8.701364848 1785404735 1785404735
 -4.53285637 0.1405507425  8.691688541   -4.530494784 -0.02940134735    8.773329499 1785404735 1785404735
-4.525108596 0.1430472414  8.729123662   -4.495454862 -0.04533006313    8.839297852 1785404735 1785404735
-4.531354905 0.1370046746  8.761534701   -4.454537111 -0.04696303474    8.890023683 1785404735 1785404735
-4.590546409 0.1132973503  8.746126914   -4.413782335 -0.03467377669    8.919391818 1785404735 1785404735
  -4.60867299 0.09658456032   8.747080013  -4.378766352 -0.0106082167   8.924087954 1785404735 1785404735
 -4.618227352 0.08462395236     8.7432863   -4.35455458 0.02145845977   8.904349047 1785404735 1785404735
 -4.621700919 0.07048070804   8.730935628 -4.344570519 0.0567890195  8.863451532 1785404735 1785404735
 -4.587101973 0.04444955698   8.722860843   -4.35011518 0.09061091629   8.806781873 1785404735 1785404735
 -4.662872845 0.01120852921   8.661514423  -4.37011453 0.1183656377  8.741209277 1785404735 1785404735
   -4.66450292 0.002761207853    8.636750004 -4.400294545  0.137327783  8.673473935 1785404735 1785404735
  -4.613006064 0.003164842026    8.638021411 -4.435642865 0.1459082328  8.611445286 1785404735 1785404735
 -4.542414136 0.01323849276   8.650904553 -4.469761682 0.1443067743   8.56166687 1785404735 1785404735
 -4.477798396 0.02605627012   8.666935905  -4.49570673 0.1342297448  8.528797738 1785404735 1785404735
 -4.485277971 0.03297296621   8.657463724 -4.507309179 0.1186911803  8.515454505 1785404735 1785404735
 -4.484204761 0.04393918791   8.657230944 -4.500563536 0.1010519216   8.52284427 1785404735 1785404735
-4.448116901 0.0646014321  8.679411242  -4.474003449 0.08446919148   8.549625692 1785404735 1785404735
 -4.420553415 0.09308437331   8.702955001  -4.428934654 0.07127699028   8.592408627 1785404735 1785404735
-4.411581533 0.1051838696  8.721390173   -4.37006907 0.06328878084   8.646378607 1785404735 1785404735
-4.453482388 0.1072269308   8.71140195  -4.304349007 0.06064335184   8.705952248 1785404735 1785404735
-4.480197593 0.1159053185  8.706930045  -4.240126614 0.06220851954    8.76539985 1785404735 1785404735
-4.462343379 0.1153162049   8.72686136  -4.185337407 0.06636836153   8.818360711 1785404735 1785404735
-4.427131599 0.1179762291  8.753477336   -4.14658947 0.07110815814   8.859363138 1785404735 1785404735
-4.421183125 0.1170164767  8.760130792 -4.128131487 0.0746440203  8.884138666 1785404735 1785404735
-4.414281029 0.1032996201  8.761355544  -4.131716914 0.07545732493   8.890994138 1785404735 1785404735
-4.406371581 0.1048087033  8.759662702  -4.155824343 0.07331102362   8.879905028 1785404735 1785404735
-4.396804038 0.1069489077  8.755204162  -4.196332519 0.06856167333   8.853132345 1785404735 1785404735
-4.380736314 0.1188951596  8.747348368  -4.247205083 0.06220954916    8.81474032 1785404735 1785404735
-4.369145899  0.137116822  8.734506484  -4.301063444 0.05634518447   8.770632055 1785404735 1785404735
 -4.38288717 0.1181072948   8.71433957  -4.350985341 0.05245403266   8.727303105 1785404735 1785404735
-4.386615833 0.1180367351  8.701238058  -4.390746408 0.05204163883   8.690838169 1785404735 1785404735
-4.378423336 0.1178127245  8.695983054  -4.415952391 0.05581570155    8.66639971 1785404735 1785404735
-4.341158265 0.1135085342  8.708470755  -4.424468325 0.06360444627    8.65751568 1785404735 1785404735
-4.341964912 0.1164589262  8.709403147  -4.415554141 0.07462720454   8.664182454 1785404735 1785404735
 -4.311815205 0.09311955159   8.732637889  -4.391940854 0.08710986109   8.685894524 1785404735 1785404735
 -4.299351967 0.07968905828    8.74986451  -4.356717445 0.09896654869     8.7181327 1785404735 1785404735
 -4.314667772 0.07694267215   8.758800507  -4.31504433 0.1082508968  8.755808849 1785404735 1785404735
 -4.344624823 0.09621998022   8.764648794 -4.273027385 0.1134181887  8.793273163 1785404735 1785404735
-4.379435969 0.0968328492  8.771625565 -4.237007556 0.1142653119  8.824606594 1785404735 1785404735
 -4.402651589 0.07506093584   8.777802811 -4.212594704  0.110839009  8.845206456 1785404735 1785404735
 -4.422422572 0.06485859545   8.776411141  -4.20433882 0.1043081567  8.852188998 1785404735 1785404735
  -4.44115904 0.05349951466    8.77371919   -4.21472388 0.09652366335   8.844588044 1785404735 1785404735
 -4.443755512 0.05180310704   8.772395368  -4.243760473 0.08968105407   8.823419746 1785404735 1785404735
  -4.42982835 0.05806796484   8.770026094  -4.288842515 0.08576148062   8.791529802 1785404735 1785404735
-4.388750047 0.0433146998  8.778631298  -4.344876007 0.08610864616   8.753166805 1785404735 1785404735
 -4.361131927 0.03975894651   8.779548581  -4.404988331 0.09121980081    8.71253539 1785404735 1785404735
  -4.34147013 0.04202099113   8.774756045 -4.461196156 0.1002583986  8.673931578 1785404735 1785404735
  -4.32236863 0.06353279728   8.768751909  -4.50584161 0.1110673345   8.64092698 1785404736 1785404736
 -4.308378102 0.07086755363   8.763731102 -4.532724114 0.1210087661  8.615768691 1785404736 1785404736
 -4.285258601 0.08191620637   8.772645003 -4.538288058 0.1269620349  8.599392253 1785404736 1785404736
 -4.267810503 0.09542926897   8.782801417 -4.521634367 0.1260550379  8.591098796 1785404736 1785404736
 -4.278271903 0.09852370902   8.783302346 -4.485153514 0.1166726681  8.589235644 1785404736 1785404736
 -4.28568924 0.1129468896  8.789317821   -4.43461816 0.09817766974   8.592762454 1785404736 1785404736
-4.300645794 0.1026908448  8.795933557  -4.377897342 0.07322448263   8.600124799 1785404736 1785404736
 -4.281429276 0.08208075941    8.81476679  -4.323292725 0.04436772082   8.611425052 1785404736 1785404736
-4.275082244   0.06892079  8.823802027  -4.278826898 0.01615872569   8.627187181 1785404736 1785404736
 -4.284956457 0.05320988332   8.822225805   -4.251040981 -0.00645460097    8.649342151 1785404736 1785404736
   -4.2749814 0.04808491453   8.825010777   -4.24386748 -0.0194143954   8.680507521 1785404736 1785404736
  -4.27287622 0.03864416601   8.816031196   -4.256864813 -0.01819872651    8.722341174 1785404736 1785404736
 -4.232017126 0.02895284278     8.8221321    -4.287277627 -0.002576056219     8.774697706 1785404736 1785404736
 -4.167495131 0.00312268137   8.837650615  -4.329049974 0.02653753608   8.835268588 1785404736 1785404736
   -4.151517433 -0.004331621295     8.828528534 -4.373959388 0.0660928302  8.896446738 1785404736 1785404736
  -4.140381282 0.003956916024    8.815531066 -4.414224776 0.1105184241  8.952347073 1785404736 1785404736
 -4.186981712 0.01839809696   8.775399637 -4.442521862  0.154083298  8.993592886 1785404736 1785404736
 -4.120283994 0.02125028545   8.800668553 -4.454101793 0.1904499634  9.012541416 1785404736 1785404736
 -4.075081115 0.01921188596    8.82129238 -4.446964024 0.2136829005  9.000990261 1785404736 1785404736
 -4.093361411 0.02499763712    8.81792727 -4.422545197 0.2199619111  8.957496138 1785404736 1785404736
 -4.136843715 0.05277269326   8.808132785 -4.384990523  0.208310801  8.886316004 1785404736 1785404736
 -4.239318436 0.07221964894   8.780134035 -4.340342105 0.1803273822  8.795102787 1785404736 1785404736
  -4.20807116 0.07597518919   8.811012734 -4.295455449 0.1399711987  8.695051671 1785404736 1785404736
-4.177459165 0.0792894924  8.835272879  -4.257897358 0.09309633268   8.601020463 1785404736 1785404736
 -4.225555905 0.07804541441   8.822804588  -4.233224559 0.04673517546   8.526667493 1785404736 1785404736
 -4.258657714 0.08793401787   8.813097833   -4.224630999 0.007507480907    8.481954745 1785404736 1785404736
 -4.299320079 0.09331117547    8.79592695    -4.2331982 -0.0197916265   8.472999498 1785404736 1785404736
 -4.267487909 0.08504735549   8.809443205   -4.257434512 -0.03226894269    8.500719789 1785404736 1785404736
-4.189320742 0.0620751546  8.844179338   -4.294261492 -0.02940224977    8.560653692 1785404736 1785404736
 -4.205271858 0.05080993497   8.834732404   -4.339308814 -0.01244997923    8.642162435 1785404736 1785404736
 -4.207321834 0.04564336082   8.834683676  -4.386199239 0.01496684744   8.732342793 1785404736 1785404736
-4.227635985 0.0491449853  8.831204708  -4.429392132 0.04790835816   8.817495894 1785404736 1785404736
 -4.208090849 0.06145332409   8.853039126  -4.46361674 0.0813572894  8.886001812 1785404736 1785404736
 -4.125073647 0.06121019657   8.902964073 -4.485332108 0.1107431133  8.928495159 1785404736 1785404736
 -4.146015117 0.07804311804   8.911077458 -4.492346545 0.1327178836  8.940830357 1785404736 1785404736
-4.158152509 0.1043269523  8.921625489 -4.483714796  0.145425613   8.92521729 1785404736 1785404736
-4.221706321 0.1135296937  8.910884415  -4.46054082 0.1487056789  8.887821736 1785404736 1785404736
-4.239776866 0.1201505795  8.917084088 -4.425185494 0.1438812199  8.838168104 1785404736 1785404736
-4.189401301 0.1103229568  8.946432371 -4.381813281 0.1328468133  8.786553105 1785404736 1785404736
-4.190192019 0.1093509743  8.948355386 -4.335610147 0.1181040102  8.743514985 1785404736 1785404736
-4.199774589 0.1148774847  8.941108175 -4.291989304  0.101790966  8.716832012 1785404736 1785404736
-4.246850409 0.1061526244  8.912065518  -4.256344988 0.08568720618   8.710387835 1785404736 1785404736
-4.264401575 0.1130884004  8.894135973   -4.23341145 0.07073979109   8.723192963 1785404736 1785404736
-4.236986221 0.1012645731  8.899361033  -4.227109794 0.05709946544   8.751464812 1785404736 1785404736
 -4.252361856 0.08730266393   8.885843053  -4.239841607 0.04542316264   8.789270053 1785404736 1785404736
  -4.28987018 0.07627172559   8.864401145 -4.271886379 0.0367280995  8.827704703 1785404736 1785404736
 -4.329811901 0.06199968204   8.846281318  -4.321549249 0.03167775854   8.858472774 1785404736 1785404736
-4.335551008 0.0742333754  8.848959302  -4.385172157 0.03175474063   8.875379433 1785404736 1785404736
 -4.337990122 0.08500455956   8.856610397 -4.457317611 0.0381953339  8.875135148 1785404736 1785404736
 -4.343660956 0.08919405997   8.864738748  -4.531220529 0.05248680211   8.857526519 1785404736 1785404736
 -4.354568149 0.07836201034   8.871383182  -4.599477741 0.07549140988   8.825268937 1785404737 1785404737
 -4.370185195 0.04813385818   8.875041759 -4.654823316 0.1062422934  8.783593027 1785404737 1785404737
  -4.37720277 0.04652632053   8.879947125 -4.690855809 0.1421896141  8.738944939 1785404737 1785404737
  -4.34454018 0.04344312886   8.898986544 -4.702847338 0.1790276577  8.698286784 1785404737 1785404737
 -4.320455988 0.05603169235   8.909818213 -4.688609514 0.2112225701  8.667762584 1785404737 1785404737
 -4.319657722 0.06027265874   8.904966618 -4.648695944 0.2325448789  8.651886673 1785404737 1785404737
 -4.330057965 0.03808941616   8.890560458 -4.586580269 0.2373747933  8.652878112 1785404737 1785404737
 -4.338079781 0.02481768455   8.873545268 -4.508059504 0.2219305772  8.670304742 1785404737 1785404737
  -4.311491629 0.005135195926    8.874522465 -4.421191682 0.1851095349  8.701827738 1785404737 1785404737
  -4.298108369 0.004505050984    8.868926368 -4.335478493 0.1293154837   8.74325149 1785404737 1785404737
  -4.301306745 0.009573637431    8.855477426  -4.260580444 0.06025539132   8.789362931 1785404737 1785404737
    -4.309554173 -2.736374274e-05      8.842599264   -4.205281622 -0.01352610054    8.834420228 1785404737 1785404737
   -4.315091243 0.0002104381316     8.835252888   -4.176478814 -0.08174110045     8.87279997 1785404737 1785404737
   -4.300852623 -0.001208929645      8.84284608  -4.178371677 -0.1342274294   8.899699666 1785404737 1785404737
  -4.282113147 0.007207588394    8.856511673  -4.211702298 -0.1625872318   8.911683744 1785404737 1785404737
 -4.285358987 0.01530862596    8.86423897  -4.273382438 -0.1617074602   8.907231565 1785404737 1785404737
 -4.299314895 0.01244686391   8.872072068  -4.356810373 -0.1308442361    8.88684882 1785404737 1785404737
 -4.302309671 0.02054824524   8.890279122  -4.452560177 -0.0741413795   8.853189119 1785404737 1785404737
 -4.290698248 0.02167896888   8.912313059    -4.548992688 0.0001648099001     8.811271111 1785404737 1785404737
 -4.292360157 0.02639895809   8.930167144  -4.633752656 0.08108742017   8.767593264 1785404737 1785404737
 -4.310142814 0.03005213142   8.941802157 -4.695350808 0.1564602037  8.729442983 1785404737 1785404737
 -4.334538537 0.02941029002   8.951707404 -4.724746857 0.2151504504  8.703663465 1785404737 1785404737
 -4.345835249 0.03586808097   8.963222347 -4.716646787 0.2484648681  8.695909903 1785404737 1785404737
-4.371325171 0.0506321718  8.962856041 -4.669932774 0.2525494357  8.710011443 1785404737 1785404737
 -4.392200467 0.06171197716   8.961982571  -4.58886888 0.2285213504  8.746015899 1785404737 1785404737
 -4.412178006 0.05917454577   8.959106935 -4.482032004 0.1821326867    8.8013138 1785404737 1785404737
 -4.426408118 0.04527945795   8.954878144 -4.361597264 0.1227491821    8.8703307 1785404737 1785404737
-4.420549841 0.0415678789  8.955395896  -4.241819347 0.06148195998   8.945086487 1785404737 1785404737
 -4.39656081 0.0353004194  8.960340163   -4.137117098 0.009888079294    9.016446686 1785404737 1785404737
 -4.367486054 0.02532389714   8.963187566   -4.06026577 -0.0228436555    9.07521371 1785404737 1785404737
  -4.34574932 0.01785255872   8.958373228   -4.020678395 -0.03112563721    9.113339918 1785404737 1785404737
  -4.340766499 0.001230784406     8.93771495   -4.023023819 -0.01401838843    9.125223688 1785404737 1785404737
   -4.341527736 -0.009504101873     8.910975466  -4.066530635 0.02468416851   9.108457268 1785404737 1785404737
   -4.351705924 -0.008886589469     8.880884005  -4.145027333 0.07708501888   9.064397215 1785404737 1785404737
  -4.357865523 -0.00198486336    8.852057846 -4.247945942 0.1327353884  8.997822099 1785404737 1785404737
 -4.362920145 0.01072020595   8.826501991 -4.361667783 0.1804103434  8.916284115 1785404737 1785404737
 -4.371899828 0.01868399629   8.797221084 -4.471525208 0.2102173183  8.828924338 1785404737 1785404737
 -4.380761284 0.02223923902   8.774545252 -4.563863423  0.215375905    8.7451165 1785404737 1785404737
  -4.38801363 0.02735991098   8.759188704 -4.627955158 0.1933771602  8.673214095 1785404737 1785404737
-4.379959294 0.0266571761  8.756381673 -4.657401891  0.146600586  8.619452388 1785404737 1785404737
 -4.379689745 0.03052350931   8.752647868  -4.650839827 0.08181589851   8.587438283 1785404737 1785404737
 -4.384954167 0.02682772575   8.748042622   -4.612037339 0.009148457651     8.57774753 1785404737 1785404737
 -4.385408089 0.02559176689   8.747504144   -4.549000282 -0.05967579737    8.588416166 1785404737 1785404737
 -4.386560838 0.03084501014   8.747302186  -4.472539404 -0.1132745108   8.615584817 1785404737 1785404737
 -4.381306807 0.03388105768   8.750978155  -4.394470809 -0.1425721955   8.654415287 1785404737 1785404737
 -4.369984543 0.04151153368   8.759039846  -4.325756192 -0.1423619137   8.700007693 1785404737 1785404737
 -4.368203294 0.03723561994    8.76597614  -4.274950882 -0.1121245973   8.748015465 1785404737 1785404737
 -4.367283349 0.03341788136   8.777456514   -4.247001597 -0.05609054472    8.795293247 1785404737 1785404737
 -4.375804095 0.03734109188   8.790800505  -4.242926948 0.01737361634   8.839747864 1785404737 1785404737
  -4.37584326 0.04087290688   8.813630866  -4.260053681 0.09708306874    8.88022867 1785404737 1785404737
 -4.382335839 0.05632515099   8.839301315 -4.293009914  0.170932485  8.915909727 1785404738 1785404738
 -4.406835128 0.06243992071   8.866314015 -4.334812325 0.2278941771  8.946170752 1785404738 1785404738
 -4.435425013 0.06680545715   8.893541743 -4.378337306 0.2597817084  8.969976798 1785404738 1785404738
  -4.4684601 0.0801120848  8.916151384 -4.417475949 0.2620733859  8.985997467 1785404738 1785404738
-4.488519183 0.0919085433    8.9352555 -4.448152604  0.235569209  8.992299186 1785404738 1785404738
-4.498274631 0.1075053981  8.951290372 -4.468379234 0.1853101698  8.987396812 1785404738 1785404738
-4.503556098 0.1062165607  8.959933635 -4.478012598 0.1204935819  8.970763599 1785404738 1785404738
 -4.503802064 0.09189610334   8.954892255  -4.478562015 0.05207223897   8.942853006 1785404738 1785404738
 -4.528043605 0.09335011009   8.924650915    -4.472649606 -0.009404039065     8.905467915 1785404738 1785404738
 -4.531856759 0.09350503188   8.894655948   -4.463162758 -0.05326405582    8.860825245 1785404738 1785404738
-4.528407649  0.100282785  8.865257097   -4.452230582 -0.07259958475    8.813283494 1785404738 1785404738
-4.507573027 0.1010622744  8.841001734   -4.440639752 -0.06389991725    8.768745378 1785404738 1785404738
 -4.525764524 0.09384641144   8.805893369   -4.428492786 -0.02854075302    8.733504947 1785404738 1785404738
-4.566556234 0.1020054148  8.770383229  -4.415706422 0.02764467267   8.712809883 1785404738 1785404738
 -4.62188969 0.1109408288  8.743464482  -4.401974473 0.09605143293   8.709626377 1785404738 1785404738
-4.628031784 0.1144961156  8.753750899 -4.387464828 0.1655756037  8.725415206 1785404738 1785404738
 -4.627369605 0.09087780388   8.780428256 -4.374049291  0.225122819  8.759726832 1785404738 1785404738
 -4.640971013 0.06814762098   8.803776786 -4.364839639 0.2652206927  8.808072939 1785404738 1785404738
-4.663667834 0.0491884894   8.82243564  -4.36341075 0.2789891274  8.863870625 1785404738 1785404738
 -4.697783259 0.03420525982   8.818655238  -4.37255269 0.2635766078  8.918571556 1785404738 1785404738
 -4.687829448 0.02776035424    8.82820312  -4.39445564 0.2213809135  8.963121112 1785404738 1785404738
 -4.666121736 0.02061673229   8.828951978 -4.429731686 0.1581599336  8.990812386 1785404738 1785404738
   -4.686553477 -0.002342526488     8.791015554  -4.475890738 0.08212888583   8.996823804 1785404738 1785404738
  -4.726449949 -0.01279498507    8.731476389   -4.52614563 0.00341548223   8.977969908 1785404738 1785404738
  -4.742221257 -0.03245602545     8.68581401   -4.570995808 -0.06832817781    8.936299647 1785404738 1785404738
  -4.671812232 -0.02467978783    8.688007064  -4.601269631 -0.1242085743   8.878903148 1785404738 1785404738
  -4.60262946 -0.0106333746   8.694712363  -4.610443321 -0.1586635499   8.814393606 1785404738 1785404738
  -4.549930164 0.002846191342    8.704170399 -4.593183333 -0.169250364  8.752424091 1785404738 1785404738
-4.526033489 0.0351248522  8.713644666  -4.548405516 -0.1560267787   8.702006574 1785404738 1785404738
 -4.535124027 0.04792311223   8.717077303  -4.479720156 -0.1223040328   8.670717277 1785404738 1785404738
 -4.478545483 0.09646909109   8.763663033   -4.395030494 -0.07382126964    8.661294032 1785404738 1785404738
-4.477046261 0.1372355801  8.784228396   -4.304630045 -0.01775843994    8.670495825 1785404738 1785404738
 -4.49531464 0.1476968492  8.799237016 -4.220619091 0.0392684088  8.693871498 1785404738 1785404738
-4.56152831 0.158794127 8.786075708  -4.155486673 0.09206955508    8.72594764 1785404738 1785404738
-4.639479365 0.1659572774  8.751221077 -4.119360921 0.1366185961  8.760518151 1785404738 1785404738
-4.651241289 0.1713093292  8.746805936 -4.117893934 0.1706376574  8.790850039 1785404738 1785404738
-4.640712488 0.1557627742  8.746464822 -4.151872071 0.1934710082  8.812128846 1785404738 1785404738
-4.614880891 0.1269956731  8.745387839 -4.217150496 0.2060519322  8.822338172 1785404738 1785404738
 -4.611790923 0.08726269377   8.723445025 -4.305217857 0.2096085052  8.821578671 1785404738 1785404738
 -4.663159935 0.07868939282   8.677295419 -4.403349531 0.2058225914  8.810105284 1785404738 1785404738
 -4.653236546 0.07046253853   8.659502332 -4.497686482 0.1961145312  8.789910974 1785404738 1785404738
 -4.608280469 0.06780630539   8.654585226 -4.575790132 0.1813734415  8.763937214 1785404738 1785404738
 -4.589892957 0.06508940808   8.635512784 -4.627749598 0.1618549636  8.734457154 1785404738 1785404738
-4.574303289 0.0574975207  8.608984936 -4.647471185 0.1378265977  8.702612981 1785404738 1785404738
 -4.605412821 0.06980315386    8.57080701 -4.633369835 0.1101097943  8.669438905 1785404738 1785404738
 -4.581085493 0.08406482762   8.555870436   -4.58931191 0.07963965087   8.635326801 1785404738 1785404738
-4.549771811 0.1066744187  8.546098521  -4.522880283 0.04844626938   8.600508569 1785404738 1785404738
 -4.50329925 0.1300002792  8.542871796  -4.443848409 0.01872155386   8.565648834 1785404738 1785404738
-4.502523576 0.1395350821  8.524163441    -4.362841155 -0.006215204737     8.532387157 1785404738 1785404738
-4.526233583 0.1577170211  8.504562604   -4.290022847 -0.02319191642    8.505001088 1785404738 1785404738
-4.523397431 0.1637612859   8.50580956   -4.233163428 -0.02961118718    8.487842389 1785404739 1785404739
-4.498016565 0.1655289375  8.528387063   -4.197037865 -0.02402695995    8.486042452 1785404739 1785404739
 -4.46790033 0.1510979568  8.567686076    -4.182955355 -0.006621613952     8.503678166 1785404739 1785404739
-4.479381026  0.138242395  8.595640021  -4.189475233 0.02078983129   8.543475398 1785404739 1785404739
-4.505024671 0.1234272601   8.61350266  -4.213073328 0.05466735091     8.6062151 1785404739 1785404739
-4.516605862 0.1037175659  8.646508654 -4.249008331 0.0902959771  8.688532977 1785404739 1785404739
 -4.524561158 0.08862135506   8.686588455 -4.292344023 0.1227186738  8.783420759 1785404739 1785404739
 -4.525490372 0.07250416949    8.74284556 -4.339077509 0.1472647825  8.880691886 1785404739 1785404739
 -4.562202533 0.07406330753   8.769956736  -4.38574733 0.1607415716  8.968502872 1785404739 1785404739
 -4.608076995 0.03965658731   8.780685089 -4.430225783 0.1612345733  9.035319213 1785404739 1785404739
 -4.635482634 0.02889650555   8.797347959 -4.470583285 0.1495815864  9.069805665 1785404739 1785404739
-4.648836923 0.0417114321    8.8172298 -4.505838903 0.1280357526  9.065187949 1785404739 1785404739
-4.635026834 0.0641651344  8.844134472 -4.534965406 0.1004083313   9.01993534 1785404739 1785404739
 -4.625852026 0.08887988819   8.851507704  -4.556679458 0.07082069397   8.938621358 1785404739 1785404739
-4.659482532 0.1004446682  8.821283126  -4.569041345 0.04400793139   8.831423133 1785404739 1785404739
-4.652827007 0.1186891709  8.801723897  -4.569513947 0.02327980432    8.71168243 1785404739 1785404739
-4.608435564 0.1568499052  8.787731878   -4.55622023 0.01106165147   8.596592935 1785404739 1785404739
-4.532197963  0.192994132   8.77117634   -4.527922854 0.008233774239    8.502274364 1785404739 1785404739
  -4.4617555 0.2024586493  8.744080139  -4.483180751 0.01488212424   8.442033132 1785404739 1785404739
-4.492116022 0.2237252822  8.680186742  -4.423347426 0.02944561728   8.423703838 1785404739 1785404739
-4.490168539  0.230381724  8.637241937  -4.351560556 0.04923086222   8.449785821 1785404739 1785404739
-4.444692183 0.2247955707  8.618617518  -4.274082218 0.07114029089   8.516734712 1785404739 1785404739
-4.388218933 0.1866267737  8.612079682  -4.198325328 0.09066554007   8.613941776 1785404739 1785404739
-4.391818714 0.1619216279  8.592063552 -4.13227904 0.107146527 8.725152748 1785404739 1785404739
-4.371694977 0.1146215292  8.603193311 -4.085949315 0.1180536835  8.836902166 1785404739 1785404739
-4.362453309 0.0775505384  8.615474003 -4.064102231 0.1228727371  8.929635482 1785404739 1785404739
 -4.341820737 0.04031044987   8.641604987 -4.070380686 0.1217172182  8.989950312 1785404739 1785404739
 -4.319367765 0.01659511902   8.677922537 -4.104585519  0.115541946  9.009303543 1785404739 1785404739
-4.324158377 0.0147061246  8.701797746 -4.163561168 0.1052687158  8.985965242 1785404739 1785404739
  -4.368956874 0.002135971193    8.701376606  -4.241487011 0.09231888266   8.926749572 1785404739 1785404739
 -4.403037605 0.01642048784   8.701012841  -4.329102675 0.07851754468   8.843677945 1785404739 1785404739
 -4.430934092 0.03624068716   8.701457371  -4.415851169 0.06524544927   8.751784546 1785404739 1785404739
   -4.4427664 0.06327210222   8.706642969  -4.490646304 0.05392925843   8.665839926 1785404739 1785404739
-4.439193055 0.1002435505  8.709691986  -4.543222852 0.04530856358   8.597807243 1785404739 1785404739
  -4.44528578 0.07912527806   8.699867279  -4.566175594 0.03990313425   8.554696618 1785404739 1785404739
  -4.42004891 0.08514434416   8.699370423  -4.555757796 0.03804216709   8.537639779 1785404739 1785404739
 -4.380924153 0.09734849797   8.699212076 -4.512916879 0.0395126912  8.542786628 1785404739 1785404739
-4.307726614 0.1092579611  8.705799189  -4.442974877 0.04324589442   8.562473694 1785404739 1785404739
-4.261322676 0.1166510724  8.691822103 -4.354586265 0.0488468726  8.586428715 1785404739 1785404739
-4.227984921 0.1041230494  8.682472663  -4.259314246 0.05518050283   8.606013255 1785404739 1785404739
 -4.212827257 0.09215122315   8.669465742  -4.169019172 0.06087077673   8.614826519 1785404739 1785404739
 -4.211009138 0.08653267511   8.651384507  -4.095223366 0.06480461486   8.611455067 1785404739 1785404739
 -4.185790764 0.06730665827   8.653423081  -4.048284355 0.06671454689   8.601087319 1785404739 1785404739
 -4.219642964 0.05635698904   8.642668044  -4.032122432 0.06544187229   8.588572899 1785404739 1785404739
 -4.158517696 0.03459657966   8.689446483   -4.05050338 0.06136054513   8.586946485 1785404739 1785404739
 -4.162065322 0.02335687221   8.713448416 -4.097365551 0.0553614399  8.599620248 1785404739 1785404739
 -4.196469397 0.01843212652   8.733033342  -4.167220172 0.04926071377   8.633717695 1785404739 1785404739
  -4.21302349 0.02087568697   8.771926888  -4.251543251 0.04488997045   8.691304175 1785404739 1785404739
 -4.290822719 0.03742805123   8.795071796   -4.33905796 0.04489856613   8.765390448 1785404739 1785404739
 -4.219745791 0.02720700921    8.86701335  -4.419953202 0.05086069923   8.847022662 1785404739 1785404739
 -4.208452005 0.03381196882   8.904040555    -4.4860947 0.06408611894   8.921402546 1785404740 1785404740
 -4.239745009 0.05015101352    8.91941286  -4.532735349 0.08466294486   8.976869926 1785404740 1785404740
 -4.277701711 0.08088929932   8.924030501 -4.557730931 0.1113184958  9.003096736 1785404740 1785404740
-4.332728322 0.1125700947  8.911972526 -4.561552437 0.1415937961  8.993740872 1785404740 1785404740
-4.289022966 0.1248100211   8.92820922 -4.547530057 0.1717054577  8.948876634 1785404740 1785404740
-4.294245188 0.1191202167  8.914769377 -4.520613663 0.1976830917  8.875566411 1785404740 1785404740
-4.314661867 0.1205544424  8.886476214 -4.485241474 0.2158657467  8.783795922 1785404740 1785404740
-4.332378615 0.1427905718  8.852739302 -4.446149765 0.2232970924  8.687691494 1785404740 1785404740
-4.349386425 0.1503067766  8.808884224  -4.40785681 0.2177831828  8.601993331 1785404740 1785404740
-4.27350906 0.157092413 8.825509751 -4.373952086 0.1995350652  8.541092273 1785404740 1785404740
-4.222031224 0.1582619923  8.833450806 -4.346500906 0.1705878696  8.514704019 1785404740 1785404740
 -4.20933354 0.1486643943  8.826110536 -4.326311175 0.1343140878  8.526428908 1785404740 1785404740
-4.201828738  0.135611177  8.822956238  -4.313382999 0.09552171546   8.574281727 1785404740 1785404740
-4.241605591 0.1211346459  8.806149897  -4.306720718 0.05881956209   8.649835061 1785404740 1785404740
-4.198645632 0.1005292973  8.837159202  -4.304834432 0.02875181117   8.741206558 1785404740 1785404740
 -4.172235731 0.07801420441   8.861920279   -4.306293767 0.008938840515    8.832245817 1785404740 1785404740
-4.215613892 0.0583840598   8.85941433   -4.310165177 0.001352708962    8.910193234 1785404740 1785404740
 -4.260088532 0.05466325121   8.858303073   -4.315450362 0.006425493559    8.965549569 1785404740 1785404740
 -4.317913786 0.05285369744   8.854480487  -4.321613644 0.02275606633   8.992745358 1785404740 1785404740
 -4.312119239 0.05239763121   8.873043839  -4.328595891 0.04722535441     8.9912481 1785404740 1785404740
 -4.310791867 0.05127804516   8.881740073  -4.337328165 0.07571697458   8.966018549 1785404740 1785404740
 -4.339890615 0.05699662035   8.873159102 -4.347996685 0.1039824053  8.923569999 1785404740 1785404740
-4.342268611 0.0689254422  8.870530328 -4.361075091 0.1277455599  8.871649148 1785404740 1785404740
 -4.349552024 0.07564549026   8.858057427 -4.377151564 0.1433975621  8.817966617 1785404740 1785404740
 -4.335831703 0.07153891018   8.847054342 -4.396351524 0.1482892199  8.768542936 1785404740 1785404740
 -4.277113515 0.06046097482   8.860087113 -4.418459519 0.1417662907  8.727519701 1785404740 1785404740
 -4.271399063 0.05755575385   8.838060073 -4.442565583 0.1251475368  8.696409734 1785404740 1785404740
 -4.248137356 0.05158198268   8.824720603 -4.466521359  0.101049585  8.674836558 1785404740 1785404740
 -4.244266635 0.04580049431   8.796548436  -4.487554606 0.07342690119   8.661601821 1785404740 1785404740
 -4.21918853 0.0486118083  8.779104129  -4.502206772 0.04703536259   8.655830055 1785404740 1785404740
 -4.154396004 0.04262899854    8.79418321  -4.507018166 0.02650764197   8.656136177 1785404740 1785404740
 -4.146793606 0.05534218375    8.77983503  -4.498975633 0.01531396806   8.661402009 1785404740 1785404740
 -4.143087285 0.06937174877   8.771378018  -4.476215769 0.01556682871   8.672109425 1785404740 1785404740
-4.173903448 0.0785585658  8.753745698   -4.43869045 0.02728675282   8.688862043 1785404740 1785404740
  -4.19580077 0.08996230004   8.752569603  -4.388618181 0.04891513615   8.712483295 1785404740 1785404740
 -4.153189035 0.07678536599   8.787877192  -4.330856713 0.07702555219   8.741722958 1785404740 1785404740
 -4.181021041 0.08503289274   8.802545567 -4.272129791 0.1066387842  8.775355878 1785404740 1785404740
 -4.209747329 0.09872906521   8.822565899 -4.220217659 0.1323874789  8.811058412 1785404740 1785404740
 -4.268865083 0.09865543411   8.840925728 -4.183128571 0.1493174912  8.845127482 1785404740 1785404740
-4.289153149 0.1115067122  8.884256126 -4.167456086 0.1538752457   8.87268422 1785404740 1785404740
-4.225257162 0.1045092605  8.945049868 -4.177739964  0.144151311  8.890059775 1785404740 1785404740
-4.258228183 0.1030607187  8.965437447 -4.215249586 0.1211074322  8.895252188 1785404740 1785404740
-4.267286047 0.1095440958  8.980305636  -4.277056183 0.08811398459   8.885593857 1785404740 1785404740
 -4.316091748 0.08559475254   8.964436409  -4.357237769 0.05056526628   8.861562974 1785404740 1785404740
 -4.336133923 0.07308181037   8.941558786  -4.446233436 0.01441504377   8.824409841 1785404740 1785404740
 -4.288121063 0.03962890634   8.939227095   -4.533023784 -0.01438896029    8.778927854 1785404740 1785404740
 -4.248581426 0.02548199813   8.919458392    -4.60731047 -0.03015078037    8.730793521 1785404740 1785404740
 -4.219358348 0.01822921283   8.893472349   -4.660502831 -0.02986459379    8.686445252 1785404740 1785404740
  -4.228767816 0.004756289351    8.842034289   -4.686551235 -0.01349115322    8.652140691 1785404740 1785404740
  -4.227542739 0.006079454893    8.814615301  -4.683297705 0.01655107173   8.632975142 1785404740 1785404740
   -4.217643713 -0.007909243088     8.808985512  -4.652896889 0.05498196181   8.632245878 1785404741 1785404741
  -4.218539264 0.002920532605    8.817247734  -4.601304635 0.09502868255   8.650845086 1785404741 1785404741
 -4.237408663 0.02885107738   8.837085931 -4.536550473  0.129077642  8.687573598 1785404741 1785404741
  -4.28262239 0.05463935567   8.872095209 -4.467733441 0.1506939388  8.738903654 1785404741 1785404741
-4.289931349 0.0734497496  8.931418333 -4.403521752 0.1555643349  8.799949112 1785404741 1785404741
-4.313642865 0.0907970361  8.987477845 -4.350282293 0.1425589077  8.865752039 1785404741 1785404741
-4.350441786 0.1103810441  9.033675414 -4.311869702 0.1139954897  8.931037723 1785404741 1785404741
-4.380107966 0.1289758727  9.071830785 -4.289661803 0.0751714757  8.990054242 1785404741 1785404741
-4.431029117 0.1170157149  9.093667392  -4.282310546 0.03417674639   9.038186753 1785404741 1785404741
-4.453980323 0.1105974773  9.102113416    -4.287208142 -0.001650068514     9.071166827 1785404741 1785404741
-4.457634669 0.1013545462  9.098417121  -4.300654501 -0.0246827242   9.086263483 1785404741 1785404741
 -4.453454167 0.09000126514   9.083130742   -4.319076084 -0.03001478437    9.082352822 1785404741 1785404741
 -4.442802243 0.07574580738   9.058921559   -4.339906954 -0.01524340036    9.059830344 1785404741 1785404741
 -4.428909516 0.04850272315   9.022349778 -4.361570401 0.0175988707  9.020968323 1785404741 1785404741
 -4.411660095 0.03718850941   8.982232972  -4.383659716 0.06344312028      8.969268 1785404741 1785404741
 -4.397853339 0.02835967424   8.949851504 -4.406654593 0.1151880757  8.909673709 1785404741 1785404741
 -4.371650037 0.03327358514   8.925577295 -4.431189628 0.1644969955  8.847703501 1785404741 1785404741
 -4.364603524 0.03908147268   8.895997238 -4.457303423  0.203226339  8.789346096 1785404741 1785404741
 -4.363561027 0.04021827554   8.865523135 -4.483949972 0.2249139577  8.739845224 1785404741 1785404741
 -4.371763667 0.04392364606   8.837857717 -4.508733923 0.2257742033   8.70348679 1785404741 1785404741
  -4.38688096 0.03872662389    8.81504893 -4.528131899 0.2052818121  8.682975557 1785404741 1785404741
 -4.391053754 0.03801449068   8.801397688 -4.538114181  0.166142407  8.679147155 1785404741 1785404741
 -4.399983982 0.04532983205    8.78802617 -4.535047548 0.1138083392  8.690672819 1785404741 1785404741
 -4.412509415 0.04336688116   8.773697501   -4.51672405 0.05557598129   8.714190595 1785404741 1785404741
  -4.42273029 0.04331523088   8.762502873     -4.483216457 -0.0006622105876       8.74484668 1785404741 1785404741
 -4.428046697 0.03746314833   8.755862959    -4.43739383 -0.04755753998     8.77675793 1785404741 1785404741
 -4.421375438 0.03286601741   8.755937842   -4.384697287 -0.07936805419    8.804052557 1785404741 1785404741
 -4.404466148 0.03472905445   8.761580124   -4.332563581 -0.09265047324    8.821698288 1785404741 1785404741
 -4.388285754 0.02507682575   8.766651453  -4.289150298 -0.0864594255   8.826352929 1785404741 1785404741
 -4.370802295 0.01963100811   8.772334052   -4.262043269 -0.06246621865    8.816980918 1785404741 1785404741
 -4.363644021 0.02562442169   8.773265111    -4.25665064 -0.02431332525    8.795070365 1785404741 1785404741
 -4.359456237 0.03403175762   8.772533639   -4.27494072 0.02306352039   8.764518449 1785404741 1785404741
 -4.355750411 0.04490787006   8.771734092    -4.3149142 0.07406400312   8.731137949 1785404741 1785404741
 -4.360240363 0.03953100594    8.76735056 -4.370575915   0.12318421  8.701824537 1785404741 1785404741
 -4.361721924 0.03639735733   8.766282905 -4.432620272 0.1658513662  8.683551872 1785404741 1785404741
 -4.359106861 0.03587554655   8.770452792 -4.490068319   0.19859884  8.682096438 1785404741 1785404741
 -4.335791032 0.03470933978   8.789003754 -4.532191123 0.2192978464   8.70096899 1785404741 1785404741
 -4.325990344 0.05393017306   8.806009122 -4.550614855 0.2274223506  8.740219097 1785404741 1785404741
-4.346343662 0.0622165944  8.817366864 -4.540687908 0.2234961068  8.797222766 1785404741 1785404741
 -4.384162867 0.06734515321   8.827637923 -4.502273573 0.2094374684  8.866526405 1785404741 1785404741
 -4.431978048 0.08148898785    8.83836107 -4.440269644 0.1874266121  8.940609421 1785404741 1785404741
 -4.470918303 0.09378015812    8.85492805 -4.364018762 0.1602761798  9.010723368 1785404741 1785404741
-4.49639121 0.113518727   8.8790531 -4.285649403 0.1306845884  9.068507283 1785404741 1785404741
-4.522200239 0.1183494135  8.905271298 -4.217883745 0.1012840822  9.107665013 1785404741 1785404741
-4.536470963  0.117109635   8.93087576 -4.172430209 0.0741436432  9.123925406 1785404741 1785404741
-4.551639652 0.1324817774  8.943453892  -4.157999283 0.04967142757   9.116306281 1785404741 1785404741
-4.585392457 0.1622854399  8.932181673  -4.178746972 0.02998012883   9.085715617 1785404741 1785404741
-4.596585882 0.1830429041   8.92270987  -4.234386596 0.01673409474   9.033056146 1785404741 1785404741
-4.610112199  0.174643039  8.902397381  -4.318592543 0.01126662998   8.963833556 1785404741 1785404741
  -4.6436171 0.1417407594  8.862084436   -4.42116473 0.01286710559   8.884917476 1785404741 1785404741
-4.716018382  0.128554891  8.800784291  -4.528787096 0.02125143645   8.801599307 1785404742 1785404742
 -4.726531412 0.09866293241   8.771466906 -4.626067178 0.0353294462  8.721469637 1785404742 1785404742
 -4.691500295 0.08180561057   8.767781731  -4.698942878 0.05291354846   8.654497572 1785404742 1785404742
 -4.658864933 0.05121826891   8.764406999  -4.738564113 0.07175797309    8.60889456 1785404742 1785404742
 -4.626363539 0.03183125902   8.763139671 -4.740162032 0.0894675544  8.588900589 1785404742 1785404742
 -4.608249092 0.01833789798   8.755802102 -4.705077452 0.1039182967  8.595568628 1785404742 1785404742
  -4.61165903 -0.0041587187   8.740508233 -4.639672973 0.1133685088  8.626703631 1785404742 1785404742
   -4.589749046 -0.001931609927     8.737792225 -4.554862594 0.1171632756  8.676377251 1785404742 1785404742
  -4.572719063 0.007192583612    8.731347124 -4.464196732 0.1142382843  8.736490559 1785404742 1785404742
  -4.567286164 0.009334311984    8.717124779 -4.380613671  0.104569544  8.798210915 1785404742 1785404742
 -4.615192103 0.02197430498   8.677578782  -4.315016148 0.08912833289   8.853364264 1785404742 1785404742
 -4.657196064 0.02507710755   8.646035628 -4.274724373 0.0692309767  8.895251542 1785404742 1785404742
 -4.622018541 0.05312775946   8.658252488   -4.26254405 0.04685350451   8.918835353 1785404742 1785404742
 -4.594118015 0.07787492156   8.670876575  -4.276277256 0.02445748086   8.921233206 1785404742 1785404742
  -4.56580042 0.08363587819   8.689067051   -4.309753219 0.004715625254     8.90271768 1785404742 1785404742
 -4.585321077 0.08733264569   8.687681137   -4.354403677 -0.01002389563    8.866529335 1785404742 1785404742
 -4.647946838 0.08790867647   8.661907322   -4.400469696 -0.01816484089    8.817298611 1785404742 1785404742
 -4.647599831 0.08863022042   8.671265447    -4.43903649 -0.01894166597    8.761091911 1785404742 1785404742
  -4.63525051 0.07861276104   8.685931099   -4.464115993 -0.01285048472    8.704744101 1785404742 1785404742
 -4.619826378 0.05504031043   8.699344504    -4.473173049 -0.001527391518     8.654750228 1785404742 1785404742
  -4.62709852 0.02739534049   8.694543297   -4.46705368 0.01254581199   8.616347797 1785404742 1785404742
 -4.689431236 0.01877147386   8.654479505  -4.448791407 0.02672540323   8.592904576 1785404742 1785404742
  -4.67579105 0.02319956876   8.651787428  -4.422985167 0.03842554865   8.586684577 1785404742 1785404742
 -4.639570495 0.03754849061   8.658283025  -4.395778041 0.04559974701   8.598122955 1785404742 1785404742
 -4.586352269 0.04980432139   8.671387496 -4.372134569 0.0473045472  8.625881736 1785404742 1785404742
-4.574715389 0.0595572407  8.665177881  -4.355134324 0.04403170437   8.666802863 1785404742 1785404742
 -4.598927954 0.05491974603    8.64711154    -4.3454678 0.03785195073   8.718351897 1785404742 1785404742
 -4.581480128 0.06355692878   8.654946569  -4.342316645 0.03141993997   8.776137604 1785404742 1785404742
 -4.528610448 0.07163507043   8.686522965  -4.343159443 0.02764276905   8.834917648 1785404742 1785404742
 -4.469035788 0.08784365658   8.729369128  -4.344291963 0.02946091913   8.887602483 1785404742 1785404742
 -4.462875273 0.09404654893   8.749349684  -4.342388384 0.03882383636   8.928267819 1785404742 1785404742
-4.485676881 0.1237054178  8.751528538  -4.335605902 0.05581898665   8.952761443 1785404742 1785404742
 -4.49800591 0.1444185185  8.759702739  -4.323244961 0.07867194297   8.957616646 1785404742 1785404742
-4.518513986  0.169342347  8.763962497  -4.30719911 0.1048472879  8.941657815 1785404742 1785404742
-4.530235385 0.1751755046  8.769533343 -4.291129176 0.1308112077  8.906136933 1785404742 1785404742
-4.575256694  0.167410288  8.746390611 -4.280145312 0.1525656444  8.854591794 1785404742 1785404742
-4.629424422  0.147522399   8.70879611 -4.278950194 0.1663455251  8.791740863 1785404742 1785404742
-4.642685411 0.1275618863  8.685570612 -4.290739484 0.1694866687  8.723075636 1785404742 1785404742
-4.611013726 0.1134252615   8.67506611 -4.316919004  0.160914424  8.654870848 1785404742 1785404742
 -4.546387087 0.09025889934   8.667119265 -4.356524293 0.1410854342  8.593267377 1785404742 1785404742
 -4.518864509 0.08163067185   8.639498373 -4.405399391 0.1120408058  8.543211527 1785404742 1785404742
 -4.530118934 0.05218476852    8.59832687  -4.457199952 0.07749592481   8.508213743 1785404742 1785404742
 -4.528393466 0.04464664323   8.571142301  -4.503979525 0.04257922887   8.490001192 1785404742 1785404742
 -4.475695503 0.05653185272   8.569531113  -4.538447328 0.01233720215   8.489248112 1785404742 1785404742
 -4.416827505 0.07749187224   8.577330373   -4.554757084 -0.00914849212     8.50444845 1785404742 1785404742
-4.391149703 0.1071531825  8.582416827   -4.548846237 -0.01813688644    8.532968904 1785404742 1785404742
 -4.42211678 0.1140613666  8.571946791   -4.520185552 -0.01308068424    8.571571289 1785404742 1785404742
 -4.44000177 0.1169309046  8.573907325   -4.471991634 0.005509553277    8.617207986 1785404742 1785404742
-4.422251643 0.1336684483    8.6034951  -4.410319013 0.03525053794   8.665804008 1785404742 1785404742
-4.407696385 0.1465317942  8.640440316  -4.343317858 0.07192030795   8.713274305 1785404742 1785404742
-4.415695321 0.1432865671  8.672063041 -4.280585221 0.1106031727  8.756120488 1785404743 1785404743
-4.457638969 0.1395967897  8.671405465 -4.231654611 0.1455381032  8.791779124 1785404743 1785404743
-4.477412492 0.1278903221  8.684385659 -4.204169918 0.1714561063  8.817950734 1785404743 1785404743
-4.497446457 0.1081739649  8.695040523 -4.202821104 0.1843172092  8.833037324 1785404743 1785404743
 -4.496948205 0.08077640166   8.717274089 -4.228477965  0.181894355   8.83626491 1785404743 1785404743
-4.501116899 0.0562659868   8.72824028 -4.277792124 0.1639555841  8.827840494 1785404743 1785404743
 -4.547493566 0.02318060203   8.706598399 -4.343433127 0.1326648243  8.808988481 1785404743 1785404743
  -4.560296665 0.009443429727    8.697601516 -4.414353395 0.0924357902  8.781449829 1785404743 1785404743
  -4.53631758 0.00502256921   8.702281982  -4.478434751 0.04905734729   8.748565469 1785404743 1785404743
 -4.478373169 0.01255893815   8.716511055   -4.523875104 0.009049670495     8.71441716 1785404743 1785404743
 -4.428411039 0.03518859963   8.720069083   -4.540936313 -0.02130833633    8.683107019 1785404743 1785404743
 -4.417325001 0.03107898425   8.708516431   -4.523854261 -0.03673913595    8.658884049 1785404743 1785404743
 -4.391068698 0.05433336775   8.703783482    -4.47230873 -0.03409923875    8.645192199 1785404743 1785404743
 -4.364530166 0.08225941815   8.700905209   -4.391610851 -0.01289651432    8.643953793 1785404743 1785404743
-4.324072561 0.1128459719  8.707169125  -4.292317465 0.02409252516   8.655434956 1785404743 1785404743
-4.325164825  0.141352077  8.700791999   -4.18774991 0.07259093777   8.676525726 1785404743 1785404743
-4.288474688 0.1409615775  8.722611521 -4.095149416 0.1258472788  8.705082478 1785404743 1785404743
-4.281542413 0.1444883991  8.733530373  -4.02678651 0.1757712336  8.733315588 1785404743 1785404743
-4.277816234 0.1499884269  8.746597447 -3.993860622 0.2149505005  8.755752537 1785404743 1785404743
-4.250250006 0.1508518756  8.776799866 -4.002227029 0.2374629436  8.767656198 1785404743 1785404743
-4.256557609 0.1321666554  8.789874018  -4.04964392 0.2395832409  8.764296128 1785404743 1785404743
-4.245585289 0.1130131972  8.802658624 -4.129245359 0.2202229632   8.74558438 1785404743 1785404743
-4.251490866  0.104842797  8.802303347 -4.228630849 0.1816647661  8.713717044 1785404743 1785404743
 -4.275606613 0.08881844716   8.789196034 -4.332565251 0.1294295416  8.674015898 1785404743 1785404743
 -4.302882155 0.07757680394   8.767869267   -4.42529368 0.07069212204   8.634040184 1785404743 1785404743
 -4.317232482 0.08221631548   8.748562188  -4.492819064 0.01427722066   8.601702163 1785404743 1785404743
 -4.253192863 0.04577643759   8.769253792   -4.526353473 -0.03121538232    8.586086522 1785404743 1785404743
 -4.218735674 0.04282853705   8.777978708   -4.521889415 -0.05921534373    8.590230754 1785404743 1785404743
 -4.210955739 0.04633671709    8.77570492   -4.482992929 -0.06523545593    8.616816908 1785404743 1785404743
 -4.199933551 0.07175079332    8.77900792   -4.41938127 -0.0484209388   8.665142805 1785404743 1785404743
-4.211132593 0.1010909772  8.778861075    -4.34422311 -0.01104946209     8.72862731 1785404743 1785404743
-4.151491913 0.1053158183  8.817234825  -4.272968647 0.04135862217   8.798942498 1785404743 1785404743
-4.116884317 0.1081444887  8.843876283 -4.219523774 0.1002686722   8.86309483 1785404743 1785404743
-4.152477139 0.1129005148  8.841512885 -4.195286926 0.1562125252   8.91082586 1785404743 1785404743
-4.228133998 0.1202493869  8.823832477  -4.20603637 0.1999585252  8.933437846 1785404743 1785404743
-4.282176039 0.1140714718  8.815702762 -4.250751797 0.2237425461  8.924575236 1785404743 1785404743
 -4.281223222 0.09062324192   8.827415972 -4.322278799 0.2229515238  8.882573211 1785404743 1785404743
  -4.27313516 0.07929756805   8.834774636 -4.409075827  0.197045299  8.812151418 1785404743 1785404743
 -4.294546723 0.06197448547   8.823873362 -4.495481671 0.1490795025  8.721377884 1785404743 1785404743
  -4.28729302 0.05657337065   8.818223996  -4.565325756 0.08590620406   8.622361635 1785404743 1785404743
 -4.277790911 0.05839971768   8.798472057  -4.604944291 0.01764668382   8.530103431 1785404743 1785404743
 -4.178345806 0.04555123619   8.819059506   -4.605183512 -0.04507779559    8.460835946 1785404743 1785404743
  -4.10249212 0.03668643976   8.825735098   -4.563328477 -0.09135751515    8.428196509 1785404743 1785404743
 -4.052285411 0.03675070543   8.812817446  -4.483082695 -0.1127041447   8.441731582 1785404743 1785404743
 -4.004015223 0.04858691858   8.800794461  -4.374806217 -0.1030615808   8.506145868 1785404743 1785404743
-3.997807513 0.0693532961   8.77219303   -4.253876483 -0.06347724659    8.618450292 1785404743 1785404743
 -3.968220357 0.07922475569   8.780599704    -4.13803957 0.002331696192    8.768562413 1785404743 1785404743
 -3.92848506 0.0754406682  8.813930451  -4.044458783 0.08496756666   8.936043027 1785404743 1785404743
 -4.005337456 0.06798983568   8.820588239 -3.988087979 0.1722085117  9.096597318 1785404743 1785404743
 -4.094053246 0.04337977903   8.850287715 -3.978925472  0.250814849  9.227830949 1785404743 1785404743
-4.261454385 0.0207774165  8.892600837 -4.020571193 0.3083880297  9.308372876 1785404744 1785404744
 -4.319279409 0.01784783147   8.987471754 -4.109532432 0.3343588634  9.323603219 1785404744 1785404744
-4.318727452 0.0246254998  9.074895996 -4.237575236 0.3232197842  9.274964745 1785404744 1785404744
 -4.453096693 0.02729490045   9.116290326 -4.389729694 0.2768613637  9.177193402 1785404744 1785404744
 -4.534312612 0.03601061187    9.14984226 -4.545352393 0.2013672579  9.046032957 1785404744 1785404744
 -4.621624496 0.02180696183   9.146962609 -4.683992339 0.1085345227  8.906827762 1785404744 1785404744
 -4.666886662 0.01263572726   9.104491727  -4.786477021 0.01116419312   8.782136436 1785404744 1785404744
-4.697125999 0.0216713444  9.038088415   -4.838365794 -0.07639523249    8.688755399 1785404744 1785404744
 -4.687001694 0.02682585357   8.952860397  -4.831904528 -0.1415356444   8.633658438 1785404744 1785404744
  -4.64150303 0.02837323368   8.877498804  -4.768171618 -0.1744469572   8.620666344 1785404744 1785404744
  -4.56701975 0.03185053312   8.800055617  -4.656772165 -0.1725695421   8.647954816 1785404744 1785404744
 -4.485337385 0.04778052094   8.737492655  -4.514824971 -0.1373157371   8.707128049 1785404744 1785404744
 -4.424236543 0.03967898124   8.729372576   -4.364809895 -0.07467801215    8.785770514 1785404744 1785404744
 -4.357496709 0.07783961344   8.730627042   -4.230418561 0.004982808801    8.868076279 1785404744 1785404744
-4.320243657 0.1176854479  8.746878365  -4.132218167 0.08825343359   8.936499615 1785404744 1785404744
-4.315711504 0.1463243376  8.775980328 -4.085387961 0.1626654119  8.975649839 1785404744 1785404744
-4.347208602 0.1650909511  8.814401771  -4.09633281 0.2170846164  8.976513175 1785404744 1785404744
-4.387274779 0.1750189867  8.830608784 -4.163281039 0.2456313783  8.937544929 1785404744 1785404744
-4.434951355 0.1850963142  8.855006629 -4.276481085 0.2469712006   8.86467466 1785404744 1785404744
-4.470686087 0.1998343256  8.876668581 -4.415742317  0.222535297  8.772092232 1785404744 1785404744
-4.498611783 0.1978095261  8.887741728 -4.559599542 0.1794452127  8.675934291 1785404744 1785404744
-4.512193447 0.1908335418   8.89169738 -4.684096303 0.1266188801  8.594612427 1785404744 1785404744
-4.535352818 0.1895013102  8.873481761  -4.768842172 0.07382158179   8.543161815 1785404744 1785404744
-4.515954042 0.1962260146  8.869500112   -4.79905902 0.03072759317   8.531491118 1785404744 1785404744
-4.487003928 0.2025031286  8.865916472   -4.768764239 0.005471367001    8.562592687 1785404744 1785404744
-4.453755099  0.204877496  8.858507203   -4.681997798 0.002746648314    8.631637325 1785404744 1785404744
-4.440348141 0.2045583032  8.838476452  -4.551889218 0.02275611686   8.726619918 1785404744 1785404744
-4.448740816 0.2100179136  8.816421599  -4.398515704 0.06165444515   8.830634688 1785404744 1785404744
-4.456126141 0.2107720332  8.786206017 -4.245497005 0.1122081963  8.924937099 1785404744 1785404744
-4.461856544 0.2106314722  8.756751544 -4.116020676  0.164760363  8.992422917 1785404744 1785404744
 -4.45989644 0.1851711729  8.722640931  -4.02924527 0.2093871533  9.020474538 1785404744 1785404744
-4.449171166 0.1570226429  8.687158499 -3.997472243   0.23774483  9.003454809 1785404744 1785404744
-4.430862327 0.1428202599  8.667461177 -4.024477451 0.2444544593  8.943414648 1785404744 1785404744
-4.409377731 0.1267492807  8.641646142  -4.10510518 0.2277825956  8.849799593 1785404744 1785404744
 -4.39224078 0.1175858723  8.620819627 -4.226410247 0.1898270437  8.737652013 1785404744 1785404744
 -4.384638513 0.09009874086    8.60347692 -4.370291697 0.1360735725  8.624819655 1785404744 1785404744
 -4.392552155 0.06639297993    8.59249987  -4.516358041 0.07421209609   8.528866716 1785404744 1785404744
 -4.411210596 0.06305421758   8.592010995 -4.644815377 0.0126395227  8.464245495 1785404744 1785404744
 -4.434378806 0.05940612672   8.601696607   -4.739709522 -0.04110637581    8.439959819 1785404744 1785404744
 -4.451844905 0.04716201609   8.627632164   -4.790946683 -0.08162277355    8.458278694 1785404744 1785404744
 -4.461832814 0.03774392156   8.667926348  -4.795237603 -0.1063614381   8.514524923 1785404744 1785404744
 -4.470782461 0.03010514342   8.717607518  -4.755828371 -0.1158191767   8.598429502 1785404744 1785404744
 -4.472326644 0.02887128982   8.754634206  -4.681388296 -0.1131361462   8.696218957 1785404744 1785404744
 -4.486993042 0.01656946442   8.785499682  -4.584263293 -0.1031163872   8.793125584 1785404744 1785404744
  -4.497178481 0.003368114073    8.814161204   -4.478179464 -0.09079643536    8.875846174 1785404744 1785404744
  -4.495692725 -0.03195752144     8.83671553   -4.376215201 -0.08035577154    8.934529096 1785404744 1785404744
   -4.45565133 -0.05651257064    8.869945579   -4.289176588 -0.07425715424    8.964093123 1785404744 1785404744
  -4.406053495 -0.06756888208    8.896760526   -4.224605548 -0.07300016204    8.964824758 1785404744 1785404744
  -4.346521105 -0.05274197022    8.923321677   -4.186161633 -0.07480888259    8.941729507 1785404744 1785404744
   -4.29665582 -0.02349659949    8.941471825   -4.173712778 -0.07603451812    8.903145468 1785404744 1785404744
  -4.23457004 0.01207769686   8.961947881   -4.184001061 -0.07224176842    8.859237325 1785404745 1785404745
-4.186133939 0.0548113259  8.975319752   -4.211750784 -0.05931646902     8.82000354 1785404745 1785404745
-4.172484548 0.1004518744  8.973891928   -4.250020951 -0.03408202355    8.793564426 1785404745 1785404745
-4.167593394 0.1636189685  8.967808709  -4.292132831 0.00412880891   8.784529452 1785404745 1785404745
-4.180653964 0.2173040195  8.954997328  -4.331410244 0.05379049523   8.794000642 1785404745 1785404745
-4.204939336  0.247102952  8.937618373 -4.363189624 0.1104622607  8.819069582 1785404745 1785404745
-4.232484575 0.2720618418  8.920031322 -4.384493089 0.1684115012  8.853073943 1785404745 1785404745
-4.244118715 0.2730637611  8.912416206 -4.393398216 0.2213661402  8.888679454 1785404745 1785404745
-4.275979151 0.2646269535  8.896042869 -4.390866816 0.2636563821  8.917620135 1785404745 1785404745
-4.319546248 0.2594851908  8.874447884 -4.378510409 0.2910263644  8.933654189 1785404745 1785404745
-4.354683205 0.2196508139  8.858297525 -4.359506461 0.3011899768  8.933649613 1785404745 1785404745
 -4.37341785 0.1809673639  8.850476583 -4.337923792  0.294335088  8.915966725 1785404745 1785404745
-4.390343089 0.1546011862  8.843507893 -4.317547669 0.2719654505  8.883291479 1785404745 1785404745
-4.396135293 0.1391925073  8.842141128 -4.302985033 0.2381983565   8.83974296 1785404745 1785404745
 -4.39809928 0.1358555495  8.842512477 -4.297238906 0.1972067319  8.791892861 1785404745 1785404745
-4.392942581 0.1194737094  8.845873417  -4.30224153 0.1535366327  8.746867193 1785404745 1785404745
-4.378845152 0.1061269573    8.8517536 -4.318584201 0.1114750166  8.710553881 1785404745 1785404745
 -4.378095075 0.09147071223   8.848550193  -4.344437573 0.07392631549   8.687813876 1785404745 1785404745
  -4.37669863 0.09324618168   8.842309077  -4.376870965 0.04310063342   8.680457949 1785404745 1785404745
-4.381845684 0.1143473568  8.828579094  -4.411622549 0.02009326773   8.687905862 1785404745 1785404745
-4.391043054  0.110416553  8.810310426   -4.443489292 0.005132815258    8.707849512 1785404745 1785404745
-4.394718998 0.1147121409  8.791429259    -4.468159119 -0.001664302313     8.734881149 1785404745 1785404745
-4.394267033 0.1120266048  8.778127706      -4.48156972 -0.0005638737439      8.763601332 1785404745 1785404745
-4.389493608 0.1160404553  8.768511124  -4.482107736 0.00854756264   8.788377554 1785404745 1785404745
-4.376946782 0.1383053386  8.764352436  -4.469698006 0.02576346638   8.805105312 1785404745 1785404745
-4.368213152 0.1248635972  8.765032504 -4.446038408  0.050626713  8.811925075 1785404745 1785404745
-4.348561177 0.1114120953   8.77640734  -4.414575742 0.08231292827   8.808604823 1785404745 1785404745
 -4.340594813 0.09464309069   8.786585003 -4.379793613 0.1186485275  8.797321845 1785404745 1785404745
  -4.33127257 0.09523713678   8.800353768 -4.346548411 0.1563105952  8.781779531 1785404745 1785404745
-4.327566535  0.101663843  8.812598326 -4.319294366 0.1907072192  8.766262311 1785404745 1785404745
 -4.331699666 0.08663891537   8.821222484 -4.301413381 0.2167689714  8.754687375 1785404745 1785404745
-4.343857271 0.0778303045  8.824680082 -4.294597095 0.2293221804  8.750084805 1785404745 1785404745
 -4.350765441 0.05279412182   8.825894992 -4.29865938 0.224394151 8.753905368 1785404745 1785404745
 -4.35354306 0.0580741694  8.826365124 -4.311913158 0.1995850111  8.765075473 1785404745 1785404745
 -4.375413495 0.06800110529   8.815399883 -4.332084259 0.1553720679  8.780855248 1785404745 1785404745
 -4.401124167 0.05144641825   8.801282573  -4.355768812 0.09589795418   8.798771152 1785404745 1785404745
 -4.423483274 0.04701120186    8.78821481  -4.379954307 0.02850750801   8.814887798 1785404745 1785404745
 -4.417820816 0.02354885573   8.790267383   -4.401708198 -0.03761699675    8.826576859 1785404745 1785404745
 -4.415736729 0.01478940241   8.791364879   -4.420056919 -0.09147335656    8.831499002 1785404745 1785404745
 -4.421302904 0.02489145757   8.789403036  -4.434378654 -0.1230819277   8.829342528 1785404745 1785404745
 -4.428612047 0.03164378732   8.786911732 -4.444467679 -0.125863982   8.82113695 1785404745 1785404745
 -4.424452294 0.02607312144   8.789423017  -4.450559987 -0.0978088901   8.807703025 1785404745 1785404745
   -4.437741426 -0.004960373722     8.780464933   -4.453680319 -0.04177073795    8.790299803 1785404745 1785404745
  -4.442796644 -0.01618813513    8.772745768  -4.454454035 0.03625470401   8.769202121 1785404745 1785404745
  -4.444532326 0.005817860115    8.761955722 -4.453009434 0.1249176832  8.746286877 1785404745 1785404745
 -4.444358536 0.02694611321   8.747358868 -4.449924979 0.2094085844  8.721531852 1785404745 1785404745
-4.436163144 0.0440230589  8.727636736 -4.444212194 0.2770504503  8.695199037 1785404745 1785404745
 -4.440376591 0.04178175618   8.705716519 -4.436634855 0.3166733702  8.667357572 1785404745 1785404745
 -4.411765622 0.05302920156   8.703534797 -4.424484706 0.3211215994  8.641202342 1785404745 1785404745
 -4.399102007 0.08110574998   8.691841425 -4.407566346 0.2885728404  8.617940334 1785404745 1785404745
-4.387066155 0.1177362243  8.684684326 -4.385845863 0.2229965873  8.600374844 1785404746 1785404746
 -4.37444258 0.1351345227   8.68295302 -4.363090728 0.1370659626  8.589263153 1785404746 1785404746
   -4.363863 0.1525855887  8.691671175  -4.341564352 0.04575978323    8.58862635 1785404746 1785404746
-4.340689682 0.1589150706  8.711466608   -4.321250651 -0.03733154312    8.602080473 1785404746 1785404746
-4.334968827 0.1546792124   8.72896519   -4.304451787 -0.09759296857    8.630547857 1785404746 1785404746
-4.330604878 0.1586430734  8.749124564  -4.293299418 -0.1238951594   8.674280907 1785404746 1785404746
-4.349194044 0.1367822434  8.768209864  -4.288093521 -0.1111480877   8.730974899 1785404746 1785404746
-4.325598497 0.1509696761  8.798380147   -4.287652532 -0.06203407087    8.797085307 1785404746 1785404746
-4.306667584 0.1473480123  8.824713834  -4.291038357 0.01372022006   8.866141002 1785404746 1785404746
-4.337241656 0.1345571687  8.829989827 -4.297676105 0.1038063703   8.93115172 1785404746 1785404746
-4.375107724 0.1227654655  8.831381926 -4.305751777 0.1928363356  8.985491498 1785404746 1785404746
 -4.42395203 0.1224250261  8.828532975 -4.314212385  0.265411872  9.022648119 1785404746 1785404746
-4.454597603 0.1190430382  8.829022034 -4.323203106 0.3091852529   9.03810621 1785404746 1785404746
-4.474144478 0.1224952442  8.829039951 -4.333909458 0.3184690343  9.029023626 1785404746 1785404746
-4.513515308  0.137214219  8.817920757  -4.34741945 0.2933629485  8.995797009 1785404746 1785404746
-4.539920413 0.1606740769  8.806823167 -4.364694552 0.2379594059  8.941249849 1785404746 1785404746
-4.553292287 0.1737635522  8.793522586 -4.387440714 0.1615943377   8.87048325 1785404746 1785404746
-4.557194731 0.1770736701  8.775075033  -4.417154915 0.07791779233   8.790351308 1785404746 1785404746
-4.551204652 0.1796202758  8.761469257   -4.452631124 0.002120899686    8.709514554 1785404746 1785404746
-4.536616786 0.1815788357  8.742963537   -4.492524334 -0.05418667882    8.636900641 1785404746 1785404746
-4.512839415 0.1953842789  8.728500547   -4.533807406 -0.08263037874    8.580714192 1785404746 1785404746
-4.472648663 0.1941445909  8.713781346   -4.573347169 -0.07712599619    8.546349107 1785404746 1785404746
-4.440667549 0.2130159635  8.707557547   -4.605227388 -0.03687154186    8.538055006 1785404746 1785404746
-4.394675546 0.1980305831  8.725722023  -4.622125674 0.03046427992   8.557776038 1785404746 1785404746
-4.382399359  0.196136313  8.730548424 -4.618472308 0.1148844405  8.602512316 1785404746 1785404746
-4.376181962 0.2061797651  8.742620492 -4.590766515 0.2049199428  8.667735794 1785404746 1785404746
-4.396031732 0.2117217307  8.757110879 -4.537243457 0.2883388043   8.74658111 1785404746 1785404746
-4.426762357 0.2241154971  8.770680983 -4.459602624 0.3527097291  8.830918144 1785404746 1785404746
-4.428417335 0.1832936372  8.793239219 -4.364409604 0.3887399409  8.911674159 1785404746 1785404746
-4.454692666 0.1635646482  8.807938226 -4.260894731 0.3925512328  8.978850156 1785404746 1785404746
-4.47464099 0.137154427 8.821384975 -4.159934512 0.3628561684  9.024807441 1785404746 1785404746
-4.502560802 0.1107008128  8.825623754 -4.074105637 0.3031473077   9.04339736 1785404746 1785404746
 -4.531065172 0.09025623484   8.811780535 -4.015271878 0.2205247183  9.031008668 1785404746 1785404746
 -4.557595944 0.09432249241   8.788215236 -3.992787356 0.1252329091  8.987070072 1785404746 1785404746
-4.556575887 0.0939793439   8.76870484  -4.011950421 0.02681793331   8.915314343 1785404746 1785404746
 -4.539809489 0.09258395602   8.749744936   -4.073495159 -0.06550711542    8.823329787 1785404746 1785404746
 -4.508074821 0.09801549025   8.723043709  -4.172962255 -0.1431299884   8.721344216 1785404746 1785404746
-4.48545877 0.101967375   8.6956224 -4.300691007 -0.199555893  8.621543087 1785404746 1785404746
 -4.464800846 0.07805728025   8.688235136 -4.443192384 -0.231134132  8.537142052 1785404746 1785404746
 -4.439152415 0.08029168741   8.679076147  -4.583940498 -0.2357991694   8.478591521 1785404746 1785404746
 -4.412873635 0.09739953382   8.680115106  -4.705891308 -0.2167320262   8.454296745 1785404746 1785404746
-4.399898616 0.1090629536  8.683720177  -4.794051433 -0.1746018505   8.467071749 1785404746 1785404746
  -4.4010385 0.1122030421  8.696728239  -4.837583087 -0.1147110418   8.515958927 1785404746 1785404746
-4.397722243 0.1002537081   8.71396913   -4.831137939 -0.04478519424    8.595101725 1785404746 1785404746
 -4.418939752 0.09690617374   8.728221576  -4.775978146 0.02684606359      8.694481 1785404746 1785404746
 -4.439133622 0.09719036422   8.744563387   -4.68012187 0.09120442746    8.80209567 1785404746 1785404746
 -4.466677086 0.09393108974   8.768255938 -4.556854894  0.140487237  8.904585707 1785404746 1785404746
 -4.490692015 0.09036375325   8.787426033 -4.422977075 0.1687245478  8.989412983 1785404746 1785404746
  -4.49859242 0.06836702581   8.796051302 -4.296306095 0.1724158995   9.04658882 1785404746 1785404746
 -4.507170979 0.05531606635   8.807375873 -4.192957966 0.1509888587  9.070022846 1785404746 1785404746
  -4.49719594 0.04856931248   8.821789562  -4.12513093 0.1071297754  9.058151507 1785404747 1785404747
 -4.486190884 0.04551596194   8.832637517  -4.099485555 0.04642825261   9.014143747 1785404747 1785404747
 -4.480603599 0.04451601919   8.832517631   -4.116521326 -0.02338266405    8.945207088 1785404747 1785404747
 -4.484180441 0.02386897012    8.82513961     -4.1704537 -0.09322582481    8.861692526 1785404747 1785404747
 -4.484961924 0.01418687218   8.814749058 -4.250645529 -0.153513912  8.775200623 1785404747 1785404747
 -4.480656022 0.01236546233   8.804647729  -4.343940595 -0.1964535562   8.697040947 1785404747 1785404747
 -4.477796495 0.01792107564   8.787017876  -4.436181628 -0.2161191086   8.636690076 1785404747 1785404747
  -4.47370561 0.02479177846   8.769412829  -4.514783442 -0.2096147927   8.600683513 1785404747 1785404747
 -4.467212118 0.02215651669   8.763726397  -4.570949409 -0.1764535068   8.591584466 1785404747 1785404747
 -4.470430413 0.03188850946   8.749452704  -4.600449987 -0.1198084081   8.607518797 1785404747 1785404747
-4.471594345 0.0505222227  8.738869148   -4.603737677 -0.04655457029    8.643764765 1785404747 1785404747
   -4.4840107 0.06965854385   8.725728709  -4.584224963 0.03371310936    8.69299564 1785404747 1785404747
 -4.498092953 0.07847438977   8.718086809 -4.548450439 0.1112137366  8.746754506 1785404747 1785404747
-4.498987364 0.1008040392  8.722056383 -4.505512521  0.177334292  8.796256909 1785404747 1785404747
-4.506381789 0.1100432848  8.726750255 -4.463758085 0.2244402177  8.833152969 1785404747 1785404747
-4.506963197 0.1190761078  8.739118163 -4.428632479 0.2463149112   8.85309642 1785404747 1785404747
  -4.5135232 0.1132933498  8.753341129 -4.403971093 0.2406539853  8.854066673 1785404747 1785404747
 -4.511966638 0.08941194147   8.776597112 -4.391449205 0.2085361954  8.837289119 1785404747 1785404747
  -4.52274121 0.09004492749    8.78089442 -4.390759466 0.1533327732  8.807144687 1785404747 1785404747
 -4.537928071 0.06682845182   8.786572241  -4.398776658 0.08056004066   8.769874343 1785404747 1785404747
 -4.542972674 0.04066166037   8.794295735     -4.411450663 -0.0006097282492      8.732292214 1785404747 1785404747
  -4.531440147 0.003612317873    8.805891719   -4.425075692 -0.08014164407    8.700671241 1785404747 1785404747
  -4.501101801 -0.01992183623    8.818921319  -4.435785695 -0.1486476989   8.679792858 1785404747 1785404747
  -4.493222409 -0.08318222759    8.814576957  -4.439395086 -0.1982196316      8.673954 1785404747 1785404747
  -4.458580936 -0.09622159761     8.81786906  -4.432927285 -0.2205638345   8.683232575 1785404747 1785404747
  -4.414219463 -0.08135514479    8.819697352   -4.41659726 -0.2112352669   8.706890982 1785404747 1785404747
  -4.369876825 -0.05472781909    8.815123325  -4.391372195 -0.1700300823    8.74267911 1785404747 1785404747
   -4.328608374 -0.008294463773     8.801637108   -4.35861288 -0.1012207226    8.78753865 1785404747 1785404747
 -4.300444831 0.01929918248   8.794580774   -4.320521521 -0.01203305754    8.838429864 1785404747 1785404747
 -4.271780192 0.06913439207     8.7855464  -4.280451221 0.08697616536   8.891304924 1785404747 1785404747
-4.251228762 0.1305790602  8.775238827 -4.241309096 0.1822527966  8.942718647 1785404747 1785404747
-4.250805925 0.1757107849  8.760421098  -4.20555065 0.2606965016  8.988766096 1785404747 1785404747
-4.266408996 0.2062145902  8.748013097 -4.174551051 0.3107802082  9.027051161 1785404747 1785404747
-4.288232465 0.2420786032  8.743392722 -4.152304358 0.3255379423  9.054445823 1785404747 1785404747
-4.331310213 0.2695654243  8.735854054 -4.142999508 0.3033161383  9.066255244 1785404747 1785404747
-4.384529208 0.3107775015  8.730309933 -4.148283634 0.2470135127  9.060931783 1785404747 1785404747
-4.441845543 0.3303185203  8.731859961 -4.168441327 0.1649183824  9.036309578 1785404747 1785404747
-4.481607481 0.3338651117  8.749492717 -4.201419646 0.0678722376  8.994124114 1785404747 1785404747
-4.508523402 0.3350911156   8.75817089  -4.245656094 -0.0305004302   8.935784452 1785404747 1785404747
-4.550455885 0.3101031116  8.759314653  -4.29769359 -0.117015173  8.867035836 1785404747 1785404747
-4.580616245 0.2940472621  8.758200065  -4.350351972 -0.1818531894   8.797255751 1785404747 1785404747
-4.585797664 0.2577968313  8.760756797  -4.396375619 -0.2184472697   8.735467628 1785404747 1785404747
 -4.59969287 0.2808085414  8.752857278  -4.430067606 -0.2236028696   8.689776291 1785404747 1785404747
