0.0802974133816 0.0393386498878 0.0259022398125 0.0930920512078  0.17086140531 0.510779835433  9.83085999632  -0.431278650992 -0.0722491459061 -0.0370931939135 1785404702.88
0.0688908962851 0.0374233103977 0.0249071928545 0.0822607318712 0.172052615808 0.525637430061  9.82134485936  -0.655971193003  -0.120854658442 -0.0610952962245 1785404702.9
0.0516111540662 0.0340535579378 0.0232304829897 0.0660530950994 0.174384048638 0.547202747037   9.8082913884  -0.823915982533   -0.18141278204 -0.0869912791405 1785404702.92
 0.030731068393 0.0290211423529 0.0208781749565 0.0471436470541 0.177439553434 0.571002549624  9.79379829818  -1.08585961173 -0.299916879445 -0.135179393612 1785404702.95
0.00892085830902  0.0222624017444  0.0179159393496 0.0299362176498 0.180861749824 0.592250243969  9.78052297509  -1.17740350919 -0.422641512008 -0.179496783186 1785404702.96
-0.0111569240456  0.0139850019634  0.0144922929388 0.0230235485688 0.184399881684 0.606804846039  9.77108759944  -1.00386803953  -0.48679336578 -0.196571245696 1785404702.98
-0.0272356370541   0.004729477715   0.010835997511 0.0296911893877 0.187921998411 0.611949783986  9.76746773978 -0.618820364601 -0.433937767759 -0.169134401467 1785404703
 -0.0377471566636 -0.00466096841268  0.00722471847619 0.0387139383142 0.191398312504 0.606843973974  9.77051744659 -0.318601197665 -0.386392753446 -0.149071889753 1785404703.02
-0.0419885986919 -0.0131626002511 0.00393316134175 0.0441787983496  0.19486578265 0.592580859721  9.77974882561 -0.0605706524419  -0.383157544217  -0.153480277098 1785404703.05
-0.0401339641755 -0.0197594239832 0.00117677506573 0.0447499130294 0.198385303816 0.571880129458   9.7934216366  0.254771967854 -0.300911213173 -0.139517917149 1785404703.06
  -0.0331062418433   -0.0236535533871 -0.000930984181473 0.0406986556089 0.202002817943 0.548509279231   9.8089237418  0.508533838633 -0.134081545484 -0.102131254887 1785404703.08
 -0.0223534227628  -0.0244474944537 -0.00239417512299 0.0332127621374 0.205724248009 0.526573425041   9.8233520336   0.549972559678  0.0327044673674 -0.0558077977032 1785404703.1
-0.00958514567872  -0.0222548564732 -0.00331775885489 0.0244573338315 0.209511285472 0.509817510106  9.83415243586   0.549402252785   0.143244765701 -0.0312627980742 1785404703.12
 0.00347682860669  -0.0177128145599 -0.00386400151827 0.0184597574341 0.213300537929 0.501060475389  9.83966145688   0.624346041559   0.260024783873 -0.0220172275355 1785404703.15
   0.015297423625  -0.0118918778128 -0.00419522928564 0.0198249306742 0.217042277385 0.501837321404  9.83941822179   0.610639547174   0.334148545372 -0.0160303670382 1785404703.16
  0.0246607289513 -0.00612075584337 -0.00442011633166 0.0257905531715 0.220747675577 0.512275468075  9.83418022126   0.444419491096   0.291561924276 -0.0104745105612 1785404703.18
   0.030738875002 -0.00176149566865 -0.00455916842146 0.0311250272301 0.224527235369 0.531187812848  9.82565993662    0.204830555806    0.148878517301 -0.00287933041302 1785404703.2
  0.0331105246144 2.08720249248e-05 -0.00453889623508 0.0334201863388 0.228601831131 0.556333684727  9.81607629565  0.0210992922579 0.00445192109288 0.00721059166291 1785404703.22
  0.0317443992157 -0.00154933146895 -0.00421553488042 0.0320605371742 0.233274445724 0.584783147874  9.80765913372 -0.146514098883 -0.161001727152 0.0266318196197 1785404703.25
  0.026960033277 -0.0067377930845 -0.0034209234453 0.0279989993958 0.238864915592 0.613318795755  9.80224249371 -0.348323238965 -0.386284205241 0.0618794300146 1785404703.26
   0.019373259781  -0.0152687025298 -0.00201780882824 0.0247493035044 0.245626570189 0.638819035663    9.801036796 -0.490725485751 -0.562745679977 0.0994168413435 1785404703.28
 0.00983057939911  -0.0263812117576 4.93593256735e-05 0.0281533490275 0.253674572476 0.658583423938  9.80459924141 -0.492813169904 -0.582565950218  0.116507216576 1785404703.3
-0.000664711625401    -0.038956056208   0.00271941902392 0.0390565154187 0.262954548719 0.670578768125  9.81295252596 -0.442254423475 -0.536372026454  0.121939100107 1785404703.32
-0.0110317933487  -0.051683373937 0.00580156625438 0.0531651180475 0.273265719522 0.673599606747  9.82575786017 -0.468572468014 -0.582623840298  0.150343451372 1785404703.35
-0.0201940758009 -0.0632389023656 0.00898549783492 0.0669902876632 0.284330665849 0.667345264116  9.84244291157 -0.450599740444 -0.579858527316  0.169581316041 1785404703.36
-0.0271607841972 -0.0724391179846   0.011871644084 0.0782692145473 0.295883477074 0.652418078694  9.86221858862 -0.302945690472 -0.419662603204  0.139676511836 1785404703.38
 -0.031105975161 -0.0783548661683  0.0140165515454 0.0854606954114  0.30773818046 0.630246710804  9.88397800337 -0.101570938116 -0.188267437742 0.0739345531136 1785404703.4
-0.0314421950623 -0.0803749534552  0.0149881280397 0.0875978809983   0.3198044459 0.602938733262  9.90613532021  0.0697050985525  0.0028533248603 0.00885120168807 1785404703.42
-0.0278847162221  -0.078223006399  0.0144255892363 0.0842881590362 0.332036014388 0.573070647341  9.92650759495   0.272134068674   0.209791954775 -0.0718701015646 1785404703.45
-0.0205004603966 -0.0719398173647  0.0120984362582 0.0757758428447  0.34432259605 0.543430982008  9.94234992475 0.507518943733  0.45788710523 -0.18086267908 1785404703.46
-0.00973406140146    -0.06184735994  0.00795730642946 0.0631123332521 0.356359341178 0.516740810014  9.95061636929  0.673481644421  0.654848020407 -0.277541586752 1785404703.48
0.00359716290071 -0.0485089175866 0.00216781281466 0.0486903900042 0.367541366437 0.495382467834  9.94844595879 0.699505733235 0.726248461855 -0.31983546123 1785404703.5
   0.018346539892  -0.0326932121919 -0.00488200515814 0.0378057617804 0.376929330075 0.481168657354  9.93378904646  0.639400868365  0.718245736227 -0.319969903755 1785404703.52
 0.0331236341794 -0.0153415211207 -0.0126078664825 0.0386198874777 0.383315332613 0.475179203423  9.90602446467  0.667940789229  0.836634617748 -0.366615404303 1785404703.55
 0.0464204739207 0.00247102009268 -0.0202910606317 0.0507217259257 0.385390829029 0.477682348217   9.8663966639 0.657921965842 0.971995536139 -0.40518503693 1785404703.56
 0.0567694616681  0.0195921639674 -0.0271702857079 0.0659154692956 0.381987785241 0.488144193903  9.81813311578  0.463133971465  0.909814884901 -0.344174489961 1785404703.58
 0.0629164106481  0.0348768674276 -0.0325498906018 0.0789580014222  0.37234035868 0.505317315188  9.76617598335  0.185098461826  0.710668144319 -0.224028980093 1785404703.6
 0.0639862338813  0.0473002824797 -0.0359049132274 0.0872967218333 0.356304524434 0.527390839339  9.71655434669 -0.0713012312278   0.458323920286 -0.0953227081674 1785404703.62
0.0596164602854 0.0560889301216 -0.036961598506 0.0898123052998 0.334480313142 0.552181009259  9.67550589237  -0.321668712028   0.312398072703 0.00389766339159 1785404703.65
 0.0500359959591  0.0608484681679 -0.0357358780381 0.0865054330614 0.308203046209 0.577342849348  9.64850859493 -0.650489758278  0.153911180691  0.122686341349 1785404703.66
 0.0360731983388  0.0616594578623 -0.0325211955098 0.0784907162641 0.279399240264 0.600587799737  9.63939555832  -0.868527761864 -0.0487269335433   0.221896286533 1785404703.68
 0.0190870493018  0.0591121422458 -0.0278288696073 0.0680661942197 0.250331441083 0.619896146859    9.649704487 -0.885545305487 -0.185942682089  0.256910424102 1785404703.7
0.000826024785224    0.054258420393  -0.0222954439306 0.058666390042 0.223277426781 0.633714183562  9.67836858518 -0.776795812595 -0.230473107302  0.243716054045 1785404703.72
-0.0167707579673  0.0484732328589 -0.0165786502413 0.0539051414098 0.200199638253 0.641122988031  9.72179968139 -0.764971686595 -0.258372867292  0.258578966283 1785404703.75
-0.0318076657891  0.0432362344066 -0.0112644657616 0.0548451251937 0.182460626458 0.641959385823   9.7743555204 -0.718611960431  -0.23882589137  0.271216664456 1785404703.76
 -0.0426742075736   0.0398643941776 -0.00680223739685 0.0587922473527 0.170632328395 0.636863484989  9.82912694504 -0.465878007865 -0.113060422584  0.220518646836 1785404703.78
 -0.0482637191361   0.0392426388428 -0.00347515921555 0.0623012682035 0.164433702668  0.62722630272  9.87893172615 -0.137971045513  0.044034810859  0.136330512318 1785404703.8
 -0.0481383728726   0.0416083360644 -0.00140304329907 0.0636437357748 0.162813668439  0.61502006817  9.91736568977  0.122940124504   0.15664424831 0.0632742785377 1785404703.82
   -0.042612810999    0.0464427475216 -0.000566774854453 0.0630325447076 0.164174191822 0.602514256055  9.93974533272  0.360081132544  0.254795021245 0.0131349233184 1785404703.85
  -0.0327360186346    0.0525071108699 -0.000841201193071 0.0618817519742 0.166702531197 0.591908923849  9.94378563498   0.620619441916   0.320452130477 -0.0403298506056 1785404703.86
 -0.0201635225142   0.0580342669564 -0.00202560193856 0.0614706990733 0.168755890054 0.584945547292  9.92989521825   0.735379458176   0.243531139007 -0.0862120839961 1785404703.88
-0.00692912118324   0.0610534240157 -0.00386666836654 0.0615669101764 0.169222813623 0.582573996339   9.9010351919  0.660237313638 0.0464078729916 -0.106873603607 1785404703.9
 0.00485535979735   0.0597928363204 -0.00607544591986 0.0602965076694 0.167780979246 0.584753713629  9.86216757524   0.448396177649   -0.17648917479 -0.0991218917797 1785404703.92
   0.013326568574   0.0530807646839 -0.00834436551946 0.0553605766346 0.164985276586 0.590444066188  9.81939780993   0.278017643436  -0.432167468554 -0.0970192582262 1785404703.94
 0.0171663932645  0.0406558200396 -0.0103716025242 0.0453337721762 0.162152934655 0.597797391077  9.77897502008  0.0666652252874  -0.798044057056 -0.0952308375299 1785404703.96
 0.0158136974166   0.023307545087 -0.0118972127753 0.0305754534846 0.161058026698 0.604519481129  9.74633759478  -0.214260613416    -1.0648898529 -0.0668934037876 1785404703.98
0.00954899461385 0.00279682953608 -0.0127497984774 0.0161729068137 0.163495625226 0.608320450029  9.72537281288  -0.428381319831   -1.09211528697 -0.0261155471098 1785404704
-0.000565951217995   -0.0184507292375   -0.0128957705223 0.0225177842502 0.170813803566 0.607356690983  9.71800202019  -0.484038252375  -0.876789407035 0.00586839470651 1785404704.02
-0.0128821403617 -0.0378350449858  -0.012477847339 0.0418704769927 0.183528367789 0.600568664635  9.72412364622 -0.566230405374 -0.789851033822 0.0243110355264 1785404704.05
-0.0254520933258 -0.0531651226808 -0.0118272869524 0.0601184168204 0.201123904888 0.587848072108  9.74186841056  -0.64983159125 -0.702548969973 0.0288183830958 1785404704.06
-0.0363564959917 -0.0632137501623 -0.0114368191979 0.0738144555202 0.222105636393  0.57001257162  9.76806623531   -0.518371699029   -0.417579723987 -0.00171159812288 1785404704.08
-0.0440079360268 -0.0681129751348 -0.0118885560101 0.081959829057 0.244307577204 0.548613039338  9.79880493748  -0.290783153458  -0.165298665144 -0.0608045864518 1785404704.1
-0.0473811207796 -0.0694808111646 -0.0137421375874 0.0852138490615 0.265397860937  0.52563393795  9.82997581515 -0.0463568199788 -0.0457895854972  -0.119900616656 1785404704.12
-0.0461389904864 -0.0702179534405 -0.0174004686899 0.0858029354924 0.283468818769 0.503162550135  9.85773870277  0.151643378087 -0.101346562668 -0.208035375816 1785404704.15
-0.0406472183016 -0.0739812244242 -0.0229801930197 0.08748432542 0.297572254034 0.483095636797  9.87888163557  0.393668460104 -0.392196264679 -0.354107187359 1785404704.16
-0.0318892063462 -0.0844144478988 -0.0302182366691 0.0951622946489 0.308067121043 0.466927642867  9.89108205243  0.543928082917 -0.852103705028 -0.434832368382 1785404704.18
-0.0213058424742  -0.104280924919 -0.0384422670014 0.113164738844 0.316685931493 0.455633054761  9.89308821887  0.565135845061  -1.33356991771 -0.435204613934 1785404704.2
-0.0105883359883  -0.134678822701 -0.0466217919233 0.142912874246 0.326287798246 0.449628442054  9.88483107782  0.433643826471  -1.53404508284 -0.328866776569 1785404704.22
-0.00145055095149   -0.174520394431  -0.0535001216792 0.182542420248 0.340335420669 0.448785925351  9.86745627715  0.339383873516  -1.91614042915 -0.249587826573 1785404704.25
0.00459706105081  -0.220414638307 -0.0577893533144 0.227910849033 0.362195119072 0.452472252646  9.84324696939  0.214480013824  -2.51002927878 -0.132834275922 1785404704.26
0.00645318572966  -0.267016707387 -0.0583951565144 0.2734036575 0.394400236698 0.459602438749  9.81540337625 -0.0280450785424   -2.44051731891  0.0882528483875 1785404704.28
0.00359275359072  -0.307810711958 -0.0546289772836 0.312641435887 0.438030255277  0.46871515216  9.78766286242 -0.275982803005  -1.85756660941  0.323041071371 1785404704.3
-0.00382494808241   -0.336196083669  -0.0463644816962 0.339399620013 0.492337937576 0.478088802175  9.76378274138  -0.40760613311 -0.855226274553  0.451695963779 1785404704.32
-0.0149295324778  -0.346673585757 -0.0341031775531 0.348666735896 0.554708286027 0.485915751586  9.74695558189   -0.53255337651 0.00659543484084   0.599044320003 1785404704.35
-0.0282142264657  -0.335894033389 -0.0189301261388 0.337608047767  0.62096594706 0.490536101846  9.73926559668 -0.70607007825  1.14170179167 0.836496837506 1785404704.37
 -0.0417217209562   -0.303351130195 -0.00236187931312 0.306215918371 0.685976528755 0.490706992126  9.74130790922 -0.696264893603   2.33760269159  0.909774490932 1785404704.38
-0.0533310666999  -0.251568090956  0.0138887919883 0.257533698 0.744428401408 0.485857756617  9.75207107093 -0.509720343064   3.09232013999  0.803189369046 1785404704.4
-0.0611093774566  -0.185732044594  0.0281881267907 0.197548269782 0.791648430313 0.476266448855  9.76912958084 -0.233925720761    3.1396087526  0.573833002628 1785404704.42
-0.063666889383 -0.112846965056 0.0392431486856 0.135380704108  0.82430434789 0.463097477825  9.78912073183 0.0152719894022   3.30822688387  0.412745038619 1785404704.45
 -0.060439290113 -0.0405773495311  0.0462980939491 0.0862724903295 0.840875859887 0.448265596241  9.80840925809 0.313399098172   3.6214196903 0.264240258511 1785404704.47
-0.0518255360901   0.023983390312  0.0492271029263 0.0753949392493 0.841826330364 0.434132708041  9.82379514152  0.603854582062   3.28678920833 0.0626205888976 1785404704.48
-0.0391357388643  0.0753781874865   0.048507302862 0.0978081573089 0.829463565945 0.423089028229  9.83310948229 0.728741990089  2.29423752779 -0.10992054275 1785404704.5
-0.0243474909902   0.110490224165  0.0450824239149 0.121792097033 0.807529304127 0.417104717973  9.83557377626  0.655058962624    1.1890867275 -0.186094864292 1785404704.52
-0.00971832036482    0.128777749802   0.0401501460016 0.135241224554 0.780594491714 0.417350531562  9.83185926726  0.610560394131  0.487131598235 -0.229732000181 1785404704.55
0.0026586046289  0.132036860088 0.0349209977508 0.13660262327  0.75335903836 0.423971471484  9.82385565631  0.552474414385 -0.131513792031 -0.256877820874 1785404704.57
0.0112520567628  0.123785855617  0.030399785371 0.127959735006 0.729962208933 0.436060088995  9.81422076279  0.351721638112 -0.654036744878 -0.213037631313 1785404704.58
0.0153527055177  0.108431805622 0.0272321867937 0.112848367444 0.71340552199 0.45182764626 9.80581933835  0.103355579213 -0.886908839901  -0.12641378663 1785404704.6
0.0151420502135 0.0904052717648 0.0256419502758 0.0951835304109 0.705174332874 0.468926830736  9.80116569355 -0.0856959259713  -0.792369159484 -0.0400637961777 1785404704.62
 0.011567402208 0.0734318033715 0.0254625154989 0.0785771864842 0.705116048766 0.484851467364  9.80196693685 -0.204032660701 -0.682369173063  0.013580389745 1785404704.65
0.00606797346638  0.0600578253073    0.02624591975 0.065822572011 0.711592401826 0.497332191033  9.80883252181 -0.297003104577 -0.575039655651 0.0511764269478 1785404704.67
0.000229277194044   0.0514796035349   0.0274161810249 0.0583253729532 0.721874971912 0.504660075888  9.82118191426 -0.293657764223 -0.343091956475 0.0603372757678 1785404704.68
-0.00454788846401    0.047654894811   0.0284271397511 0.0556756191106 0.732706632154 0.505895282797  9.83735182775 -0.200149880603 -0.102636694452 0.0391466679451 1785404704.7
-0.00729140358702   0.0476230046048   0.0288871266601 0.0561745602611 0.740918579274  0.50094588207  9.85487944298 -0.0690113802151  0.0519060569175 0.00448771923606 1785404704.72
-0.0075724541504  0.0499297845201  0.0286238232773 0.0580486752915 0.743982918014 0.490525628122  9.87091747092  0.0406291474551   0.122115030618 -0.0271630098728 1785404704.75
-0.00548516494046   0.0530518383717   0.0276795483262 0.0600894498609  0.74039815674 0.476014314662  9.88271974203   0.158984188919   0.152439110949 -0.0624447659319 1785404704.77
-0.00151845360169   0.0557345533315   0.0262459726886 0.0616238364496 0.729845377318 0.459250043114  9.88812277548   0.252767925281   0.114818405419 -0.0864015919862 1785404704.78
0.00363123729482  0.0571929127056  0.0245633631321 0.0623504126402 0.713105784964 0.442282354863  9.88594244864  0.286991190069 0.0380489819678 -0.091334346393 1785404704.8
0.00925128372382  0.0571623934725  0.0228185262948 0.0622399439292 0.691782527119 0.427113222677  9.87621000407   0.257800185365 -0.0317803004299 -0.0808059415216 1785404704.82
 0.014761263961 0.0558208594205 0.0210747221808 0.0614654958099 0.667908733388 0.415452478894  9.86019232283   0.236702394631 -0.0794448374228  -0.080024382266 1785404704.85
0.0197897588727 0.0536253466834  0.019255676983 0.0603166101437 0.643540858125 0.408515208402  9.84017859166  0.243521571508 -0.121685411546 -0.100568514689 1785404704.87
0.0241739039726 0.0511174527922 0.0171875296852 0.0590997697959  0.62042804881 0.406888001347  9.81906440061  0.224465944506 -0.135030154283 -0.126600249331 1785404704.88
0.0278974013313 0.0487480980902 0.0146829140233 0.0580536823352 0.599817369879 0.410485377526  9.79981365108  0.186215982602 -0.118932841129 -0.151474435136 1785404704.9
0.0309974214855 0.0467593933338  0.011637047678 0.0572948678535 0.582410808539 0.418605765191  9.78491321943   0.127417672903 -0.0823580294148  -0.150322500926 1785404704.92
 0.0334758798329  0.0451423777372 0.00810163828188 0.0567812058802  0.56844679847 0.430079675063  9.77594164509 0.0927105643413 -0.067438201998  -0.15990816967 1785404704.95
 0.0352454856502  0.0436693268319 0.00430994132227 0.0562834785605 0.557849695652 0.443485019659   9.7733459095  0.0684220351279 -0.0815245826273  -0.192454506253 1785404704.97
 0.0361277511451  0.0419826836196 0.00064257070095 0.0553910915564 0.550382852665 0.457390622618  9.77646623144  0.018314604672 -0.110254930087 -0.188564833212 1785404704.98
  0.0359027506551   0.0397125552575 -0.00245717531725 0.0535922779906 0.545754189552 0.470582827968  9.78378466121 -0.0480447048731  -0.149356516255  -0.145095561051 1785404705
 0.0343937425041  0.0365921730428 -0.0045941553295 0.0504283939326 0.543650049908 0.482233691236  9.79331971749 -0.0996306340673  -0.164384383453 -0.0703994434261 1785404705.02
  0.0315584904935   0.0325447947098 -0.00552684861939 0.0456688957672 0.543703161995 0.491981786354  9.80306199132  -0.145925336189  -0.189266553715 -0.0137507572474 1785404705.05
  0.0275564496317   0.0277241389338 -0.00523844340841 0.0394389031955 0.545424192377 0.499915125675  9.81134932224 -0.226471507731 -0.258741984425 0.0404935356757 1785404705.07
  0.0227676160833   0.0225012871952 -0.00395502358005 0.0322539064158 0.548137739912 0.506465766333  9.81710885989 -0.279928350715 -0.294725928181 0.0894181453624 1785404705.08
   0.017752659759    0.017402100946 -0.00210679666487 0.0249485197565 0.550961056792  0.51224315723  9.81993523541 -0.260871403302 -0.257759337167  0.100813366457 1785404705.1
   0.0131606687029    0.0130089459204 -0.000242433029542 0.0185066109389 0.552849572069 0.517844937585  9.82001697994  -0.18847449186 -0.174767749916 0.0737926999132 1785404705.12
0.00960548094322 0.00984742287928 0.00108303722489 0.0137989119551 0.552712377627 0.523687748762  9.81795743307 -0.124959226559 -0.105101597113 0.0369953979847 1785404705.15
0.00754020510085 0.00828164632554 0.00142156004678 0.0112898712035 0.549579165674 0.529895928913  9.81455471507 -0.0620023503557 -0.0356935535242 -0.0142110606298 1785404705.17
 0.00716024645813   0.0084397486948 0.000522584672332 0.0110802338474 0.542783077609 0.536273315828  9.81060431616  0.0229243151056  0.0533356831862 -0.0851484132011 1785404705.19
 0.00835829350956   0.0101850098059 -0.00161708819806 0.0132744291546 0.532115488891 0.542364831267  9.80676881943  0.102020320831  0.133825792003 -0.150241156501 1785404705.2
  0.0107423498604   0.0131385951691 -0.00475263259297 0.0176240823904 0.517911060342 0.547593462386  9.80352927005  0.122490718126  0.150155722511 -0.156022778553 1785404705.22
  0.0137131504955   0.0167492820379 -0.00843784717867 0.0232332996001 0.501034424959 0.551439081717  9.80120265591  0.12389922621 0.153932003483  -0.1560152119 1785404705.25
 0.0165837129296  0.0203958860161 -0.0121081385547 0.0289416433565 0.482761123762 0.553613043224  9.79999050675  0.129078603546  0.174257897658 -0.174071860068 1785404705.27
 0.0187145376944   0.023501223837 -0.0151825806102 0.0336608407046 0.464570041794 0.554180839006  9.80002084282 0.0877176925366  0.150567503332 -0.145374823528 1785404705.28
 0.0196351430036  0.0256336686634 -0.0171652837632 0.0365687130835  0.44788670753 0.553596255046  9.80135898002  0.0115719805306  0.0863147889128 -0.0714826154837 1785404705.3
 0.0191265437313  0.0265743550103 -0.0177276306156 0.0372329142905 0.433830987898 0.552632567076  9.80398517157 -0.0569994743672  0.0167477812933 0.00973954566063 1785404705.32
 0.0172486362809  0.0263348802638 -0.0167574994554 0.0356630783873 0.423025245676 0.552223515162  9.80775839929  -0.101496061256 -0.0306156987576  0.0707702486851 1785404705.34
 0.0143088308685  0.0251211198415 -0.0143683796932 0.0322841081327 0.415508573911 0.553251133708  9.81239615196  -0.156046143938 -0.0743886058296   0.142071711438 1785404705.37
 0.0107809663756  0.0232516836203 -0.0108690301266 0.0278389267585 0.410780583339   0.5563319149  9.81749503755 -0.19852442223 -0.11354845092 0.213923042329 1785404705.39
0.00719399272112  0.0210517018772 -0.0067016764984 0.0232344604217 0.407968513195 0.561653400482  9.82259922159  -0.18691323585 -0.124362465947  0.235035775708 1785404705.4
 0.00401594631948   0.0187505867744 -0.00236229314065 0.0193207856493 0.406080801242 0.568900386539  9.82730170184 -0.133479374717  -0.10987392759  0.198562458713 1785404705.42
0.00155895544158  0.0164132048859 0.00168094335982 0.0165725437781 0.404286638955 0.577287470891  9.83134746706 -0.0885021851864  -0.104374780864    0.16049589752 1785404705.45
-7.4714760682e-05   0.0139262781662  0.00505599060149 0.0148158647004 0.402151591428 0.585689131312  9.83470402107 -0.0630520095476  -0.132442671255   0.144393438291 1785404705.47
-0.000995683516037    0.0110471077533   0.00753124226907 0.0134070722193  0.39976795455 0.592836870197   9.8375738311 -0.0390496113855  -0.178300939926   0.110350362507 1785404705.49
-0.00148132989553   0.0075036585355  0.00903094667739 0.0118345776252 0.397744035545  0.59754043277  9.84034040891 -0.024926336862 -0.220348192101 0.0581322926247 1785404705.5
-0.00189254465792  0.00311887777414  0.00962286907458 0.010291196873 0.397052732713 0.598888612662  9.84345857727 -0.0261012674381  -0.229263120442  0.0108402727107 1785404705.52
-0.00257208341572 -0.00207708524505  0.00948395401303 0.0100436686491 0.398776900552 0.596393259272  9.84731436683 -0.0403245629874  -0.237200118418 -0.0167631913488 1785404705.55
-0.00374573455254 -0.00778209250027  0.00885248560338 0.0123676187028 0.403816522317 0.590054427599  9.85208741626 -0.0704469251582  -0.278233800968 -0.0369567746725 1785404705.57
-0.00544619025993  -0.0134285199579  0.00797618459957 0.0165410295137 0.412632540687 0.580341588512  9.85764785889  -0.103271167917  -0.290303422588 -0.0494932786251 1785404705.59
-0.00747519331481  -0.0182658961109  0.00706512185641 0.0209627627634 0.425091182644 0.568102446452  9.86351195595  -0.111448981393  -0.226863986141 -0.0483129756886 1785404705.6
-0.0094130240858 -0.0215033513547 0.00625656775072 0.0242928751271 0.440443949325  0.55442443293  9.86886892291 -0.0770752141858  -0.101422554176 -0.0353637582533 1785404705.62
-0.0106764495513 -0.0224783992808 0.00559631696434 0.0255065437254 0.457440972024 0.540481411894  9.87267828156 -0.0255070908332  0.0146689944719 -0.0257950152827 1785404705.65
-0.0106178153406 -0.0208104822081 0.00503817679296 0.0238997363529 0.474540908825 0.527397084955  9.87382477804   0.048287732075   0.142451472161 -0.0270626832637 1785404705.67
-0.00865025021476  -0.0165009995153  0.00446074093877 0.0191574534713 0.490159584118 0.516146774328  9.87130782806   0.172452701919   0.300030786265 -0.0370261070957 1785404705.69
-0.00437830877956 -0.00995507641523  0.00369853620988 0.0114870494165 0.502897770361 0.507503949492  9.86443552606   0.306633360464   0.408707632792 -0.0526351168714 1785404705.71
 0.00228912921338 -0.00192004242857  0.00258294292674 0.00394946447583  0.51170444048 0.502023050294  9.85299026978   0.386065941481   0.414941706366 -0.0677915252712 1785404705.72
  0.0110657868771  0.00664415888762 0.000986619180928 0.0129448794487 0.515957837573 0.500041736853  9.83733473956  0.411561993488  0.361023441105 -0.080638218392 1785404705.75
  0.0212723013493   0.0147320543054 -0.00113647044157 0.0259004979453 0.515472443294 0.501686334802  9.81843384348  0.492307896029  0.350294556661 -0.111380306045 1785404705.77
  0.0318880564236   0.0214599433556 -0.00372423509001 0.0386166704715 0.510456586554 0.506872195031  9.79778024472 0.567003338682 0.318743737738 -0.15188702835 1785404705.79
  0.0416709106991   0.0261992336767 -0.00660078422114 0.0496632157242   0.5014488533 0.515301234904   9.7772272777  0.501094616651  0.206603721068 -0.165796388996 1785404705.81
  0.0493335826186   0.0286528177312 -0.00949640894932 0.0578356993634 0.489252945904 0.526467165636   9.7587513427  0.311704737346 0.0688222516831 -0.141667898664 1785404705.82
 0.0537529413241  0.0288668625347 -0.0120919933212 0.0622004080057 0.474875955607 0.539681741204  9.74418276259   0.103234681689 -0.0312825509382 -0.0976938837388 1785404705.84
 0.0541771632877  0.0271850981962 -0.0140800256083 0.0622289458931 0.459461980123 0.554131831973  9.73495481677 -0.0774836030766  -0.108356022758 -0.0722597860647 1785404705.87
 0.0503891330935    0.02416278494 -0.0152290191364 0.0579208764939 0.444208286373 0.568967954214  9.73192034756   -0.31715191327  -0.187212217699 -0.0377534385515 1785404705.89
 0.0427864578531  0.0204612566038 -0.0154359635033 0.0498759758471 0.430257207702 0.583412419587  9.73527139892 -0.506122130185 -0.208217221739  0.013346166298 1785404705.91
  0.032351301724  0.0167420718157 -0.0147533712982 0.0393009625401 0.418570650958 0.596863672821  9.74457201513 -0.554139147061 -0.171270249051 0.0510538079892 1785404705.92
 0.0205057070261   0.013574845919 -0.0133831989935 0.0279976870056 0.409808512074 0.608967834966  9.75888506652   -0.5075468249 -0.116195371707 0.0673558083106 1785404705.95
0.00887490866533  0.0113674973253 -0.0116378529793 0.0185316923465 0.404240061163 0.619632819912  9.77695094415   -0.50841543188 -0.0768797283515  0.0829209636643 1785404705.97
-0.000995409939083    0.0103235676771  -0.00987643419679 0.0143216913447 0.401714167836 0.628974731252  9.79736749845  -0.463300731108 -0.0259161817572  0.0885423426868 1785404705.99
-0.00790930220519   0.0104286197661 -0.00843018838725 0.0155685981336 0.401700755434 0.637206340388  9.81872916303 -0.286813421836 0.0320313462261 0.0657137563225 1785404706.01
 -0.0112216803275   0.0114656383839 -0.00753342445864 0.0177239797167 0.403397194697 0.644496575009  9.83970440946 -0.075691337052 0.0658618125019 0.0289554435359 1785404706.02
-0.0109299147737  0.0130569657087 -0.0072746641215 0.0185166986409 0.405876559403 0.650841717914  9.85905576553     0.077844871409    0.0708987319932 -0.000973554858484 1785404706.05
-0.00764037051382   0.0147273860119 -0.00757821355657 0.0182400789757 0.408245668187 0.655989478307  9.87562672459   0.199493627207  0.0685349508544 -0.0221630207609 1785404706.07
-0.00242113418951   0.0159801110108 -0.00821995888292 0.0181326656263 0.409781901863 0.659445614385  9.88832927556   0.304604590882  0.0453667903583 -0.0356769692546 1785404706.09
 0.00342547386142   0.0163754959122 -0.00887430626617 0.018937899811 0.410026987444 0.660571961493  9.89616292285   0.311771225984 -0.0106762269976 -0.0271857040475 1785404706.11
 0.00862312220121   0.0156019138636 -0.00918299158331 0.020052563106 0.408828585306 0.658759654392  9.89828281405   0.222384636678 -0.0724415885987 0.00107714869617 1785404706.12
  0.0121629023912   0.0135292866937 -0.00883198540314 0.0202232974358  0.40633164158 0.653638377539  9.89411519455  0.105655685776 -0.116695382064 0.0339867581071 1785404706.15
   0.013479757511    0.010237820972 -0.00762073501118 0.0185632013112 0.402928055343 0.645267788965  9.88349850949 0.0085112324288 -0.173762958767 0.0768625174158 1785404706.17
  0.0125308657738  0.00601704841145 -0.00550901283236 0.0149524810989 0.399175156045 0.634255415042  9.86681394394 -0.101794096651  -0.24381302287  0.136629250151 1785404706.19
 0.00976199397034  0.00133318703958 -0.00263070846239 0.0101977713729 0.395693049317 0.621758090688  9.84506467275  -0.18528161028 -0.261249803846  0.176182254495 1785404706.21
 0.00597014576026 -0.00323366359407 0.000729503992638 0.00682871852646 0.393050988315 0.609349564598  9.81987061092 -0.194648566875 -0.213447159144  0.173180878916 1785404706.22
 0.00209282083281 -0.00707665252654  0.00419263560761 0.00848746742897 0.391655216877 0.598769601398  9.79336345445 -0.151308396748 -0.138991719184  0.143412535454 1785404706.25
-0.00102864103159  -0.0096627410895  0.00736306683843 0.0121918588001 0.391654521114 0.591601517647  9.76798998412  -0.115271309586 -0.0827777277918   0.133151839145 1785404706.27
-0.00285647810436  -0.0106308042201  0.00990965451135 0.0148113037259 0.392882368123 0.588946865806  9.74625237136  -0.0606603004818 -0.00551720967083    0.114749993462 1785404706.29
-0.00328456628412 -0.00986792326831   0.0116305598433 0.0156023782665 0.394852958264 0.591171486832  9.73042585261 0.00567741568081  0.0869331519557  0.0725510255408 1785404706.31
-0.00265492279814 -0.00754456938216   0.0124853060035 0.0148274073333 0.396821096636 0.597784374318  9.72229420752 0.0424156493098  0.150514859408 0.0248993972703 1785404706.32
-0.00165760817428 -0.00409455011125    0.012585638381 0.0133383394367 0.39790315299 0.60748280474 9.72293508423   0.0328537663755    0.160505766723 -0.00731403116685 1785404706.35
 -0.0011385188384 -0.00013623825089   0.0121477183523 0.0122017149276 0.397241328837 0.618361076374  9.73257672488 -0.00472498476664    0.177864776986  -0.0267832090395 1785404706.37
-0.00186344779429  0.00365396547457   0.0114188524878 0.0121331815081  0.39418009286 0.628244803359  9.75054027497 -0.0871130493471   0.188208868608 -0.0426955279081 1785404706.39
-0.00429828762852  0.00669048304413   0.0105990640741 0.0132505848606 0.388416410318 0.635086122755  9.77527812477  -0.187462653473   0.140947192031 -0.0465888514468 1785404706.41
-0.00846103814358  0.00861448329865  0.00977919706313 0.0155380559971 0.380087787298 0.637342837493  9.80451446288  -0.245183136612  0.0688211074827 -0.0431430724924 1785404706.42
-0.0138825348234 0.00938071090992 0.00891259461608 0.0189777989527 0.369775065538 0.634268391374  9.83548439453  -0.239942336319  0.0139855387981 -0.0417080601588 1785404706.45
-0.0196849376138 0.00926869165518 0.00782819882955 0.0231232807095 0.358417310913 0.626058243557  9.86525147047  -0.246895759185 -0.0129511865423 -0.0597242482731 1785404706.47
-0.0247579933243 0.00881022686336 0.00628181397514 0.0270192434693 0.347157721617 0.613827472056   9.8910649205  -0.228187880537 -0.0170692966701  -0.104286232684 1785404706.49
-0.0279908314454 0.00864738010442 0.00403224623674 0.0295723322954 0.337155400785 0.599427875946  9.91070492924  -0.10471699852 0.0152111337987 -0.149699175047 1785404706.51
 -0.0285067848947  0.00935477427177 0.000922693551133 0.0300166612084 0.329403763759  0.58514280386  9.92276246705 0.0562466317125 0.0689818011947 -0.186288001971 1785404706.53
-0.0258514821269  0.0112711135597 -0.0030532466704 0.0283665197771 0.324591665572 0.573317479495   9.9268096722  0.183422201439   0.10970046239 -0.188449540001 1785404706.55
-0.0200974821294  0.0143841785341 -0.0077170961004 0.0258914455422 0.323030328328 0.565988137151  9.92343339254  0.315054108744  0.158159671535 -0.217254955722 1785404706.57
-0.0118473129318  0.0183013180184 -0.0127102391487 0.0252358325429 0.324651611619 0.564566118852  9.91412352045  0.488163366939  0.215604269728 -0.266867174098 1785404706.59
-0.00213637413325   0.0223169564427  -0.0175360019406 0.0284626422414 0.329065473692 0.569618375288  9.90102696174  0.549290614426  0.203640938117 -0.250054005041 1785404706.61
0.00774538253151  0.0255650046345 -0.0216294375502 0.0343713977205 0.335651060808 0.580769439265  9.88659757475  0.495277364163  0.130517022929 -0.183703241996 1785404706.63
 0.0164805248699  0.0272229392513 -0.0244411927493 0.0401256529476 0.343650598722 0.596735385073  9.87319188752  0.339160162962 0.0257627395429 -0.086771090366 1785404706.65
  0.022958936766  0.0267206322054 -0.0255216891571 0.0435024318897 0.352240275257 0.615487496942  9.86267645872    0.223115915194  -0.0740757693939 -0.00341513211091 1785404706.67
  0.026476872218  0.0239040943347 -0.0245942022143 0.0433278809887 0.360566559179 0.634530108629  9.85611902944  0.103749720445 -0.202240278777  0.104030918005 1785404706.69
0.0268615877526 0.0191131589504 -0.021608460639 0.0394180582074 0.367754974346 0.651261655746  9.85362612414 -0.0563585236067  -0.305825656169     0.2225580607 1785404706.71
  0.024495262571  0.0131510257342 -0.0167688872153 0.0324678755807 0.372913729993 0.663371501543  9.85436322071 -0.178589619739 -0.322251274362  0.298284369795 1785404706.73
 0.0202306619396 0.00714816178783 -0.0105333403146 0.0239024508711 0.375160030825 0.669211788394  9.85675554432 -0.207121602608 -0.241067518754   0.29429482643 1785404706.75
  0.0152128972762   0.0023473396792 -0.00357976522662 0.015803701028 0.373689694654 0.668079143148  9.85882854416  -0.21409924304 -0.162853088669   0.30797591985 1785404706.77
   0.0106420182914 -0.000145372799585   0.00325966196659 0.0111309964829 0.367893430322 0.660350049033  9.85861836439  -0.205012840906 -0.0516981751984   0.337972772795 1785404706.79
 0.00752508193036 0.000408700016994  0.00909393978464 0.0118107423378 0.357502015443 0.647437017498  9.85457128332 -0.117586494453  0.122936186526  0.277075102117 1785404706.81
0.00646993469149 0.00421652309696   0.013090557044 0.0151987435554 0.342725072983 0.631566509946  9.84585810825 0.00105043504848   0.277864640668   0.146026099967 1785404706.83
0.0075647007974 0.0108888170592  0.014601551747 0.0197229903545 0.324340507646  0.61541588666  9.83255059548 0.0875545363109   0.34297021467 0.0042513152977 1785404706.85
0.0103683967446 0.0194876492268 0.0132798515348 0.0257609506856 0.303697341412 0.601675779305  9.81563544438  0.144975808079  0.399867896461 -0.122239033514 1785404706.87
  0.014013582767   0.028675928591 0.00916405765982 0.0332064652638 0.282612805531  0.59261817087  9.79687072458 0.186043365657 0.461897330244 -0.27974483805 1785404706.89
 0.0173976116614  0.0369393631985 0.00271034489543 0.0409211365249 0.263169770498 0.589745808858  9.77851452201   0.15249661583  0.399442781112 -0.406343818292 1785404706.91
  0.0194207484627    0.042839215374 -0.00524392341558 0.0473271864524  0.24744490531 0.593577918661  9.76297288055 0.0483187435865  0.220234080749 -0.431888795851 1785404706.93
 0.0192211145843  0.0452507856437 -0.0135887229848 0.0510072371296 0.237213956994 0.603597605791  9.75242280951 -0.0686710984835  0.0158914946213  -0.355877357155 1785404706.95
  0.016359097372  0.0435477261291 -0.0211104571213 0.0510849872048 0.233684636228 0.618356370168  9.74846709996 -0.186278663689 -0.169270118239 -0.293949607573 1785404706.97
 0.0109160155477  0.0377040002627 -0.0266942529169 0.0474692971302 0.237301009016 0.635707574886   9.7518723005 -0.338921793263 -0.401558850776 -0.221494072974 1785404706.99
0.00349021448907  0.0283005100339 -0.0295206017063 0.0410434695227 0.247650223682 0.653126698369  9.76243025377  -0.446766279139  -0.600473538072 -0.0711645118672 1785404707.01
-0.00490565022528   0.0164389852683  -0.0292144545844 0.0338790495358 0.263486871616 0.668071335405  9.77896756604 -0.440993178355 -0.660162696771 0.0963498467209 1785404707.03
-0.0130237514892 0.00357925616958 -0.0259125683651 0.0292214027188 0.282874310527  0.67833541292  9.79950716083 -0.331421028859  -0.56636083828  0.202571236155 1785404707.05
 -0.0196011399957 -0.00867393509762  -0.0202322740059 0.0294751887299 0.303426462282 0.682356526097  9.82156313483 -0.231787748789 -0.491459336046  0.280295227592 1785404707.07
-0.0235797190191 -0.0188025514139  -0.013147496282 0.0328997833911 0.322618792466 0.679440372941  9.84252656653 -0.122642032498 -0.442735602809  0.377707059037 1785404707.09
 -0.0242875448139  -0.0255917749273 -0.00579930885294 0.0357554997195  0.33812539748 0.669872011894  9.86007914156 0.058209621569 -0.27261220004 0.397950227492 1785404707.11
 -0.0215516201861  -0.0283007146021 0.000717606603854 0.0355797377572 0.348132969065 0.654892407656  9.87255896797   0.228891191204 -0.0313199465543   0.303341490065 1785404707.13
-0.0157252117308 -0.0267633875749 0.00554805170823 0.0315331900737 0.351583799376 0.636533338116  9.87920520162  0.30702362765 0.152026137003 0.165247521539 1785404707.15
-0.00762741691535  -0.0214059917096  0.00821194864358 0.0241625758229 0.348309271792   0.6173249876  9.88022892365   0.37786463535  0.296415152724 0.0679101528362 1785404707.17
0.00159277925252 -0.0131783244016 0.00866045573991 0.0158495638238 0.339031231823 0.599915227603  9.87669471017   0.483143876924   0.475892906994 -0.0254863592256 1785404707.19
  0.0106434053461 -0.00340937593024  0.00724814311537 0.0133207169558 0.325229154426 0.586660879265  9.87024117717   0.47875841097  0.560977895626 -0.115446358739 1785404707.21
 0.0182948034664 0.00639201876419 0.00463298001338 0.0199254169733 0.308893607962 0.579261668113    9.862706421  0.354341469105  0.498173504824 -0.154076223831 1785404707.23
 0.0235687506256  0.0147625433069 0.00162789099696 0.0278580099798 0.292207840342 0.578502635108  9.85574432789 0.169323983597 0.314942967031 -0.12495931911 1785404707.25
   0.0258812115202    0.0205027537635 -0.000965709343832 0.0330322965622 0.277214665727  0.58415109821  9.85051506544  0.0338336841709   0.176744790963 -0.0903846001392 1785404707.27
  0.0251180339034   0.0228558903895 -0.00251092370792 0.0340530775487 0.265529846719 0.595024989491  9.84751024498  -0.110503947775  0.0290696147457 -0.0437702290512 1785404707.29
  0.0216349427063   0.0216197943852 -0.00264764163978 0.0307001019773 0.258152446078  0.60921756892  9.84653843912 -0.255149460718  -0.16229076175  0.033289239134 1785404707.31
 0.0161850434219  0.0171739586077 -0.0013454403262 0.0236370618838 0.255398613087 0.624435589244  9.84685990324 -0.328905411313 -0.311014485149  0.104309788994 1785404707.33
0.00978689387745  0.0104162243623 0.00110987474889 0.0143357191551 0.256954940799 0.638388728117   9.8474288669 -0.286636460447 -0.330316308094  0.125622290602 1785404707.35
0.00355351977299 0.00261754714911 0.00419049509562 0.00608599252392 0.262020807239 0.649160657276  9.84718296765 -0.244728669372  -0.32979603431  0.133111754988 1785404707.37
-0.00149221455602 -0.00478348738969  0.00724475842283 0.00880880130856 0.269494468381 0.655497908316  9.84531460846 -0.208188212717 -0.333255511151   0.13921665942 1785404707.39
-0.00458761784725  -0.0104143096673  0.00963452080954 0.0149106698236 0.278158406363 0.656970664085  9.84146792386 -0.110768086975 -0.240988817086  0.103722383137 1785404707.41
-0.00535732861766  -0.0131924912017   0.0108640214481 0.0179100462325  0.28683262949 0.653985695402  9.83582484553  0.0197754436017 -0.0578533141941  0.0288141452907 1785404707.43
-0.0038735893683 -0.0125032091513  0.0106749081075 0.0168904883523 0.294483117689 0.647659637795  9.82906939641   0.105306410692   0.109103643133 -0.0395709791247 1785404707.45
-0.000635052511456  -0.00829993505358   0.00908953224095 0.012325250908 0.300288742393 0.639584331572  9.82224457989   0.160786333146   0.247208523087 -0.0928571073584 1785404707.47
 0.00353607629582 -0.00111086958141  0.00639568793619 0.0073920694649  0.30367875954 0.631530768079  9.81653573388 0.217075538209 0.427784010076 -0.15727642938 1785404707.49
0.00766166260008 0.00805014331159 0.00307836332208 0.0115317909224 0.304353173544  0.62514313752   9.8130252964  0.202356605123  0.527741146655 -0.185917582171 1785404707.51
   0.0108074080212    0.0178525882219 -0.000284936166619 0.0208709406347 0.302291935312 0.621671005789  9.81246651724  0.128144626067  0.522984416403 -0.172865104762 1785404707.53
  0.0122725488929   0.0268681129054 -0.00314165047415 0.0297048971573 0.297750235984   0.6217783097  9.81511883611 0.0215326275963  0.373145445116 -0.111942522042 1785404707.55
 0.0117276788832  0.0338002415633 -0.0050691846656 0.0361343522828  0.29123103169 0.625454858798   9.8206764251 -0.0651629979461   0.234769488168 -0.0587062611954 1785404707.57
 0.00927034330976   0.0376844701992 -0.00584637970209 0.0392458751323  0.28342620934 0.632040706324  9.82830476093  -0.161677514371   0.107735209585 -0.0104500108917 1785404707.59
 0.00538798205724   0.0380247533571 -0.00547895037198 0.0387934416583  0.27512526555 0.640357075044  9.83677983026  -0.233515364572 -0.0786375786276  0.0462359750848 1785404707.61
0.000840515167615   0.0348456793789 -0.00417727615224 0.0351052342704 0.267102102228 0.648920970086  9.84470370832  -0.24703468869 -0.260189344898 0.0884204827859 1785404707.63
 -0.0035063890894   0.0286567548214 -0.00229541127051 0.0289615827302 0.260001205203 0.656206579062  9.85075300416 -0.180915403127 -0.340883221354 0.0923538286926 1785404707.65
 -0.00685684710025    0.0203422064825 -0.000247920973052 0.0214681899922 0.254248892644 0.660908020893   9.8539079085 -0.110758053521  -0.38160509965 0.0836708009057 1785404707.67
-0.00863036024297   0.0110026568981  0.00157542932848 0.0140720842205 0.250010967014 0.662157553947  9.85361336312 -0.0428906890393   -0.47016311886  0.0791957408188 1785404707.69
-0.00855007822334  0.00178118907721  0.00287855463679 0.00919578974047 0.247206205479  0.65966203604   9.8498410225 0.0549459795473 -0.483057584189 0.0537076910551 1785404707.71
-0.00666279745969 -0.00629517149007  0.00349865018952 0.00981135093791 0.245569952838 0.653736863932  9.84304699026  0.147950285792 -0.400339073649 0.0150220717616 1785404707.73
-0.00329614258406  -0.0124354494077  0.00341201084325 0.0133096497287 0.244748959636   0.6452370658  9.83404725901   0.182817298642   -0.23431865952 -0.0187381318533 1785404707.75
0.00102957422251 -0.0161545569777 0.00271020907417 0.0164126465705 0.244401719086 0.635404770096  9.82385102638  0.193566166825 -0.104379820157 -0.039854095107 1785404707.77
0.00571160036251 -0.0172928405737 0.00155737141954 0.0182781322773 0.244279475013 0.625666532061  9.81349580654   0.229771959359  0.0040403883319 -0.0645233143811 1785404707.79
  0.0101740983409  -0.0159937565534 0.000142293449462 0.0189560748354 0.244270481431 0.617420262309  9.80391788812   0.230322400049   0.129612196998 -0.0815346210725 1785404707.81
 0.0139578515863 -0.0126523247668 -0.0013618191093 0.0188880251534 0.244400755152  0.61184907695  9.79587320864   0.183291887246   0.226118744635 -0.0822586112602 1785404707.83
  0.0167776779512 -0.00784722506197   -0.002821292644 0.0187357708886 0.244795056204 0.609789407579  9.78990541031   0.109724018299   0.248605845272 -0.0666635513226 1785404707.85
  0.0185414926725 -0.00226699633726 -0.00414664049597 0.0191342846827  0.24561000496 0.611665895561  9.78634615378  0.0555548512692   0.243855142488 -0.0534997164341 1785404707.87
   0.019331505922  0.00336267055437 -0.00528064712227 0.0203199386933 0.246956473233 0.617489920033  9.78532983251  0.0202180434204   0.263989103105 -0.0504977111272 1785404707.89
  0.0193543736063  0.00834687485618 -0.00617693718308 0.0219639853059 0.248830698734 0.626906419006  9.78680892952 -0.0127060400726   0.241514596871 -0.0414767768017 1785404707.91
  0.0188727129821   0.0120833412977 -0.00677830117163 0.0234122147392 0.251072692236 0.639268190128  9.79056410625 -0.0338728558801    0.16018412091 -0.0229537049901 1785404707.93
  0.018134094295  0.0141175535799 -0.0070038509637 0.0240250832112 0.253365804227 0.653718790681   9.7962117007  -0.0383346180909   0.0518013535087 0.000658824771694 1785404707.95
  0.0173140584913   0.0141895423321 -0.00675151389057 0.0233816738676 0.255282651168 0.669272290141  9.80321808278 -0.0358591231743 -0.0402382611547  0.0236313510497 1785404707.97
  0.0164861219483   0.0122683298457 -0.00591782850699 0.0213851543912 0.256371171969 0.684886544563  9.81093268636 -0.0408717466097  -0.136007880854  0.0561300950037 1785404707.99
   0.015624620517   0.0085676421743 -0.00443137046964 0.0183621976617 0.256263077181 0.699532739577  9.81864741604 -0.0509466972953  -0.240661083899  0.0999538516889 1785404708.01
 0.0146374641984 0.00353567392375 -0.0022908914853 0.0152316949829 0.254778858423 0.712265842873  9.82567969489 -0.0615043759364  -0.299739357097   0.134768251776 1785404708.03
  0.0134179700205 -0.00218638940614 0.000403837191037 0.0136009302102 0.252001848905 0.722298391759   9.8314635762 -0.068095881128 -0.282933328854  0.142569501831 1785404708.05
   0.011900172468 -0.00783756992746  0.00344006186909 0.0146586367988 0.248299629444 0.729074958716  9.83562475967 -0.0719230850053  -0.226614356102   0.132344638279 1785404708.07
  0.010101534109 -0.0126357741701 0.00650636339733 0.0174366437393 0.244282767483 0.732338448211  9.83801674737 -0.0898760290106  -0.192474495648   0.138505541403 1785404708.09
0.00814060966811 -0.0158888819595 0.00923382341788 0.0200994922972 0.240704990093 0.732174189169  9.83870735342 -0.106985085206 -0.123173224611  0.131073101273 1785404708.11
0.00622377165703 -0.0171002890562  0.0112572158139 0.0213981337346 0.238321865051 0.729015910478  9.83792182776  -0.0991460949543 -0.00450557880891   0.0854748074373 1785404708.13
0.00460297693272 -0.0160496455589  0.0122836508163 0.0207284007243 0.237734610118 0.723601029032  9.83596272666 -0.0678527214473   0.106867175998  0.0224449753359 1785404708.15
0.00351411415861  -0.012832612851  0.0121535423639 0.0180203646715 0.239250725769 0.716871819603  9.83313159883 -0.032289116359  0.177465723588  -0.03038356053 1785404708.17
 0.00311118776885 -0.00785055331791   0.0108799002196 0.0137725417232 0.242792993124 0.709832535451  9.82967316943 -0.00237763566662    0.263332481298  -0.0831029156474 1785404708.19
 0.00341405492371 -0.00175065989612  0.00865628066232 0.00946846217708 0.247881978006 0.703386919573  9.82575287977 0.0325147864558  0.346735111436 -0.139809097051 1785404708.21
0.00428558882784 0.00467316670139 0.00583013764901 0.00861366725772 0.253703933025 0.698191000653  9.82146818327 0.0569612440479  0.345944376783 -0.162752358413 1785404708.23
 0.0054477797607  0.0106008201855 0.00284542594673 0.0122536583004 0.259257145784 0.694558014416  9.81688594309 0.0567860583774  0.268262652535 -0.142928385316 1785404708.25
0.00653646348152  0.0153065091515 0.00016477032134 0.0166445704814 0.263549359881 0.692443233021  9.81209334846 0.0378460963069  0.166987399665 -0.101594705003 1785404708.27
 0.00718346687193   0.0182591497259 -0.00181388207312 0.0197050479113 0.265803003473   0.6915174771  9.80724748208  0.0134920252484  0.0919156608061 -0.0709122184191 1785404708.29
 0.00710616268301   0.0191876372699 -0.00282948987794 0.0206559672988 0.265619528255 0.691313867977  9.80260869395  -0.0274862978009 -0.00427097694481  -0.0271457850597 1785404708.31
 0.00618071567786   0.0181033365544 -0.00280421072996 0.0193337952434 0.263062216836 0.691409994619   9.7985455729 -0.0733644476226  -0.109104025872   0.027227573376 1785404708.33
 0.00447835258051   0.0152796863386 -0.00185423694955 0.0160300546196 0.258636845322 0.691594209502  9.79550489537 -0.103159020207 -0.181454896331  0.066740565186 1785404708.35
  0.00225335716841    0.0111951822335 -0.000263336203584 0.0114227435288 0.253175887071 0.691965142981  9.79394787083 -0.0997526706803  -0.191721423335   0.074456933235 1785404708.37
-0.000115431538439   0.00645058107483   0.00157463442911 0.00664099346697 0.247656680116 0.692928937948  9.79426248271 -0.102178531815 -0.217723677227 0.0799205601464 1785404708.39
-0.00221500956991  0.00167391372253  0.00323166775002 0.00426050830204 0.242999895702 0.695086077065  9.79666853758 -0.0988311224042  -0.248964206312  0.0758777562588 1785404708.41
-0.00369717563524 -0.00257214430338  0.00432452433167 0.00624392061852 0.239897316243 0.699032118247  9.80113566265 -0.0600520054839  -0.211051534879  0.0377935990441 1785404708.43
-0.00436064650844 -0.00586688305055  0.00458201969073 0.00862730891685 0.238706966662 0.705124996748  9.80733439596 -0.0131758674563  -0.142961695462 -0.0114892962519 1785404708.45
-0.00419570188362 -0.00798128779531  0.00388981171969 0.009820158063 0.239432697128 0.713286773473  9.81463667088  0.0213992856098  -0.066126128185 -0.0496913780755 1785404708.47
-0.00338086597531 -0.00889451183724  0.00230686687533 0.0097910280536 0.241781047729 0.722903811777  9.82217446318  0.0445663025384 -0.0180568442394 -0.0871582253878 1785404708.49
-0.00223369414734  -0.0087762307471 5.27172615111e-05 0.00905617992201 0.245268351899  0.73286572391   9.8289545218 0.0614974627266 0.0260836482413 -0.132152079825 1785404708.51
-0.00112942142361 -0.00793957995684 -0.00253126899119 0.00840950922165   0.2493417225 0.741745612031  9.83401425458 0.0508784517557  0.055832166695 -0.142009864014 1785404708.53
-0.000409068427271  -0.00677395269336  -0.00504010379422 0.00845318983145 0.253481001784  0.74808272709  9.83659155371 0.0219059828339  0.059994021926 -0.120060427859 1785404708.55
-0.000300611131872   -0.0056697131724  -0.00707374120048 0.00907049221825 0.257262200386 0.750696365624  9.83627310998 -0.0101248561647  0.0398996774732  -0.071321613951 1785404708.57
-0.000872552388695  -0.00494747138103  -0.00830498219164 0.00970626343866 0.260380046621 0.748947418851  9.83308506532 -0.0392455548769  0.0196680581797 -0.0331670043636 1785404708.59
-0.00202994773989 -0.00480304959419 -0.00853522938695 0.0100020054948 0.262641065897 0.742876468165    9.827498883   -0.073525220051 -0.00902063168606   0.0158329716513 1785404708.61
-0.00355127784016  -0.0052761177376 -0.00772814360339 0.0100086560653   0.2639445747 0.733181544505  9.82034360089 -0.0873342337789 -0.0403524281786  0.0704599119568 1785404708.63
-0.00515376305905 -0.00624639578108 -0.00601498339825 0.0100875546692 0.264266468186 0.721044034354  9.81263928264 -0.0801790746805 -0.0579718896468   0.107851174782 1785404708.65
-0.00656769651419 -0.00745707943111 -0.00367067226285 0.010593229253 0.263652568084 0.707853394216  9.80538884179  -0.053449849557 -0.0506027581533   0.108197517288 1785404708.67
-0.00759897378603 -0.00856135846248 -0.00106518967391 0.0114967773904 0.262219239009 0.694907473347  9.79937923639 -0.0358815814134 -0.0388489209486   0.114024369459 1785404708.69
-0.00816354122206 -0.00918489750546   0.0014005977147 0.012367999896 0.260153252233 0.683168279396  9.79504312522 -0.0187789436307 -0.0118422345576   0.120927864391 1785404708.71
-0.00828662551427 -0.00899500016352  0.00336297500756 0.0126841551259 0.257702530467 0.673133429738  9.79241723558 0.00259723295479  0.0396522217642  0.0881531544811 1785404708.73
 -0.0080705950106 -0.00776587816713  0.00455530192489 0.0120910770057 0.255153616485 0.664848263399  9.79120733647 0.0175138711062 0.0972919343674 0.0405637133855 1785404708.75
-0.00764473062016 -0.00542918678454  0.00484966178002 0.0105563817086 0.252797622204 0.658043248545  9.79093926383  0.0214811320626   0.127371587256 -0.0063333346624 1785404708.76
-0.00711508169354 -0.00210019688541   0.0042735855985 0.00856146881855 0.250890937617 0.652346985821   9.7911504084  0.0246566874614    0.16292118289 -0.0409712130596 1785404708.79
-0.00653144488438  0.00192694445787    0.002999751197 0.00744119576851 0.249618335264 0.647505684555  9.79156484763  0.0326382681108   0.220098601543 -0.0783944457601 1785404708.81
-0.00588180408703  0.00621650287283  0.00131135383724 0.0086579545028  0.24906442705 0.643540338266  9.79220170209  0.0394351029704   0.231834110248 -0.0960149251282 1785404708.83
 -0.00511456366105    0.0102566145486 -0.000450011433915 0.0114699352105 0.249196328182 0.640792683696  9.79338781547  0.0468992481727   0.201764647159 -0.0896653803025 1785404708.85
 -0.0041788720156   0.0135426648459 -0.00194443506694 0.014305508386 0.249857928061 0.639844899006  9.79567482808  0.0464009707451   0.122513741295 -0.0553148200833 1785404708.86
-0.00306655290427   0.0156640328848 -0.00289145489341 0.0162211647033 0.250775750597 0.641336309239  9.79968757569  0.0514622252847  0.0623331762667 -0.0257612167469 1785404708.89
-0.00183797672049   0.0163780540706 -0.00311625207923 0.0167728900487  0.25157788864 0.645731928952  9.80594740336    0.0641335897621 -0.000190575326032   0.00823109650932 1785404708.91
-0.000619301367939    0.0156567607867  -0.00257736732007 0.0158795628031 0.251829201809  0.65311295967  9.81471613785 0.0632475593859 -0.074726098131 0.0486123830947 1785404708.93
0.000431411644621   0.0136968037692 -0.00137198909633 0.0137721059965 0.251085464934 0.663053621106  9.82589488543 0.0500488670586 -0.132608532516 0.0795436141449 1785404708.95
 0.00117977368395   0.0108899655216 0.000281936799192 0.0109573127803 0.248964919296 0.674623703096  9.83899226115 0.0259140640289 -0.134748428171  0.078436143139 1785404708.96
 0.0015732839485 0.00775927509953  0.0020842059402 0.00818690948123 0.245228339701 0.686519889445  9.85315759299 0.0109227964298 -0.131498928655  0.074811227514 1785404708.99
0.00167963378897 0.00487217797886 0.00370552418197 0.00634745597747 0.239851123784 0.697292684224  9.86726325092 0.00298142360753  -0.131252022712  0.0723185945522 1785404709.01
0.00168715839868 0.00274614919389 0.00484638980844 0.0058202519733 0.233066839496 0.705610734509  9.88001879726  0.0050662486328 -0.0867047120264  0.0442100974324 1785404709.03
0.00186130736148 0.00176298300467 0.00529087992024 0.00587928435262 0.225364123847 0.710497417701  9.89010485969  0.0217202021687 -0.0178468369536 0.00274364614048 1785404709.05
0.00246627921989 0.00210596904477  0.0049448065643 0.00591343815105 0.217428539508 0.711486448707  9.89632021991  0.0408921847883  0.0443657053738 -0.0324845135116 1785404709.06
0.00367430656017 0.00372998449183 0.00385064391252 0.00649929008034 0.210035779626 0.708668691122  9.89773621026  0.0653613611502  0.0921068361225 -0.0598048678037 1785404709.09
0.00549144628394 0.00636901623514 0.00217681469318 0.00868670664299 0.203917736653 0.702632350485  9.89384656773   0.105960441382   0.152999138526 -0.0958796021056 1785404709.11
  0.0077254460149  0.00957953398916 0.000184920799927 0.012307891098 0.199632739047 0.694323926274  9.88469141815  0.126859894167  0.180928998142 -0.112138283227 1785404709.13
  0.0100091640774   0.0128122358171 -0.00181663903614 0.0163596127567 0.197471577463 0.684871094971  9.87092695341   0.111801614694   0.159465483073 -0.0998481609872 1785404709.15
  0.0118762266065    0.015499897787 -0.00352207225083 0.0198417887993 0.197421339898 0.675409036439  9.85381322442  0.0650772661325  0.0985960132153 -0.0649342436219 1785404709.17
  0.0128698737495   0.0171463848279 -0.00467106162974 0.0219419912438 0.199193086472 0.666941037921  9.83510364469  0.0174006123953  0.0424243430527 -0.0347244252436 1785404709.19
  0.0126564261267   0.0174020982005 -0.00507902779344 0.0221091534756 0.202302725687  0.66024788092  9.81683925837 -0.0458183898728 -0.0269318370824 0.00046832140926 1785404709.21
  0.0111141428641   0.0161143743558 -0.00465311585808 0.0201208528564 0.206182326311 0.655844673126  9.80107323809 -0.120502052858 -0.114160396382 0.0473805948237 1785404709.23
 0.00837589666114   0.0133468399794 -0.00339595246462 0.016119127627 0.210294371932 0.653973335415  9.78956998573   -0.1745373134  -0.18698837661 0.0901340413714 1785404709.25
 0.00481694014294  0.00936794466071 -0.00140113311847 0.0106265927523 0.214224227925 0.654616158271  9.78353306362  -0.16920926277 -0.200142115734  0.104319779797 1785404709.26
0.000992831921359  0.00461408993115  0.00115580596323 0.00485915924224 0.217734324923 0.657519838182  9.78341372165 -0.159386003737 -0.213267211395  0.118993185848 1785404709.29
 -0.00245652374031 -0.000364348785312   0.00402903401867 0.00473290334231 0.220774219838  0.66222683872   9.7888369408 -0.152990527643  -0.24807072752  0.149195744258 1785404709.31
  -0.004915187324 -0.00496563147366   0.0069172824545 0.00983185429701 0.223450765217 0.668117564336  9.79865829313 -0.0956787478754  -0.229497389264   0.151997473651 1785404709.33
-0.00589055785572 -0.00860130716565  0.00948442010559 0.0140938064961 0.225969918723 0.674469476543  9.81113922524 -0.00478753337279   -0.160997609154    0.124258833433 1785404709.35
-0.00508746097164  -0.0107589373849   0.0113885875753 0.0164723076632 0.228565237647 0.680536946351    9.824208132  0.0806289670035 -0.0576032958605  0.0664371675047 1785404709.36
-0.00244802354944  -0.0110607374365   0.0123210213526 0.0167373922434 0.231427927859 0.685649526317  9.83576478798  0.150627337475 0.0313569206024 0.0144219754914 1785404709.39
0.00184412646583 -0.0093159507361  0.0120522598264 0.0153442076193 0.234650418793 0.689318754356  9.84398637202   0.247557429909   0.138331154599 -0.0463376664942 1785404709.41
 0.00739116937463 -0.00556275291624   0.0104793265166 0.0139781933372 0.238191230833 0.691336838292  9.84759995171 0.329136762532 0.257518045657 -0.12251285044 1785404709.43
   0.0136327875702 -9.24506166861e-05   0.00766422834777 0.0156397519232 0.241864706608  0.69184634769  9.84609302204  0.350667520981  0.339267860119 -0.185542548835 1785404709.45
 0.0199145436068 0.00655350571334 0.00385305337743 0.0213162732327  0.24535575697 0.691359698444  9.83983701906  0.281648560916  0.323706051499 -0.193476428507 1785404709.46
   0.0255659912941    0.0136226922785 -0.000533199076085 0.0289738150236 0.248257174669 0.690711857651   9.8300995002  0.218316701466  0.296604898425 -0.190682159209 1785404709.49
  0.0299823573245   0.0202316294898 -0.00494037582577 0.0365057241518 0.250124807158 0.690939852469  9.81892339735  0.178922940701  0.297309609638 -0.206067623765 1785404709.51
   0.032703492455   0.0254828130413 -0.00875354185655 0.0423735374295 0.250543396253 0.693097582407  9.80886192518 0.0978226145407  0.234023503086 -0.180292649984 1785404709.53
 0.0334824691981  0.0286050352273 -0.0113912813541 0.0454871968234 0.249193150514 0.698031561045   9.8025787555 -0.010324528564  0.100981955945 -0.102179862149 1785404709.55
0.0323342905408 0.0290938962213 -0.012407461788 0.0452316951941 0.245905007339  0.70615841579  9.80235383499  -0.0931883125241  -0.0422443060124 -0.00453222597871 1785404709.56
 0.0295539578065  0.0268241548475 -0.0115823450283 0.0415586624144 0.240692692928 0.717293512961  9.80956926702 -0.144374998968 -0.151923043963 0.0744277025918 1785404709.59
   0.025694175953   0.0221066309216 -0.00898437276813 0.035065834692 0.233753515548 0.730578018293  9.82427628953 -0.200073836893 -0.276989297665  0.163785031192 1785404709.61
  0.0214974433808   0.0156704312669 -0.00498709755864 0.0270660974294 0.225437254343   0.7445373028  9.84495182127 -0.219506507606 -0.375839020298  0.242902095559 1785404709.63
   0.0177853446103   0.00856513069026 -0.000232597125982 0.0197416830101 0.216191286585 0.757278244929  9.86853318282 -0.17386390343 -0.38480173743 0.265741949268 1785404709.65
 0.0153182192815 0.00199435404522 0.00445752564784 0.0160777742525 0.206496519102 0.766801444788  9.89077197149 -0.0774479049749  -0.282852547856   0.208471153468 1785404709.66
  0.0146483039895 -0.00289186007813  0.00821156255673 0.0170401122092 0.196809526779 0.771374207734  9.90688115458 0.0147127823408 -0.156422781526  0.125943420865 1785404709.69
  0.0159956001436 -0.00520739720413   0.0102559980936 0.0197018198777 0.187520936322 0.769889917148  9.91237845651   0.108378219545 -0.0385291390886  0.0441433936367 1785404709.71
  0.0191753893993 -0.00450126743092   0.0100554839102 0.0221149208402 0.178931367979  0.76213587332  9.90397181181   0.210788270679   0.120707390699 -0.0787020422023 1785404709.73
   0.0235985046402 -0.000853612429692   0.00741730071909 0.0247514529955 0.171239071613  0.74890718012  9.88030511533  0.264274883734  0.277257808036 -0.216475356447 1785404709.75
 0.0283513766114  0.0051255047582 0.00253916198643 0.0289226329781 0.164531719465 0.731935678875  9.84239539383   0.21755223534   0.32956391755 -0.284212120043 1785404709.76
  0.0323456076083   0.0123971340721 -0.00400999017925 0.0348712960183 0.158779154586 0.713642628029  9.79364764591  0.131980782751  0.311801599002 -0.298128002507 1785404709.79
 0.0345105053994  0.0196763065076 -0.0113735359417 0.0413217780416 0.153831241485 0.696761908749  9.73942134959 0.0391421521127  0.315583505982 -0.345699353882 1785404709.81
 0.0339908026825  0.0256615153465 -0.0185401793345 0.0464502560448 0.149430879899 0.683907378372  9.68622243176 -0.116165422477  0.265124181239 -0.362991966679 1785404709.83
 0.0303089121788  0.0292655968382 -0.0245026113051 0.0487389297844 0.145253131016 0.677166838192   9.6406795482 -0.297207449953  0.116844389161 -0.278612414563 1785404709.85
 0.0234579218539  0.0298024210563 -0.0284140615686 0.0473900547937  0.14097579002 0.677794337759  9.60850935971  -0.408562831951 -0.0541077202458  -0.129870461231 1785404709.86
0.0139069950146  0.027093420918 -0.029716312554 0.042550172728 0.136375634088 0.686046685667  9.59366915183   -0.45188534227  -0.179717230265 0.00421375448385 1785404709.89
0.00252111554498  0.0214757406167 -0.0282188293865 0.0355508901516 0.131431378454 0.701178019444  9.59784079649 -0.555185716384 -0.316176023433  0.132311644564 1785404709.91
-0.00958344181551   0.0137157120065   -0.024118080761 0.0293537890649 0.126404057134 0.721577666482  9.62030738519 -0.653036652082 -0.457382225819  0.282345013144 1785404709.93
-0.0212136605593  0.0048520722678 -0.0179569311457 0.0282137090045 0.121862962114 0.745017451881  9.65819942203 -0.615265998344 -0.502461577041  0.385437328806 1785404709.95
 -0.0312674292282 -0.00399267841532  -0.0105340078417 0.0332349053358 0.118633156649  0.76896598281  9.70702361737 -0.456495275418 -0.430419797619  0.392495903015 1785404709.96
 -0.0388649467471  -0.0117909543697 -0.00278030635964 0.0407092224693 0.117658244283 0.790926172488  9.76135494931 -0.262104107626 -0.296388380349  0.321346411294 1785404709.98
-0.0434287657668 -0.0177447667447 0.00437610512295 0.0471177751905 0.119795433751 0.808754368833  9.81557048369 -0.135415730695  -0.22155855472  0.299126096331 1785404710.01
-0.0447125193464 -0.0213583785313  0.0101366683202 0.0505780759264 0.125582622325 0.820922766428  9.86452237345 0.0177750933003 -0.130752279988  0.265605394173 1785404710.03
-0.0427891969658 -0.0224493878419  0.0139329001638 0.0502893239011 0.135032325917 0.826691822805  9.90407631638    0.19403075259 0.00709366028101    0.15502167637 1785404710.05
-0.0380135773403 -0.0211134688034  0.0154888158835 0.046159658194 0.147509296723 0.826168221432  9.93147163524  0.309058864655  0.125118611436 0.0236957981382 1785404710.06
-0.0309707259248 -0.0176648278274  0.0148390320892 0.0386190222537 0.161735224202 0.820238036032  9.94548540789   0.332903101799   0.182297079927 -0.0680110459266 1785404710.08
-0.0224165227314 -0.0125725525568  0.0123023871852 0.0284941801008 0.175936989358 0.810383489935   9.9464050252  0.403455906463  0.255793403662 -0.145898782519 1785404710.11
 -0.0132109107063 -0.00640500113913  0.00841668115412 0.016923141639  0.18812081951 0.798411927094  9.93583247596  0.500479316194  0.352161641302 -0.232892189705 1785404710.13
 -0.0042427081458 0.000215429215997  0.00384541536404 0.00573011356603 0.196422341757   0.7861427194  9.91636031088  0.486899508032  0.376990666336 -0.264036445964 1785404710.15
  0.00365300245572   0.00665218572412 -0.000728301789824 0.00762406881834  0.19946087728 0.775107363786  9.89117223068  0.367268534696  0.316433507323 -0.223907499725 1785404710.16
 0.00977920813281   0.0122965190134 -0.00470313132238 0.016399900481 0.196621493306 0.766316965872  9.86362730598  0.216798704632  0.216023238584 -0.149830720489 1785404710.18
  0.0136527252698   0.0166161405868 -0.00763916261102 0.0228221348846 0.188201934303  0.76013889306  9.83688288899  0.119194250097  0.156054364026 -0.103843277902 1785404710.21
  0.0150590113434   0.0192090700093 -0.00930295112594 0.0261210086504 0.175390239431 0.756302482536  9.81359701952  0.0114071080223   0.087427427786 -0.0548854284236 1785404710.23
  0.0140752771321   0.0198547022237 -0.00967227564449 0.0261892257022   0.1600753133 0.754026866786  9.79573031897  -0.113607846809 -0.0186987194809  0.0113292448848 1785404710.25
   0.011056047026   0.0185502219723 -0.00890376599664 0.0233585949917 0.144527912314 0.752238715791  9.78444664147 -0.196802521369 -0.113822721041 0.0629728799115 1785404710.26
 0.00658188622267   0.0155208240944 -0.00727454007388 0.0183612673883 0.131015372934 0.749830549479  9.78009760976 -0.209360986351 -0.159080837352 0.0819898353118 1785404710.28
0.00137837049259  0.0111967369062 -0.0051137995898 0.0123861926679 0.121424859209 0.745905473234  9.78227196338 -0.234385448913 -0.211744416768  0.102529918631 1785404710.31
 -0.0037828549889  0.00615729025319 -0.00274057229566 0.00772870957125 0.116965498456 0.739961981861  9.78989518343 -0.264857422691 -0.280970418504  0.129985636949 1785404710.33
 -0.00818649505243   0.00104997851891 -0.000419594203469 0.00826421293465 0.118001360943  0.73198932684  9.80137298324 -0.211270865175 -0.272742394064  0.124252229793 1785404710.35
 -0.0112647469141 -0.00350153854052  0.00165966412129 0.011912589147 0.124039352351 0.722464393547  9.81477734041 -0.120493004369 -0.216183466823  0.102327856932 1785404710.36
 -0.0126642639738 -0.00698384563648  0.00338312031894 0.014852716417 0.133865053619 0.712259968395  9.82807115162 -0.0226203938833  -0.123840808134  0.0677226140192 1785404710.38
 -0.0122798942999 -0.00905920801682  0.00469888770566 0.015966984674 0.145792018862 0.702488298099  9.83935734278  0.0535086074629 -0.0580111744581   0.049168155071 1785404710.41
-0.0102515502409  -0.009599581009  0.0056001221918 0.015119775344 0.157971264939  0.69431155158  9.84712501906  0.143682940954 0.0100173797785 0.0379189870091 1785404710.43
-0.00692663676304 -0.00868598616151  0.00611165182122 0.0126797847154 0.168700397771 0.688752362726  9.85045546022  0.211010697738 0.0855337823322 0.0193611954144 1785404710.45
-0.00279602714313 -0.00657746366301  0.00628420049286 0.00951693080031 0.176676348391 0.686534202447  9.84914939931   0.232581796919   0.137366696658 0.00228808936409 1785404710.46
 0.00158449697064 -0.00365916832237  0.00619538251223 0.00736769352879 0.181150592812 0.687974391693  9.84374587022    0.188824786408    0.138139295924 -0.00738713484267 1785404710.48
  0.00567386595234 -0.000381110466893   0.00595284440561 0.0082325182387 0.181968149809 0.692943414201  9.83542079621   0.161691927094   0.140625672447 -0.0109316367506 1785404710.51
0.00901396080574 0.00280233761989 0.00569309274825 0.0110234246305 0.179497291577 0.700893681202  9.82577681578   0.149067325995   0.156062438558 -0.0101778252788 1785404710.53
 0.0112773818206 0.00548535520601 0.00557025482688 0.0137221062997 0.174480181487 0.710949824373  9.81655910502  0.0927722065365   0.128832752441 0.00110756125251 1785404710.55
 0.0122906128263 0.00735262390019 0.00573221106775 0.0154265513187 0.167849645903 0.722042367582   9.8093489807 0.0207382961794 0.0746732386079 0.0196330816149 1785404710.56
 0.0120338544945 0.00820921757127 0.00628641249088 0.0158658088081 0.160559543579 0.733059559453  9.80529305794 -0.0374650278067   0.014504892481    0.03439113635 1785404710.58
 0.0106232540903 0.00799815549613 0.00726276809622 0.0151516276099 0.153464804659    0.742990555  9.80491898403  -0.081959542917 -0.0306837741584  0.0502207101339 1785404710.61
0.00828349037361 0.00680516721176 0.00858444811567 0.0137338728333 0.147265863444 0.751037804662  9.80807097508  -0.140749033139 -0.0835268935356  0.0741531846765 1785404710.63
0.00531806456543 0.00484981414876  0.0100577904833 0.0123677668722 0.142508246644  0.75668585121  9.81397375407 -0.179174374262 -0.125470368421 0.0810277491223 1785404710.65
0.00208157586533 0.00246215498428  0.0113891302859 0.0118366994521 0.139609783394 0.759724453855  9.82140749842 -0.176249241609 -0.133067389891 0.0601566923938 1785404710.66
-0.00104594604114 4.50145767289e-05    0.012229929353 0.0122746568755 0.138881474148 0.760232688727  9.82895463191  -0.127752246035 -0.0983116695359  0.0189300196332 1785404710.68
-0.00368604739451 -0.00197631627181    0.012243762787 0.0129384117489 0.140515588552 0.758535318087  9.83526640113 -0.0965675380081 -0.0707156449632 -0.0227529415933 1785404710.71
-0.00549459183052 -0.00321269357964   0.0111817533313 0.0128663727205  0.14453339932 0.755142898066  9.83929593694 -0.0663545608457 -0.0367827639834  -0.086882521831 1785404710.73
 -0.0062023229614 -0.00337118000257  0.00894903271736 0.0113981950897 0.150708316545  0.75068399372  9.84045497571 -0.00480636288375   0.0262564360874   -0.160610270369 1785404710.75
-0.00566027900929 -0.00230756949206   0.0056451213246 0.00832051862525  0.15849909723 0.745833792813  9.83867056884 0.0643747284343 0.0917923426425 -0.204766987945 1785404710.76
 -0.00388124041556 -6.15333519061e-05   0.00156599447789 0.00418570809081   0.1670341821 0.741240916088  9.83434053004  0.100911001714  0.119487958173 -0.186217804479 1785404710.78
-0.00106439752277  0.00313437921028 -0.00283596543035 0.00435889608072 0.175178118734 0.737454912424   9.8282062752  0.135851723867  0.149848434241 -0.185592723305 1785404710.81
 0.00240946283569  0.00687729676111 -0.00702799840394 0.0101240053073 0.181686715985 0.734860489346  9.82117520888  0.186997209973  0.198334249765 -0.202140741827 1785404710.83
0.00601989337926  0.0106481678993 -0.0104939610681 0.0161166316211 0.185427103212 0.733628773294  9.81413081951  0.195707116646  0.202603794963 -0.167650789028 1785404710.85
0.00918447905526  0.0138910631511 -0.0128317567667 0.0210230890382 0.185613171529 0.733697861185  9.80776797546   0.146847078143   0.150046353564 -0.0917275723972 1785404710.86
0.0113605172699 0.0161051449851 -0.013829965235 0.0240770634844 0.181995431378 0.734792406189  9.80248465053  0.0658997378227  0.0675835321761 -0.0149970232159 1785404710.88
 0.0121503807898  0.0169327461977 -0.0135067169204 0.02483507699 0.174951511775 0.736484620237   9.7983500136 0.000566854338821  0.00264194276118    0.037710463782 1785404710.91
 0.0113864902641  0.0162261975368 -0.0121020898497 0.0232250344622 0.165447285289 0.738288589971  9.79515311057 -0.0782485048801 -0.0750328095221  0.0915310758892 1785404710.93
0.00917439204447  0.0140790584881 -0.0100255583716 0.0195678608427 0.154871579015 0.739769372215   9.7925181556 -0.155626675255 -0.152995085337  0.122459851061 1785404710.95
 0.00588102980611    0.010813832393 -0.00776994135004 0.0145566984989   0.1447797314 0.740641549937  9.79005557859 -0.195994340977 -0.197253683794   0.11624462138 1785404710.96
 0.00206779906398  0.00692680277689 -0.00581062437812 0.00927468303192 0.136603618367 0.740831647539  9.78750748191 -0.173450672813 -0.180723678632 0.0753494826444 1785404710.98
-0.00161886542577  0.00299945707996 -0.00451187831434 0.00565460113223  0.13139233572 0.740486125214  9.78484632719 -0.144753856386 -0.159780151473 0.0381383914011 1785404711.01
 -0.00457621127825 -0.000406894613803  -0.00406012271115 0.00613122086696 0.129637617358 0.739920284733  9.78229792818 -0.121470226392 -0.149779245377 0.0019060369959 1785404711.03
-0.00636507041758 -0.00285286593942 -0.00443740374907 0.00826701382128 0.131215296077 0.739519692134  9.78028160327 -0.0636445967535  -0.105926573004 -0.0395517839051 1785404711.05
-0.00679461249847 -0.00409907982344 -0.00543874289499 0.00962024629004 0.135445849529 0.739619745264  9.77928543191  0.0113875707498 -0.0357886983157 -0.0633981975551 1785404711.06
 -0.0059538470946 -0.00414525285581 -0.00672681367173 0.00989350487131 0.141251197866 0.740396270152  9.77971488278  0.0602939811188  0.0202385048761 -0.0570693393735 1785404711.08
-0.00418440584449 -0.00322292802331 -0.00790935051795 0.0095107488102 0.147367686888 0.741797981342  9.78176155453  0.0853322382608  0.0518621396018 -0.0409093286922 1785404711.11
-0.00200290902763 -0.00174400210037 -0.00862094216664 0.00902074452247 0.152569602539 0.743540576285  9.78533232679   0.105348598073  0.0755674085733 -0.0171599755439 1785404711.13
  7.5315124442e-06 -0.000216017169625  -0.00859216494399 0.0085948832782 0.155862872497 0.745165195612  9.79006028896 0.0937476056257  0.073617165848 0.0262088139819 1785404711.15
   0.001311389651 0.000858616642434  -0.0076943709015 0.00785240784252 0.156621189496 0.746145913049  9.79539406642  0.041963641703 0.0360454204376 0.0733346238758 1785404711.16
  0.0015162522064   0.0010799254495 -0.00595556191969 0.00623970972956 0.154651926635 0.746017270875  9.80073938332  -0.020717801683 -0.0149129195159  0.0977639545771 1785404711.18
0.000432947399008 0.000226303484707  -0.0035491440219 0.0035826079894 0.150192876548 0.744487969753  9.80561206138  -0.073848470366 -0.0600740494066   0.112088653958 1785404711.21
  -0.0019058850765  -0.00170390532168 -0.000761374960946 0.00266746754455  0.14385067907 0.741512344946  9.80975864239 -0.142775419544 -0.118218472327  0.140438615822 1785404711.23
-0.00526461801278 -0.00449129763401  0.00205516939947 0.00721884190977 0.136497257542 0.737305344734  9.81321009617 -0.207332428953  -0.17022299164  0.149516814366 1785404711.25
-0.00925008178576 -0.00773359947688  0.00453485825059 0.0128816735429 0.129142447647 0.732304158893  9.81625324644 -0.224639075065  -0.17801348481  0.119072380866 1785404711.26
-0.0133714442222 -0.0109154889011 0.00635228065553 0.0183927944604 0.122800583915 0.727093696645  9.81932817025 -0.186678636674 -0.136982266325 0.0649840082508 1785404711.28
-0.0171051043475 -0.0134975091117 0.00726924103833 0.0229697455848 0.118367117583 0.722318616396    9.822880591  -0.142637411926 -0.0886250373343  0.0176978561576 1785404711.31
 -0.019959291494 -0.0150087222438 0.00716967331451 0.0259815179651 0.116518671436   0.7186006495  9.82720959291   -0.11024030398 -0.0405536944933  -0.029647842213 1785404711.33
-0.0215355549873 -0.0151273226665 0.00607772308383 0.0270102709641 0.117646101502 0.716470256995  9.83234979415 -0.0455992256296   0.035736944375 -0.0845885864487 1785404711.35
-0.0215837956524  -0.013735568721 0.00415614603321 0.0259190978374 0.121825062356 0.716312183506  9.83801536046 0.0424840817725  0.119328573467 -0.125189186828 1785404711.36
-0.0200447594609 -0.0109400012965 0.00168474877712 0.0228979123209 0.128822781764 0.718319969731   9.8436166541  0.110793262772  0.164045230123 -0.126073897809 1785404711.38
  -0.0170713974318  -0.00705431946466 -0.000978603299969 0.0184973970548 0.138134407898 0.722456241122  9.84834506049 0.149513930943 0.178606585583 -0.10928354042 1785404711.4
 -0.0130206806062 -0.00254916618709 -0.00344932936925 0.0137089111455 0.149038900018 0.728421528949  9.85131085625  0.209183214521  0.219221276207 -0.106142288973 1785404711.43
-0.00841147097293  0.00202117033756 -0.00537276283515 0.0101835432903 0.160664235563 0.735640750605  9.85171229764   0.257577280619   0.243009076746 -0.0850721560917 1785404711.45
-0.00385106589647  0.00610182818394 -0.00647785304966 0.00969667963059 0.172054948905 0.743279767381  9.84900907551   0.244920715051   0.208046634137 -0.0360527389181 1785404711.46
5.92285201919e-05  0.00921656219307 -0.00661966396891 0.0113476199151 0.182240415185 0.750302680203  9.84306885488  0.165304171329  0.122097120669 0.0166986449682 1785404711.48
 0.00282324672142   0.0110316151732 -0.00580362942956 0.0127808203937 0.190307181807 0.755573792142  9.83425362379 0.0880957554997 0.0471166461237 0.0525759069385 1785404711.5
 0.00413526273219   0.0113965657638 -0.00418707009202 0.0128262880456  0.19548001902 0.757998325047  9.82341690654  0.0265507058506 -0.0160813724175  0.0895137446232 1785404711.53
0.00393452908536  0.0103585277737 -0.0020570229819 0.0112699139442 0.197212401298 0.756685836451  9.81179693807 -0.046714179155 -0.088283873657  0.119628776812 1785404711.55
 0.00241719876681  0.00814964277813 0.000212662374263 0.00850322012974 0.195278479611 0.751112545109  9.80081460489 -0.113025633595  -0.14965331515  0.122860528485 1785404711.56
1.20413884193e-06  0.00515054884818  0.00221855916933 0.00560804419341 0.189848505729 0.741255193205  9.79181311628 -0.128978006221 -0.157580679214 0.0842888235583 1785404711.58
-0.0027516030491 0.00183458701987 0.00359054234802 0.00488149805144 0.181522869125 0.727670125011  9.78579942937 -0.110359742667 -0.135762132182 0.0385594354154 1785404711.6
-0.00524297700569 -0.00130072764563  0.00405086376938 0.00675205136002 0.171300770802 0.711496440237  9.78325521054   -0.099248903788   -0.133193562824 -0.00306600449961 1785404711.63
 -0.0069552727185 -0.00380680264626   0.0034606822727 0.00865123614108 0.160470190905 0.694370631741  9.78407159199 -0.0651014889167  -0.114118079157  -0.062074162044 1785404711.65
-0.00755419174052 -0.00535211557002  0.00184712434106 0.00944048845446 0.150424802226 0.678251594083  9.78762885917 3.76972623784e-06  -0.0553272821598   -0.113948235961 1785404711.66
 -0.00695513859374  -0.00577531652698 -0.000593532491104 0.00905982972594 0.142435758323 0.665168956871  9.79299897659   0.056664723768 0.00608951590642  -0.137175046776 1785404711.68
-0.00533794292421 -0.00511394477306 -0.00351801317004 0.00818672599203 0.137424366755 0.656923305716  9.79920973621 0.0827527185873 0.0467202455034 -0.126574646276 1785404711.7
-0.00310552202026 -0.00360191323006 -0.00648172401404 0.00803932784065  0.13578833372 0.654781532876  9.80548826045  0.105232840718 0.0806138597819   -0.1270247845 1785404711.73
-0.000794215839376   -0.0016332121842  -0.00900266938423 0.00918401964718 0.137325694892 0.659220500283  9.81140725617  0.116945601874  0.110058308844 -0.116997668006 1785404711.75
 0.00104588535369 0.000305004752149  -0.0106349796638 0.0106906359269 0.141278246203 0.669773258092  9.81688951366  0.0802833800451  0.0972070898642 -0.0590760174612 1785404711.76
0.00197566627764 0.00172056016209 -0.0110408696222 0.0113474396463 0.146486855959 0.685021342273  9.82207474932 0.0188325497374 0.0495340252491 0.0152330352526 1785404711.78
0.00177046390447 0.00221081637777 -0.0100488917064 0.0104404250881 0.151623683706 0.702754007759  9.82710138017  -0.0323708791598 -0.00378308181626   0.0725760023667 1785404711.8
0.000480045566647  0.00154577172067 -0.00768766528919 0.00785621101786 0.155449352562 0.720283892948  9.83188689966 -0.0762266050128 -0.0568092988086   0.133791222889 1785404711.83
-0.00156872455174 -0.00027777608618 -0.00418802322175 0.0044808029168 0.157040862767 0.734874753326  9.83599297735  -0.11650233249 -0.123545849936  0.209128580104 1785404711.85
-0.00382928391254 -0.00302409191878 4.78361031082e-05 0.00487963477207 0.155947549346  0.74420823812  9.83863430921  -0.11760459022 -0.172457305331  0.250877487091 1785404711.86
-0.00564393015022 -0.00625372460036  0.00450532231872 0.00955305962053 0.152252400384 0.746800542194  9.83884271552 -0.0667420191488  -0.166601908089   0.224304114488 1785404711.88
 -0.0063842168255 -0.00940173382664  0.00863436033367 0.0142724560533 0.146537634825 0.742281410529  9.83574530868 0.00102662671807  -0.121173157966   0.159786119734 1785404711.9
-0.00559621994455  -0.0118849790645   0.0119310287636 0.0177459813025 0.139770863688 0.731469383492  9.82887426918  0.0739809082528 -0.0864812459937   0.121857022072 1785404711.93
-0.00312022664448  -0.0132172308844   0.0140106139229 0.0195122604805 0.133138492803 0.716216250149  9.81840925879   0.175522931334 -0.0333291762085   0.074412316353 1785404711.95
0.000843590286486  -0.0131078025913   0.0146611631826 0.0196844059909 0.127856144208 0.699043753299  9.80526819639    0.253736758861   0.0485347780588 -0.00401218652912 1785404711.96
0.00574352194683 -0.0115217726757  0.0138704568055 0.0189242929046 0.124983583696 0.682645570907  9.79100475491   0.259552687427   0.115644556536 -0.0742435930178 1785404711.98
  0.0107641705621 -0.00868765530672   0.0118234367396 0.0181971530452 0.125266605529 0.669363774643  9.77752858461  0.197517483727  0.138380499467 -0.106903004499 1785404712
  0.0149809155777 -0.00505006637261  0.00887087340539 0.0181279727738 0.129022988499 0.660759102252  9.76671837724  0.154130514863  0.170570274438 -0.144226842494 1785404712.03
  0.0175502723608 -0.00117773913471  0.00547337662242 0.0184216443636 0.136085246891 0.657372908518  9.76003093118 0.0813712354663  0.206810411647 -0.188389260273 1785404712.05
   0.01789338338 0.00235216442373  0.0021279789206 0.0181723454883 0.145808951625 0.658730067058  9.75821106328 -0.0495583529822   0.179704808465  -0.178014000454 1785404712.06
   0.0158281203508   0.00506700021737 -0.000712607177093 0.0166346534088 0.157150034053 0.663570094532  9.76117761108 -0.165306077108  0.114052536607 -0.127546714581 1785404712.08
  0.0116155577612  0.00668353534929 -0.00271586013481 0.0136735775546 0.168805977321 0.670236432704  9.76810968261  -0.217657693779  0.0456322044806 -0.0661480373398 1785404712.1
 0.00590699083516  0.00714697728079 -0.00372772340966 0.00999338515207 0.179404356697 0.677117223944  9.77770062424  -0.270620329122 -0.0014729829101  -0.024473413643 1785404712.13
-0.000397075113455   0.00661815074575  -0.00380221655983 0.00764293390701 0.187710663292  0.68302410894  9.78850174463  -0.328152534728 -0.0463822460027  0.0142647157805 1785404712.15
-0.00634158442949  0.00541572010315 -0.00319528063876 0.00893059548253 0.192819976154 0.687418522953    9.799256503  -0.309237518683 -0.0775226536941  0.0427125538567 1785404712.16
 -0.0111169744678  0.00393078263847 -0.00232156091215 0.0120178125521  0.19429709023 0.690439544628   9.8091340642  -0.215369173979 -0.0787535069945  0.0414576195336 1785404712.18
 -0.0142156994415  0.00253641216777 -0.00167954810239 0.0145375506577 0.192237806058 0.692740553728  9.81780561237 -0.0966474030049 -0.0531869503201   0.012424942696 1785404712.2
-0.0155091123497 0.00151370352343 -0.0017569098217 0.0156815367982 0.18723839818 0.69518985269 9.82535671389  -0.022166470637 -0.0333456456976 -0.0273622421034 1785404712.23
 -0.0152308385872  0.00100930977783 -0.00293263360834 0.0155434066465 0.180277660433 0.698521619082   9.8320788122   0.043313311156 -0.0128517283689 -0.0965830872998 1785404712.25
 -0.0138777728705  0.00102965990484 -0.00539458607264 0.014924956893 0.172532925406 0.703031664103  9.83821720313 0.0915622673945 0.0132195567298 -0.177804907105 1785404712.26
-0.0120603155476  0.0014670628499 -0.0090894771486 0.0151730708608 0.165164673918 0.708397190358  9.84376148629 0.0968806011342 0.0305954165111 -0.228160619936 1785404712.28
-0.0103439891563 0.00214564786662 -0.0137168949096 0.017313437625 0.159110730299 0.713666524702  9.84834632403 0.0647160569733 0.0309628965074 -0.213304988974 1785404712.3
-0.00912303052151   0.0028723841338  -0.0187708078631 0.0210671190328 0.154928667214 0.717422825548     9.85129315 0.0390439379824 0.0291216564382 -0.216112231718 1785404712.33
-0.00855442816749  0.00348042563197  -0.0236222999242 0.0253634512155 0.152714229939 0.718085073084  9.85178046204 0.0148548667997 0.0260955036238 -0.234688126638 1785404712.35
-0.00856237963182  0.00385727800872  -0.0276283835502 0.0291808244605 0.152107255477 0.714278738022  9.84909469331 -0.0100824565213   0.013740181522  -0.191196017463 1785404712.36
-0.00890369962831  0.00395640618908  -0.0302456175829 0.0317761923455  0.15237926402 0.705193028829  9.84289382451  -0.0194683003924 -0.00169736688506    -0.09629531106 1785404712.38
-0.00926941203988  0.00379563454874  -0.0311255509604 0.0326975345215 0.152582933078 0.690843901687  9.83341381723 -0.0107334318258 -0.0112227041618 0.00161453559775 1785404712.4
-0.00939021077727  0.00344771793496  -0.0301724359965 0.0317873986253 0.151735454231 0.672181142282  9.82156069015  0.0033631784969 -0.0167413261116  0.0779111619592 1785404712.43
-0.00911514121762  0.00302770083739  -0.0275517236925 0.0291779068853  0.14900546186 0.651009811451    9.808854154  0.0250530883051 -0.0203274090107   0.172525200798 1785404712.45
-0.00844289159251  0.00267908836331  -0.0236488317773 0.0252532607268   0.1438753631 0.629734813544  9.79721843243 0.0463989015592 -0.013499670484  0.246076901409 1785404712.46
-0.00750057868675  0.00255794699818  -0.0189888799316 0.0205761836729 0.136255553717 0.610974559888  9.78864900638  0.0535742517814 0.00364022065216    0.25981909583 1785404712.48
-0.00648148036551  0.00281236077344  -0.0141365740303 0.0158038503588 0.12653277578 0.59711785068 9.78481591568 0.0428301100808 0.0220768566603  0.207878572215 1785404712.5
-0.00556591924723  0.00355517065817 -0.00959889141069 0.0116514982637 0.115541637545  0.58991082948  9.78668758227 0.0356588599024  0.044231775417  0.183776596184 1785404712.53
-0.00485435886451  0.00483066626626 -0.00575080814067 0.00894270265816 0.104457284588 0.590154909469  9.79426513059 0.0324313470105 0.0798180434764  0.179491313009 1785404712.55
-0.00433691131602  0.00657992964999 -0.00279694614455 0.00836224740709 0.094619750662 0.597573014315  9.80649990927 0.027217195649 0.109051866168 0.143535373613 1785404712.56
 -0.00391030080582   0.00861324895401 -0.000772127459752 0.00949076871227 0.0873160861091  0.610865880398   9.82142771352  0.024707401868  0.110294183016 0.0884175821808 1785404712.58
-0.00343641123096   0.0105997744608 0.000425571573009 0.0111510202193 0.0835611323228  0.627941153025   9.83650197838 0.0241736794398 0.0770728256642  0.038962086464 1785404712.6
 -0.0028219300951   0.0120832960461 0.000982061175089 0.0124472397322 0.0839254819476  0.646264709193   9.84905986804 0.0293968273151 0.0421569855052 0.0149536914168 1785404712.63
-0.00209143915336   0.0125285529569  0.00110973715309 0.0127503048385 0.0884539806617  0.663263106487   9.85682339087   0.0373042759287  -0.0184106204517 0.000436233731972 1785404712.65
 -0.0014287243802   0.0113957131621 0.000998353230444 0.0115282366822 0.0966984635085  0.676701701942   9.85832984313   0.0258546951592   -0.120721167747 -0.00919099449529 1785404712.66
-0.00117149418732  0.00823313079548 0.000782709158102 0.00835281239779 0.107858699067 0.684974334362  9.85320211284 -0.00888988592809   -0.232252081585  -0.0126209824006 1785404712.68
-0.00175881536658   0.0027719446098 0.000529722635692 0.00332531419332 0.120995018602 0.687263770607  9.84220465517 -0.0574378313841  -0.307430939641 -0.0125624787709 1785404712.7
-0.00364348364174 -0.00499797529684 0.000242049556326 0.00618977528697 0.135255130324 0.683561283236  9.82707782445 -0.118799972596 -0.384205900314 -0.014388871427 1785404712.72
  -0.0071896539385   -0.0147916976823 -0.000128052246276 0.0164469401853   0.1500531927 0.674561605493  9.81019250799  -0.228928673412  -0.539404475962 -0.0231525607578 1785404712.75
  -0.0125780411429    -0.026049686448 -0.000661541428182 0.0289349428908 0.165152783364 0.661469785245  9.79410735882  -0.353037470158  -0.653641201185 -0.0373854296943 1785404712.76
 -0.0197375681905  -0.0380238881361 -0.00145683234961 0.0428661874623 0.180633151277 0.645765634835  9.78113058326  -0.433535495008  -0.657746463011 -0.0538516589159 1785404712.78
 -0.0283153553008  -0.0499258461715 -0.00261635362704 0.0574560246454 0.196752865198  0.62896984959  9.77297967031   -0.42057533984  -0.541075495217 -0.0650363404252 1785404712.8
 -0.0376886367084  -0.0611181648754 -0.00423272454426 0.0719289883964 0.213757729516 0.612446835648   9.7705975513  -0.405556242949  -0.463913930913 -0.0814167209587 1785404712.82
 -0.0470146488722  -0.0713158825397 -0.00637029699076 0.0856557820275 0.231701249156 0.597267315553  9.77413488303  -0.44692060162 -0.498029028086  -0.12190848959 1785404712.85
-0.0553093940425 -0.0807539762866 -0.0090392156844 0.0982956823855 0.250348073138 0.584142216352  9.78306348037 -0.420629544378 -0.548878532068 -0.167701525376 1785404712.86
-0.0615442703896 -0.0902755524833   -0.01216313709 0.109933227451 0.269210292029  0.57342923017  9.79636062404 -0.261411048895 -0.569026723183 -0.180186183043 1785404712.88
-0.0647505476901  -0.101305015525   -0.01554684207 0.121231365145 0.287727036948  0.56520395396  9.81270376431 -0.0595574116874  -0.586753379123  -0.154469456752 1785404712.9
-0.0641240667307  -0.115691435708 -0.0188541555217 0.13361094046 0.305550882986 0.559377696062  9.83063482829  0.121605839544 -0.737697299532 -0.131004516629 1785404712.92
-0.0591242643309  -0.135435728787 -0.0216079698469 0.149349990377 0.322865524049 0.555834475972  9.84868073024  0.364148112349   -1.1665589536 -0.109209730293 1785404712.95
-0.0495610211772  -0.162344571084 -0.0232216813256 0.171322214158   0.3406416039 0.554553049102  9.86543914064   0.655601256016   -1.73901005725 -0.0407138426282 1785404712.96
 -0.035659692056  -0.197676499073 -0.0230651557418 0.202187075088 0.360747667922 0.555679471733  9.87964836603   0.87299140533  -2.20561538649 0.0738387690997 1785404712.98
-0.0180906507687  -0.241854555681 -0.0205598757227 0.243400094985 0.385867695119  0.55952430956  9.89025633845 0.896686564759 -2.29770335589 0.184885378637 1785404713
0.00205228829243  -0.294311094939 -0.0152894244663 0.29471511497  0.41922488101 0.566476099003  9.89649048956 0.900945870921 -2.42808249301 0.292603061991 1785404713.02
  0.0233371821674   -0.353504099924 -0.00710522638133 0.354344827782 0.464159573682 0.576846051513  9.89791466736   1.0459569317 -3.05122616311  0.47420880426 1785404713.05
 0.0441461356149    -0.4171056808 0.00379479630852 0.419452536915 0.523645140075  0.59068257958  9.89444880253    1.097275796 -3.57433936741 0.664261451498 1785404713.06
0.0628825528889 -0.482321828232 0.0168344845385 0.486694936605 0.599840688113 0.607610903398  9.88632801475 0.943413129351  -3.5777996722 0.755993481739 1785404713.08
0.0782048398623 -0.546269900695 0.0310873552166 0.552714415442 0.693770869949 0.626756000962  9.87399282007 0.624599738373 -2.93811548997  0.67601699792 1785404713.1
0.0892442911143 -0.606327373967 0.0453663298792 0.614536843326 0.805193009736 0.646792346347  9.85792750979 0.382405991169 -2.48567313527 0.594213892081 1785404713.12
0.0957595948737 -0.660377377921 0.0583653778962 0.669831843537 0.932668435362  0.66613204294  9.83848970571 0.223907091954 -2.51842722612 0.587542882604 1785404713.15
0.0981869000467 -0.706910654342 0.0688321619987 0.717008512564  1.0738096413 0.68322127374 9.81578779198 0.0499358638661  -2.34267294051  0.481151055164 1785404713.16
 0.097563156119 -0.744988993677 0.0757433769741 0.755158413372  1.22563956429 0.696876199015  9.78965514693 -0.0782418473687   -1.83940078169   0.263305696729 1785404713.18
0.0953281829905 -0.774116715608 0.0784525443331 0.783899836438  1.38498209862 0.706567998934  9.75974078061 -0.107942103624  -1.17201735753 0.0248426611626 1785404713.2
0.0930409568443 -0.794090279146 0.0767841521723 0.803200969315  1.54880637068 0.712572906275  9.72569522456 -0.0719027279091  -0.679064613867  -0.163165303637 1785404713.22
0.0920693260567 -0.804894051736 0.0710573814989 0.813252941456  1.7144678929 0.71593748449 9.68739402968 0.00702024062424   -0.31459125528  -0.368418340412 1785404713.25
0.0933219971797 -0.806684267964 0.0620353109966 0.814430404116  1.87982069891 0.718261794079  9.64512307191  0.132546833801  0.132997976421 -0.535296450792 1785404713.26
0.0970831139137 -0.799863198716 0.0508089699157 0.807333771801  2.04320797264 0.721355903053  9.59965688185  0.254418491264  0.565527809432 -0.616065716156 1785404713.28
 0.102984710426 -0.785205746381 0.0386373797898 0.792872475149  2.20336687445 0.726860699035  9.55219143644  0.322624623948  0.888294213267 -0.594933704406 1785404713.3
 0.110117773186 -0.763974393137 0.0267724967175 0.772333842274  2.35929984856 0.735931066995  9.50413714137 0.325382842148  1.07789199948 -0.50955244176 1785404713.32
 0.117248618583 -0.737953861857  0.016299972008 0.747388004905  2.51016587835 0.749057254009  9.45682272445  0.325715622579   1.37211487385 -0.471037026089 1785404713.35
  0.123083406116  -0.709355159183 0.00802211216907 0.719999042363 2.65523119663 0.76605708825 9.41119238255  0.240430729011   1.48863139161 -0.360639663917 1785404713.36
  0.126516052694  -0.680574368839 0.00239906867206 0.692238065004  2.79389447767 0.786221762537  9.36758616113 0.0939767807196   1.40209766398 -0.213937984262 1785404713.38
    0.126804719969    -0.653834578243 -0.000449452598793 0.666017488299  2.92577390595 0.808556172109  9.32567386181 -0.0716859870482    1.24357904082 -0.0772230488985 1785404713.4
    0.123645539517    -0.630777886023 -0.000693164391781 0.642782577093  3.05082016569 0.832033039783  9.28457134626 -0.227664918687   0.98335881932 0.0409469317103 1785404713.42
  0.117141983674  -0.612098077909 0.00128844977767 0.623207799551 3.16940578749 0.85578374316 9.24311768195 -0.399150037749  0.837637396519  0.142243598806 1785404713.45
  0.107695826412  -0.597306572237 0.00499077492294 0.606958351206 3.28234045713 0.87917583319 9.20024748804 -0.547266175554  0.704581216831  0.220305270256 1785404713.46
  0.095863692772  -0.584703210904 0.00985415297136 0.592591593565  3.39077488119 0.901768798352  9.15536737693 -0.647566252482  0.654037266344   0.26235808129 1785404713.48
0.0822273508296 -0.571583594729 0.0153091946392 0.577670766465  3.49598165201 0.923182480054  9.10864375312 -0.716836378224  0.754257093187  0.274803754292 1785404713.5
0.0673155399004 -0.554664770536 0.0207982677311 0.55912159458  3.59903631759 0.942943061129  9.06112921966 -0.727040445795  0.971194604129  0.248587756569 1785404713.52
0.0515936748196 -0.530662541412 0.0257833805512 0.533787806954   3.7004577224 0.960379843633  9.01468990938  -0.7978707632  1.44873346759 0.224703347545 1785404713.55
0.0355120227287 -0.496917549007 0.0297550525912 0.49907265746 3.79989293718  0.9746291431 8.97173869874 -0.822932945647   2.02339758781  0.166362025981 1785404713.56
0.0195812743327 -0.451951615731 0.0322549258086 0.453524056149  3.89593859241 0.984764669219  8.93482197592 -0.793901356602   2.58196542457 0.0807866210812 1785404713.58
0.00443400269475  -0.395844068625  0.0329175213382 0.397235132204 3.98617178964 0.99002846294 8.90614219159  -0.728556863742    3.08192731829 -0.0184678754401 1785404713.6
-0.00916528042541   -0.330348489298   0.0315262417222 0.331975948923  4.06742183206 0.990097401482   8.8871164003 -0.588135960078   3.24994142016 -0.114908132417 1785404713.62
 -0.02038146064 -0.258717948771 0.0280691550753 0.261033060015  4.13625763274 0.985300193979  8.87806667772 -0.481923349057   3.62815011573 -0.218842383519 1785404713.65
-0.0284369106277  -0.185262413917  0.0227749548298 0.188810800708  4.18960854005 0.976705582855  8.87811164188 -0.322639841462   3.74806722917 -0.311239979384 1785404713.66
-0.0327775018359  -0.114714667691  0.0161111043002 0.120388484881 4.22539392309  0.9660333003 8.88528546094 -0.121414102945   3.38695849975  -0.35556438783 1785404713.68
-0.0332312621988 -0.0515195503569 0.00873457039282 0.0619263560712 4.24302234129 0.95538703845 8.89686194518 0.0669089035985   2.89878257625 -0.369136164082 1785404713.7
-0.0301106877351 0.00082323285221 0.00139830115241 0.0301543773659 4.24364093678 0.94686007572 8.90981798275  0.212956644069   2.16865427003 -0.328615228663 1785404713.72
 -0.0242203051097   0.0402439663617 -0.00517031497606 0.0472539116379  4.23006666594 0.942104449902  8.92134252029  0.329300477352   1.61506564426 -0.290715015129 1785404713.75
-0.0167537869691  0.0663326172126 -0.0103935177951 0.0692006553165  4.20640068683 0.941971245116  8.92929048991  0.388536945857   1.02845031662 -0.225306299303 1785404713.76
-0.00909412223116   0.0802827007381  -0.0139417441111 0.0819901660312  4.17739771118 0.946316498823   8.9324961394  0.362792212824  0.466217967164 -0.137752680325 1785404713.78
-0.00255817015538    0.084575157652  -0.0157836121682 0.0860733637049  4.14771557803 0.954027118272  8.93089238231   0.280489375508  0.0562039267265 -0.0572181116551 1785404713.8
0.00185473662975  0.0824766122189 -0.0161752441418 0.0840682468838  4.12119417627 0.963265301534  8.92542382192   0.147450860922  -0.169123934239 0.00457881516125 1785404713.82
0.00364760574334   0.077457225424 -0.0155909032169 0.0790948990844  4.10030296007 0.971874569152  8.91778209016 0.0256312622838 -0.242119653376  0.038523840933 1785404713.85
0.00289590521794  0.0726414595492 -0.0146103655715 0.0741527524412  4.08585694488 0.977851295099  8.91002560852 -0.0872990488396  -0.178081313216  0.0454333786111 1785404713.86
0.000183391802288   0.0703905760609   -0.013788009077 0.071728488239  4.07704270743 0.979772486639  8.90416647546  -0.164497567121 -0.0141807936199  0.0273829520655 1785404713.89
-0.00358092293393   0.0720831135205  -0.0135322057062 0.0734296864704   4.0717319793 0.977085058156  8.90181137386     -0.1985568534    0.201817396732 -0.00608027611976 1785404713.9
-0.0074175085947  0.0781162924221  -0.014020766458 0.0797104539417  4.06700433344 0.970197785357  8.90392952041  -0.165996403439   0.382400060763 -0.0390857377511 1785404713.92
-0.0105362776068  0.0881059188008 -0.0151699229282 0.0900210677297  4.05976317904 0.960363620228  8.91079007993  -0.125704438212   0.567706056376 -0.0649084194598 1785404713.95
-0.0125340336943   0.101223529748 -0.0166627221603 0.103348687873  4.04731746353 0.949385401776   8.9220696685 -0.0754439758164   0.730136230497 -0.0733348117503 1785404713.96
-0.0134789370115    0.11658456434 -0.0180303153075 0.118738092689  4.02781637243 0.939212871118  8.93708720872 -0.0338227488619   0.824160774492 -0.0536218500512 1785404713.98
-0.0138625246522   0.133594941699 -0.0187688828165 0.135617288719  4.00046156766 0.931517774123  8.95509030315 -0.0245048960989   0.911393843292 -0.0112016644633 1785404714
-0.0144359082912   0.152176542735 -0.0184677654862 0.153971276442   3.9654721813 0.927334950904  8.97550512224 -0.0503879949483   0.934418404725  0.0439968949532 1785404714.02
-0.0159778020852   0.172821629853 -0.0169219024174 0.174381640909  3.92383055609 0.926841861091  8.99807606894 -0.114050257573   1.09254047023  0.105173655016 1785404714.05
-0.0190592587194   0.196465767139 -0.0142042533003 0.197898493708  3.87688068203 0.929320342007  9.02285924499 -0.198307274385   1.29146248341  0.156839976508 1785404714.06
-0.0238686208143   0.224210044038  -0.010681103496 0.22572979617  3.82587836444 0.933307643864  9.05008309369 -0.28212626231  1.54004651434 0.184328349566 1785404714.09
 -0.0301410262107    0.256957963994 -0.00696393509949 0.258813394384  3.77159839588 0.936905485069  9.07993336188 -0.348088291497   1.84889650351  0.179476987227 1785404714.1
 -0.0372061417509    0.295053265219 -0.00380417562094 0.297414186031  3.71408937021 0.938183394318  9.11234211498 -0.343697039178   1.99055933575  0.123156593028 1785404714.12
  -0.044135381496    0.338007817166 -0.00194935271409 0.340882701733  3.65263431653 0.935592773382  9.14685449596 -0.317656818428   2.22769490392 0.0452750092275 1785404714.14
 -0.0499454229557    0.384392546397 -0.00198847061907 0.387628854724   3.5859303275 0.928305375453  9.18261591098  -0.240148547052    2.33270673148 -0.0563565783789 1785404714.16
 -0.0538046964712     0.43193166725 -0.00421848785548 0.435290369955  3.51245003376 0.916405005978  9.21847935899 -0.132223365614   2.35273415018 -0.165557133855 1785404714.18
 -0.0551947577556    0.477797287625 -0.00856117295562 0.481050936001  3.43090142172 0.900891164149  9.25319439908 -0.00484270445843     2.21471023122   -0.262635578183 1785404714.2
-0.0539952039393   0.519056298214 -0.0145503260818 0.522059991527  3.34067109718 0.883492069674   9.2856191503  0.111902962306   1.79016625265 -0.304758522893 1785404714.22
-0.0504823410282   0.553184115818 -0.0213950526983 0.555894667207  3.24213031233 0.866324356744    9.314899575  0.218451451497   1.48608498263 -0.338731059853 1785404714.25
-0.0452513209296    0.57853932358 -0.0281086006495 0.580986681779  3.13670916885 0.851469552857  9.34058130301  0.295639165896   1.07671375276 -0.318595246893 1785404714.26
-0.0390843529567   0.594695430712 -0.0336780829684 0.596929187784  3.02669994491 0.840556311189  9.36264712492  0.314985653772  0.607096890678 -0.230908538057 1785404714.28
-0.0327927163545   0.602551782589  -0.037241709203 0.604591562836   2.9148225675 0.834437935636  9.38149565879  0.305189100905  0.240980417289 -0.115757316773 1785404714.3
-0.0270595805951   0.604190313238 -0.0382390433017 0.606003613806  2.80365319922 0.833036437725  9.39788527022    0.247486856139 -0.00125223155602   0.0173561227455 1785404714.32
-0.0223073272865   0.602498728721 -0.0365063743955 0.604015769937  2.69505903676 0.835390449165  9.41286093536     0.2082305063 -0.0876950889455   0.146314496199 1785404714.35
-0.0186095795163   0.600631643525 -0.0323015960338 0.601787404953  2.58978419779 0.839901276211  9.42766647593   0.173269311861 -0.0282062271026   0.267331832904 1785404714.36
-0.0156647443287   0.601417393536 -0.0262577397225 0.602194100235 2.48729169234 0.84472786671 9.44363092587 0.149487344741 0.160711013757 0.337609158744 1785404714.38
-0.0128429012148   0.606831290174 -0.0192778620618 0.607273242298  2.38589762798 0.848246745253  9.46201554718 0.162358067336  0.41449810708 0.354178513996 1785404714.4
-0.00930923894723    0.617642918965  -0.0123934243322 0.617837384952  2.28315765797 0.849475040066  9.48382129452 0.201250242963 0.617542034914 0.295406064219 1785404714.42
-0.00421419072013     0.63330873119 -0.00661217098483 0.633357268222  2.17640472436 0.848358309251  9.50958090529 0.299322576124 0.833502673802 0.232343730764 1785404714.45
 0.00307549468872    0.652129821802 -0.00277999906114 0.652142999308  2.06330730182 0.845850138686  9.53918378012 0.441931745816  0.99881781155 0.133840559508 1785404714.46
  0.0127455283822    0.671639694464 -0.00147586132784 0.67176223907  1.94232389494 0.843752834295  9.57179239522     0.56090924425    0.975647535324 -0.00451566757794 1785404714.48
  0.0243527948812    0.689139633468 -0.00295129453471 0.689576103976  1.81296667116 0.844339490882  9.60589816485  0.618169868597  0.789003644363 -0.145346676754 1785404714.5
  0.0367434897112    0.702269590723 -0.00711836204688 0.703266189411  1.67584075126 0.849826529021  9.63953330644  0.550581481314  0.471810935423 -0.246408779354 1785404714.52
 0.0481077318587   0.709496001084 -0.0135826456116 0.711254819091  1.53247889856 0.861801559681  9.67061249928  0.453251114253  0.189918598655 -0.340232086093 1785404714.55
 0.0561847593381    0.71041575643 -0.0217119140833 0.712964712577  1.38503041855 0.880725802209  9.69733771399   0.275198947404 -0.0965386378886  -0.449510467235 1785404714.57
  0.058603638979   0.705814080836 -0.0307266796212 0.708909043565  1.23588142471 0.905619967459  9.71857505847 -0.0795177322003  -0.358816534521  -0.501084144354 1785404714.58
 0.0533148588099    0.69746559131 -0.0397967061261 0.700631503039   1.0872820941 0.934010350771  9.73411264169 -0.517393529907 -0.478572466918 -0.460313558724 1785404714.6
 0.0390440284002   0.687722066642 -0.0481284317351 0.690508814601 0.941040904726 0.962165290685  9.74473422173  -0.85877759996 -0.421956437416  -0.34770632811 1785404714.62
 0.0156849445294   0.678976305411 -0.0550325009607 0.681383458088 0.798323627764 0.985600083625  9.75208724494  -1.24107658116 -0.332566250899 -0.269621327459 1785404714.65
 -0.015451085438   0.673119232315 -0.0599673828169 0.675961776993 0.659572692005 0.999778996347  9.75837242314  -1.77593700038 -0.207614604531 -0.198752330862 1785404714.67
-0.0515976113152   0.671110687869 -0.0625623653633 0.675992543172 0.524544433054  1.00090312771  9.76592095132   -2.09506604949 -0.0102290434621 -0.0760649995876 1785404714.68
-0.0887446108094   0.672761380754 -0.0626284311301 0.681473258293 0.392448344264 0.986649032239  9.77674475886  -1.91306329186  0.153792963595 0.0650159400289 1785404714.7
 -0.122094403024    0.67677799149 -0.0601665140595 0.690329995313 0.262162091329 0.956720979712  9.79214216966 -1.28646467931 0.184275046703 0.160895697926 1785404714.72
 -0.146709538344   0.681064360152 -0.0553788675619 0.69888423239 0.132487062966 0.913102689227   9.8124210462 -0.79800236115 0.141979686021  0.25342637563 1785404714.75
 -0.158257043307   0.683212007932 -0.0486821284159 0.702989252525 0.00240195529664    0.85994105777    9.83677378137   -0.185273178908 7.59041855278e-05    0.387350035083 1785404714.77
 -0.153724363015   0.681067234041 -0.0407129963419 0.699386377577 -0.12873100969 0.803058373217  9.86331323312  0.735769688847 -0.279124808183  0.458280215749 1785404714.78
 -0.131975619973   0.673241772194 -0.0323125272513 0.68681594879 -0.261047646004  0.749159852168   9.88926109121   1.63314347493 -0.591593420114  0.444283126114 1785404714.8
-0.0940363998388   0.659445737328 -0.0244753814119 0.666566252724 -0.39417653507 0.704866115399   9.9112690969   2.00284961478 -0.735918376467  0.316535166272 1785404714.82
-0.0430395933511   0.640563504271 -0.0182568638772 0.642267329606 -0.527348235194  0.675740671184   9.92584373353  2.32965400061 -0.86646721864 0.207860014766 1785404714.85
 0.0161736865329   0.618455346919 -0.0146420455712 0.618840038917 -0.659591922909  0.665488738634   9.92983169648   3.1921834521 -1.19012657422 0.102083569751 1785404714.87
 0.0777378153832   0.595534637398 -0.0143944953091 0.600759414222 -0.78996756228 0.675471259999  9.92090657829    3.60526489894   -1.33507172523 -0.0987284260235 1785404714.88
 0.135614142931  0.574225150066 -0.017912864386 0.590293646791 -0.917768935754   0.70461272261   9.89798261841    2.9824468523  -1.09277564639 -0.299950209552 1785404714.9
 0.184459578583  0.556431528595 -0.025127700902 0.586747631864 -1.04263857074 0.749699541332  9.86147807742   1.87703159452 -0.688271206355 -0.388795620611 1785404714.92
 0.220358617317  0.543150989254 -0.035466261254 0.587221230067 -1.16456079225 0.805988628002  9.81336583849   1.18137895699  -0.45967320508 -0.473361417825 1785404714.95
 0.241294039962  0.534317304479 -0.047900445465 0.588228058037 -1.28373777034 0.867992731505  9.75698287278  0.706814488474 -0.373841513077 -0.672223207736 1785404714.97
  0.247285893046   0.528908873868 -0.0610757245025 0.587047829294 -1.40039338319 0.930290981265  9.69661631384 -0.0334376429658  -0.274943549597  -0.779459662837 1785404714.98
    0.2401957799   0.525286778012 -0.0735018139094 0.582256583032 -1.51457678207  0.98822934386  9.63692986252 -0.687498309163 -0.207040557442 -0.649443922627 1785404715
  0.223258470464   0.521673000122 -0.0837731818843 0.573589582972 -1.62604098495   1.0384165302  9.58232708181 -0.902561416213 -0.196197704443  -0.39240602332 1785404715.02
  0.200450665198   0.516647033251 -0.0907817708479 0.561556725598 -1.73424900963  1.07897209376  9.53635896385 -0.965743769481 -0.247088227642 -0.205906209231 1785404715.04
  0.175827402215   0.509537629479 -0.0938859589703 0.54713658671 -1.83851810627  1.10953207382  9.50127052414   -1.19553031347  -0.403500858258 -0.0560188734309 1785404715.07
  0.152947314117   0.500614279656 -0.0930076317749 0.53165586375 -1.93826605077  1.13105499549  9.47775087052   -1.2182556247 -0.545162455355  0.154502556196 1785404715.08
 0.134473613167  0.491032044347 -0.088641356781 0.516771623975 -2.03328833754  1.14549333444  9.46491247436  -0.87685804033 -0.511897292043  0.318182039457 1785404715.1
  0.121988984429   0.482541245705 -0.0817739040501 0.5043950213 -2.1239826523 1.15540197003  9.4604867263 -0.420363385524 -0.318902594502  0.339616637253 1785404715.12
  0.116012639519   0.477026894051 -0.0737265140366 0.496436490448 -2.21144943327   1.1635474861  9.46119022913 -0.120366659348 -0.135685788122  0.327363259739 1785404715.15
  0.116168642274   0.475980145507 -0.0659442200579 0.494369186463 -2.29742835205  1.17256471553  9.46319389072  0.140264756797 0.0773943562373  0.361221735997 1785404715.17
  0.121434211816   0.480018373217 -0.0597644197679 0.498734089767 -2.38406948979  1.18468590971  9.46261813804 0.419584589864 0.370956925725 0.287350041944 1785404715.18
 0.130397271042   0.48855975046 -0.056199827218 0.508775489429 -2.47357463011  1.20154974948  9.45598420436 0.567171513684 0.557867923025 0.113099384058 1785404715.2
 0.141470520666  0.499726016731 -0.055768989576 0.522350629572 -2.56777148822  1.22408626469  9.44057158158   0.513815463956   0.497958700114 -0.0499661244625 1785404715.22
  0.153037078717   0.510500875226 -0.0584014414696 0.536136381375 -2.66769826389  1.25247007581  9.41465910945  0.453417162179  0.357528231277 -0.157563910061 1785404715.25
   0.16353100719   0.517121138456 -0.0634350790064 0.546059219681 -2.77327621452   1.2861354416  9.37765264682  0.476662419854  0.132675597742 -0.292347746639 1785404715.27
  0.171476917823    0.51563347342 -0.0697110081282 0.547852020998 -2.88313405248  1.32384829397  9.33011733533  0.358458647695 -0.436503880289 -0.368348919947 1785404715.28
   0.17552166528   0.502519820236 -0.0757565726717 0.537655171105 -2.99462198941  1.36382962176  9.27373323117 0.0885891567691  -1.18742864091 -0.303730086987 1785404715.3
   0.17448721011   0.475284209367 -0.0800318687329 0.512587520506 -3.10402012637  1.40392056886  9.21118258217  -0.18476135794  -1.59546783921 -0.124782934097 1785404715.32
  0.167459799673   0.432903275722 -0.0812013434611 0.471212997292 -3.20691292478  1.44177436245    9.145964234 -0.412957069818  -1.99128520853  0.033085502364 1785404715.35
0.153911643482 0.376068517284 -0.07838338513 0.413836052992 -3.29867611752  1.47505686531  9.08212605754  -0.8350940745 -3.12214905958 0.245142719077 1785404715.37
  0.133833074373   0.307183728695 -0.0713301838812 0.342580107572 -3.37500930133  1.50163861333  9.02391610135 -1.35442167093 -4.29075158811 0.525774478948 1785404715.39
  0.107841071256   0.230118858336 -0.0604991976374 0.261236556643 -3.43244681254  1.51976682653  8.97537526308 -1.66498036697 -4.63053548514 0.715764897938 1785404715.4
 0.0772274479361   0.149755829197 -0.0469957705551 0.174927097796 -3.46878770908  1.52821347591   8.9399186706 -1.52521858541 -3.78732382139 0.670666694778 1785404715.42
 0.0439178078318  0.0713887585173 -0.0323909617358 0.089857125981 -3.48339777151  1.52640062231  8.91996710222 -1.37276991218 -3.07180102096 0.585873219617 1785404715.44
  0.0103285846086 5.84947448612e-05  -0.0184445529778 0.0211396456025 -3.47734876586  1.51450296351   8.9166856405 -1.55911290442 -3.16406252939 0.616217906131 1785404715.47
 -0.0208699012196  -0.0600913684144 -0.00678451187488 0.0639730797774 -3.45337204734  1.49351913472  8.92986540535 -1.63483365125  -3.0315419422 0.565196264041 1785404715.49
-0.0470563877584  -0.106352913198  0.0013946349232 0.116306452019 -3.41561681763  1.46529172005  8.95795488298 -1.31928633339 -2.27287320141 0.360822194413 1785404715.5
-0.0659847137838   -0.13781539683 0.00555429984326 0.152898385548 -3.36922077708  1.43244818859  8.99822207747 -0.687057791673   -1.1632795998  0.106889783746 1785404715.52
-0.0760833764554   -0.15549943945 0.00591054112824 0.173215733519 -3.31972388111  1.39823762208  9.04701601211   -0.21513669682  -0.491241787156 -0.0435348076459 1785404715.55
-0.0766816286264  -0.162240665238 0.00338968480102 0.179481463078 -3.27238246198  1.36625374312  9.10009736322  0.195408868027 -0.167745857449 -0.158628570015 1785404715.57
  -0.0681259107906    -0.162330408354 -0.000549152395906 0.17604716063 -3.23146561443  1.34006051206  9.15301753039  0.731262097493 0.0378009214197 -0.222411166286 1785404715.59
 -0.0517666462974   -0.160952742218 -0.00418813209498 0.169124543892 -3.1996312451 1.32276499358  9.2015338312    1.13095276009 -0.0341155913634  -0.156973244262 1785404715.6
 -0.0298138204248   -0.163486106156 -0.00586676895023 0.166285867627 -3.17747958983  1.31660398816  9.24204739188      1.1129485512    -0.32913344443 -0.00216962208753 1785404715.62
-0.00507740719446   -0.174760199954 -0.00427914978335 0.174886302136 -3.16336497893  1.32261837561  9.27203644639  0.965481361566 -0.684693248218  0.140715491439 1785404715.65
 0.0193763526194  -0.198370445412 0.00130252467825 0.199318772885 -3.15351395096  1.34047898111  9.29043490254  1.08362618951 -1.45603335985 0.360411526501 1785404715.67
0.0406106352029 -0.236149740481 0.0109165858519 0.239864744111 -3.14245423892  1.36850225956  9.29788400232  1.11645244454 -2.71404331709 0.686055142587 1785404715.69
0.0561966492158  -0.28787885251 0.0239284358446 0.294287048895 -3.12371108158  1.40385972768  9.29677628119  0.70793536515 -3.40699319363  0.83594296279 1785404715.7
0.0645342131449 -0.351283792582 0.0391659820678 0.359303411824 -3.09068213919  1.44295022639  9.29102645305 0.213381578099 -3.23418385497 0.750883786777 1785404715.72
0.0650670121117 -0.422325249998 0.0551429940117 0.430851578434 -3.03756799314  1.48187638664  9.28554724823 -0.123738697404  -2.89285504599  0.623972876983 1785404715.75
0.0583553086115 -0.495738805714 0.0703241316139 0.504091052312 -2.96021924035  1.51695108232  9.28547366946 -0.449250458505  -3.37663833803  0.664800204011 1785404715.77
0.0459856411186 -0.565743887904  0.083379580283 0.573701124539 -2.85676849006  1.54515781638   9.2952507322 -0.823725452698  -3.85115008926  0.677473474949 1785404715.79
0.0303198396638 -0.626812573541 0.0933819192634 0.634455260733 -2.72794660763  1.56449961371  9.31775561214 -0.945610314488  -3.22304703062  0.490479929383 1785404715.81
0.0141122709907  -0.67438205457 0.0999120229711 0.681889084861 -2.57703262081  1.57419098816   9.3536445101 -0.756681032052  -1.96475194275  0.241968690892 1785404715.82
5.04623650629e-05   -0.705408197502    0.103061349947 0.712897166148 -2.4094467731 1.57467303721 9.40108597565   -0.4907323179 -0.912871370621 0.0706341530364 1785404715.85
-0.00970559233529   -0.718688583296    0.103340276098 0.726145089459 -2.23205477589  1.56745865406  9.45596887662  -0.327549136365  -0.223398839419 -0.0361586827567 1785404715.87
-0.0139022444482  -0.714924383511   0.101521087912 0.722230349563 -2.05229675481  1.55483931767   9.5125718354 -0.0771916762892   0.631255226948  -0.139170228831 1785404715.89
-0.0124148900499  -0.696532588946  0.0984556356671 0.703566122801 -1.87727764969  1.53950344462   9.5645774916  0.225186302858   1.40587822861 -0.195003196725 1785404715.91
-0.00626692043238    -0.66725569467   0.0949091733673 0.674000880972 -1.71295308488  1.52412622135   9.6062354253  0.383942770205   1.66345366407 -0.179741535279 1785404715.92
0.00256301042878  -0.631639992015  0.0914437812028 0.638230063266 -1.56351870802  1.51099088256  9.63344104343  0.359059575371   1.47026283336 -0.132089651584 1785404715.94
0.0115097774854 -0.594464380801 0.0883695404057 0.601106937816 -1.43106969413  1.50169212888  9.64451210173  0.341882837896    1.5930325768 -0.126663134618 1785404715.97
0.0178948634356 -0.560199900278 0.0857635295315 0.56700929217 -1.31555035718  1.49695637032  9.64050579577   0.23095087622   1.80884906971 -0.141123730168 1785404715.99
0.0194125815281 -0.532568188958 0.0835404910271 0.539430012006 -1.21497002123  1.49659465887  9.62501346867 -0.0982534580886    1.34575188944  -0.123434708003 1785404716.01
0.0145398705054  -0.51424744056 0.0815486898632 0.520876210606 -1.12582625312  1.49958632287   9.6034764459  -0.415979108841   0.646510369379 -0.0971143483066 1785404716.02
0.00280040922712  -0.506749724948  0.0796622186507 0.512980696623 -1.04365383204  1.50427669221  9.58216267801  -0.619275808279  0.0788517907996 -0.0772091422667 1785404716.05
-0.0151542750449  -0.510466513675  0.0778465276317 0.516590549178 -0.963609441537   1.50866116186   9.56700952932  -0.922405279766  -0.412824844541 -0.0792994448652 1785404716.07
-0.0376494307255  -0.524853154381  0.0761847343783 0.531688279963 -0.881008416189   1.51071911017   9.56255976157   -1.35637113093   -1.10118174997 -0.0858847254614 1785404716.09
-0.0622503152112  -0.548701845248  0.0748644304846 0.557273271989 -0.791749350938   1.50875385364   9.57119212385   -1.41993876358   -1.62789512283 -0.0600422461588 1785404716.11
-0.0861357754439  -0.580440540341  0.0741344846636 0.591461338127 -0.692591134861   1.50168932375   9.59278229425   -1.12066091445    -1.7641706579 -0.0156440472314 1785404716.12
-0.106522030108 -0.618395415702 0.0742464123223 0.631880022474 -0.581279070931   1.48927306399   9.62483975928    -0.751423046  -1.73199000073 0.0271110538077 1785404716.15
-0.121072623041 -0.660968108689 0.0753949926559 0.676181799275 -0.456545003712    1.4721423978   9.66307088762 -0.504311819582  -2.05121983412 0.0795112373081 1785404716.17
-0.128233521189 -0.706703956973 0.0776695078211 0.722431222472 -0.318024062347   1.45172926196   9.70223691052 -0.176790290586  -2.58929809334  0.156194508912 1785404716.19
-0.127442260323 -0.754258807043 0.0810225775419 0.769228532875 -0.166133632908   1.43000870193   9.73712338476 0.259138075354 -2.73555955255 0.217202806366 1785404716.21
-0.119177567559 -0.802302029257 0.0852599730201 0.81557409336 -0.00194871582899     1.40913085674     9.76342479654 0.572798989654  -2.4115442563 0.228853627497 1785404716.22
-0.104840736927 -0.849413608143 0.0900526923112 0.860583839733 0.172913239814  1.39100699856  9.77837589773 0.714762963582 -2.00588224344 0.212350646758 1785404716.25
-0.0864895012232  -0.894036513522  0.0949713492125 0.903217182357 0.356407370158  1.37693689409  9.78102270205 0.897384654742  -1.9908127493 0.221934678165 1785404716.27
-0.0664737979002  -0.934529161392   0.099541325998 0.942163465053 0.546200445285  1.36736090024  9.77210628286  1.07392356559 -2.04988163721 0.227138027744 1785404716.29
-0.0470437217587  -0.969329748144   0.103314248873 0.975954459191 0.739858649919  1.36179516059  9.75361421852  1.02803031367 -1.76683194141 0.180587351819 1785404716.31
-0.0300068574593  -0.997203339691   0.105947234574 1.00326453575 0.935093557135  1.35896736818  9.72812152504 0.772219016529 -1.21808424988 0.100197496981 1785404716.32
-0.0165018563589   -1.01750593186   0.107277138158 1.02327856276  1.1300489605 1.35712341018 9.69808251961  0.509881537435 -0.732983797378 0.0315308683727 1785404716.35
-0.00692879231474    -1.03037937488    0.107374372803 1.03598210422 1.32358188161 1.35443330599 9.66523931311   0.366133019299  -0.456784173354 -0.0169513143809 1785404716.37
-0.00104027351285    -1.03679565981    0.106561294085 1.04225794877 1.51547009696 1.34939908359 9.63027979141   0.236172513144  -0.216026655315 -0.0535928045226 1785404716.39
0.00184054606049   -1.03840067597   0.105384414569 1.04373618616 1.70647535372 1.34116531914 9.59281431123  0.0988288307288  -0.010063326834 -0.0558893352415 1785404716.41
0.00253830082676   -1.03716005108   0.104537551221 1.04241810909 1.89821081889 1.32965709754 9.55166049654 -0.00214201012585   0.0899906882987  -0.0163430347184 1785404716.42
0.00175649383286   -1.03486945185   0.104743115792 1.04015815526 2.09280128428 1.31551508426 9.50534924638 -0.0609855506319   0.104100472267  0.0477236014193 1785404716.45
-0.000109013055011     -1.03264116714     0.106609178864 1.03812971684 2.29237630539 1.29985142055 9.45271155568 -0.114418414558   0.10441716887  0.137354462351 1785404716.47
-0.00302944468483    -1.03050184938    0.110488432352 1.03641253022 2.49848574485  1.2838977092 9.39338816199 -0.186106594784   0.14084643286  0.253751274984 1785404716.49
-0.00726743002634    -1.02722364018    0.116369485507 1.03381965528 2.71155892734 1.26864330509 9.32812650233 -0.265887443354  0.262541189163  0.348894241121 1785404716.51
-0.013196144691  -1.02046309962  0.123829051369 1.02803341866 2.93053153161  1.2545609603  9.2587865302 -0.348719296441  0.505572920869  0.396474524862 1785404716.53
-0.0210718555291   -1.00720999656   0.132064352691 1.01604970032 3.15273536087 1.24148930924 9.18805431553 -0.430638598774  0.879036778749  0.395146288098 1785404716.55
-0.0308294863629  -0.984469215403     0.1400090908 0.994853073982 3.37409175916 1.22869719294 9.11893938921 -0.501682214149   1.37311715436  0.347083178592 1785404716.57
-0.0419614461869  -0.950034648361   0.146516580258 0.962181741846  3.5895836959 1.21510641211  9.0541866448 -0.573917376878   2.05659820298  0.267326404174 1785404716.59
-0.0535137259069  -0.903181615198   0.150575239226 0.917209709696 3.79392141449 1.19960949894 8.99575029366 -0.577929442713   2.72679687934  0.129779031647 1785404716.61
-0.0641989561291  -0.845113237141   0.151510204554 0.860983874207 3.98227699071 1.18139681161  8.9444518759  -0.482544979407    3.13936118909 -0.0366858704851 1785404716.63
-0.0725946151139  -0.779044372897   0.149124599265 0.79650377224 4.15095315561 1.16020788268 8.89988657855 -0.316848808673   3.25193944292 -0.186709018459 1785404716.65
-0.0773750283356  -0.709882212949   0.143745960405 0.72841097768   4.297872141 1.13644544862  8.8605724304 -0.117865390225   3.24074335566 -0.309963690353 1785404716.67
-0.0775226274903  -0.643547232178   0.136164858502 0.662347089151 4.42281377356 1.11113058665  8.8242782281  0.121938693078   3.08212917172 -0.404907736113 1785404716.69
-0.0724759425787  -0.586052649543   0.127478132099 0.604120140743 4.52738546871 1.08572185731 8.78843495659  0.399073657927   2.63038518072 -0.450208582145 1785404716.71
-0.0621934677293  -0.542509256187   0.118871511411 0.558851283171 4.61475569704 1.06185610218 8.75053676816  0.662558180779   1.82549182836 -0.420667066298 1785404716.73
-0.0471364296733  -0.516236782672   0.111389735842 0.530216872644 4.68921598809 1.04108252531  8.7084641567  0.812928362728  0.821681530825 -0.313881206799 1785404716.75
-0.0281924995552  -0.508142184179     0.1057433375 0.519793179831 4.75565033413 1.02465153229 8.66069956446    0.969070362908 -0.00570522443991   -0.219766201593 1785404716.77
-0.00657150596811   -0.516475601238    0.102190404667 0.526529306089 4.81898725901 1.01339128778 8.60643943802   1.12152010651  -0.72762116573 -0.131857998966 1785404716.79
0.0162987272423 -0.537007255897  0.100512469054 0.546575884787 4.88369498869  1.0076705267  8.5456266092    1.18185537738   -1.22576048009 -0.0548517513786 1785404716.81
0.0388612560545 -0.563596158672  0.100081799321 0.573730942034 4.95336102345  1.0074196026 8.47893012608    1.12733010547   -1.35804146955 -0.0134061231583 1785404716.83
0.0595058841639 -0.589056882351 0.0999986528572 0.600440414587 5.03037982115 1.01217247909 8.40769040915    0.89798771361   -1.01207031586 -0.0193942524115 1785404716.85
0.0766487262734 -0.606184243498 0.0992656859998 0.619021841878  5.1157602713 1.02110192262 8.33383355953   0.694095720738  -0.466600101568 -0.0718061429236 1785404716.87
0.0888368324535 -0.608774369496 0.0969642842507 0.62281641611 5.20905936621 1.03304236545 8.25974735823  0.477288765014  0.358383687624 -0.179560920888 1785404716.89
0.0948908964503 -0.592486673604 0.0924027947773 0.60711038297 5.30844731702 1.04651892048 8.18810812543 0.138423685983  1.40863948653 -0.31017411506 1785404716.91
0.0940796208474 -0.555422237608 0.0852164591659 0.569742645412 5.41090657229 1.05981560182 8.12165420125 -0.220493836121   2.41505537431 -0.435917867982 1785404716.93
0.0862956245784 -0.498343191441 0.0754098817098 0.51135068352  5.5125573802 1.07111333226 8.06291691769 -0.517146133577    3.0919232071 -0.516641637932 1785404716.95
0.0721844958396 -0.424515244906 0.0633426936821 0.435242566209   5.609084804 1.07870764059 8.01393840517 -0.778695495354   3.74127326584 -0.605237822598 1785404716.97
0.0531745024407 -0.339211451849 0.0496666278137 0.346927529455 5.69622144108 1.08128325335 7.97601981691  -1.04031487634   4.47454557107 -0.716606219969 1785404716.99
 0.031368862129 -0.248961268697 0.0352274204563 0.253390390454 5.77022476076 1.07819004797 7.94954671103  -1.15575644198   4.70272733574 -0.756397341795 1785404717.01
0.0092931095153 -0.160659796375  0.020947974162 0.162286011958 5.82828491088 1.06964574096 7.93392779628  -1.09042294074   4.38605696466 -0.717148693746 1785404717.03
-0.0104713304837 -0.0806655906107 0.00770998813044 0.0817069775946 5.86881024287 1.05679505618 7.92766215211 -0.827648604485    3.4683475118   -0.5841346911 1785404717.05
 -0.0257014179355  -0.0140115913844 -0.00375033061609 0.0295119053392   5.891560236 1.04158429067 7.92852573511 -0.579166732754   2.76890792117 -0.488943070658 1785404717.07
  -0.03490876576  0.0361660647365 -0.0129205383955 0.0518993880295 5.89762152527 1.02645594955 7.93384840311 -0.307807781793   2.14619708133 -0.409114639452 1785404717.09
-0.0375940166749   0.068909836252 -0.0195570662907 0.0808971845241 5.88924421911 1.01391601157  7.9408424934 0.0155072935143    1.2961452738 -0.283615994362 1785404717.11
-0.0343196681142  0.0854045813535 -0.0236946631279 0.0950432490837 5.86956763372 1.00606162612 7.94694275494  0.282670237976  0.506501689201 -0.155660865201 1785404717.13
-0.0265817963982  0.0886420451041 -0.0256212764755 0.0960231944283 5.84226753089 1.00416979958  7.9501209268   0.423284630635 -0.0607124001035  -0.050553325607 1785404717.15
-0.0165062676734  0.0828495764786 -0.0258221361507 0.088336243471 5.81115632219 1.00843556906 7.94914194564   0.47698968163 -0.375472700719 0.0170921051117 1785404717.17
-0.00643345667497   0.0727818455605  -0.0248992953643 0.0771917179341 5.77976979583 1.01791597338  7.9437310647  0.467312618454 -0.514693760142 0.0608152907937 1785404717.19
 0.0015218455677  0.0629935806721 -0.0234759873289 0.0672430606152 5.75098119608 1.03069299623 7.93462430975  0.322771961658  -0.40928719408 0.0736101767672 1785404717.21
0.00584607203298  0.0572109334414 -0.0220988715785 0.0616086648816 5.72669229248 1.04422493242 7.92348299143  0.111275434572 -0.130512745376 0.0594721343124 1785404717.23
0.00586549126562  0.0578990049722 -0.0211544876974 0.0619210070517 5.70765351202 1.05582003941 7.91266975428 -0.0963502191055   0.211692280244  0.0305687585553 1785404717.25
0.00180622603414  0.0660869299806 -0.0208171611882 0.069311607734 5.69345381558 1.06314446394 7.90490843736  -0.262675265224   0.553041898446 0.00262906585765 1785404717.27
-0.00532796018172   0.0814659275498  -0.0210424546097 0.0843081811406 5.68269331597 1.06467053931 7.90287760588  -0.401502014962   0.929139892958 -0.0201637865286 1785404717.29
-0.0140269697187    0.10272747787 -0.0216123182916 0.105909314467 5.67331228401 1.05998124061 7.90880927223  -0.453991969625    1.22253825908 -0.0310594758007 1785404717.31
-0.0226330658983   0.128066209563 -0.0222263687496 0.131936428523 5.66300998204 1.04986982938 7.92417115483  -0.409930144908     1.3857471712 -0.0263638495785 1785404717.33
-0.0297098150352   0.155742506903 -0.0226209295879 0.160156511017 5.64965929447 1.03620770414 7.94949749183  -0.282715095416    1.36451342526 -0.0111289022446 1785404717.35
-0.0343440639824   0.184588886872 -0.0226873648371 0.189122416468 5.63161969113 1.02159465692 7.98440084851  -0.155627362405    1.38022281348 0.00149521520339 1785404717.37
-0.0363186378643   0.214354616612 -0.0225574342474 0.21857672099 5.60787554062 1.00884893226 8.02775329939 -0.0447663249729    1.54283016163 0.00149386172507 1785404717.39
-0.0361205520386   0.245813911633 -0.0226280830552 0.249481870232 5.57797308759 1.00043195673 8.07798246343  0.0399961320459    1.72683794307 -0.0248537567281 1785404717.41
-0.0347840763385   0.280609500098 -0.0235110169289 0.283732957953  5.54178340112 0.997924746674  8.13339938197  0.0658606949747    1.96363905323 -0.0858971786342 1785404717.43
 -0.033603596506   0.320857033801 -0.0259107599094 0.323650745892 5.49916392077 1.00167123265 8.19247025612 0.0243837920379   2.13811004498 -0.168734658428 1785404717.45
-0.0337807566027   0.368586300514 -0.0304539408456 0.371381802134 5.44961564719 1.01067452798 8.25396460307 -0.0585787747254     2.4593747605  -0.273508032933 1785404717.47
-0.0360872738514   0.425131891121 -0.0375072077417 0.428306206837 5.39203217299 1.02277980766 8.31695318794 -0.171238215267   3.05289333455  -0.41468260217 1785404717.49
-0.0406246038155   0.490600743995 -0.0470274864564 0.494521013635 5.32461389678 1.03511374752  8.3806791858  -0.27654308307   3.59183186194 -0.544407275327 1785404717.51
-0.0467431030219   0.563533279814 -0.0584844488308 0.56848492143 5.24498386864 1.04469116589 8.44437092506 -0.327912262998   3.93348689749 -0.624531175673 1785404717.53
-0.0531492563816   0.640840800022 -0.0708815379045 0.646935828998 5.15049994042 1.04905942296 8.50708917425 -0.284553509114   3.84223782341 -0.606650082134 1785404717.55
-0.0581866303049   0.718051681279 -0.0828813251431 0.725157372569 5.03871909767 1.04684003682 8.56769514065  -0.16774302326   3.52777527458 -0.524095379158 1785404717.57
-0.0602341857388   0.789842756244 -0.0930176522156 0.797578848984  4.9079393777 1.03804744339 8.62498529738 0.0012683182558   3.25567416673 -0.418827462514 1785404717.59
 -0.058134923018   0.850780258926 -0.0999562443556 0.858602334634 4.75772528309 1.02411203315 8.67797653975  0.219995051161   2.69526988515 -0.246799802422 1785404717.61
-0.0515567076008   0.896154899999  -0.102752416151 0.903498620871 4.58931490261 1.00759779659 8.72626150553   0.444192371334    1.88819152839 -0.0287556655401 1785404717.63
-0.041198695168  0.922773485314 -0.101052644328 0.929203892915  4.40581180366 0.991670266344  8.77031391995 0.584281623776 0.857453309733 0.193888890428 1785404717.65
-0.0287882315919   0.929568418955 -0.0951968909204 0.934873604204  4.21208435486 0.979424264938    8.811624836  0.579888320773 -0.115904095509  0.353871906759 1785404717.67
-0.0168569027227   0.917908214993 -0.0861982728946 0.922100747517  4.01433256832 0.973212176485  8.85259430717  0.517640626273 -0.962336118434  0.495831439532 1785404717.69
-0.00833069072405    0.891536182936  -0.0756012652625 0.894774673982  3.81933864593 0.974115085625   8.8961745615 0.272583660841 -1.55232459403 0.526508073118 1785404717.71
-0.00600815745498    0.856126176989  -0.0652434146721 0.858629624483  3.63348669388 0.981669610212  8.94533556824 -0.092932852949  -1.83727443593  0.468935973774 1785404717.73
-0.0120242933938    0.81851397877  -0.056963473462 0.820581838931  3.46170570792 0.993907854792  9.00247747592 -0.555068319803  -1.82658380747  0.335628265158 1785404717.75
-0.0274014861946   0.785726360481 -0.0523076992752 0.787942161839 3.30653766296 1.00769894118 9.06893050157 -0.944621336039  -1.29619973923  0.111187510795 1785404717.77
-0.0517725375834   0.763971844491 -0.0522848703421 0.767507056964 3.16753872642 1.01931496786 9.14465798976  -1.39723049739 -0.698544024801 -0.122489526611 1785404717.79
 -0.083327629744   0.757766139544 -0.0572105172865 0.764477638264 3.04117405351 1.02509868298  9.2282222776  -1.73995057279  0.138894780793 -0.372198389041 1785404717.81
 -0.118994725238   0.769337980268 -0.0666645833891 0.781335292429  2.9212696368 1.02209572375 9.31700484676  -1.80675656296   1.02701143678 -0.565005172315 1785404717.83
 -0.154819862956   0.798404343193 -0.0795674204648 0.817159506825 2.79996137548 1.00853309077 9.40761325002  -1.70380425214   1.84291627093 -0.699234080658 1785404717.85
 -0.186479006969   0.842332211076 -0.0943598480508 0.867871969118  2.66896697782 0.984070391445  9.49637299937   -1.2957739156   2.31366938785 -0.699287264342 1785404717.87
 -0.20983374369  0.896634389522 -0.109256632214 0.92731895276  2.52093402839 0.949807380652   9.5797984099 -0.839130774053   2.72065969711 -0.676109603403 1785404717.89
-0.221443055973  0.955693896664 -0.122531296455 0.988636318254  2.35060653895 0.908084202754  9.65495813692  -0.23828108587   3.05295094948 -0.614211070028 1785404717.91
-0.218961565695   1.01358363355 -0.132785185899 1.0454318988  2.15560144503 0.862145707295  9.71968869289  0.527490008264   2.87049985415 -0.437194883777 1785404717.93
-0.201384796868   1.06484711082 -0.139156006158 1.09262051961  1.93667794136 0.815750865551  9.77265052102     1.207711411   2.21886481968 -0.209549903142 1785404717.95
-0.169134555343   1.10512818577 -0.141430666183 1.12690613546  1.69749017092 0.772793746632  9.81325552999     1.7540742249    1.51258996493 -0.0201112118601 1785404717.97
-0.124002859333   1.13157583901 -0.140043223197 1.14693186063  1.44391176096 0.736972780795   9.8415156963  2.47095746755  0.93428230518 0.135000512155 1785404717.99
-0.0689849649538    1.14299528442  -0.135959003408 1.15311837909  1.18308915003 0.711513743213  9.85786825757  3.07425044926  0.21696491351 0.253842500581 1785404718.01
-0.0080305127093    1.13976057561  -0.130467324632 1.14723161639  0.92240885864 0.698931855663  9.86302742484   3.28753741525 -0.518952829625  0.294349754833 1785404718.03
0.0542683736242   1.12353918073 -0.124923512276 1.13176465351  0.66855178528 0.700816666867  9.85789958985  3.01091381604 -1.06584372942 0.248074910424 1785404718.05
0.113044100654  1.09690095712 -0.12049175718 1.1092740608 0.426764946666 0.717638688219  9.84358041912  2.38853985349 -1.32531475399  0.15259351751 1785404718.07
 0.163571743718   1.06289067666 -0.117940591018 1.08185132476 0.200423119528 0.748600577327  9.82142757693   2.11608551815   -1.7243381034 0.0706351133057 1785404718.09
0.201727085076  1.02463570704 -0.11753151167 1.05089761881 -0.00910514596503    0.791575972221     9.79317365292    1.66533928888    -2.1293688825 -0.0295450024681 1785404718.11
 0.224455851602  0.985041840907 -0.119020743951 1.01727763917 -0.202319586763  0.843185345372   9.76101756847  0.791250895423  -2.16816548979 -0.117742129753 1785404718.13
 0.230203638674  0.946604982351 -0.121768966677 0.981775121459 -0.381241240482  0.899045334141   9.72762120547 -0.130409538796  -1.84222978681 -0.147702161236 1785404718.15
 0.219238511171  0.911339103834 -0.124929916429 0.945627818424 -0.548933359595  0.954197828465   9.69595104105 -0.761415262067  -1.37619761821 -0.123434542679 1785404718.17
 0.193793235972  0.880796071007 -0.127671529484 0.910855398211 -0.708969134588   1.00368568693   9.66894310202   -1.4388894612  -1.29639039055 -0.104425446295 1785404718.19
 0.157966297449  0.856134926432 -0.129376664033 0.880146967604 -0.86492022576  1.04320440327  9.64902393951  -2.19038811218  -1.22080408252 -0.060310095816 1785404718.21
 0.117350367004   0.83819094272 -0.129776305677 0.8562575866 -1.01993078495  1.06973351898  9.63757428088  -2.26343441664 -0.814556784753 0.0111220609151 1785404718.23
 0.078399446621  0.827500689139 -0.128985688551 0.841154665687 -1.17642652194  1.08204407078  9.63445878119  -1.76376828273 -0.352287280737  0.059096510018 1785404718.25
0.0475940560532  0.824258125502 -0.127439062985 0.835408502711 -1.33598522296   1.0809896406  9.63775286013 -0.998726747295 0.0146736617449 0.0675753802655 1785404718.27
0.0305085648324  0.828204319638 -0.125745318192 0.838251187081 -1.49936516586  1.06951536301  9.64377163527 -0.381360151538  0.325280909881  0.067053881051 1785404718.29
0.0309170778764   0.83848274392 -0.124506779404 0.848240010653 -1.66665691985   1.0523564951   9.6474502772  0.561166714971  0.725477219074 0.0456880315325 1785404718.31
 0.050086699306  0.853514962935 -0.124151341926 0.863950244576 -1.83750000523  1.03544099099  9.64305046117     1.62657999337    0.952230473948 -0.00923082543349 1785404718.33
0.0863947926417  0.870960439969 -0.124821614888 0.884090823236 -2.01129560555  1.02505501616  9.62508967415    2.17100452018   0.873154392931 -0.0558787650509 1785404718.35
 0.135368797779  0.887814494893 -0.126346389564 0.906919345317 -2.18735387126  1.02687287419  9.58932735388    2.15079811335   0.615650482878 -0.0719869384845 1785404718.37
 0.190186099169  0.900669954584 -0.128295496677 0.929428240304 -2.36493933399  1.04498855002  9.53361196764    2.45173369535   0.418698274991 -0.0857425413457 1785404718.39
 0.242594853371   0.90612617556 -0.130096321509 0.947017403107 -2.54321520457  1.08110771026  9.45840820038    2.71760393422  0.0177765734474 -0.0832999775594 1785404718.41
0.284136848964 0.901284511541 -0.13117527443 0.954072571823 -2.72112570375   1.1340575109   9.3668838403    1.90362063661  -0.642185445919 -0.0289740484904 1785404718.43
 0.307486184033  0.884235118426 -0.131083999686 0.94530551305 -2.89728135092  1.19973932395  9.26452758589  0.620573865708  -1.23515627998 0.0420992949799 1785404718.45
  0.30767892189  0.854427657224 -0.129578196745 0.917334971249 -3.06991520634  1.27158468457  9.15836670499  -0.50554654897  -1.47482830191 0.0919257625307 1785404718.47
 0.283010898555  0.812833496175 -0.126633550395 0.869959491753 -3.23695689076  1.34148473627  9.05593090544 -1.59525998063 -2.04411137117 0.158420458951 1785404718.49
  0.23542732604  0.761846942823 -0.122403108601 0.806733730007 -3.39623314786  1.40106507255  8.96414900379 -3.28529300289  -3.1455705728 0.276822715433 1785404718.51
 0.170312524153  0.704928146543 -0.117137450656 0.73460957659 -3.54576132103  1.44309404332  8.88836519095 -4.12384811122 -3.41756424473 0.333640926217 1785404718.53
0.0956956399923  0.646046845144 -0.111098082834 0.66247789823 -3.68406833778  1.46276588058  8.83162979363 -3.92497519743 -3.04654853498  0.33237349254 1785404718.55
0.0209974131177  0.589030412189 -0.104493196247 0.598595477684 -3.81045235215  1.45860561303  8.79436670311 -2.93380419398 -2.28370620878 0.285583913055 1785404718.57
-0.0444683427355   0.536941623241 -0.0974541666046 0.547522652374 -3.92511153574  1.43280362353  8.77445580875 -2.52825054657  -2.1611434143 0.320280888556 1785404718.59
-0.0929753835237   0.491606697912 -0.0900550272814 0.508361559632 -4.02909299639   1.3908934239  8.76770200766 -2.15944204604 -2.40209973733 0.433885467928 1785404718.61
 -0.119585118848   0.453383933652 -0.0823613431538 0.476068254339 -4.12405720826  1.34081544074  8.76860144251 -0.87502745192 -2.06147981153 0.455980893097 1785404718.63
 -0.122854549815   0.421214279983 -0.0744848541393 0.445042361544 -4.21189886241  1.29153476072  8.77127021527 0.383889499651 -1.58363507446 0.412432212593 1785404718.65
 -0.104932384648   0.392937935942 -0.0666191579878 0.412127576196 -4.29430237184  1.25147403802  8.77037916366  1.09141054826 -1.16703181523 0.325325224164 1785404718.67
-0.0710381640961   0.365807658909 -0.0590395413501 0.377289453228 -4.37233026099  1.22706256926  8.76194443131   1.6850584019 -1.23014905197 0.320617317761 1785404718.69
-0.0284337067889   0.337091339801  -0.052063697548 0.342271347987 -4.44614011489  1.22167928433  8.74385598904  2.41314582212 -1.71731115401 0.366537955178 1785404718.71
 0.0149116989484   0.304641583847 -0.0459844301508 0.308453272297 -4.51490031224  1.23518597996  8.71607778767  2.36181115995 -2.05612824234 0.326182077236 1785404718.73
 0.0517088893435   0.267321386082 -0.0409954635906 0.275345529706 -4.57693145737  1.26412547704  8.68051220995  1.66653247309 -2.14820124825  0.23935695715 1785404718.75
 0.0765335686838   0.225209481789 -0.0371339436034 0.240739750749 -4.63004919773  1.30252404397   8.6405749526 0.748980349449 -1.88392986013 0.144631105205 1785404718.77
 0.0866002010937   0.179558357167 -0.0342578115491 0.202273073122 -4.67203773344     1.34311774  8.60056461009 0.119127227224  -2.0181041705 0.110367520575 1785404718.79
 0.0820043329044   0.132530651377 -0.0320654576096 0.159114040051 -4.70115384861  1.37874420195  8.56493089933 -0.587016728178  -2.57142175872  0.113774332543 1785404718.81
 0.0654211257513  0.0867835987135 -0.0301529282549 0.112785264031 -4.71655624302  1.40362124694  8.53754980958   -1.207101565 -2.59934502473 0.117921683188 1785404718.83
 0.0413546659876  0.0449965842189 -0.0280943939619 0.0672621436054 -4.71857476429  1.41427396518  8.52110825869 -1.36175986164 -2.09368395368 0.125221348571 1785404718.85
 0.0151153105882 0.00943921447176 -0.0255270304052 0.0311319878153 -4.70877213417  1.40996034554  8.51668760646 -1.06734618105 -1.36269969806 0.126333813779 1785404718.87
-0.00825577538448  -0.0183419414426  -0.0222223757047 0.0299736321631 -4.68979559507  1.39255824941  8.52361264971  -0.8642122507 -1.01745737225 0.159719699399 1785404718.89
-0.0249017808009 -0.0376738467201 -0.0181312571998 0.0486637431913 -4.66505570107  1.36598593596  8.53959690002  -0.66841033374 -0.829787156473  0.240932141566 1785404718.91
-0.0327419796748 -0.0487399421995 -0.0133961901407 0.0602252198744 -4.63829580033  1.33531057136   8.5611661023 -0.198144202015 -0.432710658486  0.287450611151 1785404718.93
 -0.0316569501636  -0.0524258997875 -0.00833143695784 0.0618065555097 -4.61312582611  1.30574046366  8.58428747968   0.255086536907 -0.0361766063007    0.26999592656 1785404718.95
-0.0232744789198 -0.0500826318279 -0.0033753294965 0.0553295963207 -4.59259038702  1.28169512244  8.60508581659 0.464755845485 0.200573109668 0.203955402838 1785404718.97
 -0.0104432810766  -0.0432707883078 0.000978058482309 0.044523924342 -4.57882907469  1.26611000408  8.62050400505  0.58092147006 0.359247752365 0.165865610871 1785404718.99
0.00346508522548 -0.0335466130827 0.00425939287128 0.0339930065245 -4.57287089629  1.26007254319  8.62877441676 0.694986278346 0.565957497963 0.138637298846 1785404719.01
 0.0152678561764 -0.0223330930426 0.00610696926815 0.0277339061568 -4.5745863897 1.26281690046 8.62960827555  0.559605857764  0.663953977207 0.0610184179535 1785404719.03
 0.0225552811069 -0.0108967224404 0.00634095355358 0.0258396392724 -4.58279953218  1.27204004092  8.62407375116 0.242512469301 0.604970830512 -0.03009010468 1785404719.05
   0.0240506927565 -0.000423456992045   0.00501722541768 0.0245720916648 -4.59553660013  1.28445196888  8.61420472792 -0.0625035924703    0.41118408248 -0.0853962393074 1785404719.06
 0.0197074906214 0.00783765860257  0.0024501276316 0.0213498759803 -4.61036325256  1.29644467057  8.60244442339 -0.286550815243  0.272679815018  -0.12363351378 1785404719.09
   0.0105607570666    0.0124134744451 -0.000803062158862 0.0163177463655 -4.62474031375  1.30475885091  8.59106615004 -0.571875812123 0.0979239406774  -0.17300355371 1785404719.11
-0.00160526965927   0.0114871038653 -0.00399739679549 0.0122682365086 -4.63632049457  1.30704148379  8.58171707756 -0.742581754538 -0.280546916541 -0.161367565787 1785404719.13
 -0.0146889105986  0.00287416599332 -0.00628996967198 0.016235413244 -4.64311846795  1.30221440634  8.57519734334  -0.707416286414  -0.770718832405 -0.0804427547505 1785404719.15
 -0.0267135230729  -0.0158679402952 -0.00685254320696 0.0318176239305 -4.64351670835  1.29060831106  8.57152376241 -0.472899364569  -1.10033566147 0.0285466939174 1785404719.16
 -0.0362047231482  -0.0471885272723 -0.00499116201594 0.0596862696324 -4.63611443215  1.27385251086  8.57025101733 -0.329282682909  -1.61783199661  0.138070623945 1785404719.19
  -0.0424479179352   -0.0931741843732 -0.000254996998815 0.102388082286 -4.6194755418 1.25454532013 8.57095408944 -0.251456740476  -2.88984604546    0.3339833713 1785404719.21
-0.0455960775856  -0.155117900854 0.00748237999424 0.161853487657 -4.59186862586  1.23576021369  8.57373243076 -0.12301542376 -4.12542106197 0.537673798088 1785404719.23
-0.0466205485607   -0.23310670454  0.0179826685543 0.238402155229 -4.55110424393  1.22046660004  8.57959015711 -0.0429927218703   -4.82125728637   0.654781525414 1785404719.25
-0.0471173602164  -0.325716426592  0.0306515983706 0.330531022248 -4.49455549853  1.21095844943  8.59057783497 -0.0538394553603   -4.45635912712   0.602737443697 1785404719.26
-0.0489980159272  -0.429892655051  0.0445986250746 0.434968433096 -4.41940094234  1.20838668712  8.60964014929 -0.146222679497  -4.50461746965  0.587591076842 1785404719.29
-0.0541078595334  -0.541069649863  0.0587426922794 0.546932107636 -4.32306677828  1.21248040303  8.64018328834 -0.38746836069 -5.84374784675 0.714740758403 1785404719.31
-0.0638267983087  -0.653538438561  0.0719524331293 0.660578158504 -4.20378510766  1.22151694397  8.68543938179 -0.725092204551  -6.48145636165  0.720757391581 1785404719.33
-0.078715124407  -0.76102914254 0.0832028477367 0.769599987316 -4.0611428111  1.2325630487 8.74775048065 -0.977619598391  -5.78737455665   0.56125017187 1785404719.35
-0.0982687260267  -0.857429948597  0.0917255001618 0.867903466203 -3.8964827936 1.24196214356 8.82791500032 -0.965122011001  -4.04393086066  0.319020602428 1785404719.36
-0.120839853905  -0.93753479848 0.0971271561955 0.950267043059 -3.71304013852  1.24599374404  8.92473349193 -0.945631240045  -2.91585282759   0.16065882654 1785404719.39
 -0.14375944548 -0.997700529063 0.0994541847656 1.01289893806 -3.51574674856  1.24158959327  9.03485951605  -1.09811540798  -2.53264860201 0.0528399016354 1785404719.41
-0.163665083461  -1.03630516176 0.0991878511833 1.05382772674 -3.31070819351  1.22696880942  9.15300986131   -0.97219204819   -1.64463242968 -0.0668614734046 1785404719.43
-0.176999096366  -1.05393119655 0.0971681631531 1.07309892327 -3.1044289923 1.20205977343  9.2725244676 -0.494001830366 -0.494095388012   -0.1379344589 1785404719.45
 -0.18060197006  -1.05324525599 0.0944587588098 1.07278380765 -2.90291952153  1.16861271072  9.38620106064  0.104575716643  0.341008758995 -0.110968113611 1785404719.46
-0.172297095588  -1.03859854093 0.0921787433014 1.05682076961 -2.71084546179  1.12996854005  9.48727429266  0.589202922321  0.761970775895 -0.062918268054 1785404719.49
-0.151353129333  -1.01541998218 0.0913354097369 1.03069280925 -2.53087334541  1.09052304514  9.57037427995   1.41093341027   1.29296661494 0.0135043943179 1785404719.51
 -0.11872520635 -0.989505746198 0.0926914931671 1.00090409595  -2.363326201 1.05499225459 9.63229241412   2.2181169789   1.4650890966 0.159813415825 1785404719.53
-0.0770151062686  -0.966318952755  0.0966914002029 0.974193446868 -2.20620164445  1.02762718055  9.67240762117  2.53394247563  1.11863197985 0.307907819138 1785404719.55
-0.0301457472262  -0.950401537367   0.103455079295 0.956490879066 -2.05553580941  1.01153252562  9.69268346631  2.14976302208 0.487141387029 0.368274654916 1785404719.56
0.0171955043807 -0.944970605485  0.112830565204 0.951838151707 -1.90603575311  1.00821401742  9.69722774758    1.87106041897 -0.0275444955578     0.4352695421 1785404719.59
0.0602416903632 -0.951732160551  0.124482138695 0.961727076431 -1.75186226859  1.01742265585  9.69149507413   1.99100473737 -0.665096569113  0.645092233819 1785404719.61
0.0948305167184 -0.970904637373  0.137984570411 0.985235191944 -1.58742975991  1.03729796049  9.68128798855  1.71032073838 -1.47203359365 0.841941340352 1785404719.63
0.117962666515 -1.00141127281 0.152896502701 1.01986129867 -1.40809919506  1.06475356199  9.67175416249 0.951304891115 -2.00702065026 0.879964464207 1785404719.65
0.128140104893 -1.04117972157 0.168796199979 1.06252870842 -1.21066960234  1.09600984324   9.6665752634 0.176578923473 -2.03234074313 0.764582796177 1785404719.66
0.125440877621 -1.08748198169 0.185276989826 1.11026124729 -0.993616862817   1.12716506337   9.66749755592 -0.359455608905  -2.05610394449  0.708722284012 1785404719.69
0.111343586379  -1.1372566421    0.201913132 1.16039604321 -0.757078018307   1.15470661994   9.67427578207 -0.918627080465  -2.47494134784  0.816087248452 1785404719.71
0.0883635794989  -1.18737468041  0.218215611872 1.21048949072 -0.502625591844   1.17589118505   9.68500889405 -1.46066501145 -2.75411749932 0.894346552206 1785404719.73
0.0595929879409   -1.2348335866   0.23359936322 1.25814703962 -0.232909477943    1.1889578605   9.69676154338 -1.70162157307 -2.53347515016 0.825421166763 1785404719.75
0.0282427578955  -1.27688612641  0.247378969636 1.30093512052 0.0487437985835   1.19317403283    9.7063101699 -1.52808795347 -1.87050248822 0.617898840647 1785404719.76
-0.00273201430049    -1.31112439925    0.258801149898 1.33642534 0.338695018933  1.18874267659  9.71084019596 -1.29075004858 -1.28071192374 0.430845698228 1785404719.79
-0.0308750951099   -1.33554422162   0.267112203568 1.36234377772 0.63326785805 1.17661810332 9.70845133886  -1.24956729071 -0.907771440889  0.311148683452 1785404719.81
-0.0543311724962   -1.34860956914   0.271649605726 1.37676909995 0.928920347964  1.15828273726  9.69838877054 -1.13047590666 -0.38036730411 0.133275393901 1785404719.83
-0.0718323358764   -1.34932496225   0.271940782721 1.37832852671 1.22232964801  1.1355310755 9.68098901208 -0.790004695199  0.315591716719 -0.107805527482 1785404719.85
-0.0826163385422   -1.33731018806   0.267789758735 1.36635842785 1.51042974346 1.11029155238  9.6573921993 -0.365819012887  0.920139276317 -0.318121136731 1785404719.86
-0.0863290222802   -1.31286165644   0.259334269131 1.34101181657 1.79044753314 1.08449741916 9.62911456788 -0.00763866393993     1.37268073306   -0.471631621145 1785404719.89
-0.0829520547977   -1.27698141337   0.247061735736 1.30330429093 2.05997093633 1.05999963034 9.59759211423  0.336105266782   2.02106523905 -0.683260353373 1785404719.91
-0.0727750412063   -1.23135897646   0.231780705372 1.2550949888  2.3170571357 1.03850295654 9.56379878898  0.696531035295   2.58928953677 -0.853007785736 1785404719.93
-0.056406414331  -1.17830045642  0.214552576994 1.19900227584 2.56035934063 1.02150365649 9.52801364864  0.999600774462   2.91509985087 -0.926162231554 1785404719.95
-0.0347986846501   -1.12060989126   0.196594390962 1.13825604826 2.78922877199 1.01021267159 9.48976804849   1.22417602657   3.03421332443 -0.918753212591 1785404719.96
-0.00925628773943    -1.06143528406    0.179166056314 1.07649013783 3.00374501769 1.00545979931  9.4479574833   1.26990106165   2.77090082835 -0.788092861762 1785404719.98
0.0186005086947  -1.00409383065  0.163455176916 1.01748120107 3.20464568268 1.00758784271 9.40106643222   1.41542998464   2.75981645865 -0.722903490727 1785404720.01
0.0469278903059 -0.951886934106   0.15047107396 0.964848436963 3.39315972788 1.01635741696 9.34743872718   1.38433325603   2.41212017588 -0.564180052963 1785404720.02
0.0738021597286 -0.907908164648  0.140957942043 0.921744615194 3.57078531052 1.03088976086 9.28553292225   1.26537613347   1.93175385243 -0.379488283753 1785404720.05
0.0973962664329  -0.87484068878  0.135335528936 0.890588551943 3.73907715261 1.04967473571 9.21412559239   1.09438346874   1.37357571341 -0.188188299474 1785404720.06
 0.116163784848 -0.854739507494  0.133673509829 0.872893039158 3.89950902896 1.07066380574 9.13245351784   0.750502949854   0.618286660059 0.00869942765921 1785404720.08
 0.129004572623 -0.848800825688  0.135701915468 0.869206552729 4.05345135491 1.09145390394 9.04030595878   0.467219867516 -0.0582191036907   0.174510059423 1785404720.11
 0.135389814491 -0.857135215149  0.140854573411 0.87911955374 4.20226035934 1.10954948964 8.93808306656  0.161227804036 -0.747348459537  0.317107501151 1785404720.13
 0.135428615947 -0.878578561054  0.148336909401 0.90124637955  4.3474301827 1.12267022574 8.82682632101 -0.142630234164  -1.37941942022  0.421960047575 1785404720.15
 0.129862800421 -0.910588612234  0.157205798895 0.933139663111 4.49072981201 1.12905585537 8.70821003336 -0.39842615193 -1.82366123554 0.467191547888 1785404720.16
 0.119982314758 -0.949278791382  0.166449127503 0.971200953289 4.63424416745 1.12771397285 8.58447151885 -0.538512132631   -1.9002023541  0.429137319348 1785404720.18
 0.107462627531 -0.989630213491  0.175056371918 1.01072296359  4.7802637191 1.11856420452 8.45826090139 -0.627354415931  -1.85987364551  0.379365373102 1785404720.21
0.0941383528623  -1.02589657298  0.182077142542 1.04617297507 4.93101127412 1.10245274565 8.33241087834 -0.644908623616   -1.5683114707  0.291188678838 1785404720.23
0.0817421099787   -1.0521782726  0.186669681541 1.07173059109  5.0882446235  1.0810379271 8.20965432775 -0.586794274498 -0.970769193395  0.158298194441 1785404720.25
0.0716501199466  -1.06310021432   0.18814374343 1.0819953205 5.25281592802 1.05657163908 8.09234086126  -0.444729526559 -0.0603524504791 -0.0174181127638 1785404720.26
0.0646813842224  -1.05449351489  0.186001487443 1.07272401284 5.42429235305 1.03161588801 7.98221164126 -0.25436061611 0.933958029026 -0.19490874542 1785404720.28
0.0609920667393  -1.02396611204  0.179976803866 1.04145008558 5.60074126564 1.00873649254 7.88028093387 -0.110055621969   1.99539336451 -0.381933770561 1785404720.31
0.0600905029389 -0.971257294087  0.170069429021 0.987863963584  5.77875609239 0.990210434992  7.78684661024 -0.00045186221246     3.15637341301    -0.58802068513 1785404720.33
0.0609740773766    -0.898305801  0.156566752987 0.913884182138  5.95375015265 0.977775791371   7.7016194077 0.0595779825891   4.25427073362  -0.78729384451 1785404720.35
0.0623626260228 -0.809012345221  0.140044435893 0.823409081726  6.12048586569 0.972447853524  7.62393320367 0.0528268096212   4.99084319016 -0.927472145016 1785404720.36
0.0629806579269 -0.708732950647  0.121337527893 0.721797585394  6.27375083372 0.974421892639  7.55298413291 -0.0125772962323    4.83750001435  -0.908208055339 1785404720.38
0.0618285284975 -0.603586891426  0.101477190134 0.6151727583  6.40905613671 0.983078124215  7.48804751262 -0.108444858941   4.93223356424 -0.937728909123 1785404720.41
0.0583844960012 -0.499692666598 0.0815942523625 0.50966570656   6.5232260999 0.997093856387  7.42863456012 -0.231917705371   5.10754907707 -0.982192382372 1785404720.43
0.0526956474966 -0.402452450859 0.0627986160518 0.41071702259 6.61477360249 1.01465103436 7.37456891013 -0.342329246121   4.82177494682 -0.932934661878 1785404720.45
0.0453422399934 -0.315989918496 0.0460507724039 0.322530961239 6.68400215564 1.03370828163 7.32597981047 -0.406677511971   4.21414163061 -0.811803359349 1785404720.46
0.0372899505032 -0.242812964688 0.0320460019923 0.247741039137 6.73283184013 1.05229125767 7.28322162843 -0.361015352867   3.04656054121 -0.574004717642 1785404720.48
0.0296695079841 -0.183729817829 0.0211315493287 0.187305814219 6.76439720312 1.06874912606 7.24673806878 -0.325184886658    2.4780909683 -0.443884738296 1785404720.51
0.0235364951102 -0.138003931456 0.0132722237564 0.140624335101 6.78250155365 1.08193075088  7.2168957002 -0.262616396872   2.10040676243 -0.342745423271 1785404720.53
 0.0196630708098  -0.103698302054 0.00807196666132 0.105854290647 6.79102910489 1.09125121261 7.19381575345 -0.133854062713   1.56004072271 -0.219474486378 1785404720.55
 0.0183999544694 -0.0781386392777 0.00485006908998 0.0804221887468 6.79341426166  1.0966438719 7.17723501593 -0.000959214057353      1.19278447133    -0.139860101792 1785404720.56
  0.019626657393 -0.0584181502392 0.00276263643928 0.0616888816391 6.79224956685 1.09841995014 7.16642463226   0.101034603883   0.835183911838 -0.0897390509188 1785404720.58
  0.0227872219254  -0.0418721023155 0.000953293109292 0.0476805956669 6.78908529184 1.09707966463 7.16018889863   0.171615125516   0.744447208581 -0.0943697183737 1785404720.61
  0.0269930934817   -0.026463374884 -0.00128810499169 0.0378232272609 6.78443925671 1.09312973637 7.15695493913 0.220429723627  0.81112268533 -0.14039470805 1785404720.63
   0.031167096122  -0.0110363967256 -0.00438396346374 0.0333527970193 6.77799989025 1.08695723217 7.15494949966  0.191980155704  0.826814672574 -0.188629861918 1785404720.65
  0.0342027211733  0.00458684453766 -0.00837191566453 0.0355099176339 6.76897372527 1.07878944393  7.1524427117  0.104698183984  0.813849893909 -0.225056351865 1785404720.66
 0.0351185545347  0.0196794560967 -0.0128779103603 0.0422662328593 6.75650541275 1.06873983781 7.14802332122 -0.0230668760831   0.646823570077  -0.201556154181 1785404720.68
 0.0331949576347  0.0328457733791 -0.0171776569548 0.0497576319743 6.74008775032 1.05691140897 7.14085913294 -0.159334613756  0.514702607453 -0.169292438301 1785404720.71
 0.0280856606271  0.0423979900479 -0.0203503341474 0.0547770936877 6.71988269319 1.04351181621 7.13089345257 -0.350687196909  0.368840822143 -0.114222898478 1785404720.73
0.0198987391976 0.0468302820323 -0.021508389933 0.0552417050279 6.69689069931 1.02893578727 7.11893464905  -0.517385663766  0.0804130153152 0.00782285149683 1785404720.75
0.00923945894596  0.0453271007878  -0.020065380297 0.0504235376973 6.67293160458 1.01378846308 7.10661132404 -0.603617989461 -0.228851829727  0.146874195935 1785404720.76
-0.0027966020452  0.0382257167934 -0.0159860893145 0.0415280803666  6.65043073307 0.998850599347  7.09618824105 -0.562016685889 -0.422242278002  0.237387430516 1785404720.78
 -0.0146949011887   0.0273452525625 -0.00995586505297 0.0326009540904 6.63203430944 0.98501120643 7.09026479869 -0.512832179696 -0.518720838894  0.294754484123 1785404720.81
 -0.0246712095941   0.0160999313464 -0.00341347995275 0.0296568409913  6.62010490764 0.973204659877  7.09140321866 -0.414362340784 -0.460394555922  0.295045493859 1785404720.83
-0.0309035534204 0.00933595366673 0.00158545840187 0.032321870664  6.61616875659 0.964382389368  7.10175153811  -0.188603291696 -0.0850574384324   0.160255200888 1785404720.85
-0.0318343326686  0.0128694633392 0.00267298713364 0.0344411481125  6.62040103713 0.959526703694  7.12273190828  0.115945924464  0.617528321726 -0.105087915991 1785404720.86
 -0.0265066077404   0.0327540987981 -0.00239972572919 0.0422041458337  6.63124072089 0.959685988171  7.15485572534  0.402271904172   1.45858794298 -0.425830885144 1785404720.88
-0.0148746313483  0.0743632331146 -0.0152799560128 0.0773603396629  6.64521937893 0.965989278421  7.19770544506  0.673637271472   2.56912525227 -0.808040461147 1785404720.91
0.00198695447376    0.14142316049 -0.0365782846159 0.146090482977   6.6570652659 0.979594316059  7.25009273259 0.928928578905  4.06747954932 -1.27235952518 1785404720.93
 0.0218494950308   0.235166373857 -0.0655812311198 0.24511532327 6.66010476402 1.00153982433 7.31036900674  1.04019444513  5.58705802395 -1.67366737435 1785404720.95
0.0415228865505  0.353777252149 -0.100191390744 0.370028119235 6.64693334926 1.03250486609 7.37683252115 0.933160141577    6.771461513 -1.88449656371 1785404720.96
0.0572803123646  0.492269528247  -0.13713299436 0.514213750076 6.61027753639 1.07251487362  7.4481508117 0.568250250225  6.86151167205  -1.7139906311 1785404720.98
0.0654644851968  0.642867417079 -0.172405482611 0.668795757461 6.54392864277  1.1206630537 7.52370402716 0.138138300882  7.11955461477 -1.51906834401 1785404721.01
 0.063170986564  0.795870893061 -0.201911094598 0.823510256212 6.44360702286 1.17492817491 7.60375933748 -0.417928560582   7.50560735027  -1.25252897014 1785404721.03
0.0488700179365  0.940888579523 -0.222138984812 0.967990354447 6.30761608895 1.23216134208 7.68941403665  -1.03255551996   6.97076050234 -0.738595600923 1785404721.05
0.0228257084467   1.06824101333  -0.23077040953 1.09312161146 6.13716979471 1.28828654665 7.78229481256  -1.60892197673   5.98556267443 -0.129004331984 1785404721.07
-0.0127939495785    1.17029283135  -0.227083238823 1.19218949568 5.93632305209 1.33871768141 7.88406394971 -1.90444208135   4.3101845122 0.462435725998 1785404721.08
-0.054160118946   1.24247740736 -0.212076747312 1.2616100717 5.71149621767  1.3789461899 7.99584240886 -1.98481387439   2.6972054997 0.921360056538 1785404721.11
-0.0963455286907    1.28383283709  -0.188298197743 1.30114004848  5.4706531084 1.40520864107 8.11769434829 -2.00404233555  1.36588135306  1.32016664212 1785404721.13
-0.134101469693   1.29696248404 -0.159415232777 1.31358597192   5.222254629 1.41511351147 8.24831334022  -1.68995374459 0.0920036957173   1.49433954848 1785404721.15
-0.162696990757   1.28744511331 -0.129626997905 1.30414277944  4.9741536938 1.40810114941 8.38500573543  -1.15777457953 -0.887141918776   1.46518626123 1785404721.17
-0.178655170088   1.26282332089 -0.103031657891 1.27955302044 4.73261113291 1.38563494922 8.52399304015 -0.435584443808  -1.39181434994   1.15572264177 1785404721.18
 -0.180245804414    1.23137173645 -0.0830652770551 1.24726290075 4.50159235625 1.35107166212 8.66097283568 0.262125554011 -1.47542304713 0.736671339222 1785404721.21
 -0.167649194588    1.20087411502 -0.0721007296109 1.21466184915 4.28245381885 1.30922280931  8.7918089019 0.936332592168 -1.34334250875 0.295167144237 1785404721.23
 -0.142778472383    1.17761790984 -0.0712541690255 1.18837990153 4.07405597597 1.26568117058 8.91318507474   1.48932441162 -0.889113314549 -0.210143118377 1785404721.25
-0.108820528087   1.16575392881 -0.080401432488 1.17357936255 3.87325858478 1.22603146715 9.02306561204   1.91771490138 -0.276115511795 -0.710640850588 1785404721.27
-0.0696106523496    1.16708309569 -0.0983677101608 1.1732880301 3.67568052383 1.19508383601 9.12085694806  1.99690548797 0.387393582566 -1.07116386494 1785404721.28
-0.0289810443953    1.18124254547  -0.123228281551 1.18800633902 3.47655641843 1.17626084964 9.20724719842  1.88745127266 0.929662593385 -1.29041748903 1785404721.31
0.00978570644831    1.20618970782  -0.152649614781 1.21585002208 3.27151081213 1.17123710576 9.28378584521  1.82734508581  1.43618429485 -1.52048404756 1785404721.33
0.0443052568037   1.23884120904 -0.184207815599 1.25324499453 3.05710435812 1.17988091811 9.35233026965  1.60508412891  1.75974445284 -1.59424882589 1785404721.35
0.0732048952088   1.27571974903 -0.215640685093 1.29588608288 2.83107909123 1.20048873513 9.41450990159  1.36169247602  1.96554102813 -1.60100439022 1785404721.37
0.0960221208503   1.31349214522 -0.245013708152 1.33959455823 2.59231970319 1.23024594945  9.4713387506 0.994507080368  1.84173124935 -1.38010757609 1785404721.38
  0.11295455343   1.34933228446 -0.270802488905 1.3808657911 2.34062426643 1.26580602884 9.52305348007 0.663967581303  1.57341046125 -1.09144485819 1785404721.41
 0.124550869744   1.38109700006 -0.291909907857 1.41709323513 2.07641447234 1.30386428235 9.56918659155   0.45949734016   1.44278495345 -0.916228295142 1785404721.43
 0.131430835886   1.40734633589 -0.307643818106 1.44656230166 1.80050243764 1.34161640845 9.60882351131  0.258512070965   1.24981647402 -0.697663630556 1785404721.45
  0.13410002276   1.42726385296 -0.317680838928 1.46832763288 1.51397952946 1.37702936671 9.64095356794 0.0405003309993  0.920714697907 -0.399232080109 1785404721.46
 0.132890789205   1.44053619992 -0.322035310374 1.48206317216 1.21822713701 1.40890121268 9.66481409209  -0.150179656734   0.493855863128 -0.0830984756341 1785404721.48
 0.128025885709    1.4472382507 -0.321041823635 1.48793717415 0.914995606839  1.43673492143  9.68014158595 -0.286095889468  0.157276268421  0.145852758162 1785404721.5
 0.119772326702   1.44774784786 -0.315347468957 1.48652725081 0.606472284347    1.460489548  9.68727586752 -0.465895773246 -0.109268168192  0.363824255491 1785404721.53
 0.108634851814   1.44269040357 -0.305899105295 1.47876008677 0.295266496648  1.48029450938  9.68710183613 -0.694599025273 -0.425580716633  0.614405995652 1785404721.55
0.0955310210364   1.43289520358 -0.293904876898 1.46584273273 -0.0157288471552    1.49621601836    9.68084909123 -0.784719792649 -0.685281399001  0.737959243934 1785404721.56
0.0818928885317   1.41933713763 -0.280750664807 1.44915330149 -0.32359573205  1.50814772843  9.66979500125 -0.630134501392 -0.726912620161  0.634122504803 1785404721.58
0.0696521580505   1.40304178013 -0.267862231428 1.43007966035 -0.625724590373   1.51586274964   9.65492988098 -0.432527049738 -0.714887010898  0.503676967063 1785404721.6
0.0610857616871   1.38494681516 -0.256520803233 1.40982696584 -0.920148703056   1.51921801521   9.63664669999 -0.264038998046 -0.885327129843  0.479425764823 1785404721.63
0.0585254898677   1.36573387759 -0.247659112029 1.38924054545 -1.20579448593  1.51845510305  9.61451682033 0.0834392110044  -1.13812304132  0.429983457239 1785404721.65
0.0639656381532   1.34566487898 -0.241680067991 1.3686909164 -1.48257257795   1.5145062392  9.58720876171  0.59591278986 -1.22305252776 0.276049645974 1785404721.66
0.0786313292499   1.32446861512 -0.238345316558 1.34803875623 -1.75126416013  1.50920068349  9.55259453681 0.988534333008 -1.13488922093 0.125594528505 1785404721.68
0.102590159304  1.30132190448 -0.23677277407 1.32665925784 -2.01320186124  1.50528031752  9.50806153649   1.15040499767  -1.01968135187 0.0573226467379 1785404721.7
 0.134494337055   1.27495347269 -0.235561761663 1.30348932783 -2.26979672145   1.5061723699  9.45100603608   1.56073449853  -1.30070625542 0.0845956882867 1785404721.73
 0.171525789863   1.24387138617 -0.233036291587 1.27708380113 -2.52200974286   1.5155232722  9.37943491198   2.2128560712 -2.01190001352 0.235560162128 1785404721.75
 0.209584069713   1.20668286254 -0.227568404196 1.24571119912 -2.76989432776  1.53655728223  9.29256002682  2.19447459943 -2.47527591042  0.45949069966 1785404721.76
 0.243712702151   1.16244755694 -0.217921414048 1.20754707839 -3.01233252194   1.5713723289  9.19125075515  1.53750431682  -2.4882320364 0.624714617738 1785404721.78
 0.268713578167   1.11099016391 -0.203543061395 1.16100642084 -3.24704939517  1.62031217106  9.07822432743 0.733126072825 -2.21766664166 0.672877542262 1785404721.8
 0.279861203338   1.05310029976 -0.184743608025 1.10520257654 -3.47092378293   1.6815527188    8.957901303 0.108194556948 -2.66263428395 0.902771966363 1785404721.83
 0.273606898888  0.990567067938 -0.162713347828 1.04046118849 -3.6805385999 1.75101138833 8.83592419251 -0.931152567107  -3.73262453612   1.33296827334 1785404721.85
   0.2481612419  0.926027617973 -0.139364317503 0.968779419798 -3.8728529657 1.82263646316 8.71841279466 -2.14228067882 -3.92915016081  1.40359674562 1785404721.86
 0.203860644012  0.862645684304 -0.117016433632 0.89409707782 -4.04584922229  1.88906708343  8.61108987371 -2.76419037254 -3.22408904222   1.0904111757 1785404721.88
  0.143256814536   0.803669469958 -0.0979818710864 0.822196800599 -4.19901625305  1.94258509984  8.51843994119 -2.66306713556 -2.21744085009 0.658804605907 1785404721.9
 0.0709093202676   0.751941867488 -0.0841261834109 0.759948628868 -4.33356951374  1.97622052457  8.44305640331 -3.27347426858 -2.05142941585 0.467822197296 1785404721.93
-0.0070959012946   0.709446036779 -0.0764945056397 0.713593329782 -4.45236389043  1.98483447852  8.38529281676 -4.56050519443 -2.20957022211 0.266512892344 1785404721.95
-0.0838419571309   0.676964688471 -0.0750826216179 0.686256557915 -4.55951372601   1.9659953202  8.34327414299   -4.42221471192   -1.69006141413 -0.0703442357984 1785404721.96
-0.152402676189  0.653913370579 -0.078805902689 0.676047071017 -4.65978498696  1.92048768023  8.31325769683  -3.25464027478  -1.02226228635 -0.280737309368 1785404721.98
 -0.206686798893   0.638379887017 -0.0856789171941 0.676453390735 -4.75786185827   1.8523477154  8.29027365501  -1.87316353318 -0.553747344185 -0.299724404504 1785404722
 -0.242196359792   0.627368430461 -0.0931737663961 0.678919417148 -4.85761088616  1.76839360009  8.26893143851  -1.08816619858 -0.461469082022 -0.283597398621 1785404722.03
 -0.256597681195   0.617213700208 -0.0986866695046 0.675673131371 -4.96146797397  1.67730657809    8.244257546 -0.220741959248 -0.656287077864 -0.193102270021 1785404722.05
-0.250021763463  0.604102752626 -0.100019330411 0.661403722692 -5.07005584703  1.58840019726  8.21243446473   0.92947623593 -0.959880129356 0.0856336639019 1785404722.06
 -0.225041214139   0.584624996475 -0.0957793376231 0.633722033766 -5.18210279821  1.51027773954  8.17133535155   1.6623469402 -1.24818238106 0.375659289945 1785404722.08
 -0.186312198397   0.556266073833 -0.0856221613262 0.592853552473 -5.29468166696  1.44960596742  8.12078688934  1.84587139582 -1.44974427178 0.552702549969 1785404722.1
 -0.139918559403    0.51776980744 -0.0702913711053 0.540928510631  -5.403729114 1.41021807635 8.06253413322  2.07034103875 -1.91906630995 0.754060604004 1785404722.13
-0.0925045099916    0.46931268255 -0.0514554801586 0.481102010814 -5.50475068287  1.39270020192  7.99992070744  2.47154401105 -2.90490162026  1.07339008921 1785404722.15
-0.0503230383712   0.412464713518 -0.0313800897834 0.416706441183 -5.59357945558   1.3945248104  7.93733367145  2.19697059761 -3.53649548001  1.15399863672 1785404722.16
-0.0183498172287   0.349944796578 -0.0125043833856 0.350648593393 -5.66704580467  1.41069028944  7.87949394385  1.34175882078 -3.36679973457 0.909462158195 1785404722.18
0.000390425435934    0.285212278997  0.00299417743148 0.285228262312 -5.72343736024  1.43473177721  7.83069759418 0.507383566468 -2.76100848054 0.562424553113 1785404722.2
0.00516898484407   0.221963489602  0.0135657391405 0.222437718022 -5.76267747926  1.45990357409  7.79412564395 -0.0628415014671   -2.65172957682   0.338615415637 1785404722.23
-0.00249117446173     0.16361709908   0.0185214026611 0.164680913946 -5.78621415484  1.48031081995  7.77133534886 -0.675231349245  -3.01780340753  0.125419423163 1785404722.25
-0.0192401310435   0.112872119388  0.0180995589016 0.115921922043 -5.79667200056  1.49179027214  7.76202205189 -1.15555317133 -2.79415146016 -0.15629144674 1785404722.26
-0.040625797826 0.0714067913237 0.0133635997971 0.083234434555 -5.79736231057  1.49239995921  7.76409946305  -1.17252715375  -2.00577087935 -0.333029618442 1785404722.28
-0.0619805962101   0.039758605448 0.00596010374194 0.0738773568175 -5.79176185714  1.48246046577  7.77409314907 -0.82676358935 -1.15473495952 -0.33293134597 1785404722.3
 -0.0792997207145   0.0173911919962 -0.00221009184466 0.0812144308015 -5.78306003724  1.46417822025  7.78778506977 -0.590582239578 -0.778071040681 -0.323221817656 1785404722.33
 -0.0899422301026  0.00292014989697 -0.00934311658151 0.0904733433599 -5.77384290469  1.44095611645  7.80099584829 -0.369625629255 -0.618092643253  -0.31866220275 1785404722.35
-0.0930224655934 -0.0055561552209 -0.0140407652741 0.0942400820001 -5.76594187519  1.41654649877  7.81035693248 0.0152637376237 -0.383089445978 -0.182004876494 1785404722.36
-0.0894239083772  -0.010088694169 -0.0155235871802 0.0913203093427 -5.7604353864 1.39421943403 7.81391703651   0.312590707258  -0.188629015508 0.00876565858351 1785404722.38
 -0.081447386506 -0.0125409942515 -0.0137161772777 0.0835409290384 -5.75776238975   1.3761045418  7.81145238371   0.388301446127 -0.0957497937058   0.142459173899 1785404722.4
   -0.07218305547   -0.014340051267 -0.00919830127937 0.0741662949982 -5.75789223484   1.3628218902  7.80440732066   0.362337895796 -0.0827053672045   0.231693786538 1785404722.42
 -0.0647529752224  -0.0163515739107 -0.00304108254098 0.0668548424015 -5.76049678109  1.35345554719  7.79547145664  0.278435977967 -0.119713709031  0.332140908913 1785404722.45
-0.0615947579871 -0.0188924958658 0.00343227460917 0.064518378161 -5.76508405119  1.34585456947  7.78788464357 0.0238322893105 -0.161995607194  0.350835629716 1785404722.46
 -0.063941082636 -0.0218702645744 0.00891080521517 0.0681628415692 -5.77107266647  1.33718380303  7.78463028254 -0.266845159653 -0.163386408503  0.237456171815 1785404722.48
-0.0715991356754 -0.0250180682461   0.012334820304 0.0768406647561 -5.77780647441  1.32460242112  7.78771006543 -0.418904780591 -0.138228939396 0.0911117717653 1785404722.5
-0.0830613914907 -0.0281795265746  0.0130694715689 0.088679713359 -5.78452436715  1.30592915329  7.79767711378 -0.526290940665 -0.142239475015 -0.029133113105 1785404722.53
  -0.09590300554 -0.0315866207772  0.0109894667458 0.101567068792 -5.79030887551  1.28016188201  7.81354133419 -0.657348066256 -0.213518207975 -0.178522185635 1785404722.55
 -0.107360035924 -0.0360721534521 0.00647046058087 0.113442692265 -5.79403862535  1.24775257259  7.83306695283 -0.562336910683 -0.341810878293 -0.315603267973 1785404722.56
 -0.114950419024 -0.0431644009448 0.00029938784892 0.122787841319 -5.79436559072  1.21058892186  7.85338337513 -0.266014725798 -0.523001845456 -0.357095869882 1785404722.58
  -0.117001514606  -0.0550279128688 -0.00647217711147 0.129457771846 -5.78973031416  1.17169173313  7.87175386861 0.0443498184253 -0.699605596573 -0.292692152498 1785404722.6
 -0.112980452786 -0.0742400502719 -0.0127016497877 0.135784754974  -5.778418959 1.13469134008 7.88631248238    0.2849340555  -1.02711117982 -0.230343630455 1785404722.62
 -0.103575598842  -0.103424753871 -0.0173258259452 0.14739324487 -5.75865706493  1.10318773181  7.89659585191  0.591873328033  -1.86054040763 -0.179329562632 1785404722.65
-0.0905347827936  -0.144797505759 -0.0195023822958 0.171881376201 -5.72872775618  1.08011953247  7.90375607802   0.803918672282   -2.83917080101 -0.0406736245611 1785404722.66
 -0.076314687654   -0.19970113819 -0.0187050700218 0.214602786074 -5.68709803719  1.06726197837  7.91042450023 0.746670940901 -3.42488120526 0.131443904101 1785404722.68
-0.0636261357161  -0.268223923725 -0.0147653858062 0.276062266568 -5.6325361084 1.06494387751 7.92027911888 0.498717268191 -3.48768309407 0.253292512315 1785404722.7
 -0.0549680679428   -0.348984608867 -0.00786337818369 0.353374558275 -5.56420481503  1.07202496195  7.93742862747 0.239174088908 -3.58743450953 0.341868717411 1785404722.72
-0.0522309493612  -0.439143294458 0.00152257315111 0.442241137127 -5.48172021603  1.08612018205  7.96575096825 -0.036777767213  -4.68731372945  0.518975763074 1785404722.75
-0.056424893337 -0.534656502214  0.012694070729 0.537775495332 -5.38516864243  1.10401017375  8.00831364315 -0.448902150901   -5.6118491993    0.6825527238 1785404722.76
-0.0675576954721  -0.630747161175   0.024826788299 0.634840446856 -5.27507985029   1.1221481318  8.06696640101 -0.782264140284  -5.20450632884   0.67533157958 1785404722.78
-0.0846610153535  -0.722515139941  0.0370704212488 0.728402245395 -5.15235795363  1.13716706381  8.14214895717 -0.878900409584  -4.00304611072  0.545382551846 1785404722.8
-0.105943832798 -0.805580937621 0.0486464717376 0.813972494609 -5.01817621976  1.14630551061  8.23291078509 -0.931109997364  -3.23359380349  0.458738960105 1785404722.82
-0.129041818358 -0.876642461089  0.058935940335 0.888046868432 -4.87384711172  1.14769712667  8.33710562134  -1.1746455908 -3.31964118312 0.489217656186 1785404722.85
-0.151327123563 -0.933837700537 0.0675477533769 0.948427882475 -4.72068516008  1.14050119071  8.45170323895 -1.21627482048 -2.95808459338 0.455275265797 1785404722.86
-0.170241954052 -0.976844721788 0.0743579505693 0.994352572389 -4.5598859385 1.12487971478 8.57315436726 -0.912453108605   -2.0590719525  0.338048462283 1785404722.88
-0.183618748021  -1.00670805146 0.0795112547224 1.02640098652 -4.39244668748  1.10184821304  8.69774916119 -0.449717789437  -1.10900652814  0.205914291356 1785404722.9
 -0.18994961677  -1.02544392583 0.0833815860541 1.04621632124 -4.2191496242 1.07304064065 8.82192316339 -0.102652083969 -0.597560054397  0.144810891146 1785404722.92
-0.188569773502  -1.03552904506  0.086495646897 1.05610627286 -4.04061579479  1.04043544581  8.94248436704  0.265195069398 -0.362116319063   0.15694941606 1785404722.95
-0.179726752714  -1.03940295572  0.089431745839 1.0586114713 -3.8574167924 1.00608952142 9.05675603431   0.71286110761 -0.105982550496  0.184267938006 1785404722.96
-0.164521207808  -1.03910439558 0.0927119765088 1.0561253161 -3.67020901516  0.97191933838  9.16264651783   1.02907366263 0.0965603700316  0.213925535279 1785404722.98
-0.144725327058  -1.03611869072 0.0967079001037 1.05063779653 -3.47983863015 0.939553285661  9.25866536293 0.984391699205 0.179369540763 0.207725086104 1785404723
-0.122507580074  -1.03144894184  0.101577638872 1.04365369904 -3.28736366582 0.910258603101  9.34390443679 0.899265935998 0.206831053526 0.212426129643 1785404723.02
-0.10011154792 -1.02585752707 0.107246642929 1.03629524282 -3.09395769412 0.884926243065  9.41799736162  1.07540288532 0.282175495582 0.296851826485 1785404723.05
-0.0795461180388   -1.02017626254   0.113436625535 1.02954118886 -2.90069509394 0.864084976807  9.48106453879  1.10658473287 0.301478267162  0.36597608538 1785404723.06
-0.0623410659696   -1.01556732595   0.119738314571 1.02450020304 -2.70826035517 0.847916939919  9.53364722254 0.849840618188 0.184402047463 0.346200582014 1785404723.08
-0.0494065187642   -1.01363644355   0.125714629889 1.02259670054 -2.51665786551 0.836259781502  9.57663280223   0.505626951258 -0.0184984419556   0.267263333008 1785404723.1
-0.0410109174805   -1.01634769281   0.131012963924 1.02557736166 -2.32501049383 0.828599265282  9.61117353106  0.260249694336 -0.251394872952  0.202248609542 1785404723.12
-0.0368658622043   -1.02575041268   0.135460387164 1.03531276308 -2.13151953126 0.824071883661  9.63860080181  0.114119759365 -0.657603116508  0.195635244693 1785404723.15
-0.0362841878309   -1.04358497552   0.139115985843 1.05344169318 -1.93362008916 0.821503002057  9.66033569779 -0.0436620420629   -1.31375239792   0.198030641709 1785404723.16
-0.0383653895388   -1.07086986972   0.142261543186 1.0809590777 -1.72831745692 0.819500067903   9.6777944128 -0.170352412826  -1.85429745811  0.179915834325 1785404723.18
-0.0421632351667   -1.10757880073   0.145325077273 1.11786757548  -1.5126456765 0.816605131109   9.6922863201 -0.200847021137  -1.94281631381  0.154413902917 1785404723.2
-0.0468035613617   -1.15249327536   0.148748923668 1.16299508399 -1.28416074126 0.811492025617  9.70490533886 -0.196187770851   -2.0018335074  0.157016891223 1785404723.22
-0.0515414909345   -1.20327134342   0.152830869093 1.21403283552 -1.04137238527 0.803177209153  9.71642213109 -0.216178923566  -2.51300955449  0.212886054233 1785404723.25
-0.0557695431279   -1.25671989223   0.157578334274 1.26778786116 -0.784029794616   0.79120380841   9.72719258227 -0.207753667817  -2.94941270134  0.272470706405 1785404723.26
-0.0590037352238   -1.30921045062   0.162617666093 1.32059000076  -0.5132037309 0.775757521788  9.73710207838 -0.142687342916  -2.80497741364  0.268495738399 1785404723.28
-0.0608782914829   -1.35714872814   0.167191500612 1.36876288471 -0.231145316433  0.757680301918   9.74556180878 -0.0537168799172    -2.1871676488   0.189486876702 1785404723.3
-0.0611697363806   -1.39740261042   0.170258258673 1.40906481998 0.05905540509 0.73836206049 9.75156301529 0.0221553507164  -1.52080116396 0.0753630331098 1785404723.32
-0.0598517712483   -1.42761175929   0.170683283677 1.43902409747  0.35394639736 0.719510794561  9.75378157048  0.0953080212693   -1.16348098799 -0.0658937214038 1785404723.35
-0.0571611588611   -1.44633767035   0.167486822578 1.45712452814 0.650228827334 0.702825680673  9.75071368603  0.170403309596 -0.698044500169 -0.290457017374 1785404723.36
-0.0536406267117   -1.45305525152   0.160096221015 1.46283207539 0.945198690271 0.689622434634   9.7408185396    0.18771908206 -0.0449834711216  -0.505310438133 1785404723.38
-0.0501238147049   -1.44802404216   0.148543391682 1.45648589512  1.2370134522 0.68048048955 9.72264777181   0.14412290111  0.503380226426 -0.637522804009 1785404723.4
-0.0476408204227   -1.43209963777   0.133556279761 1.43910260236  1.52472011618 0.674991334035  9.69495415515 0.0649734634347  0.936674439192 -0.723354399552 1785404723.42
-0.047246832826  -1.40654871907  0.116513738505 1.41215686579   1.8080409949 0.671681219062  9.65678656228 -0.0540536336574    1.47967377516  -0.857372800397 1785404723.45
-0.0498028863827    -1.3729148599  0.0992626269324 1.37739921923 2.08698130929 0.66815610735 9.60758671876  -0.22060906801   1.90754794779 -0.847208140666 1785404723.46
-0.0557582331926   -1.33295290341  0.0838272866554 1.33674957912  2.36137812427 0.661473222117  9.54729781526 -0.391840652805   2.17475502716 -0.701598535066 1785404723.48
-0.0649914500474   -1.28861680417   0.072067199555 1.29226577678 2.63053314049 0.64868907997 9.47647571037 -0.529177769544   2.29029967684 -0.465537280391 1785404723.5
-0.0767591634136   -1.24206015155  0.0653519906331 1.24614456301  2.89305170722 0.627481806599  9.39636889546 -0.575064453881   2.15802913459 -0.179726398515 1785404723.52
-0.0897785786122   -1.19559880376  0.0643204134053 1.20068888906    3.146951066 0.596711950603   9.3089174205  -0.64112772825   2.25863928035 0.0853893845178 1785404723.55
-0.102438182288  -1.15159511915 0.0687720823248 1.15818586546  3.39001988098 0.556784185555  9.21662534409 -0.598817492604    2.1402812271  0.343881210989 1785404723.56
-0.113098074002  -1.11225074058 0.0777120334117 1.12068373969  3.62033314275 0.509707241397  9.12228939715 -0.454853250882   1.82832218264  0.525332900243 1785404723.58
-0.120416163158   -1.0793310622 0.0895357567913 1.08971200137  3.83677491209 0.458815144951  9.02861127318 -0.264624818875   1.46723783461  0.618365989727 1785404723.6
-0.123626148153  -1.05387681789  0.102313667606 1.06602432353  4.03941166677 0.408193288937  8.93776701554 -0.0541747357492    1.02793386087   0.582753569932 1785404723.62
-0.122701153505  -1.03597470952  0.114115226603 1.04943863888  4.22959507347 0.361926251618   8.8510367494 0.128985573361  0.71598239608 0.514355254451 1785404723.65
-0.118361433383  -1.02465306055  0.123307749613 1.03881091857   4.4097458234 0.323330027802  8.76859813003 0.272228594404  0.45531424458 0.370118328671 1785404723.67
-0.111919371916   -1.0179417077  0.128773991567 1.0321404977 4.58285981119 0.29433668716 8.68955335681 0.348011158547 0.300804060342 0.174543738367 1785404723.69
-0.104991438727  -1.01309668203  0.130013422095 1.02678701748  4.75185843302 0.275163756707  8.61219994499   0.331251564603   0.284779099404 -0.0428699255086 1785404723.7
-0.0991364681279   -1.00695216314   0.127119653318 1.01977453608  4.91895125167 0.264334827076  8.53448703333  0.225384709211  0.397865291749 -0.222170111942 1785404723.72
-0.0954966272379  -0.996335758199    0.12065403237 1.00814777905  5.08517591921 0.259040161711  8.45454389104   0.11459349767  0.706701200078 -0.388698929276 1785404723.75
-0.0945186903537   -0.97847420269   0.111456240359 0.989327065065  5.25022687752 0.255755318548  8.37114479086 -0.00834583442771     1.16703534151   -0.524052637702 1785404723.76
-0.0958185155153  -0.951324681234   0.100441984997 0.961399203968  5.41259831341 0.250986241201  8.28399381675 -0.0945103032807    1.65024906773   -0.58732450771 1785404723.78
-0.0982233428926   -0.91378708196  0.0884340602042 0.923295856836  5.56997774851 0.241988399774  8.19376928463 -0.106390318187     2.181926273 -0.621917618011 1785404723.8
-0.0999897587691  -0.865777937867  0.0760584723538 0.874845289621  5.71976479985 0.227316738028   8.1019412879 -0.0221235007712    2.50206374436  -0.585554147695 1785404723.82
-0.0991572044918  -0.808171733204  0.0637170618209 0.816721228768  5.85957313736 0.207099387207  8.01044111434  0.147761368962   3.02071161554 -0.599286529842 1785404723.85
-0.0939661186915  -0.742635605889  0.0516279572302 0.750335072194  5.98760121456 0.182984730286  7.92129467788  0.414776047553   3.56719514854 -0.620904061934 1785404723.86
-0.0832536638883  -0.671396639222  0.0399100627955 0.677714861001  6.10281148348 0.157778212453  7.83632340439  0.697930499669   3.73409531905 -0.588320379156 1785404723.88
-0.0667429780521  -0.596985283859   0.028680216115 0.601388900014  6.20491605415 0.134848946002  7.75697219723  0.964572459582   3.78342685291 -0.551496666724 1785404723.9
-0.0451638622584  -0.521993681594  0.0181321254032 0.524257524552  6.29421274336 0.117432501739  7.68426574134   1.09894149776   3.49546312356 -0.474526400661 1785404723.92
-0.0201786417706  -0.448875561297 0.00857358901981 0.449410673596  6.37134255543 0.107974377925  7.61884616899   1.25148667507   3.48684969318 -0.434558131176 1785404723.95
  0.0058721471336    -0.37979888461 0.000410711898841 0.379844499166  6.43704744104 0.107644775313  7.56102549242    1.3087058684   3.42708902269 -0.375308588991 1785404723.96
  0.0303532758235    -0.31654836367 -0.00591787399662 0.318055355446  6.49199705026 0.116114562977  7.51080055276   1.14530473406   3.04390109988 -0.266584996494 1785404723.98
 0.0507725390306  -0.260466144409 -0.0100404549046 0.265558418879  6.53672769304 0.131626348009  7.46781728371  0.884546919059   2.64404550167 -0.148328530418 1785404724
  0.065189751046  -0.212416831898 -0.0117595575335 0.222505957917  6.57170145862 0.151336745936  7.43131530262   0.514911194449    2.07623084638 -0.0259827422816 1785404724.02
0.0725222158961 -0.172766846949  -0.01113795726 0.187701649687  6.59745720256 0.171857017239   7.4001119628  0.183501734263   1.73740513952 0.0787908726462 1785404724.05
  0.0726930017473   -0.141375615945 -0.00853785680785 0.159198719485   6.6147971474 0.189885696909  7.37268336183 -0.154341837841   1.43714936329  0.170385775324 1785404724.06
  0.0665980752483   -0.117604390164 -0.00459799822143 0.13523031391  6.62494001091 0.202811997751   7.3473680448 -0.442119460529   1.08010404232  0.220902806528 1785404724.08
   0.0559017964687    -0.100354465971 -0.000148213957462 0.114874068684  6.62957722719 0.209174248086  7.32266982587 -0.62542954372 0.770982442401 0.223034915466 1785404724.1
 0.0427024039258 -0.0881476060638 0.00392345569282 0.0980249420321  6.63079262602 0.208883751397  7.29758904988 -0.619499459421   0.48829343398  0.161355830096 1785404724.12
 0.0291345357903 -0.0792563399978 0.00682363000539 0.0847168845745  6.63084311179 0.203169117996  7.27188587962 -0.610196408645  0.386006623858 0.0965818426742 1785404724.15
 0.0169890139468 -0.0718814682873 0.00799336916721 0.0742931088908    6.631838812 0.194253060036  7.24618640312  -0.566540981144   0.388738983948 0.00993467882544 1785404724.16
0.00742681000796 -0.0643613199634 0.00720428964142 0.0651877197298  6.63539352154 0.184831681993  7.22188225118  -0.424109433529   0.433310359599 -0.0893960755107 1785404724.18
0.000843486658032  -0.0553856686603  0.00459012778053 0.0555819488299  6.64232988133 0.177471082753  7.20083440733 -0.276684718863  0.530773877024 -0.173504234616 1785404724.2
 -0.0030935716726  -0.0441797074938 0.000607138996975 0.0442920462125  6.65251501859 0.174054705766  7.18495117203 -0.141439564474  0.574609434935 -0.200896277265 1785404724.22
-0.00525206952346  -0.0306219888081 -0.00406780714228 0.0313342861382  6.66487501385 0.175401304018  7.17574786738 -0.0860537470187   0.682810007782  -0.219300466579 1785404724.25
-0.00673758318482  -0.0152655972404 -0.00867930642272 0.0188086109604  6.67759834833 0.181131284415  7.17399947514 -0.0864767366441   0.818822770728   -0.22122727336 1785404724.26
-0.00856592550626   0.0007559382845  -0.0125454087706 0.0152096615245  6.68849767273 0.189800303179  7.17956787009 -0.119065471135  0.799769093481 -0.166822863828 1785404724.28
-0.0113830709915  0.0159383910904  -0.015188108449 0.0247847786757  6.69546307517 0.199258572895  7.19143489391  -0.17464672661  0.725365917054 -0.100455565168 1785404724.3
-0.0152967072449  0.0287111124989 -0.0164169069469 0.0364394301158  6.6969152598 0.20714660749 7.20791838703  -0.200135630423   0.516280351023 -0.0274777467232 1785404724.32
-0.0198551992846  0.0377935368226 -0.0163512946091 0.0457159184484  6.69216001038 0.211413150197  7.22700601855 -0.212795418148  0.331607669129 0.0248217288304 1785404724.35
-0.0241741585389  0.0425452023351 -0.0153813879934 0.0512939692304  6.68156018628 0.210743143012  7.24672152281 -0.192130575948  0.143008676207 0.0596553169896 1785404724.36
-0.0271763827994  0.0432429180965 -0.0140781138768 0.0529782883632   6.6664776028 0.204810743711  7.26544321206 -0.0963687202807 -0.0343422372183  0.0599458498363 1785404724.38
-0.0278854179709  0.0412226471386 -0.0130728111028 0.0514567931633  6.64898740737 0.194316597526  7.28212157378 0.0384165117946 -0.114674619056  0.029908465039 1785404724.4
-0.0257015393025  0.0388404591464 -0.0129299017382 0.0483356260762  6.63141961269 0.180817992842   7.2963807473   0.169732520767 -0.0462481851475 -0.0224097193822 1785404724.42
-0.0205932354039  0.0392356960937 -0.0140355951601 0.0464813847024  6.61582240693 0.166402925215  7.30852307376   0.297874558182   0.168011033463 -0.0852727737904 1785404724.45
 -0.013155708081  0.0459167199792 -0.0165214062772 0.0505408220564  6.60345925447 0.153285441666  7.31947364623  0.421869135393  0.603356602141 -0.162672481157 1785404724.46
-0.00451649922477   0.0622286199669  -0.0202347748198 0.065591508751  6.59444325878 0.143406458735  7.33069753158  0.437096101675   1.15021484739 -0.211191079142 1785404724.48
0.00389824550723  0.0907940605657 -0.0247613398939 0.0941906667637  6.58758194595 0.138113645701   7.3441016986 0.385766210104  1.79608368583 -0.23490874357 1785404724.5
 0.0106911898956   0.133033894283 -0.0294953555817 0.136683190519   6.5804624372 0.137971679186  7.36191055179  0.258039576264   2.31192776672 -0.211827697692 1785404724.52
 0.0148443842629   0.188866931766 -0.0337471528641 0.192431660558  6.56976070446 0.142726881106    7.386492843  0.125776615645   2.92307313323 -0.174380201729 1785404724.55
 0.0160105793627   0.256657545283 -0.0368703052382 0.259786169013  6.55171747968 0.151423364028  7.42012574303 -0.00455062999651     3.72599935301   -0.119590430482 1785404724.57
 0.0146678252386   0.333431269189 -0.0383871191408 0.335954055321  6.52269358501 0.162644485637  7.46470553338  -0.102679445028    4.14794505742 -0.0318876389707 1785404724.58
  0.012082922359   0.415323239774 -0.0380900596739 0.417241228973  6.47970335694 0.174834819554  7.52144271917 -0.117850444785   4.22059322534 0.0586117801861 1785404724.6
0.0100677201629  0.498175427378 -0.036099301322 0.499583101184  6.42082890594 0.186644341369  7.59060020316 -0.0363257222637    3.88304641218   0.124643034065 1785404724.62
 0.0105595177859   0.578167920992 -0.0328628609763 0.57919738942  6.34543986668 0.197229121794  7.67133852836 0.122481050579  3.75035186088 0.170362213425 1785404724.65
 0.0151033005221   0.652364161728 -0.0290951760976 0.653187292027  6.25417928018 0.206443967234  7.76172022793 0.357083436438  3.64889297735 0.186496665726 1785404724.66
0.0243483756511  0.719070750683 -0.025661249942 0.719940336162  6.14871951353 0.214875396736  7.85889914542 0.577375857662  3.21107346103 0.144983721235 1785404724.68
 0.0376852646739   0.777953662612 -0.0234246632902 0.779218066523  6.03133456741 0.223690111077  7.95948603285 0.732358133877  2.81981115816 0.065505214713 1785404724.7
 0.0531338659815   0.829904020735 -0.0230865537142 0.831923602447 5.90436944155 0.23431301634 8.06004535221   0.714101752011    2.36106685616 -0.0387901073173 1785404724.72
 0.0675497161587   0.876695846593 -0.0250469044832 0.87965102115  5.76970813267 0.247992982287  8.15764623405  0.573566473004   2.16425127506 -0.148830195244 1785404724.75
 0.0771473836852   0.920514767275 -0.0293176301396 0.924207054191 5.62834601885 0.26535229821  8.2503687337  0.277801982962   2.24997409495 -0.271311400129 1785404724.77
 0.0782616703962    0.96345411694 -0.0355085839547 0.967279475661  5.48015793691 0.286034312597  8.33766033643 -0.232802288187   2.25141236287 -0.353124506387 1785404724.78
 0.0681971341618    1.00707191663 -0.0428937529072 1.01028934885 5.32391976489 0.30855355368 8.42045188271 -0.820730803018   2.25292089154 -0.382302442674 1785404724.8
 0.0459748875359    1.05208191957 -0.0505480048077 1.05429841913  5.15759116097 0.330412138472  8.50097911634  -1.32787995934   2.18439225571 -0.350723693286 1785404724.82
 0.0127885994052    1.09822019654 -0.0575284236187 1.09980028545   4.9788075796 0.348483707115  8.58231330466  -1.75933130885   2.19405615391 -0.297770735079 1785404724.85
-0.0279657817933    1.14429307943 -0.0630626274644 1.14637063447  4.78547431754 0.359597777059  8.66767212842 -2.18436307019   2.3468493017 -0.23881358209 1785404724.87
-0.0711293386641    1.18838046204 -0.0667030629749 1.1923744395  4.57632202217 0.361202552896  8.75964370743 -2.14286821021   2.1739355513  -0.1387052721 1785404724.88
  -0.11062116169    1.22814679849 -0.0684128104128 1.23501494431  4.35128739217 0.351958513513  8.85949280812   -1.75442947435    1.84133130167 -0.0470489865196 1785404724.9
 -0.140515467003    1.26120348051 -0.0685638086273 1.27085790376  4.11162879035 0.332125581462  8.96671410727   -1.0958194861   1.38028815968 0.0135822045029 1785404724.92
-0.156129644863   1.28546903201 -0.067848752616 1.29669215757  3.85976140207 0.303650203864  9.07894958623 -0.343431234091  0.914427318883 0.0343031335934 1785404724.95
 -0.154892107206    1.29948302893 -0.0671278186515 1.31040217162  3.59887461372 0.269923670691  9.19230618453  0.503031210442   0.44703430062 0.0157004709682 1785404724.97
 -0.136806802868    1.30264087539 -0.0672456534176 1.31153014813  3.33244810321 0.235253487137  9.30201616998    1.30348610089  -0.107337226786 -0.0447166194247 1785404724.98
-0.104419711626   1.29532681509 -0.068859294655 1.30135184963  3.06379568874 0.204149885774  9.40330012434   1.94059476091 -0.617519525814 -0.131982735554 1785404725
-0.0622996574823    1.27893184658 -0.0723129951751 1.2824886295  2.79573649095 0.180567872868  9.49224237152   2.12696705744 -0.953550677825  -0.21020320927 1785404725.02
-0.0161473413616     1.2557530106 -0.0775830477825 1.25825096446   2.5304358047 0.167255346107  9.56648503334   2.09364564853  -1.15917404933 -0.277034417544 1785404725.05
 0.0282786457074    1.22878199502 -0.0842984557921 1.23199476571  2.26939664585 0.165338634607  9.62559165612    2.1325456517  -1.40752765365 -0.368873082724 1785404725.07
 0.0661968165778    1.20140403133 -0.0918263739965 1.20672521643  2.01354053649 0.174231204193  9.67101230489    1.7373476495  -1.35557635055 -0.395619626329 1785404725.08
 0.0945913068553    1.17704112714 -0.0993988245823 1.18501200696  1.76330640311 0.191886198794  9.70567590061   1.22686469798  -1.12671642874 -0.381353503002 1785404725.1
 0.112604860802   1.15878424942 -0.106251656802 1.16908092361  1.51871779257 0.215340474388  9.73331633682  0.644655225975 -0.670845044021 -0.296118460791 1785404725.12
 0.121476123055   1.14906408611 -0.111748201538 1.16085846812  1.27940562553 0.241432167264  9.75768698018  0.260088867824 -0.212909662881 -0.209225666072 1785404725.15
 0.124060343544   1.14940675092 -0.115466895527 1.16183452  1.04460624797 0.267531725924  9.78182584222 0.0662762422883  0.288397344366 -0.140905658355 1785404725.17
0.124060092904  1.16030808572 -0.11724181373 1.17279640319 0.813168289097 0.292120021937    9.807505218  0.0291144811516   0.851198570849 -0.0451435983716 1785404725.18
 0.125149155936   1.18123955422 -0.117155158803 1.19361406113 0.583594448331 0.315080853325  9.83494732413  0.166321682696   1.37007813262 0.0475721185483 1785404725.2
 0.130186504984   1.21077452573 -0.115489508216 1.22321760318 0.354124279348 0.337642654467   9.8628270675 0.381474250488  1.60974792265  0.11052006409 1785404725.22
  0.14068605628   1.24680228361 -0.112653834743 1.2597616391 0.122844402081 0.361989590306  9.88852892455 0.574341962718  1.65027369366 0.138717588175 1785404725.24
 0.156640060107   1.28678430554 -0.109100329637 1.3008661881 -0.112195710473  0.390643725141   9.90858701991 0.875203262452  1.97305905729 0.179926795608 1785404725.27
  0.17670638594   1.32800654865 -0.105248672114 1.34383921027 -0.352876933425  0.425776194287   9.91921996285  1.17305040923  2.26015039627 0.213980240645 1785404725.29
 0.198684184965   1.36779194571 -0.101430913315 1.38586378923 -0.600908681817  0.468621201247    9.9168729546  1.24307441232  2.16510328509 0.211342941286 1785404725.3
  0.220139114941    1.40365475064 -0.0978643992143 1.4241788264 -0.85770976784 0.519137684502  9.89869275443 0.952516778435  1.54950633255 0.160077811793 1785404725.32
  0.239012875271    1.43339662841 -0.0946533649896 1.45626656502 -1.12424508858 0.575997071448  9.86287876682 0.695066820831  1.05512950093 0.123965072497 1785404725.35
  0.254066821523    1.45515789112 -0.0918133973824 1.48002166803 -1.40080858856 0.636889433677  9.80887144611 0.648000227142 0.846997542002 0.132975394082 1785404725.37
 0.265060163759    1.4674428963 -0.089308230364 1.49386127345 -1.68677823003 0.699058067181  9.73735862977 0.537471862699 0.404604800701  0.13682271526 1785404725.39
  0.272635679481    1.46913638859 -0.0870863749252 1.49675514988 -1.98040652658 0.759916363143  9.65010554573  0.361805036191 -0.222185197716  0.117837321704 1785404725.4
  0.277961365297    1.45952024258 -0.0851064009701 1.48818848221 -2.27873068387 0.817585036491  9.54964587641  0.228694136131 -0.734750230056 0.0891474898571 1785404725.42
  0.282236211229    1.43829172843 -0.0833439820457 1.46808943676 -2.57767577596 0.871214507262  9.43890206857  0.171902774475  -1.12579930661 0.0694270384821 1785404725.45
  0.286197919675     1.4055786629 -0.0817798718927 1.43674930808 -2.87238220447  0.92101724773  9.32082016077   0.18592644195  -1.88571131864 0.0733556096555 1785404725.47
   0.28976378024    1.36194528767 -0.0803740472251 1.39474657282 -3.15772778647 0.968011715278  9.19809795023  0.165759842737   -2.8269739343 0.0798163857314 1785404725.49
  0.291896894371    1.30838471863 -0.0790357116963 1.34287788447 -3.42895533867  1.01355401251  9.07305587375 0.0282486678488  -3.37814330816 0.0810089580416 1785404725.5
  0.290730853196    1.24629696569 -0.0776007634392 1.28210858907 -3.68227828144   1.0587874836   8.9476578894 -0.195025094116  -3.20245445304 0.0784729399234 1785404725.52
   0.28392334543    1.17745322273 -0.0758273664842 1.21357255543 -3.91533273473  1.10415994876  8.82364824014 -0.439328893526   -2.8990289308 0.0852151585405 1785404725.54
  0.269158477038    1.10394588541 -0.0734164416669 1.13865393232 -4.12737773103    1.149137224  8.70273934203 -0.938185042012  -3.57091511253  0.137970456325 1785404725.57
  0.244689071776    1.02811993085 -0.0700575338848 1.05915598101 -4.31920687522  1.19218575006  8.58677187179 -1.72425459107 -4.40042148207 0.230198589715 1785404725.59
  0.209807144295    0.95247702406 -0.0654926738161 0.977507447278 -4.49280672413  1.23102362607  8.47777350232  -2.2880947897 -4.27412645567 0.301303637961 1785404725.6
  0.165149991008   0.879542131139 -0.0595835734075 0.896894130987 -4.65085714896  1.26307047044  8.37786838626  -2.3187913973 -3.36479908484 0.313780679211 1785404725.62
  0.112783759382   0.811686353048 -0.0523633929102 0.821155793392 -4.7961990212     1.2859815  8.2890317891 -2.23098795394 -2.63033528559 0.317524782293 1785404725.65
 0.0560474809913    0.75091024797 -0.0440555869478 0.754286693091 -4.9313876083 1.29813988583 8.21273369573 -2.69566212067 -2.68322767432 0.410833918955 1785404725.67
-0.000819173655636     0.698607443242   -0.0350496732765 0.699486604872 -5.05841155687  1.29900280475    8.149557808 -3.17962932568 -2.78123654593 0.530250609234 1785404725.69
-0.0532073985829   0.655344497133 -0.0258357064139 0.658008298514 -5.17860194901  1.28924083949  8.09890408364 -2.83189166843 -2.29973577749 0.535422724829 1785404725.7
-0.0967494715154   0.620703920098 -0.0169122346004 0.628426479664 -5.29270159653  1.27066261338   8.0588748179 -1.81902446147 -1.51219173027 0.417420314926 1785404725.72
  -0.127916005972    0.593237724703 -0.00869196201435 0.60693414206 -5.40102717646  1.24596148643  8.02640604756 -0.987044182233  -1.03616023859  0.319932255686 1785404725.75
  -0.144510569653    0.570566194014 -0.00143135123555 0.588584008668 -5.50364526359  1.21834802902  7.99764750098 -0.425629292412  -1.02707619353  0.317699104806 1785404725.77
 -0.145986587078   0.549632023713 0.00479631885161 0.568709459893 -5.60049809418  1.19113808288  7.96853255463 0.308568985021 -1.22251432374 0.323631758373 1785404725.79
-0.133536639003  0.527088760902 0.0100782710688 0.543834687541 -5.69144768188  1.16735663862  7.93543312918   1.0119966761 -1.39968168554 0.275183263907 1785404725.81
-0.109936878862  0.499772061173 0.0145989956828 0.511929058697 -5.77624464972  1.14940151354  7.89577551466   1.3607403524 -1.54936661844 0.212203336915 1785404725.82
-0.0791651490298   0.465180277472  0.0185573402644 0.47223319054 -5.8544585904 1.13879557328 7.84850328277  1.34115815963 -1.62989663283 0.156743057287 1785404725.85
-0.0458457404888   0.421882716148   0.022089417973 0.424940937652 -5.92542208776  1.13604528006  7.79430469607  1.51324027975 -2.23595465449 0.156144484642 1785404725.87
-0.0146016629826   0.369781662282  0.0252193571235 0.370928163255 -5.9882376224 1.14061594044 7.73556325278  1.63500468194 -3.23636802713 0.166903894318 1785404725.89
0.0105878484462   0.31017669787 0.0278502490382 0.311604433229 -6.04187620773   1.1510277009   7.6760334172  1.17725962963 -3.52014301657 0.129728706991 1785404725.91
0.0269247463917   0.24561287548 0.0297953803375 0.248874247883 -6.08536372697  1.16506858981  7.62028581047  0.568769089302   -3.2950085347 0.0753733049737 1785404725.92
0.0331391151927   0.17953208691  0.030838743909 0.185151287633 -6.11801560247   1.1801096742  7.57300436437 0.0572213351899  -2.78707713395 0.0217098552957 1785404725.95
0.0295902842577  0.115782636264 0.0308066891642 0.123410922855 -6.13965605237  1.19349168079  7.53824647261 -0.353559449066  -2.85703162533 -0.028415878475 1785404725.97
0.0181079427456 0.0580686805138 0.0296306755892 0.0676597826109 -6.15075597695  1.20293386681   7.5187885995 -0.784699783224  -2.98192095539 -0.095958746912 1785404725.99
0.00160412591708 0.00943303122956  0.0273843399516 0.0290078846647 -6.1524459141 1.20690003267 7.51566924382 -0.975966448227  -2.43303464644 -0.150859676288 1785404726.01
 -0.016472831022 -0.0281394271832  0.0242853644406 0.0406566163138 -6.1463989292 1.20485139573 7.52800911172 -0.864532099176  -1.59494241803 -0.169198234052 1785404726.02
-0.0327437966481  -0.053934145909  0.0206620819268 0.066392544336 -6.1346173364 1.19732815143 7.55314042298 -0.586181150397 -0.845624678217 -0.154831772152 1785404726.05
-0.0444559908936 -0.0685079217105  0.0168939936495 0.0833971071732 -6.11918215727  1.18583188234  7.58702238095 -0.398145632006 -0.454018463649 -0.169929265693 1785404726.07
-0.0498949976426 -0.0734922203906  0.0133419187592 0.0898255200034 -6.10202747688  1.17252342844  7.62486846969  -0.117748001788 -0.0781791328108   -0.18848690046 1785404726.09
-0.0485843397569 -0.0712489511053  0.0102854765668 0.0868483858884 -6.08478457078  1.15979408642  7.66187351153  0.246865495222  0.258055768858 -0.155855801957 1785404726.11
-0.0412476801001  -0.064452924822 0.00788253040212 0.0769264903482 -6.06871145406  1.14979946971  7.69391176021  0.487289097512  0.398628572369 -0.105688653863 1785404726.12
-0.0295555345028 -0.0556823695605 0.00615829863038 0.0633401968867 -6.05469445436  1.14405548771  7.71808489014   0.544999085018   0.370715851104 -0.0610377532226 1785404726.15
-0.0157199488622 -0.0470886119768 0.00502352494237 0.0498967932134 -6.04329015567  1.14318140262  7.73302921823   0.624155185163   0.351225817516 -0.0418154368227 1785404726.17
-0.00202802987464  -0.0401920387148  0.00431408639273 0.0404737473263 -6.03477353544  1.14683976738  7.73893945639   0.688200695576   0.306425358238 -0.0321700138947 1785404726.19
0.00958739626206 -0.0358203695213 0.00384053043289 0.0372795750209 -6.02916928571   1.1538768822   7.7373227867   0.581225814328   0.175890327012 -0.0256770831109 1785404726.21
 0.0178558244302 -0.0341747945565  0.0034356681137 0.0387111206819 -6.02626121601  1.16262220555  7.73055047438   0.342867722911  0.0224891365171 -0.0229142012517 1785404726.22
 0.0223036460238 -0.0349862942854 0.00299069043123 0.0415985293374 -6.02559111055  1.17127167429  7.72131236239   0.115798865268 -0.0765841985016 -0.0208171346796 1785404726.24
 0.0232051565098 -0.0377126039201 0.00247401994824 0.0443490761773 -6.0264672725 1.17826520777 7.71209277628 -0.0205404183708  -0.150195245774 -0.0236082489787 1785404726.27
 0.0213818085192 -0.0417269364704 0.00193117114913 0.0469259883728 -6.02800180025  1.18257516873  7.70477098548 -0.146132632712  -0.24159119457 -0.027791743972 1785404726.29
 0.0179133715273 -0.0464611539983 0.00146761959357 0.0498164793778 -6.02918597596  1.18384787573  7.70040994752 -0.219901521847 -0.284493792973 -0.020743525589 1785404726.31
 0.0138393240603   -0.05148489537 0.00121968121461 0.0533264377581 -6.02899943539  1.18237793441  7.69924554692 -0.202439121048 -0.254947184806 -0.003732153442 1785404726.32
0.00992368723615 -0.0565231790998 0.00132032233416 0.0574028970956 -6.02653618112  1.17893585245  7.70084038046 -0.158489331333  -0.21581789231 0.0140507688303 1785404726.35
 0.0065340017883 -0.0614326895977 0.00186732982043 0.0618074061196 -6.02112286551  1.17450309559  7.70433481276  -0.14314240408 -0.220091712849 0.0360590313626 1785404726.37
0.00365184921253  -0.066166579895 0.00290026229289 0.0663307155022 -6.01240384612  1.16998740169  7.70872049296 -0.150163450132 -0.252872821804  0.068427239694 1785404726.39
0.00099718855546 -0.0707565935488 0.00439037285049 0.0708996846919 -6.00037319215  1.16599107335   7.7130763621 -0.158098092615 -0.266750704246 0.0973619893691 1785404726.41
-0.00177925968479  -0.0753302079896  0.00624491723451 0.0756095562218 -5.98534457769  1.16268752284  7.71673574255 -0.150934731655  -0.24092694063  0.100769223787 1785404726.42
-0.00489578456264   -0.080163149409  0.00832472460902 0.0807428032054 -5.96786304479  1.15983212934  7.71938305495 -0.136806967913 -0.218942404629 0.0888232514917 1785404726.45
-0.00829006874369  -0.0857499418174   0.0104721231969 0.0867838874775 -5.94857424088   1.1569001295  7.72109867989 -0.150421944758  -0.28655714384 0.0952303836482 1785404726.47
-0.0115623935851 -0.0928631875825  0.0125452772409 0.0944173952958 -5.92807350515  1.15331427952  7.72237420001 -0.157980146075 -0.463095980271  0.109637128121 1785404726.49
-0.0140281290735  -0.102570236894  0.0144542973572 0.104529271565 -5.90675766632   1.1487042505  7.72410877441 -0.0963348573555  -0.679769280967   0.106343547923 1785404726.51
-0.0148674686675  -0.116184844706  0.0161937324321 0.1182463392 -5.88469803356   1.1431318385   7.7275785842 0.0182593713281 -0.859257837741 0.0899632559529 1785404726.52
-0.013335825167 -0.135148990404 0.0178652534311 0.136975403341 -5.86154715288  1.13722253846  7.73435661501  0.127656976125 -0.969210632627 0.0757185773076 1785404726.55
-0.00898304252503   -0.160861199711   0.0196840264161 0.162309831869 -5.83648752339  1.13216386756  7.74615956407  0.260832112275  -1.34476150297 0.0928724520212 1785404726.57
-0.0018267116924  -0.194486058218  0.0219632135313 0.195730801013 -5.80822850182  1.12956022344  7.76461625667 0.444194457192  -2.0381082771 0.144676264604 1785404726.59
0.0075650200161 -0.236789079245 0.0250738097331 0.23823306553 -5.77505641364  1.13116653006  7.79098314471 0.573708534266 -2.69280031941 0.213532693079 1785404726.61
0.0181047269394 -0.288037715738 0.0293816385918 0.29009789298 -5.73493949839  1.13855060536  7.82586593333 0.546561751905 -2.92741186064 0.265756835355 1785404726.62
0.0283272578914 -0.347992655415 0.0351691129873 0.350910513195 -5.68568158338  1.15275024449  7.86902834062 0.403490936482 -2.78974172622 0.287224886518 1785404726.65
0.0366105739071 -0.415987388945 0.0425550194899 0.419757991665 -5.62510680718  1.17399190542  7.91936814596 0.295088336594  -3.2233403341 0.366334330005 1785404726.67
0.0414252333152 -0.491065855006  0.051429457624 0.495486339892 -5.55124619361  1.20152441157  7.97511220928 0.132171605214 -4.17317978059 0.504249767125 1785404726.69
0.0415557781666 -0.572127025692 0.0614215384535 0.576913183774 -5.46249137458  1.23359778471  8.03422978012 -0.150123766552   -4.8404323754  0.593883582583 1785404726.71
0.0362472335661 -0.658019817067 0.0719134163751 0.662929469136 -5.35768612571  1.26759059017  8.09499919182 -0.430648370882  -4.63397558499  0.546404725185 1785404726.72
0.0252536228896 -0.747545753926 0.0821056400926 0.752465106046 -5.2361429674 1.30026504006 8.15660465676 -0.581659485554  -3.84232445305  0.407112847678 1785404726.75
0.00879583873031  -0.839358157225  0.0911270900138 0.844336206386 -5.09759443789  1.32811167696  8.21960623071 -0.821209353875  -4.00372141158  0.349111078685 1785404726.77
-0.0125363033058  -0.931786637127  0.0981708271672 0.937027751636 -4.94210755286  1.34773657944  8.28613157136 -1.27241235491 -4.99586555893 0.313488851343 1785404726.79
-0.0378877529299   -1.02265168376   0.102628695975 1.02848655673 -4.76999727055  1.35624361301  8.35968737692 -1.58062954495 -5.22419480002 0.177455473285 1785404726.81
-0.0662003266646   -1.10915350508   0.104195625763 1.11600210999  -4.581768318 1.35157066097 8.44457249896   -1.56083667974   -4.42302614638 0.00780791663129 1785404726.83
-0.0962068640631   -1.18791365942   0.102920431019 1.19623878806 -4.37809980107  1.33274906447  8.54497280596  -1.30023171924  -3.15661221019 -0.108134389514 1785404726.85
-0.126364700024  -1.25521638968 0.0991920270299 1.26545457467 -4.1598725608 1.30006612608 8.66390362029  -1.26931607433  -2.59069237108 -0.200605691108 1785404726.87
 -0.15477184076  -1.30744561952 0.0936646846667 1.31990205843 -3.92823117729  1.25511868459  8.80221616086  -1.40279100392  -2.29780679988 -0.320405776376 1785404726.89
-0.179135451255  -1.34165620194 0.0871388747991 1.35636427909 -3.68466971758  1.20075062989  8.95788734114  -1.23521320556  -1.42973132741 -0.388582333253 1785404726.91
-0.196867058558  -1.35616988133 0.0804220655974 1.3727421806 -3.43112673414  1.14087015267  9.12576728061 -0.724925423865 -0.260040831266 -0.357859291617 1785404726.93
-0.205355489532  -1.35106169432 0.0741953581073 1.3685918055 -3.1700660917 1.08014624297 9.29787645963 -0.120491868472  0.602512029731  -0.24990170728 1785404726.95
 -0.20241861922  -1.32840965049 0.0689080563529 1.34550875774 -2.90450778327  1.02359137514  9.46424236982  0.399402054701   1.27136136096 -0.204828304555 1785404726.97
-0.186870056796  -1.29221957109 0.0647153371566 1.30726428578 -2.63796479665 0.976050235827  9.61416453451   1.15680608374   2.14614581862 -0.198621747978 1785404726.99
-0.159076286558  -1.24799948727 0.0614662473965 1.25959758841 -2.37424740704 0.941632160169  9.73771569821   1.90387690745   2.62053182743 -0.173568658972 1785404727.01
-0.121344942952  -1.20202957737 0.0587416809321 1.20956615574 -2.11712018426 0.923144196319   9.8272388121 2.25615048507 2.43637965826  -0.153895286 1785404727.03
-0.0779920055617   -1.16043791098  0.0559353713771 1.16440013051 -1.86983750123 0.921597408714  9.87859040855   1.81960304403    1.5549271554 -0.134353244409 1785404727.05
-0.0349894751725    -1.1282352065  0.0523654895387 1.12999163229 -1.63463050766 0.935866801388  9.89191194867   1.68665684911   1.11215042277 -0.182673484873 1785404727.07
0.00081387722054   -1.10847476512  0.0474002948772 1.10948805999 -1.41225694104 0.962582432313  9.87177855092  1.60976623391 0.739582595439 -0.32833356079 1785404727.09
0.0227994003135   -1.1016849872 0.0405786680347 1.10266778859 -1.20173914731 0.996313889588  9.82667130133  0.726938310854  0.081356382132 -0.456265754236 1785404727.11
0.0258191586062  -1.10567626187 0.0317056294552 1.10643204579 -1.0003958666 1.03007981195 9.76783131107 -0.428878218546 -0.389992735874 -0.545077949273 1785404727.13
0.0073195934733  -1.11576127264 0.0209047815962 1.11598109476 -0.804220748953   1.05616693563   9.70766173102  -1.28024219774  -0.43656610104 -0.512129684138 1785404727.15
-0.0319041639045   -1.12536007318 0.00861482134333 1.12584518701 -0.608586701226   1.06718229742    9.6579273506  -2.07444088429 -0.243661230819 -0.555114451078 1785404727.17
 -0.0875186115984    -1.12690084955 -0.00447365099657 1.1303030769 -0.409178191869   1.05719863202   9.62804315771  -3.25268232988  0.337576550109 -0.707492111432 1785404727.19
 -0.152115954304   -1.11288400654 -0.0175324887175 1.1233688013 -0.202992736365   1.02280450204   9.62373418526  -3.69989613269   1.43503209816 -0.725969601373 1785404727.21
 -0.216287541525   -1.07695686705 -0.0297398545264 1.09886343695 0.0107773164814  0.963856137342   9.64628948775  -3.16865859513    2.6321962317 -0.614575981117 1785404727.23
 -0.270130488725   -1.01484964801 -0.0404219531708 1.05096347382 0.230164120194  0.88375906719  9.69253246442  -2.04619817952   3.50737108266 -0.448346862746 1785404727.25
 -0.304911650241  -0.925047027989 -0.0491584726762 0.975243392124 0.450282776971 0.789183182527  9.75550481836  -1.01101246196   4.68067688035 -0.350420465811 1785404727.27
 -0.314570112206  -0.809107853497 -0.0558248825574 0.869900161855 0.663695117578 0.689220115359  9.82573481873  0.211678490422   6.58579409519 -0.296284176248 1785404727.29
-0.296765192911  -0.67159241162 -0.060560984073 0.736731687835 0.861256205981 0.594102829592  9.89285733058   1.66663669266   7.87066454032 -0.213442255398 1785404727.31
 -0.253267440202  -0.519606986935 -0.0636757720957 0.581541418207  1.03332932454 0.513697935758  9.94729553375    2.8466539091   8.22504918254 -0.131682851558 1785404727.33
 -0.189625014374  -0.362024313062 -0.0655171623359 0.41389823373  1.17117809637 0.456030338244  9.98171541111    3.31448213959    7.41448728338 -0.0636193216493 1785404727.35
 -0.114185444465  -0.208480951158 -0.0663453602394 0.246788025538  1.26829997841 0.426096713748  9.99202296395    3.50568357162    6.73282843955 -0.0167366740371 1785404727.37
-0.0366782950206 -0.0682830210255 -0.0662473535623 0.10196362165  1.32146685856 0.425170744708  9.97777496787   3.75150721272   6.58829630738 0.0312111085161 1785404727.39
 0.0333604609624  0.0506352090346 -0.0651178346066 0.0889785206297  1.33128821613 0.450711365376  9.94199101642   3.37591364981   5.70767182756 0.0956847019135 1785404727.41
 0.0880307000391    0.14256301699 -0.0627126828758 0.178903601295  1.30219973288 0.496874595192   9.8904599569  2.34964586191  4.07415280231 0.168262792522 1785404727.43
  0.122135792789    0.20456660474 -0.0587604573173 0.245392418382  1.24188565323 0.555521612059  9.83070654659  1.09185149435   2.2487413349 0.229661642303 1785404727.45
  0.133728167503   0.236680014145 -0.0531006106469 0.276984343837  1.16024392384 0.617531512504  9.77081465248 0.0445499395332  0.844302203812  0.294309472193 1785404727.47
  0.124096326024   0.241722267535 -0.0458086215212 0.275550326729  1.06807898843 0.674183008935  9.71829388165 -0.917639852806 -0.299389570462  0.398322232662 1785404727.49
 0.0972588933774   0.224781533187 -0.0372703013496 0.24773999549 0.975744071243 0.718372646379   9.6791383709  -1.7560149547 -1.33128465029 0.476312256958 1785404727.51
0.0591050365329  0.192450531055 -0.028179985901 0.20328483429 0.891947800417 0.745484238105  9.65717470604 -2.14048358852 -1.92758025513 0.471298609123 1785404727.53
 0.0163571317689   0.151926670333 -0.0194570894539 0.154038460289 0.822894179985 0.753801309497  9.65374425982 -1.98795365514 -1.95881078954 0.382564522131 1785404727.55
 -0.024467805147   0.110102844744 -0.0120971138693 0.113435664909 0.771853604188 0.744442325499  9.66772198119 -1.66485705119 -1.77355346003 0.279322300569 1785404727.57
 -0.0579483012959   0.0727699296289 -0.00699045485988 0.0932863052137 0.739182940462 0.720878938051  9.69584077223  -1.3754419658 -1.62496548555 0.180683046671 1785404727.59
 -0.0803937999561   0.0440311284744 -0.00475047229416 0.0917849134288 0.722740571026 0.688156939919  9.73326527682  -0.85998485878  -1.24850217505 0.0373914613358 1785404727.61
 -0.0901679212122   0.0259943787175 -0.00558957127448 0.0940064096096 0.718589072136 0.651971141724  9.77433718023 -0.200370631715 -0.693839883711 -0.124120597622 1785404727.63
 -0.0876897910738   0.0187666993248 -0.00927001076152 0.0901533225213 0.721849640347 0.617748440414  9.81339455199  0.371524505597 -0.130199489463 -0.236154668128 1785404727.65
-0.0751451225251  0.0207296904133 -0.0151386157786 0.0794083571901 0.727568633755 0.589872547246  9.84555372447  0.718426588137   0.23258570686 -0.293692707018 1785404727.67
-0.0559722029817  0.0290350520948  -0.022236157144 0.0668608139443 0.731473407177 0.571147095514   9.8673408961   1.02310435734  0.487383104522 -0.357886666193 1785404727.69
-0.0342122058847  0.0402291792447 -0.0294571405399 0.060469703348 0.730525159299 0.562549733367  9.87707902187    1.1178388487  0.579965282485 -0.357827449892 1785404727.71
-0.0138268162434   0.050901228202 -0.0357271681952 0.0637067219934 0.723213794575 0.563285144629  9.87497530441  0.966272609774  0.482064260374 -0.286391711678 1785404727.73
 0.0019130348384  0.0582517199583 -0.0401642323283 0.0707819760879 0.709578635063 0.571103882528  9.86290946784  0.613047641794  0.238150283687 -0.160544291204 1785404727.75
 0.0108773299912  0.0604980344417 -0.0421966648161 0.0745579439138 0.690976323976 0.582819063179   9.8439799329   0.234304655124 -0.0267474574272  -0.032862720134 1785404727.77
 0.0123044249313    0.05706547266 -0.0416216909701 0.0716954126985  0.66965171503 0.594927362034   9.8219086627 -0.101294836115 -0.295612577613 0.0889679113507 1785404727.79
0.00678388067593  0.0485519654234 -0.0386013617407 0.0623969511414 0.648196245406 0.604228467172  9.80042394569 -0.43197739101 -0.54559456013 0.212642832656 1785404727.81
-0.00398336166122   0.0364937299106   -0.033603954045 0.0497683154263  0.62899629922 0.608341765404   9.7827298991 -0.652814502627 -0.684698176432  0.302550351521 1785404727.83
-0.0175867168824  0.0229910999102 -0.0273066787514 0.0397936928446 0.613775316054 0.606041123517  9.77113740874 -0.672427934378 -0.643474519252  0.322092294778 1785404727.85
-0.0313840163463  0.0102728931498 -0.0204790683959 0.0388571879844 0.603314060693 0.597364301234  9.76688555362 -0.567322098207 -0.507676736195  0.300460634746 1785404727.87
 -0.0429646279809 0.000281293402305  -0.0138662305452 0.0451476547901  0.59739529107 0.583495384393  9.77013908334 -0.475512524936 -0.395731178014  0.307903611179 1785404727.89
 -0.0505196841612 -0.00565219813458 -0.00808835119383 0.0514743359019 0.594970093945 0.566458133426  9.78011734845 -0.269528111751 -0.194024995762  0.274695146558 1785404727.91
 -0.0530685649208 -0.00699221995859 -0.00356859435239 0.0536460491403 0.594495286464 0.548688062046  9.79529895118 -0.00010664396553   0.0437506377812    0.204505265898 1785404727.93
  -0.0505236429743  -0.00402809690049 -0.000496753183682 0.0506863968709  0.59435616334 0.532566794206   9.8136536178 0.233973160215 0.228365029742 0.117139661478 1785404727.95
-0.0436059458211 0.00224358849978 0.00116890629521 0.0436792690214 0.593274458811  0.52000215233  9.83287200134   0.37909494679  0.322918549756 0.0485396979601 1785404727.97
-0.0336470964353  0.0103475891365 0.00166413679533 0.0352415812747 0.590610129333 0.512122686092  9.85058555326   0.519045698167   0.399425925809 0.00449109607249 1785404727.99
-0.0223250058662  0.0186201025015 0.00135304180811 0.0291023165097 0.586494184897 0.509129758757  9.86458272847   0.594470065169   0.404739793283 -0.0271759655532 1785404728.01
 -0.0113824470281   0.0255062827808 0.000646317092036 0.0279382942826 0.581770502747  0.51031970572  9.87302880614   0.549952206654   0.308570316911 -0.0395327726032 1785404728.03
 -0.00237094992149    0.0298160378792 -8.13358462225e-05 0.029910268034 0.577767266946 0.514259396094  9.87468458919   0.388173245107    0.14024125243 -0.0313271813594 1785404728.05
  0.00354938617048    0.0309009332757 -0.000558743412612 0.0311091307127 0.575953847115 0.519075833053  9.86910022766   0.182062336591 -0.0243691521537 -0.0129404822205 1785404728.07
  0.00573713856625    0.0287307654076 -0.000657636122724 0.0293053600064 0.577560020503 0.522806640511  9.85674413532 0.0132568585405 -0.163683709327 0.0037682909439 1785404728.09
  0.00411922857655    0.0238650341996 -0.000396764466268 0.0242211751048 0.583239077941 0.523753363426  9.83902268016 -0.179780041999  -0.31199720235 0.0204171870781 1785404728.11
-0.000832244133938     0.017330005897  8.84328740685e-05 0.0173502033147 0.592845744688  0.52078231061  9.81815850296 -0.337690018875 -0.368851882281 0.0274096110922 1785404728.13
-0.00818543586235   0.0104249015767 0.000601980086544 0.013268093803 0.605377120234  0.51352722201  9.79692169598 -0.395622263067 -0.320473554663 0.0216269231023 1785404728.15
 -0.0166831529054  0.00448998764512 0.000954932100996 0.0173031637349 0.619093756463 0.502463667581  9.77824099019  -0.374485330019  -0.218303798979 0.00952607221962 1785404728.17
 -0.0249121277513 0.000674184816939  0.00102746985118 0.0249424202626 0.631802907589 0.488845397356  9.76475196776   -0.353671509678   -0.113442098127 -0.00346539829921 1785404728.19
  -0.0314930225768 -0.000260360184816  0.000809819770016 0.0315045086696 0.641252419847 0.474514870029  9.75835824103  -0.276557921318  0.0336502906881 -0.0164528581757 1785404728.21
 -0.0352764957079  0.00193527324601 0.000410877582698 0.0353319296438 0.645558208125  0.46161965972  9.75988555607  -0.108623637257   0.194347882346 -0.0209693624839 1785404728.23
 -0.0355291056485   0.0069609428185 3.06699359403e-05 0.0362045993453 0.643576970475 0.452279465373   9.7688980731     0.0824915892   0.313135465715 -0.0131873066123 1785404728.25
   -0.032090415258     0.014029533948 -9.84570075628e-05 0.035023310352 0.635142737087 0.448252935671  9.78372332522   0.225681834957   0.338160093155 0.00406190789895 1785404728.27
 -0.0254804812748   0.0220177317487 0.000211528917016 0.0336761069875 0.621111429215 0.450649605531  9.80170050775  0.360496469743  0.372308046814 0.0268353044801 1785404728.29
-0.0169365652811  0.0296798960462 0.00102959336825 0.0341877687973 0.603197791669 0.459721720751   9.8196282909  0.454080198034  0.367850419791 0.0541837087523 1785404728.31
-0.00836081995413    0.035886371321  0.00225435471508 0.0369163523669 0.583635566976 0.474756440998  9.83434697413  0.396617082339  0.272869394436 0.0691391683794 1785404728.33
-0.00216766860882   0.0398407793538  0.00360414015222 0.0400621556204 0.564733521817 0.494074296188  9.84335274825 0.192201583677 0.140182482783  0.06300227863 1785404728.35
-0.00103065272539   0.0412326386185  0.00465713012054 0.0415076088621 0.548425816416 0.515128144705   9.8453199175 -0.121561038239 0.0102189220805 0.0301586215754 1785404728.37
-0.0075431231408  0.0402926622252 0.00493776070511 0.0412889672515 0.535917374224 0.534690195913  9.84041098564  -0.523921598484 -0.0803536973796 -0.0143523868641 1785404728.39
-0.0238240872698  0.0377368164441 0.00403272335531 0.0448097903057 0.527501577869 0.549112481646  9.83028985331   -1.14436695864  -0.149287563776 -0.0847571930237 1785404728.41
-0.0511175894244  0.0346081867471 0.00171043102575 0.0617548387803 0.522584480729 0.554645864513  9.81781556252  -1.81735547385 -0.157541800377 -0.166663513062 1785404728.43
  -0.089447789304   0.0320480690776 -0.00198540401632 0.0950364539115  0.51989887188 0.547800908577  9.80646849386   -2.26953979122 -0.0937443872561  -0.221050038151 1785404728.45
  -0.137398220935   0.0310443254902 -0.00669318320521 0.141020636656 0.517847454695 0.525728486833  9.79962722358   -2.30363946264 0.00367168889339  -0.219310992852 1785404728.47
 -0.192078638405  0.0322116487327 -0.0117560620462 0.195115347014 0.514888623567 0.486588929161  9.79985313457  -2.56669384207  0.105681877468 -0.220517815507 1785404728.49
 -0.249324030416  0.0356527947549 -0.0163093028222 0.252387771644 0.509875685563 0.429868208208  9.80833998642  -2.96236057014  0.230549086307 -0.202520768196 1785404728.51
 -0.304138014745  0.0409327973625 -0.0194169630211 0.307493811915 0.502278735213 0.356591875603  9.82464695321    -2.822541585  0.318715012886 -0.108501203396 1785404728.53
-0.351350100115 0.0471733478237 -0.020231282714 0.355079600084 0.492250852795 0.269386031029   9.8467668067  -2.18884418779  0.327638862604 0.0338911229359 1785404728.55
 -0.386409420491   0.053247657394 -0.0181431079236 0.390482682877 0.480537793174  0.17234246034  9.87150373786 -1.24489437547 0.246508607687 0.166547605685 1785404728.57
  -0.40619538724  0.0580335747103 -0.0128938318958 0.410522641653  0.468263736774 0.0706638194948   9.89506773263 -0.542698550473  0.172953556302  0.314938259402 1785404728.59
  -0.409698868655   0.0606698126233 -0.00462779954322 0.414192474182   0.456647856972 -0.0299055711785    9.91375137163  0.204449509186 0.0717396849847  0.500441518156 1785404728.61
  -0.39842613782  0.0607597417145 0.00612335719072 0.403078936456  0.446714181834 -0.123819193517   9.92454949266   0.897848186701 -0.0590852766653   0.624281030628 1785404728.63
-0.376408325945 0.0584790403351  0.018519381262 0.381373823802 0.439051684267 -0.20655166623  9.92561054939   1.29400812204 -0.164738706149  0.675727802136 1785404728.65
-0.349760890578 0.0545642242919 0.0315362274807 0.355393400043  0.433666806095 -0.275382385124   9.91645864471   1.15020761021 -0.188618899074  0.581921057644 1785404728.67
-0.325821506906 0.0501834682749 0.0441126176277 0.332601800784  0.42995114261 -0.32999518232  9.89797959972  0.862596933199 -0.179258890828  0.542430986303 1785404728.69
-0.311984186678 0.0467137326202 0.0552915342372 0.320270915493  0.426766051849 -0.372756322838   9.87220724734  0.300004301269 -0.124178428536  0.532136853277 1785404728.71
-0.314421883627 0.0454649115784 0.0643328599201 0.324140241182 0.422625982278 -0.40857315342   9.8419691492 -0.684549569411 0.0188431916085  0.425035157922 1785404728.73
-0.336930407216 0.0474004124962 0.0707805817212 0.347532428933  0.415946103647 -0.444306304142   9.81045504692 -1.79534576847  0.20328336721 0.277223050075 1785404728.75
 -0.38012104038 0.0529038941087 0.0744776024773 0.390944677189  0.405310432516 -0.487796351345   9.78076405229 -2.38976121738 0.326433136157 0.108945811176 1785404728.76
-0.441136158237 0.0616345585122 0.0755311735341 0.451779688656   0.38971602505 -0.546650538035   9.75547696784    -3.03677527801    0.444590563068 -0.00538044680376 1785404728.79
-0.513970567946 0.0724997585963 0.0742404528048 0.52434111468  0.368756569852 -0.626994766291   9.73629431115  -3.98304182957  0.590416063036 -0.120847193103 1785404728.81
-0.590368797891 0.0837556788397 0.0710033914035 0.600492974857  0.342722237432 -0.732415137178   9.72377926654  -3.92737805072  0.553066386482 -0.213946114305 1785404728.83
-0.661156979754 0.0932270366599 0.0662223907598 0.670973350648  0.312608272148 -0.863287014785   9.71724379398  -3.37252989467  0.393405838876 -0.285250969291 1785404728.85
-0.717779113641 0.0986181007349 0.0602269365757 0.727021092996 0.280038958179 -1.01662394224  9.71480946694  -2.17363717083  0.109043701045 -0.305031233889 1785404728.86
-0.753759442232 0.0978725751932 0.0532272857028 0.761948477046 0.247123408188 -1.18648745753  9.71365771477  -1.09788764659 -0.207686393871 -0.340988898497 1785404728.89
-0.765816462153 0.0895309198065 0.0453071926412 0.77236220843 0.216263648036 -1.36489919119  9.71045620641 -0.0166695933553   -0.63512753823  -0.428784040101 1785404728.91
 -0.75441142886 0.0730312576542 0.0364565430492 0.758814370001 0.189934283303 -1.54310583789  9.70191295301   1.12685981196  -1.08484318746 -0.498535969385 1785404728.93
-0.723616283505 0.0489042368508 0.0266373397037 0.72575594934 0.170449200398 -1.71298080055  9.68537529487  2.02857014273 -1.48407534079  -0.5636172488 1785404728.95
-0.680314496414 0.0188229125961  0.015869476164 0.680759837493 0.159727560849 -1.86831530797  9.65936754658   2.15520347761  -1.50632150587 -0.530149315922 1785404728.96
  -0.63287872216 -0.0145143412392  0.0043171937985 0.633059855959 0.159071117285 -2.00576386675  9.62395806189   2.07170586056  -1.51806465884 -0.536878946682 1785404728.99
 -0.589575022062 -0.0476674091225 -0.0076454997503 0.591548258554 0.168968237854 -2.12526495945  9.58086853091   1.98861193549  -1.63445443649 -0.621867141428 1785404729.01
  -0.55700212864 -0.0768778585707 -0.0194104925699 0.562617404343 0.188946184253 -2.22985077224   9.5332829756    1.3403317756  -1.34585207419 -0.595323031201 1785404729.03
 -0.538872035064   -0.09857922175 -0.0301657864881 0.548644609752 0.217500060556 -2.32487395757  9.48537190017  0.550120045202 -0.840413110772 -0.497822990844 1785404729.05
 -0.535373511369  -0.109919689496 -0.0389829895758 0.547929565082 0.252130536568 -2.41679363076  9.44160527962 -0.104128555174 -0.253218673132 -0.352130429915 1785404729.07
-0.543244422268 -0.109211944774  -0.04495184189 0.555933826364 0.289517513184 -2.51175404179  9.40597354268 -0.498471232571  0.322490326683 -0.196838435914 1785404729.09
 -0.556534660455  -0.096229298886 -0.0473391939386 0.56677323996 0.325838903386 -2.61423786287  9.38125887072  -0.644251948971   0.964846751474 -0.0206249908658 1785404729.11
 -0.567899020582 -0.0722886430588 -0.0457411307169 0.574305838846 0.357213090736 -2.72606898811  9.36849571374 -0.358217585824    1.4769087655  0.187986809566 1785404729.13
 -0.570149443744 -0.0400963964938  -0.040194375329 0.572969193781 0.380207828235 -2.84597450331  9.36673038622 0.256655422462  1.74159693846 0.367032767252 1785404729.15
  -0.557743631138 -0.00337681179797  -0.0312183099853 0.558626837711 0.392329776724  -2.9698018927  9.37313956552   1.0358669426  1.80845503554 0.500765460038 1785404729.17
 -0.527904250263  0.0336568335174 -0.0197719321772 0.529345453547 0.392399471513 -3.09134807671   9.3835031357  1.81547632286  1.66561751888 0.570961213568 1785404729.19
     -0.481145952   0.0668980987977 -0.00712859684155 0.485826717711 0.380731931813 -3.20362279724  9.39295702462   2.7103400977   1.5038726393 0.636576057184 1785404729.21
 -0.421117223656  0.0929092084067 0.00530907681256 0.431277200143 0.359080341097 -3.30027251958  9.39688912944  3.35359205648   1.1182437737 0.614849984305 1785404729.23
-0.353811439159  0.109357355548 0.0162170045027 0.370681206601 0.330349209026 -3.37685666177  9.39180197932  3.48582393763 0.578074146576 0.497300526583 1785404729.25
-0.286333489679  0.115261166906 0.0245378224639 0.30963544474 0.298131280686 -3.43170469455  9.37596364223   3.13669539128 0.0406623807549   0.32747179711 1785404729.26
-0.225495943851  0.111020766519  0.029613174868 0.253082933872 0.266157260257 -3.46618165331  9.34970900531   2.53230505489 -0.392489037827  0.154559118899 1785404729.29
-0.176543019169 0.0982444350361 0.0312388786232 0.204438925282 0.237760956367 -3.48432618212  9.31532940932     2.08365620452   -0.791097153018 0.000691082120759 1785404729.31
-0.142258073708 0.0794180280489 0.0296407822073 0.165599392161  0.21545225968 -3.49196523667  9.27658075436   1.42516791315  -1.07714641105 -0.154661230782 1785404729.33
-0.122613463632 0.0574843065913   0.02538636724 0.137778716099 0.200660576558 -3.49551877487  9.23792451323  0.699373676061  -1.12907883685 -0.266353716936 1785404729.35
-0.114995982568 0.0354057193109    0.0192581219 0.121854487918  0.19367141013 -3.50076148071  9.20367089937  0.187885743673  -1.01828056045 -0.323954682852 1785404729.37
-0.11491791854 0.015776916683  0.01211762305 0.116627080432 0.193739980112 -3.51179810617  9.17720569454 -0.0479023773464  -0.820709364071  -0.340644950764 1785404729.39
  -0.117031229216 0.000535926319254  0.00478500944772 0.117130235824 0.199337300787 -3.53044263801  9.16045108198 -0.0328574594687  -0.631064998672  -0.357967092012 1785404729.41
  -0.116218365456 -0.00919965011801 -0.00205015523753 0.116599936398 0.208470476136 -3.55609025067  9.15364760528  0.225001195044  -0.36320686064 -0.335687026284 1785404729.43
  -0.108541885306  -0.0131679473413 -0.00788053489134 0.109621341595 0.219019276639 -3.58606175496  9.15546869989  0.636311542493 -0.070238171467 -0.270606545706 1785404729.45
-0.0918870537991 -0.0118854207289 -0.0123976214711 0.0934783124576 0.229040601659 -3.61630833029  9.16341188764   1.03793946043  0.163844454355 -0.186361729624 1785404729.46
 -0.0662091998979 -0.00648550004405  -0.0154813563005 0.06830367673 0.237005560596 -3.64230747398   9.1743662087   1.34754811794  0.308114713828 -0.109991749552 1785404729.49
-0.0333802669718 0.00149206215307 -0.0171731569479 0.0375684148206 0.241947070696 -3.65996585055  9.18523825249    1.74000094336   0.420870051109 -0.0540892754909 1785404729.51
0.00330033447636  0.0103274111192 -0.0176421139532 0.0207072888814 0.243508685934 -3.66636651704  9.19352506545     1.94168683737    0.446778143849 0.000575025876073 1785404729.53
 0.039817039656 0.0183346117138 -0.017151479742 0.0470715188941 0.241899086075 -3.66024505608  9.19774325126   1.81722434116  0.361601798695 0.0425248622036 1785404729.55
0.0722350405083 0.0240444372062 -0.016028973072 0.077800797011 0.237771355586 -3.64213794681  9.19765253969   1.44066443216  0.200272884081 0.0627631993177 1785404729.56
 0.0974466533157  0.0263459491762 -0.0146408194883 0.102001533693 0.232059110575 -3.61420572456  9.19424479324  0.958882921337 0.0124672943513 0.0614916396424 1785404729.59
   0.11375047289  0.0245842164682 -0.0133666542937 0.117141885033  0.22580793975 -3.57978497195  9.18950424836  0.585856168424 -0.190817921097 0.0510886777212 1785404729.61
  0.121179930433  0.0186158358064 -0.0125711958993 0.1232443096 0.220036674662 -3.54276119381  9.18598070614  0.205120010968 -0.415012729898 0.0209904091101 1785404729.63
  0.121539480112  0.0088249683329 -0.0125695870189 0.122505999077 0.215648684159 -3.50687526567  9.18625150355  -0.079890031371  -0.593819883753 -0.0267814670063 1785404729.65
   0.118150900582 -0.00389883996664    -0.01358661499 0.11899341313  0.21339335384 -3.47507772065  9.19237433341  -0.156838019795  -0.685753322948 -0.0797451510609 1785404729.66
 0.115353539938 -0.018222230014 -0.015714862216 0.117836521238 0.213859640066 -3.44902866491   9.2054429917 -0.00722537003478   -0.655303730406   -0.121434500023 1785404729.69
  0.117835854904 -0.0324718552101 -0.0188814876715 0.123677890742 0.217474034402 -3.42881041902  9.22534460544  0.355887842011 -0.649919445577 -0.174242507859 1785404729.71
  0.129897725338 -0.0447827015884 -0.0228356880484 0.139285239915  0.22447794239 -3.41288143565  9.25077785833  0.971674444759 -0.547936318913 -0.218090909799 1785404729.73
  0.154751942638 -0.0532891827942   -0.02716724964 0.16590949402 0.234873183181 -3.39826165929  9.27953343487   1.68432186451 -0.304077559085 -0.224103496481 1785404729.75
  0.193968797316 -0.0563497159374 -0.0313605143041 0.204408088578 0.248343803408 -3.38090896914  9.30897438151    2.3305971014 0.0127137379673 -0.194508979542 1785404729.76
   0.24715058618 -0.0527851350796 -0.0348787351883 0.255119989226 0.264180325906 -3.35622827793  9.33660319945   2.70575215497  0.326943992099 -0.135450549696 1785404729.79
  0.311894012008 -0.0421004653586 -0.0372638765627 0.316921000261 0.281242055433 -3.31964881012  9.36057997762   3.36423845093  0.691317237981 -0.082344506171 1785404729.81
  0.384058910591 -0.0246518484327 -0.0382297605477 0.386743422733 0.297990145005 -3.26720634164  9.38006972219    3.83853126917    1.05861880444 -0.0120844454349 1785404729.83
   0.458314122778 -0.00171963432182  -0.0377248356419 0.459867323806 0.312609090694  -3.1960701825  9.39534414804   3.83360550307   1.30222814424 0.0604578744217 1785404729.85
  0.528881736584  0.0245426656576 -0.0359458322144 0.530669705734 0.323211627213 -3.10495679602  9.40762976311  3.38542407419  1.35923178852 0.113593116595 1785404729.86
  0.590359499417  0.0512959612198 -0.0332942397887 0.593518424813 0.328098576044 -2.99437504635  9.41875989312  2.57848812224  1.19481942993 0.133267830762 1785404729.89
   0.63847982615  0.0753282115621 -0.0302813113946 0.643620839996 0.326028071158 -2.86665707926  9.43073378856  1.94637267609  1.02175687632 0.142829231983 1785404729.91
  0.670671484417  0.0934560901266 -0.0274007645681 0.677705749342 0.316442777255 -2.72574854468  9.44529906144  1.21565094962 0.702028333263 0.134226745521 1785404729.93
   0.68632819375   0.102960246701 -0.0249981084624 0.694458139389 0.299610942263 -2.57676372971  9.46365349283  0.42451326375 0.225297408307 0.111738131783 1785404729.95
  0.686749087867   0.101988785565 -0.0231689029835 0.694667416921 0.276655231361  -2.4253515456  9.48631808052 -0.299957978718  -0.34025500107   0.08533486074 1785404729.96
  0.674783938303  0.0898651102877 -0.0217138903358 0.681087802323  0.24946656269 -2.27695870337  9.51318047262 -0.763960543538 -0.817233735934 0.0706120573894 1785404729.98
  0.654273646642  0.0672487372955 -0.0201672326238 0.658029721692   0.2205210678 -2.13610578722  9.54366279927  -1.07092392507  -1.26853027212 0.0900794206733 1785404730.01
  0.629409826222  0.0361185897378 -0.0178973038966 0.630699290753 0.192630506137 -2.00580033897   9.5769424701 -1.27119960144  -1.7159731901 0.149750106164 1785404730.03
    0.604140064986 -0.000425829269147   -0.0142613865499 0.604308519383 0.168657859188 -1.88719310635  9.61215361079 -1.27949966331 -2.00260546398 0.244595063976 1785404730.05
    0.58172003982  -0.0385229514544 -0.00878070411115 0.583060308443 0.151223639212 -1.77954045278  9.64851727203 -1.03842726808 -1.92641337862 0.339416405956 1785404730.06
   0.564469027002  -0.0740206015419 -0.00129466124618 0.569303089791  0.14242150015 -1.68047547849  9.68538090499 -0.637495145545  -1.46862053775  0.380978960574 1785404730.08
  0.553733842672  -0.102995762256 0.00794436803178 0.563287145731 0.143560502426 -1.58652609197   9.7221798217 -0.341244082733  -1.13904995512  0.461874376783 1785404730.11
 0.550020250665 -0.122249651863  0.018261779154 0.563738189322 0.154957802107 -1.49376655545  9.75835511248 -0.0135339976567  -0.703890728706   0.545434937367 1785404730.13
 0.553220233388 -0.129708107157  0.028643385044 0.568943989509 0.175815287017 -1.39846497247  9.79326868806   0.343903429668 -0.0648969756303    0.52612202513 1785404730.15
 0.562853625882 -0.124671399269 0.0378949691014 0.577739725696 0.204218342142 -1.29760061015  9.82614827609 0.657478908545 0.573283703355 0.425563673862 1785404730.16
 0.578253566512 -0.107880483892 0.0448466078016 0.589937796907 0.237286874111 -1.18916814125  9.85607968025 0.808584101207 0.977498824735 0.240913014978 1785404730.18
 0.598652374198 -0.081394225808 0.0485610017088 0.606108782328 0.271485645534 -1.07224633077  9.88204761025   1.05023776868     1.393428277 0.0855852731852 1785404730.21
   0.62316012119 -0.0482996299397  0.0485061026936 0.6269084725  0.303067290763 -0.946867031412   9.90301458975    1.3748973878    1.8264743043 -0.103088014519 1785404730.23
  0.650663588414 -0.0123002358539  0.0446612686423 0.652310531884    0.3285864034 -0.813760207353   9.91802134176   1.52105779824   1.91157479953 -0.295023183893 1785404730.25
 0.679700276664 0.0227566681778 0.0375396182476 0.681116403401  0.345397491087 -0.674063969648   9.92629141662   1.52959931076   1.73996517501 -0.438319051305 1785404730.26
 0.708374243562 0.0533473683768 0.0281238137437 0.710936677598  0.352042142669 -0.529076425504    9.9273269251   1.24012674824   1.22289422692 -0.449420072198 1785404730.28
 0.734374253032 0.0766709073138 0.0177258512744 0.738578484217  0.348445842636 -0.380096540866   9.92098939903   1.08627854891   0.87315321837 -0.472351377725 1785404730.31
  0.755130820536   0.090930413449 0.00779244148801 0.760625807054  0.335880991645 -0.228365398297   9.90756648623  0.889329784456  0.495447298103 -0.475531379632 1785404730.33
    0.768112691155    0.0954666547434 -0.000314347432119 0.77402266588   0.316702043356 -0.0750879463805    9.88782666038    0.433325819764 -0.00519933428485    -0.35863784704 1785404730.35
   0.771224081681   0.0907373156906 -0.00552698760179 0.776563192674  0.293908638004 0.0785041484575   9.86305739447 -0.128542430019 -0.455791309188 -0.182348196145 1785404730.36
   0.763231497538   0.0781587072515 -0.00723872914036 0.767257128708 0.270629460429 0.231093423895  9.83506921167  -0.613008088765    -0.6989569274 0.00293269769239 1785404730.38
    0.74413105875   0.0598456253371 -0.00539737161909 0.746553188385 0.249633041271 0.381259863145  9.80613591373 -1.08650378407 -0.90488200719 0.152774816981 1785404730.41
    0.715368439048    0.0382965171036 -0.000508637530725 0.716392968642 0.232958612283 0.527530907615  9.77883935022 -1.69798884347 -1.15614618476 0.313019044256 1785404730.43
  0.679844128104  0.0160732001637 0.00645372720657 0.680064729916 0.221725019985 0.668504500756  9.75580154298 -2.04254133608 -1.18566471762 0.408148892875 1785404730.45
   0.641673298464 -0.00448241055216   0.0142174243159 0.641846437335 0.216129269006 0.803032073699  9.73931716922 -1.94654227907  -0.9857120257 0.393317689447 1785404730.46
    0.6057152019 -0.0214650412592  0.0214321935308 0.606474230886 0.215601836982 0.930431127727  9.73093712562   -1.4578226849 -0.654354175576  0.285655931661 1785404730.48
  0.576932449869 -0.0335418051187  0.0269031971561 0.578532528402 0.219055494669  1.05068577712  9.73108592039  -1.04390844053 -0.420405195678  0.189641480281 1785404730.51
  0.559676053729 -0.0400060323501  0.0297958889192 0.561894618891 0.225155131028  1.16459127064  9.73880849343 -0.530591752278 -0.192193368001 0.0765015164072 1785404730.53
  0.557010135676 -0.0407581567612  0.0297756263628 0.559292505326 0.232548113989  1.27380525655  9.75172752294   0.292844031862   0.105240215769 -0.0763131109555 1785404730.55
  0.570187303308 -0.0362285738626  0.0270567306367 0.571977392115 0.240021114875  1.38078159678  9.76625157243   1.08746649575   0.35495996451 -0.195218411073 1785404730.56
  0.598363017157 -0.0272601617423  0.0223520929965 0.599400561211 0.246579018919  1.48857826232  9.77801879676   1.54790772881  0.481025813265 -0.233589487382 1785404730.58
  0.638599939881 -0.0149687509852  0.0167328124792 0.638994470818 0.25146400687 1.60054709515 9.78250735991   1.98518444051  0.602779717332 -0.247067426561 1785404730.61
     0.68616864037 -0.000598936890588    0.0114241867918 0.686263997159 0.254142333215  1.71992956154  9.77570775338   2.56055659588  0.784776052658 -0.242944016659 1785404730.63
  0.735107123992  0.0146093989849 0.00757627089676 0.735291315169 0.254283051014  1.84939886519  9.75474173089   2.61163559903  0.847980284185 -0.151201800578 1785404730.65
  0.778965270418  0.0295314966003 0.00605168476438 0.779548346606 0.251741722539  1.99060376589  9.71832609356    2.05981979116    0.77052100709 -0.0082588702813 1785404730.66
  0.811635620228  0.0432365702763 0.00726942904295 0.812818937791 0.246549493653  2.14378092923  9.66700914149  1.11184592324 0.576309607456 0.114817951206 1785404730.68
 0.828160488974 0.0550311422818 0.0111319697982 0.830061529569 0.238899590433  2.30750760173  9.60314405401 0.304248663254 0.469061211284  0.21600096391 1785404730.71
 0.825406770751 0.0644676004347  0.017046240403 0.828095998674 0.229122581681  2.47866098303   9.5306004474 -0.681231110205     0.432740222  0.342621912555 1785404730.73
 0.802513363217 0.0713230331356 0.0240310684252 0.806034841336 0.217648124812  2.65263063069     9.45425033 -1.88272495753 0.324367209405 0.404873309932 1785404730.75
 0.761041456003 0.0755568450128 0.0308877725517 0.765406420849 0.204960201015  2.82379344245    9.379296654 -2.64096559797 0.160399115108 0.334297982138 1785404730.76
 0.704794014315 0.0772580203633 0.0364005522151 0.709949578862 0.191559268518  2.98621062484  9.31053943365   -2.6855487601 0.0228815918813  0.190678854111 1785404730.78
 0.639315007127 0.0765939868311 0.0395305721656 0.645099204225 0.177944030847  3.13445297763  9.25169163257    -2.9060738427 -0.0757809586555  0.0689536515278 1785404730.81
 0.571126385119 0.0737724031251 0.0395721409713 0.577229304162 0.164617110687  3.26441941625   9.2048594492    -3.4698804305  -0.198218447484 -0.0859259691406 1785404730.83
 0.506804798531 0.0690242828169 0.0362491714595 0.51276647498 0.152106303352  3.37399710117   9.1702846595  -3.50910359716 -0.328857103728 -0.289636978592 1785404730.85
 0.452032995883 0.0626115165986 0.0297423230495 0.457316779878 0.14098200817 3.46342682195 9.14640795286  -2.65068072026 -0.391117195586 -0.430607499954 1785404730.86
 0.410775460456 0.0548548186808 0.0206490454713 0.414936034979 0.131847380345  3.53528364751  9.13025400189  -1.52380229463 -0.372164748309 -0.449439692446 1785404730.88
  0.384718440676  0.0461709950269 0.00988815095928 0.387605230754 0.125283612796  3.59405275096  9.11807088807 -0.814838479628 -0.383714561058  -0.47732721122 1785404730.91
   0.373078798844   0.0371031312906 -0.00143341971607 0.374921974803 0.121747619377  3.64536079881  9.10609515913 -0.303552853893 -0.455533021829 -0.563103718541 1785404730.93
  0.372826819808  0.0283255822124 -0.0121713218632 0.374099341421 0.121438666966   3.6949976362  9.09127813921  0.184049472544 -0.488446207681 -0.588068749964 1785404730.95
  0.379293945658  0.0206088439148 -0.0212918499917 0.38044968726 0.124167521883  3.74791367354  9.07181267698  0.393958745227 -0.376061434613 -0.438068859909 1785404730.96
  0.387060999792  0.0147380525272 -0.0279992507341 0.388352141482 0.129270089401  3.80739147255  9.04734464783   0.26594411467 -0.210074592449 -0.240138186195 1785404730.98
  0.390961984485  0.0113920259214 -0.0318276788591 0.392420759783 0.135603613902  3.87455946936  9.01883025064 -0.00114334093795  -0.0805870792776   -0.101191327264 1785404731.01
  0.387008028017  0.0110043975083 -0.0326875147871 0.38854186922 0.141647350711    3.948345598  8.98808919791  -0.45142183254 0.0566325160571 0.0243589103451 1785404731.03
  0.373045582098  0.0136397039749 -0.0308609023144 0.374568342414 0.145704838328  4.02587278752  8.95718202386 -1.12619210903 0.234643850349 0.170151310958 1785404731.05
  0.349014284688  0.0189204521071 -0.0269472106384 0.350563983583 0.146177565197   4.1031984823  8.92778553536 -1.56117393182 0.343731042753 0.252255292915 1785404731.06
  0.316754713046  0.0260335306476 -0.0217653945225 0.318567144184 0.141857205453  4.17622109423  8.90073997859 -1.58945205175 0.340428674708 0.244842126777 1785404731.08
  0.279416943623  0.0338268033592 -0.0162263078056 0.281924411987 0.132172623896  4.24153893837  8.87589276117 -1.64479934749 0.322957926178 0.228385848659 1785404731.11
  0.240613944301  0.0409838434677 -0.0111929960633 0.244335893349 0.117333006525  4.29706319835  8.85227838813 -1.90018531549 0.310885142761 0.222251396619 1785404731.13
   0.203525581598   0.0462432222871 -0.00734982556775 0.208842327865 0.0983296948974   4.34225321828   8.82857624969 -2.08079452726 0.225423900998 0.179946914188 1785404731.15
    0.17017170251   0.0486152384621 -0.00510115764637 0.177053301452 0.0767912763031   4.37794315903   8.80370584575  -1.78289233083  0.037222937675 0.0808234474986 1785404731.16
   0.141030255493    0.047547989596 -0.00451673933983 0.148898439257 0.0547202177443   4.40583696705   8.77737771701   -1.28216061277   -0.13054026192 -0.0054241612484 1785404731.18
   0.115087423025    0.043006958033 -0.00533419086482 0.12297628621 0.034165397153  4.42783393919  8.75043020198   -1.07749609326  -0.256835340195 -0.0531548186728 1785404731.21
  0.0902937325985    0.035454273248 -0.00701966319395 0.0972586207463 0.016896684304  4.44538571616  8.72484318986   -1.24143000114   -0.42204298565 -0.0865953787387 1785404731.23
 0.0642937072251  0.0257388628131 -0.0088772831481 0.0698210283779 0.00414341125559    4.45906635314    8.70341153389   -1.61431990837   -0.60169710503 -0.0928915019189 1785404731.25
  0.035226474505  0.0149293391226 -0.0101883537889 0.0395928304825 -0.00355897735823     4.46846678688     8.68915557162  -1.72190461143 -0.600920415678 -0.041088589755 1785404731.26
0.00238024595501 0.00413193834378  -0.010354680208 0.0113999073459 -0.00639473239063     4.47242592595     8.68461751712  -1.57887711957 -0.473337784764 0.0268805524675 1785404731.28
 -0.0334722882562 -0.00566613330425 -0.00901874997743 0.0351260159837 -0.00517261887067     4.46951316445      8.6912220492  -1.58154963407 -0.388882328509 0.0919655260817 1785404731.31
  -0.070141784189  -0.0137002784536 -0.00613759684182 0.0717303116814 -0.00113806941396     4.45860944524     8.70886186719  -1.76263051595 -0.342700864625  0.174346496266 1785404731.33
  -0.104469967463   -0.019469914545 -0.00199617973332 0.106287517647 0.00426475930791    4.43941332028    8.73581170824  -1.82657121711 -0.262143211873  0.260785433181 1785404731.35
 -0.133037648342 -0.0227268763154 0.00284224748339 0.134994833806 0.00963362079129    4.41272727186     8.7689936632  -1.33926573374 -0.109461044006  0.266178512572 1785404731.36
 -0.152953045882   -0.02343253992 0.00763981211907 0.15492606269 0.0138089971048   4.38044646594   8.80453284319 -0.697899208024 0.0240823878842  0.207807172367 1785404731.38
 -0.162529157191 -0.0217092136683  0.0116236689153 0.164384082485 0.0160056420435   4.34525618885   8.83847508922 -0.191003405795  0.122914129185  0.141961151717 1785404731.4
-0.161695895915 -0.017806358575 0.0141378379261 0.16328658127 0.0158631326513   4.31012144619   8.86750263524 0.251749721738 0.231397015377 0.075964197454 1785404731.43
 -0.152064834627 -0.0120908792665  0.0147812249991 0.153259218007 0.0134217208368    4.2777021989   8.88948734591   0.723182660174   0.368138840991 -0.0182195741942 1785404731.45
   -0.13665082992 -0.00505707395307   0.0135068625679 0.137409820068 0.00904388701267    4.24983906332    8.90376330539  0.910788157741  0.410447234594 -0.114626453988 1785404731.46
  -0.11933312463 0.00265968565658   0.010661804014 0.119837984907 0.00330934400526    4.22722702743    8.91107097373  0.778108658862  0.367811403397 -0.157051707905 1785404731.48
 -0.104190244663  0.0102870213508 0.00695509078627 0.104927609232 -0.00308911560474     4.20933936662     8.91320641287  0.547584446215  0.319856119048 -0.163528399356 1785404731.5
-0.0948578478492  0.0169562331529 0.00335260656811 0.0964197340389 -0.00942842900425     4.19459770481     8.91248044247   0.24345112667   0.27575087526 -0.144909879853 1785404731.53
 -0.0940364449279   0.0217879710587 0.000911225145608 0.0965318547879 -0.0150068775944    4.18072562843    8.91113544446  -0.235530012663   0.198700997955 -0.0780944928779 1785404731.55
  -0.103225857392   0.0240157659413 0.000578032515969 0.105984285484 -0.019165710802   4.16518706766   8.91087093909 -0.819618967738 0.0382208704559 0.0594502018852 1785404731.56
 -0.122701097547  0.0231246750852 0.00299038564855 0.12489696691 -0.0212906210805    4.14560379036    8.91259287405  -1.1653987572  -0.1212929646 0.186085507089 1785404731.58
 -0.151687538814  0.0189719464134 0.00831617064781 0.153095404492 -0.0208074239971    4.12006678602     8.9164363082  -1.46040939487 -0.249525717293  0.291810096455 1785404731.6
-0.188656051886 0.0118556039958 0.0161691022844 0.189718478615 -0.0171862592543    4.08729453762    8.92203472347  -1.89710693328 -0.390650376368  0.410576591036 1785404731.63
 -0.231648373604 0.00250649069393  0.0256214929722 0.233074478206 -0.00996481920662     4.04663411668     8.92894175953  -2.47860966573 -0.547493303455  0.527961739299 1785404731.65
  -0.278557939224 -0.00800257777677   0.0353188528326 0.280902097039 0.00120486064053    3.99793688527    8.93706994983  -2.75518016811 -0.602494292429  0.520054945633 1785404731.66
 -0.327323183132 -0.0184153812538  0.0436806233491 0.330737946627 0.0164879260125    3.9413623545   8.94700635863  -2.35276491238 -0.470279588202  0.333948934385 1785404731.68
 -0.376026810915 -0.0274850261082  0.0491534801962 0.380220533115 0.0357841598452   3.87717010087   8.96009841959  -2.08972568342 -0.344110656011  0.148446983509 1785404731.7
 -0.422924442265 -0.0341578359964  0.0504718106568 0.427292926803 0.0586438083253   3.80555331789   8.97826720372   -2.13972043154  -0.241933851481 -0.0538754516521 1785404731.73
 -0.466442067234 -0.0377080958475  0.0468769385047 0.470305804708 0.0841983146949   3.72655282328   9.00358394163   -2.21553138444 -0.0980331989863  -0.329089417221 1785404731.75
 -0.505182100471 -0.0377975864561  0.0382534665653 0.508036356851 0.111125679658  3.64007083394  9.03771734141 -2.06714470746 0.094009899257 -0.62775453815 1785404731.76
 -0.537965314329 -0.0344553515042  0.0251566192718 0.539654246867 0.137671192803  3.54598190399  9.08140219207  -1.46635170988  0.244725855146 -0.737192967161 1785404731.78
 -0.563916172586 -0.0279952000792 0.00872552684606 0.564678063812 0.161741020484  3.44431566779  9.13407904718 -0.977850088424  0.340860707028 -0.759631944136 1785404731.8
  -0.582578297811  -0.0189040791033 -0.00950047978395 0.582962345613 0.181076699426   3.3354647887  9.19380914619 -0.710583279989  0.477975400857 -0.862501454843 1785404731.83
   -0.59403042033 -0.00773878532517  -0.0278269550682 0.594732182166 0.193502838715  3.22035631373  9.25749257731 -0.437614596652  0.636746377724 -0.939051978517 1785404731.85
 -0.598965119304 0.00493938797469 -0.0446640169748 0.600648388085 0.19722082569 3.10052187487 9.32133650487 -0.135199233935   0.76279914928  -0.89633704135 1785404731.86
 -0.598695036043  0.0185791514986 -0.0587521883347 0.601857749544 0.191103044662   2.9780173669  9.38146023282  0.100759523781  0.714631481782 -0.636642213352 1785404731.88
 -0.595063817466   0.032609160602 -0.0693141278886 0.599973959883 0.174931184237  2.85517658247  9.43450096613  0.185215935675  0.610498389502 -0.381065098841 1785404731.9
 -0.590259180879  0.0463849446266 -0.0761082002242 0.596950518755 0.149524017635  2.73422929596  9.47809926936  0.195953661909  0.610549790964 -0.231647907824 1785404731.93
 -0.586548393214  0.0591414052484 -0.0793806925704 0.594842851306 0.116717020313  2.61685962722  9.51118513237   0.116307544698   0.640671093473 -0.0984762266021 1785404731.95
 -0.585976217794  0.0699773147553 -0.0797345345641 0.595501929806 0.0791858597345   2.50381012234   9.53403801786   -0.1022737992  0.543446826473 0.0414979640503 1785404731.96
 -0.590076559163  0.0778888322866 -0.0779491264717 0.600277504315 0.0401403135692   2.39463923975   9.54814249864 -0.349945914453  0.304037627525  0.126436244871 1785404731.98
 -0.599648399652  0.0818558867388 -0.0747947445511 0.609813777485 0.00294360281635    2.28771136836    9.55589498407  -0.53907228041 0.0676815153947  0.155089086463 1785404732
 -0.614634315804  0.0809721037596 -0.0708839513897 0.623984261272 -0.0292749435405    2.18044545056    9.56023196289 -0.783645869351 -0.164979337603  0.186488881308 1785404732.03
 -0.634119405866  0.0745987773809 -0.0665914736121 0.641955467958 -0.0539518458969    2.06978484315    9.56424670095  -1.11014797017 -0.489987700538  0.234411183904 1785404732.05
 -0.656445535186  0.0625178221753 -0.0620553828572 0.662329290683 -0.0693244185933    1.95279476821     9.5708441829 -1.29381009338 -0.84377458889 0.266801243321 1785404732.06
 -0.679416442791  0.0450577428003 -0.0572506083397 0.68331144808 -0.0745529532278    1.82726044702    9.58246076688 -1.14833041566 -1.02431489529 0.258983954482 1785404732.08
 -0.700558049022  0.0231692998559 -0.0521066493572 0.702875166308 -0.0697367889323    1.69215821723    9.60085382799 -0.832718703864  -1.02225299217  0.232848325349 1785404732.1
  -0.717397099158 -0.00156765355032  -0.0466302965949 0.718912678967 -0.0558446471708    1.54790350079    9.62695423155 -0.617529119763  -1.14066318472  0.252558737866 1785404732.13
 -0.727728538781 -0.0270184182401 -0.0409943886053 0.729382863095 -0.0345839600181    1.39633355964    9.66077320243 -0.333449727442  -1.31399828137  0.296217700326 1785404732.15
 -0.729853334268  -0.050652928419 -0.0355648884832 0.732472845908 -0.00823120669551     1.24044325461      9.7013621674 0.136939640169 -1.18302756424 0.280422548825 1785404732.16
 -0.722778271661 -0.0697839932479 -0.0308573200296 0.726794613284 0.0205608773207    1.0839415504   9.74683320581  0.615712652075 -0.818465652935  0.213209172957 1785404732.18
 -0.706373247229 -0.0818649632933 -0.0274341964767 0.711630291481 0.0489691767799  0.930723443295   9.79445314622    0.9246757147 -0.336521147924  0.113866432118 1785404732.2
 -0.681478421909 -0.0848144224314 -0.0257715732499 0.687219397113 0.0742117328571  0.784352817209   9.84082362524   1.28085253882  0.103038670933 0.0295834887901 1785404732.23
 -0.649945613164 -0.0773256207525 -0.0261309033737 0.655050666595 0.0937559523827  0.647630957416   9.88215288339     1.7960305344   0.690066806226 -0.0724668390442 1785404732.25
 -0.614590339971 -0.0591148342598 -0.0284703958896 0.618082852907 0.105510147455 0.522292746851  9.91461365716   1.95726019971   1.27670414191 -0.173557893314 1785404732.26
 -0.579028772179   -0.03106716997 -0.0324193761704 0.580767168504 0.107981027794 0.408839280012  9.93476599472   1.78473799003   1.69595185099 -0.235084479923 1785404732.28
 -0.547381995851 0.00475006705769 -0.0373230334824 0.548673510703 0.100379451167 0.306491619528  9.94000585737   1.24087520981   1.71555396502 -0.223267444622 1785404732.3
  -0.52384992099  0.0452195478192 -0.0423475631506 0.527500581356 0.0826621331123  0.213241476954   9.92898366351  0.793396126578   1.84159946185 -0.209600601678 1785404732.33
 -0.512186059435  0.0864454716514 -0.0466211497731 0.521517891021 0.055507473386 0.125980659485  9.90192650951  0.231000384885   2.09201905598 -0.186361556007 1785404732.35
-0.515135603216  0.124139411322 -0.049377914294 0.532178035589  0.020235802441 0.0407061930822   9.86079812395  -0.601816352273     1.8724610539 -0.0955378187724 1785404732.36
 -0.533923915673   0.154079541491 -0.0500720154099 0.557962776142   -0.02130645231 -0.0471876761273    9.80924402789  -1.44789952275   1.32976829712 0.0258031056708 1785404732.38
 -0.567892423027   0.172591907742 -0.0484377317917 0.595513211114 -0.0668766046336  -0.142515767654    9.75229553792 -1.83603584061 0.523093157292 0.127485104501 1785404732.4
 -0.614368762414    0.17699856515 -0.0444863294083 0.640902880161   -0.1139625919 -0.249804926751   9.69584214144  -2.23832307313 -0.146625543946  0.221540317991 1785404732.43
 -0.668827393264   0.165979973526 -0.0384475897647 0.69018667819  -0.15990089511 -0.372721927863   9.64592201439   -2.9122783445 -0.975957308402  0.362344938076 1785404732.45
 -0.725350187162   0.139806676269 -0.0306780484952 0.739337503043  -0.20199213365 -0.513493527902   9.60791809441 -2.96350745561 -1.79079002012 0.461053010348 1785404732.46
 -0.777342266186   0.100406542592 -0.0215651929503 0.784096633165 -0.237630026244  -0.67242015138   9.58577490671 -2.45220037793 -2.33366355994 0.506551869971 1785404732.48
 -0.818407194369  0.0512479480878 -0.0114552307195 0.820090184241 -0.264460195481 -0.847598644097   9.58136287366 -1.52177651243 -2.38683543918 0.483572374615 1785404732.5
   -0.843248118911   -0.0029637116126 -0.000622400468773 0.843253556776 -0.280575826931  -1.03495181535   9.59410737949 -0.684651456488  -2.46170272344  0.505345774212 1785404732.53
 -0.848446099424 -0.0567586203388  0.0107166840376 0.85041000225  -0.2847395525 -1.22861168486  9.62096726813 0.268061566378  -2.6504258074 0.599758636666 1785404732.55
-0.832978410998 -0.104504187014 0.0223549554426 0.839805871809 -0.276600740331  -1.42162987264   9.65679385393  1.35261264872  -2.2777961979 0.629950705536 1785404732.56
-0.798377904703 -0.141073330599 0.0340348857557 0.811460003188 -0.256861665022  -1.60691162152   9.69503492156  2.20738127127 -1.51526774302 0.602148320476 1785404732.58
-0.748494042946 -0.162498897472 0.0454013230961 0.767274725339 -0.227340890411  -1.77821109379   9.72868201773  2.56367791507 -0.59592335983 0.513987364594 1785404732.6
-0.688886719524 -0.166524404058 0.0559865846744 0.710935853047 -0.190891211646   -1.9310019755   9.75130898776   2.8216071542 0.219533494805  0.45669811479 1785404732.63
-0.625952063157 -0.152964590387 0.0652356544163 0.647664914821 -0.151152666358  -2.06305696432   9.75802752247  3.17776487599  1.10401759158 0.428490352164 1785404732.65
-0.565931133522 -0.123807231697 0.0725659366413 0.583842524719 -0.112154061134  -2.17462900825   9.74619712335  2.97139327851  1.85604869787 0.324004993605 1785404732.66
 -0.513976061181 -0.0830199909412  0.0774456786049 0.52636635863 -0.0778109902176   -2.26821193678    9.71577057463  2.42526218443  2.30055132935 0.181061499124 1785404732.68
 -0.473437274163 -0.0360695543152  0.0794712011289 0.481414101501 -0.0513951340297   -2.34794652667    9.66922342195   1.63366475859   2.23781270862 0.0233813590374 1785404732.7
-0.445490974143 0.0107916661433 0.0784258518016 0.45247020049 -0.0350618488288   -2.41880698329    9.61109347458   1.01976561729   2.01377537645 -0.118842908666 1785404732.73
-0.429157028132 0.0513725672943 0.0743108062837 0.438562414482 -0.0295184050096   -2.48573574186    9.54722702597  0.616288900636   1.80150034651 -0.286766159012 1785404732.75
-0.421679320509 0.0803965255321 0.0673460214734 0.434525646276 -0.0338955438463   -2.55288673107    9.48387615687 0.262754712124  1.12760777871  -0.4306075446 1785404732.76
-0.419171256031 0.0942263536518 0.0579459282928 0.433521485293 -0.0458543163131   -2.62309605978    9.42680617619  0.108463275909  0.276476226577 -0.521928851845 1785404732.78
-0.417384160261 0.0913450211236 0.0466775690562 0.429804892449 -0.0619229952484   -2.69763913491    9.38055378861  0.163662346989 -0.528240899396 -0.577564708581 1785404732.8
 -0.41244504161 0.0725166469267  0.034209105846 0.42016644244 -0.07801998851 -2.77627071378   9.3479338052  0.37769085739 -1.20137576829  -0.6019544154 1785404732.83
-0.401433055909 0.0406070435666 0.0212550905736 0.404041098453 -0.0900837933887   -2.85749292813    9.32983846597  0.758804877691  -1.84814271392 -0.655547780088 1785404732.85
  -0.382712864919 0.000101053226634  0.00852284182732 0.382807766404 -0.0947070350922   -2.93896478632    9.32532125519   1.20109200853  -2.22622326397 -0.650191934458 1785404732.86
  -0.356003626018  -0.0435963754668 -0.00333740416641 0.35867863605 -0.0896654238668   -3.01795839253    9.33191517612    1.5249648665  -2.14415978767 -0.562139213931 1785404732.88
 -0.322218613832 -0.0849562116428 -0.0137768133979 0.333514907588 -0.074248101101  -3.09177978559   9.34610860799   1.77457225193  -1.83885839023 -0.463961127823 1785404732.9
 -0.283149472165  -0.119089763763 -0.0223850903631 0.307988778515 -0.0493318990694   -3.15809906484    9.36389208884   1.92726280608  -1.36371497228 -0.359668110096 1785404732.92
 -0.241084157326  -0.142366271524 -0.0289182235589 0.281471117231 -0.0171911758599   -3.21516644963    9.38129604469   2.14265781537 -0.852688592742 -0.276430064532 1785404732.95
 -0.198439397679   -0.15280084618 -0.0333137655761 0.252658069575 0.018913998193 -3.26191969123  9.39485854767   2.20844553361 -0.206201787337 -0.178843865045 1785404732.96
  -0.15746364233  -0.150173889773 -0.0356899622644 0.220501177394 0.0552870515946  -3.29800739908   9.40198608871    1.99985360585   0.431352118081 -0.0768183300664 1785404732.98
 -0.120034988452  -0.135889654337 -0.0363254339148 0.18491601812 0.0883747943106  -3.32375873443   9.40119059554    1.72961486196   0.929010733444 0.00177705914695 1785404733
 -0.087550451946  -0.112622117003 -0.0356181313169 0.147028820823 0.115272874758 -3.34012269033  9.39219719956  1.39921429472  1.23162867268 0.054392874353 1785404733.02
-0.0608852729878 -0.0838243732568 -0.0340260555755 0.109047303849 0.134076633861 -3.34858449954  9.37592027572   1.18402925835   1.49232576571 0.0909243539214 1785404733.05
-0.0403962487012 -0.0531899433746  -0.031997050643 0.0740596937286  0.14403788681 -3.35105102904  9.35430604585  0.92554947628  1.58092065889 0.109326317886 1785404733.06
-0.0259493056532 -0.0241506400712 -0.0298994034966 0.0463744995573 0.145532192383 -3.34969026314  9.33004586431 0.607656609516  1.39283781378  0.10449979646 1785404733.08
 -0.0169634686755 0.000521415295246   -0.027967273455 0.0327139041987  0.13987577031 -3.34671715149  9.30617927687  0.328329039877   1.05060990433 0.0883447827101 1785404733.1
-0.0124748569027  0.0189658302781 -0.0262737807145 0.0347222742042 0.129048707787  -3.3441374656  9.28562845113  0.132172482153  0.687132952464 0.0744101262479 1785404733.12
-0.0112302331464  0.0303271281953 -0.0247395911675 0.040717320789 0.115381364586 -3.34348505154  9.27072883744 0.0166687334171  0.398988672551 0.0785169735575 1785404733.15
-0.0118174156278  0.0347025761363 -0.0231769467855 0.0433715455675 0.101249719906 -3.34560564382   9.2628357457 -0.0426030776085  0.0705752980031  0.0899845941583 1785404733.16
-0.0128301908451  0.0329775820526 -0.0213602215944 0.0413327204733 0.0888102439267  -3.35054356945     9.262084973 -0.0322579671589  -0.211976848149   0.106376159384 1785404733.18
-0.0130517125775  0.0265916379674 -0.0191066416605 0.0352494846279 0.079791318388 -3.35757242551  9.26736424277 0.0295833427794 -0.386248871844  0.123339990202 1785404733.2
-0.011627772253 0.0172784493302  -0.01634705258 0.0264759518597 0.0753489017362   -3.3653796717   9.27651376084  0.111637313252 -0.454510841138  0.136499427897 1785404733.22
-0.00819472353723  0.00681729810032  -0.0131679800608 0.0169418046891 0.0759892628558  -3.37237642848   9.28672708856  0.216759176687 -0.509769550861  0.162834059028 1785404733.25
-0.00292955824963 -0.00317782252684 -0.00981277101409 0.0107224690499 0.0815597829535  -3.37706934884   9.29507940786  0.308477234878 -0.481040464617   0.17222983093 1785404733.26
 0.00349765792194  -0.0114158418972 -0.00663985851995 0.0136617267696 0.0913075256824  -3.37841230787    9.2990804028  0.34093348723 -0.36325677468 0.151221827395 1785404733.28
 0.0100683813868 -0.0170268277043 -0.0040475051842 0.0201907766973 0.104001747569 -3.37605830421  9.29714108617  0.303391373545 -0.204629461588  0.106404797629 1785404733.3
  0.0156334459585  -0.0196011101297 -0.00238361993605 0.0251851105786 0.118109270331 -3.37045604735  9.28886010366   0.209188089414 -0.0493929770707  0.0502418431342 1785404733.32
  0.0191608702014  -0.0191737237957 -0.00186371260786 0.0271706469513 0.132001733637 -3.36277417464  9.27507186379    0.106497698891   0.0846613131249 -0.00331470726437 1785404733.35
   0.019960432953  -0.0161613325135 -0.00251829604053 0.0258059947925  0.14416484094 -3.35467741166  9.25764834318 -0.0350052407666   0.208933766859 -0.0612535866645 1785404733.36
  0.0178352241746  -0.0112614166143 -0.00418338166347 0.0215038463457 0.153376423334 -3.34801106361  9.23909797265 -0.180422527199  0.286057273757 -0.106080927411 1785404733.38
  0.0131267260112 -0.00532659026825 -0.00653623094756 0.0156014683494 0.158825566266 -3.34446435172  9.22204728224 -0.281359144991   0.30250270197 -0.125290688165 1785404733.4
 0.00664486461811 0.000769875284712 -0.00916650687763 0.0113477655106 0.160158688063 -3.34527737732  9.20871443208 -0.311874961817  0.265177376628 -0.117363239021 1785404733.42
-0.000499229243362   0.00625912680055   -0.0116638828569 0.0132465867846 0.157455965586 -3.35103625727  9.20048325641 -0.336772904927  0.239891200149 -0.110909424838 1785404733.45
-0.00711958963837   0.0105746173013  -0.0136995547638 0.0187133345081 0.151156457204 -3.36157610878  9.19766283318  -0.307525730418   0.188024343022 -0.0898849220856 1785404733.46
-0.0121930117504  0.0134088237392 -0.0150817911018 0.0235780939105 0.141957319705 -3.37599166919  9.19947713629  -0.209177502012   0.109226321513 -0.0546243042279 1785404733.48
-0.0150617241076  0.0147217656547 -0.0157735520403 0.0263133209811 0.130710055513 -3.39274522731  9.20428148682 -0.0847767593639  0.0325368657257 -0.0198333041245 1785404733.5
-0.0155653824631  0.0147031215383 -0.0158707485291 0.0266522714429 0.118327649432 -3.40985935663  9.20995721299  0.0225271394967 -0.0235047779405 0.00514006027749 1785404733.52
-0.0140810857853  0.0136985693448 -0.0155497979286 0.0250544206599 0.105706345327 -3.42518094709  9.21440153309  0.0981234160706 -0.0618603800725  0.0208316322239 1785404733.55
-0.0114646870948  0.0121179019831 -0.0150001696073 0.0224340742376 0.0936596640962  -3.43669634527   9.21601195905    0.13557957873 -0.0877255798378  0.0311259782724 1785404733.57
-0.00889956719435   0.0103459130886  -0.0143602394671 0.0198105197165 0.0828618659141  -3.44286298767   9.21406611565  0.101746610737 -0.092299572982 0.0355910856124 1785404733.58
-0.00767052192567  0.00867602001381  -0.0136729661124 0.0179181537052 0.0738017352525  -3.44290565184   9.20891808185 0.000202648549713  -0.0763779744733   0.0370718216201 1785404733.6
-0.00889143502495  0.00728090903232  -0.0128725686507 0.0172560794159 0.0667519084452  -3.43701487295   9.20196744591  -0.128669847845 -0.0567679943739  0.0432449198701 1785404733.62
-0.0132259630086 0.00622500873634 -0.0118058262308 0.0187897409312 0.0617608623732  -3.42638995789   9.19540123896  -0.282041201132 -0.0424271515181  0.0621140115004 1785404733.65
-0.0206486881501 0.00551227821606 -0.0102832655528 0.0237170631378 0.0586724913252  -3.41309253576      9.19175439   -0.44457916582 -0.0279340529823  0.0952636591173 1785404733.67
 -0.0302967140162  0.00515240952397 -0.00814793506109 0.03179350641 0.0571721082498  -3.39971456973   9.19337324005    -0.52119505892 -0.00763812500067    0.129965499626 1785404733.68
 -0.0404549016342  0.00522201772377 -0.00534437676804 0.041139165018 0.0568497660353  -3.38890757844   9.20189109039 -0.464192282978 0.0187802460581  0.155848282812 1785404733.7
 -0.0486998182679  0.00589696051878 -0.00196926234032 0.0490950551161 0.0572654708222  -3.38285591958    9.2178285846 -0.279005938717 0.0526550400872  0.167625596168 1785404733.72
-0.0521989098102 0.00743839069466 0.00171137401976 0.0527540011993 0.0579997761573  -3.38279644746   9.24041223651 0.0137570803651   0.10158876516  0.174219373233 1785404733.75
-0.0481269236472  0.0101274844044 0.00528586295464 0.0494641998548 0.0586792569999  -3.38868388118   9.26766359847 0.475023441393 0.176677883883 0.172132836024 1785404733.77
-0.0341288283034  0.0141592879895 0.00825937587804 0.0378613212609 0.0589779480704  -3.39907542239   9.29675636018  1.04024817755 0.248068025971  0.12828143682 1785404733.78
-0.00873651791987    0.019520916089   0.0101434132514 0.0236702712851 0.0586080987402  -3.41126456425   9.32458015134   1.58087474901  0.296768095799 0.0580470253586 1785404733.8
0.0283564275378 0.0258892687505 0.0105537279338 0.0398211299744 0.057320335603 -3.42164196762  9.34840108054    2.00310333875   0.307964719479 -0.0199860082586 1785404733.82
 0.0762373341789  0.0325851190278 0.00929558474604 0.0834285862312 0.0549301723207  -3.42621237277   9.36648194353   2.55308436506   0.31050851052 -0.100947534863 1785404733.85
  0.132967472873  0.0386121620146 0.00641746542307 0.138608916597 0.0513747531968  -3.42116202944    9.3785268764   3.15854676702  0.269187051748 -0.186591179125 1785404733.86
  0.196001891238  0.0427920497452 0.00222049244331 0.200631083028 0.0467855715267  -3.40335915158   9.38584666627  3.40808053343 0.141025034465 -0.24153223713 1785404733.88
   0.262753601719   0.0439826610724 -0.00278053730638 0.266423837295 0.0415474987785   -3.3706832849   9.39119581651    3.48804562349 -0.0374171541605  -0.262166713245 1785404733.9
  0.331173405675   0.041342030468 -0.0079392002584 0.333838312676 0.0363093408382  -3.32211545453   9.39829935029    3.1793151994 -0.217482253804 -0.226877370581 1785404733.92
  0.400196336264  0.0345808390438 -0.0125885130065 0.401884825102 0.0319201004822  -3.25757254165   9.41115204444   3.30415924137 -0.409691375589 -0.195776824765 1785404733.95
  0.469920704523  0.0241383887632 -0.0161602040384 0.47081767442 0.0292862422928  -3.17752727347   9.43322155109    3.6944216426  -0.61091328983 -0.149081066311 1785404733.96
  0.541438266666  0.0112249309446 -0.0182880512913 0.541863311644 0.0291715482245  -3.08250922459   9.46670949451    3.83488498509  -0.692616563758 -0.0710535385761 1785404733.98
   0.616316931205 -0.00230215687663  -0.0188726634682 0.616610117532 0.0319836475335  -2.97262128796   9.51201671468    3.85970074428   -0.63618549747 0.00489621198406 1785404734
  0.695833510997 -0.0142236781133   -0.01809219366 0.696213986872 0.0376026411649  -2.84721888182   9.56752233417   3.79822387084 -0.465037838307 0.0583634464536 1785404734.02
  0.780138554376 -0.0223597564543 -0.0163553830611 0.780630271824 0.0453038107769   -2.7048763935   9.62972869041   4.12504680663 -0.259007726231 0.0933072563214 1785404734.05
    0.8675819522  -0.025007597745 -0.0142072981479 0.868058564297 0.0538085671356  -2.54370400836   9.69375648478   4.51722706951 0.0269301643774  0.107444524472 1785404734.07
  0.954417215243 -0.0213207666243  -0.012210077201 0.954733408773 0.0614692048506  -2.36198611294   9.75410921158   4.40795173543  0.354466589744 0.0889829273019 1785404734.08
   1.03502888927 -0.0115423085789 -0.0108270618107 1.03514986924 0.0665600400478  -2.15901063011   9.80557457422   3.76351929704  0.616399537258 0.0475432187158 1785404734.1
   1.10270474103  0.0029661720255 -0.0103368129197 1.10275717806 0.0676184271211  -1.93587666489   9.84410194896    2.73742560374   0.743555474013 0.00077270035213 1785404734.12
   1.15083174347  0.0199127366386 -0.0107943738333 1.15105461963 0.0637625636366  -1.69603547089   9.86749404497    1.74961947666    0.81850285638 -0.0417323953112 1785404734.15
   1.17427083788  0.0364460546351 -0.0120438267501 1.17489802508 0.0549149114036  -1.44535583091   9.87577868798   0.522021634385   0.785060056223 -0.0786717314661 1785404734.16
   1.17059581244  0.0496356064802 -0.0137729353027 1.17172861332 0.0418809650981  -1.19160875674   9.87117995931  -0.895397257554   0.550427188363 -0.0951540139465 1785404734.18
   1.14088885971  0.0569669443636 -0.0155913350649 1.14241661082 0.0262667422888 -0.943414830433   9.85767945612    -2.1260955318   0.187610783504 -0.0879064114929 1785404734.2
   1.08987137293  0.0567588872161 -0.0171106008454 1.09148245678 0.0102538612613 -0.708849923729      9.84023699   -2.63784325659  -0.194806502221 -0.0551415245102 1785404734.22
   1.02529378929    0.04843017051 -0.0180077365675 1.02659491248 -0.00372228412043   -0.494015465426     9.82381138939   -3.12365495438  -0.567124326889 -0.0222987089714 1785404734.25
  0.956677327473  0.0325764520633 -0.0180614277772 0.957402187852 -0.0133336637182  -0.301912073805    9.81237099082  -3.56584775972  -1.01779064279 0.0229678530958 1785404734.26
  0.893651789884  0.0108559373352 -0.0171598220442 0.893882448888 -0.016703975088 -0.131897352635   9.80809684104  -3.07498974981  -1.28147590102 0.0758817444552 1785404734.28
  0.844230595466 -0.0142847699051 -0.0152865716388 0.844489805885 -0.0126897271329  0.0201255697559    9.81095249853 -2.12322642818 -1.34494507566 0.123361965635 1785404734.3
  0.813384056463 -0.0399891780824 -0.0124961718369 0.814462345344 -0.00106341287242    0.160816071013     9.81872468094 -0.938608341477  -1.09724014179  0.142890160198 1785404734.32
   0.802210440488  -0.0634066440333 -0.00888958323478 0.804761466538 0.0174244672268  0.297994798684   9.82754118326 -0.124799273907 -0.953689803744  0.178970232837 1785404734.35
   0.807876266853  -0.0820785479019 -0.00459764520174 0.812048082881 0.0411160600446  0.439043960527   9.83276711633 0.585813616247  -0.8164747699  0.24137298872 1785404734.36
  0.824332170633 -0.0942386937322  0.0002252409564 0.829701458159 0.0676467268743  0.589458323262   9.83009171573  0.968510977745 -0.457888547101  0.270679573268 1785404734.38
  0.843645998858 -0.0989896113741 0.00539928412341 0.84945080306 0.0942550776073  0.751850154894   9.81656728994   0.898023891103 -0.0565622876703   0.282567165404 1785404734.4
  0.857667338929 -0.0963383186947  0.0107142982154 0.863127529454 0.118163176539 0.925597035405  9.79136296028 0.36288411519 0.26922258088 0.23834125896 1785404734.42
  0.859675074064 -0.0870976910187  0.0159271353152 0.864222722675 0.136972044052  1.10717058456  9.75605123576 -0.27226460669 0.537080386353 0.228186436018 1785404734.45
  0.845674024012 -0.0726798113041  0.0207659601642 0.849045425735 0.149009808275  1.29103448115  9.71434571067 -1.18069212378 0.854742139655 0.238781512577 1785404734.46
  0.815092398179 -0.0548228151132  0.0249434729092 0.817314710174 0.153572816857  1.47088570989  9.67133292208 -2.02178988219  1.00888355345 0.200073466615 1785404734.48
  0.770766691138 -0.0353006667972  0.0281786838577 0.772089028201 0.151014399053  1.64095686783  9.63236261585 -2.62659976595  1.06208871709 0.143246716317 1785404734.5
  0.718252788745 -0.0156648673052  0.0302248089698 0.719059104445 0.14266023253 1.79710757468 9.60184818581  -2.40780070247   0.86761885434 0.0617299398675 1785404734.52
0.664637679205 0.002941506507 0.030899564169 0.665362066957 0.130559627472  1.93750156817  9.58225814652    -2.22331928002    0.781234362555 -0.00244736407797 1785404734.55
 0.617117646401 0.0198722007043 0.0301134823976 0.618171429041 0.117112731187  2.06277199495  9.57353868506   -2.18036698714   0.841195499683 -0.0790193070281 1785404734.57
 0.581640024965 0.0349623789758 0.0278916223126 0.583357034054 0.104638090779  2.17569335662  9.57310372513 -1.54654956654 0.799268000699 -0.16039337675 1785404734.58
 0.561873988405 0.0484225226812  0.024384136865 0.564483574322 0.0949576351245   2.28047831934   9.57638841514 -0.612295465016  0.685940645459 -0.214245060546 1785404734.6
 0.558691703908 0.0606708596976 0.0198618969343 0.562327189616 0.0890740725433    2.3818819855    9.5778227418  0.188992197194  0.536847298515 -0.219280967727 1785404734.62
 0.570224684237 0.0721433353099 0.0146951195916 0.574958083587 0.0869993406367   2.48431596907   9.57198294011  0.755430511406  0.502590507428 -0.236085426879 1785404734.65
  0.592437044266  0.0831217502535 0.00931587984415 0.598312345185 0.087765309414  2.59115037053  9.55464629751   1.31127492802   0.56501023709 -0.276996502563 1785404734.67
  0.620053896825  0.0936140540868 0.00416909082553 0.627094735593 0.0896146003745   2.70432246077   9.52351591669   1.55068080471  0.567230694803 -0.271330692489 1785404734.68
    0.647620864579     0.103307694803 -0.000339920456057 0.655808950525 0.090336398091  2.82429133711  9.47848037063   1.37983271767  0.492350698151 -0.220629479904 1785404734.7
   0.670461842458    0.111600572964 -0.00389092883156 0.679697660291 0.0876858451854   2.95029594839   9.42139807483  0.853108582785  0.325420374026 -0.134265183357 1785404734.72
   0.685346521498    0.117698239726 -0.00627731499842 0.695407890987 0.0798111349803   3.08080791445   9.35551211882   0.438641355343   0.197763182428 -0.0760449066192 1785404734.75
   0.690763901553    0.120753836257 -0.00741058827377 0.701278242553 0.0656122984134   3.21403554324   9.28467850772  0.0380971228851  0.0608632554929 -0.0267896823607 1785404734.77
   0.686800528965    0.120021135033 -0.00729976486439 0.697246961992 0.0449693817815   3.34833942626   9.21261250428 -0.457428359163 -0.164244589095 0.0398730461342 1785404734.78
   0.674716026102    0.114991673382 -0.00601172948991 0.684471286262 0.0188021227188   3.48246100198   9.14232343047 -0.806213165921 -0.384889689537  0.097347003848 1785404734.8
   0.656370206094    0.105493565877 -0.00362542551746 0.66480364289 -0.0110463214266    3.61553115209    9.07583266324 -0.929696977095 -0.526673503772  0.131722854757 1785404734.82
    0.633671571779    0.0917399826683 -0.000196401669569 0.640278005147 -0.0420780036293     3.7468966319    9.01417809991  -1.05066782454 -0.679595295531  0.171790206659 1785404734.85
 0.608185272418 0.0743264800705 0.0042530871016 0.612724930108 -0.0715115759118    3.87585701567     8.9576292934  -1.37092707711 -0.976943666536  0.257706935363 1785404734.87
  0.580971842474   0.054185347099 0.00971009588269 0.583574005204 -0.0966907503019    4.00142812705    8.90599285797 -1.62312027249 -1.22212380588 0.346695430787 1785404734.88
 0.552647933497 0.0325097982379 0.0161157580129 0.553837830991 -0.115460982917    4.1222337007   8.85888693915 -1.52804301525 -1.15906051306 0.361722796368 1785404734.9
 0.523591319023 0.0106607222773 0.0232933806413 0.524217609336 -0.126455475534   4.23658053642   8.81590112051  -1.33001110929 -0.965435764739  0.335903459264 1785404734.92
   0.494174811722 -0.00993499236809   0.0308835473501 0.495238570904 -0.12925184908  4.34270833046  8.77661717961  -1.27879198178 -0.840215333046  0.327347003058 1785404734.95
  0.464917192652 -0.0278904270357  0.0383128675463 0.467326168499 -0.124386286078   4.43914372778   8.74052487377  -1.48937087569 -0.826935796976   0.35971772685 1785404734.97
  0.436480609681 -0.0419682499835  0.0448180397921 0.440778077183 -0.113236379445   4.52504864536   8.70690635225  -1.61845758402 -0.680664511532  0.327771473491 1785404734.98
  0.409508138664 -0.0511934638526  0.0495343585818 0.415657718626 -0.0978020143554    4.60044866974    8.67477207106  -1.38953299464 -0.346493403557  0.181884111124 1785404735
  0.384360334569 -0.0549649413809   0.051640367831 0.391689595421 -0.0804227451489    4.66625994832    8.64291006189   -1.10725927099 -0.0446322779683  0.0227169644822 1785404735.02
  0.360853771832 -0.0531546623557  0.0505325706105 0.368231453665 -0.0634711929996    4.72409169517     8.6100682461 -1.01185143181 0.192285787076 -0.12359995623 1785404735.05
  0.338113101409 -0.0461764124044  0.0459911630025 0.344336924365 -0.0490581944821    4.77586705985    8.57524076101   -1.1670138184   0.45819635607 -0.308909054016 1785404735.07
  0.314618165819 -0.0350015043879  0.0382939860365 0.318866939238 -0.0387800613774    4.82335732573     8.5379891323  -1.44585313472  0.730303845237 -0.516896643681 1785404735.09
  0.288468847358 -0.0211009820188  0.0282431997544 0.290615219268 -0.0335330418388    4.86774860141    8.49870913817  -1.55851155541  0.787478613521 -0.581939497674 1785404735.1
  0.257821336886 -0.0063034251565  0.0170863677909 0.258463767068 -0.0334147721297    4.90935123299    8.45875958014  -1.53100427909  0.651117486393 -0.500007109625 1785404735.12
  0.221392066959 0.00742595630862 0.00633675079917 0.221607189752 -0.0377260898757    4.94752455305    8.42039787679  -1.72534392866  0.536963254038 -0.427710301657 1785404735.15
   0.178897303834   0.0182593909324 -0.00247878755241 0.179843807411 -0.0450779396422    4.98083485007    8.38651129513 -2.25406998576 0.434483582451  -0.3611549837 1785404735.17
   0.131305666041   0.0247905734003 -0.00809720771162 0.133870516682 -0.0535966848538    5.00740765372    8.36018018776  -2.80136430231  0.228976993814 -0.208143623109 1785404735.19
  0.0808246006101   0.0262756252868 -0.00976566836269 0.0855476056156 -0.0612072939117    5.02539116066    8.34414907479   -2.76527360028 -0.0552181942313  0.0190624220272 1785404735.2
  0.0306072917971   0.0227797841651 -0.00740304316056 0.038865536479 -0.0659592298341    5.03342609935    8.34030380325   -2.2420747036 -0.257259268803  0.188672686305 1785404735.22
 -0.0157647172704   0.0151928111182 -0.00163758679447 0.0219551704798 -0.0663476046579    5.03102173358    8.34925428854  -1.85440388819 -0.383357505479  0.296990665177 1785404735.25
 -0.054914145682 0.00510009467262 0.00629357857625 0.0555084092093 -0.0615764504783    5.01876382567    8.37010420989 -1.70414413642 -0.51404798497 0.408039319933 1785404735.27
 -0.0842814605939 -0.00547497929312   0.0147680239472 0.0857405069346 -0.0517154857185    4.99831894337    8.40045756021  -1.35908701876 -0.556284497531  0.450053885911 1785404735.29
-0.102592802764 -0.014415136826 0.0220820929235 0.105927796997 -0.0377176874668    4.97223996112    8.43667423966 -0.717075800618 -0.400167135486  0.333560291144 1785404735.3
 -0.110092608742 -0.0198789979606  0.0267745288155 0.115032310473 -0.0212897390812    4.94361155057    8.47434804427 -0.143947169872 -0.151311782846  0.141752547157 1785404735.32
 -0.108504813749 -0.0206296176191  0.0279039692183 0.113918862477 -0.00463513366835     4.91559728179     8.50894327985    0.20225020535  0.0782302441457 -0.0335225255636 1785404735.34
 -0.100742517805 -0.0162623890403  0.0252247718601 0.105118073167 0.00988670965474    4.89096085837     8.5364939783  0.436709262242  0.322287670259 -0.209646452494 1785404735.37
 -0.0904317332717 -0.00729184005134    0.019227814313 0.092740380402 0.0201281613171   4.87163468999    8.5542483183  0.551975339413  0.602623044297 -0.403552125303 1785404735.39
 -0.081342662028 0.00491754294655  0.0110414334566 0.0822357838609 0.0244890473459   4.85840179101   8.56113855819  0.380043003566  0.716852501187 -0.475322833924 1785404735.4
-0.0768298256552  0.0183646288332 0.00221579931905 0.0790252584242 0.0221703820748   4.85074324933   8.55797971533 0.0464389602252  0.608554315357 -0.391430898274 1785404735.42
 -0.0793725815599   0.0307342486748 -0.00556424340524 0.0852969023457 0.013312223467  4.84688329445  8.54734756403 -0.290093057855  0.461679425716 -0.280226259016 1785404735.45
-0.0902847691427  0.0397780009016 -0.0107815074991 0.0992465102602 -0.000999796948434      4.84403711725      8.53314879442 -0.754558691437  0.323172776235  -0.16916842639 1785404735.47
  -0.10963171808  0.0436940479144 -0.0123481961541 0.118662384017 -0.0188572001763    4.83883419795    8.51995821182  -1.32830313349  0.048115255582 0.0287945349969 1785404735.49
 -0.136359359344  0.0414469653326 -0.0097827171126 0.142854567201 -0.037764035022   4.82785562496   8.51224458893  -1.64694311169 -0.299282954315  0.253337018465 1785404735.5
   -0.16860756262   0.0329769412566 -0.00327638030854 0.171833417865 -0.0549571593361    4.80819416677    8.51362821239  -1.57878207041 -0.516637741075  0.375779285457 1785404735.52
 -0.204151352882  0.0192628380482 0.00635302914948 0.205156508044 -0.0677752696812    4.77792904293    8.52630616177    -1.555849183 -0.661918768664  0.453719145225 1785404735.55
 -0.240892551642 0.00222409486969  0.0178034799953 0.241559789564 -0.074034065535   4.73641136386   8.55074865353  -1.80837149058 -0.859988059231  0.572003361603 1785404735.57
 -0.277313950295 -0.0155303228068  0.0294949841525 0.279310171754 -0.0723607120748    4.68428525286     8.5857180928  -2.02203048137 -0.936213690086  0.618497494932 1785404735.59
-0.312811165371 -0.031074706195 0.0398019032835 0.316860622437 -0.0624404020176    4.62322131525    8.62860114288  -1.94247831301 -0.718359945459  0.489743405989 1785404735.6
 -0.347835066589 -0.0416101739514  0.0472749776056 0.353490542495 -0.0451333647223     4.5554036046    8.67598423884  -1.69063677938 -0.329562163769  0.262476740466 1785404735.62
 -0.383808732798 -0.0449145281063  0.0508245015768 0.389755805816 -0.0224332805678    4.48287320904    8.72435617231  -1.64654022553 0.0413074728876 0.0564649580548 1785404735.65
 -0.422822982077 -0.0397289194045  0.0498465452096 0.42760067736 0.00274263060764    4.40687407008    8.77079773843  -2.05345184653  0.465577676809 -0.161133946169 1785404735.67
 -0.467156972735 -0.0260170409402  0.0442841822458 0.469971927237 0.0269172711868   4.32735623584   8.81352368475  -2.67022682589   0.96580298974 -0.423943647781 1785404735.69
  -0.518707353524 -0.00504819051816   0.0346232803533 0.519886116732 0.0465301504872   4.24276348744   8.85217542664  -3.07822967686    1.2928779148 -0.621227970641 1785404735.7
-0.578433441981 0.0207198515688 0.0218271006025 0.57921583315 0.058461808945  4.15017200108  8.88781637184  -3.03485354187   1.26428487819 -0.653767553973 1785404735.72
 -0.645931146414  0.0479517698679 0.00721675587452 0.647748793675 0.0605253529565   4.04576917614   8.92264268656 -3.06015568151   1.1341295592 -0.64159299628 1785404735.75
  -0.719231987716   0.0729014427132 -0.00769275728454 0.722958125356 0.0518415275787   3.92558543854   8.95947735906  -3.56314214585   1.05292028598 -0.684229610333 1785404735.77
 -0.794886707813  0.0919686307976 -0.0213871565041 0.800475182483 0.0330267821509   3.78633348696   9.00115345206  -4.12775643487  0.812750620415 -0.688348962084 1785404735.79
-0.868341055804  0.102260851271 -0.032558340774 0.874947722125 0.0061513155706   3.62618108919   9.04990745184 -4.02281615719 0.290929047382 -0.54458046258 1785404735.8
-0.934553863943  0.102069324216 -0.040294310478 0.940974337065 -0.0255385057321    3.44529145429    9.10689533069  -2.92356684311 -0.269126202172 -0.283194879803 1785404735.82
 -0.988756234679  0.0911761449811 -0.0442225044268 0.993935415873 -0.0580982028953    3.24600927456    9.17191656879   -2.00646156549  -0.674212892293 -0.0927178525372 1785404735.85
  -1.02721706256  0.0709325587659 -0.0445762428773 1.03062765485 -0.0874914974398    3.03264299923    9.24339123495 -1.40406394853 -1.11850200694  0.04892950017 1785404735.87
  -1.04787261658  0.0440829966499 -0.0421623881329 1.04964660631 -0.110226014463   2.81087930906   9.31858881914 -0.633205938485  -1.52570344943  0.171275337584 1785404735.89
  -1.05069954044   0.014351760439 -0.0382244873394 1.05149256238 -0.123908831183   2.58694391242   9.39406160381 0.289655757061 -1.66755783097 0.227538912884 1785404735.91
  -1.03775791321 -0.0141476871908 -0.0342167887351 1.03841823564 -0.127621007999    2.3666746272   9.46619778417 0.941785732496 -1.29382085188 0.166876002482 1785404735.92
   -1.0128943217 -0.0375848729546 -0.0315257409476 1.01408155586 -0.122038482023    2.1546863749   9.53178846313    1.2087712923 -0.830826718646 0.0646160775624 1785404735.95
  -0.98116044965 -0.0530489129471 -0.0311913147532 0.983088456467 -0.109271028294   1.95378169013   9.58850355022    1.53523772139  -0.507835549541 -0.0511504792545 1785404735.97
 -0.948055909897 -0.0590325289294 -0.0336860030305 0.950489134374 -0.0924443580346    1.76470283938    9.63519423015   1.71791711927 -0.072121338108  -0.20943710557 1785404735.99
 -0.918733392467 -0.0556697162721 -0.0388020091336 0.921235995637 -0.0751027482315    1.58624734394    9.67197760637   1.41120031964  0.399162604284 -0.333424763364 1785404736.01
 -0.897304157374 -0.0446772305162 -0.0456771362806 0.899576126042 -0.0605489648999    1.41569486693    9.70010244908  0.813551186215  0.669920943637 -0.355745878851 1785404736.02
  -0.88635411329  -0.029006910504 -0.0529606697348 0.888408603933 -0.0512535324064    1.24943614456    9.72163404624  0.230480618027  0.706482463478 -0.292406092979 1785404736.05
 -0.886733040351 -0.0122740338407 -0.0590884983875 0.888784331207 -0.0484504236073    1.08366547432    9.73902418664 -0.265932655253  0.729958664522 -0.227701778334 1785404736.07
 -0.897623540115 0.00192654423591 -0.0626099868765 0.899806502421 -0.0519934550157    0.91500158671    9.75464604878  -0.815756480959   0.621878971199 -0.0922940398282 1785404736.09
  -0.91684440904  0.0106808888831 -0.0624952747061 0.919033955377 -0.0604884882715   0.740933700582     9.7703729956 -1.18779761013 0.281057079359 0.115696110527 1785404736.11
-0.941305780021 0.0122626508782 -0.058355166684 0.943192594111 -0.071657161586  0.560039739648   9.78726700442  -1.29697478269 -0.109855044379  0.306353546664 1785404736.13
 -0.967517072399 0.00638886427601 -0.0505260750379 0.968856535937 -0.0828429149459    0.37197865465    9.80542035881  -1.12661875158 -0.401384006497  0.407387626198 1785404736.15
  -0.992055013703 -0.00581793824163  -0.0400041408271 0.992878305686 -0.0915479508177   0.177306084733     9.8239678701  -1.04099263246 -0.668815371056  0.522264319436 1785404736.17
  -1.01192407861 -0.0221416818694 -0.0282471518692 1.01256036686 -0.0958919609091 -0.0228069963033    9.84126065531 -0.865646457836 -0.898506304558  0.611425987253 1785404736.19
  -1.02477775186 -0.0397828280288 -0.0168913188416 1.02568875921 -0.0949065154186   -0.22686467085    9.85516946985 -0.460553514675 -0.911597226096  0.560836290603 1785404736.21
  -1.02900592772 -0.0559526631609 -0.0074458321785 1.03055292937 -0.0886169723908  -0.433271950331    9.86346753371 0.0278077129959 -0.754296574767  0.417733247935 1785404736.23
    -1.0237218116  -0.0684256768693 -0.00102876467322 1.02600656877 -0.0779092925334  -0.640455007586    9.86423110701  0.472058465244 -0.464490491912  0.215004856691 1785404736.25
  -1.00869436631 -0.0759385925466 0.00180531926211 1.01155042071 -0.0642239308352  -0.846875048018    9.85619265078  0.927113817473 -0.233481419645 0.0504569315505 1785404736.27
 -0.984268175125 -0.0783615562411 0.00111844680989 0.987383220935 -0.0491544129106   -1.05097083744    9.83898801458    1.47118132326 -0.0174004190574  -0.109783287914 1785404736.29
  -0.951295444993  -0.0766174791451 -0.00247793407006 0.954379066164 -0.0340469249311   -1.25108534791    9.81325580918   1.95643668565  0.159931283231 -0.243397877577 1785404736.31
  -0.911082502475  -0.0723789049102 -0.00798649255406 0.913987864391 -0.0196949448033   -1.44543230361    9.78057144558  2.24931159902 0.235502375808 -0.30782381134 1785404736.33
 -0.865334423849 -0.0676173811973 -0.0142419107316 0.86808905497 -0.00619953153107    -1.63214053164      9.7432258739   2.25189511286  0.196007923808 -0.287898328205 1785404736.35
 -0.816073268269 -0.0641091757239 -0.0201331505115 0.818835092888 0.00697426221032   -1.80938495057    9.70388523568  2.38115575342 0.109962360042 -0.25145760275 1785404736.37
 -0.765510256822 -0.0630074765408 -0.0247836595026 0.768498617551 0.0207628278411   -1.9755821724   9.66518862696    2.63290109787 -0.0122020470036  -0.197689938859 1785404736.39
 -0.715867695389 -0.0645735733845 -0.0276570311434 0.719306064935 0.0361545135348  -2.12960527916   9.62935359116   2.60602328082 -0.138335478061 -0.102587066715 1785404736.41
 -0.669166457715 -0.0681216923676 -0.0285762686551 0.673231695801 0.0538184314645  -2.27096298581   9.59785937947      2.23082333296    -0.191037929205 -0.000240277796724 1785404736.42
 -0.627012474677 -0.0721827449011 -0.0276666015726 0.63175979051 0.0738106481453   -2.3998951681   9.57126399303   1.88295213352 -0.160728221936 0.0795658086246 1785404736.45
 -0.590425347065 -0.0748430096452 -0.0252489933467 0.595685385262 0.0954364770303  -2.51735656213   9.54918380695    1.64664307426 -0.0488121216063    0.14558250206 1785404736.47
 -0.559750763407 -0.0741766116238 -0.0217198798011 0.565061801952 0.117306731659 -2.62488673831  9.53043072998  1.40917859127  0.15595691656 0.197143516733 1785404736.49
 -0.534685185321 -0.0686741224595 -0.0174509671933 0.539359730378 0.137575872154 -2.72438991548  9.51327120113  1.16488881013 0.426571827218 0.230938916154 1785404736.51
 -0.514418098909 -0.0575761967522 -0.0127326903677 0.517786751783 0.154304042064 -2.81786716809  9.49575211919 0.925000013534 0.694118720388 0.243237828868 1785404736.53
  -0.497868707006  -0.0410470884673 -0.00776971300882 0.499618335661 0.165854128894 -2.90715293556  9.47603385092 0.721742561696 0.886838548695 0.237302690821 1785404736.55
  -0.483967554081  -0.0201602005014 -0.00272081548571 0.484394911126 0.171226375846 -2.99370645888  9.45267706832 0.617824393734  1.05559385969 0.238240882986 1785404736.57
-0.471917396881 0.0032924421451 0.0022374396734 0.471934185868 0.170249160452 -3.07849743729  9.42484328688 0.586285190524  1.22655306591 0.248302396708 1785404736.59
 -0.461367716396  0.0271203732709 0.00685062509172 0.462214901796 0.163582144271 -3.16200572898    9.392384761  0.51557013462   1.2138499134 0.225661272926 1785404736.61
-0.452454990114 0.0491144151085 0.0107559926121 0.455239975428 0.152537664989 -3.24433045021  9.35581653849 0.396880142173  1.01999745515 0.168311519124 1785404736.63
-0.445692276267 0.0674068661949 0.0134983679758 0.450962855092  0.13877379429 -3.32537862582  9.31618197252  0.253140779182   0.74640196231 0.0905855483598 1785404736.65
-0.441729032688 0.0807405944078 0.0145942392125 0.449284513113  0.12394341628 -3.40508286176  9.27484171409   0.110357484299    0.50228343379 0.00311755642774 1785404736.67
-0.441036259425 0.0885983616516 0.0136298986583 0.450053803398 0.109388901464 -3.48358700865  9.23323152331 -0.048669233539  0.272246642266 -0.110259057543 1785404736.69
-0.443594737077  0.091176997831 0.0103675277423 0.452986778314 0.0959514376314  -3.56134314747   9.19264091239  -0.20366123333 0.0167659714046 -0.234814052499 1785404736.71
 -0.448669457496  0.0892267482055 0.00482909674198 0.457481163394 0.0839264155065  -3.63908396519   9.15405854216 -0.283590707466 -0.187588582642 -0.331690567113 1785404736.73
  -0.454738895342   0.0838053992611 -0.00266679276775 0.462404497887 0.0731547164313  -3.71766808633   9.11811120157  -0.25933862006 -0.313078603456 -0.387526541692 1785404736.75
 -0.459615363318   0.076012638763 -0.0115272370262 0.466001159487 0.0632071079097  -3.79783330599   9.08509601887  -0.14265055515 -0.404380153461 -0.434280553704 1785404736.77
 -0.460748626252   0.066769251696 -0.0209626154836 0.466033111284 0.0536032994919  -3.87992237303   9.05507923657  0.103083742756 -0.503498628137 -0.483976964218 1785404736.79
 -0.455659190834  0.0566892482383 -0.0301014204736 0.460157651868 0.0440098185692  -3.96365817377   9.02801890557  0.498596204778 -0.562948098831  -0.46642754096 1785404736.81
 -0.442411743906  0.0460656984874 -0.0381164302532 0.446433715101 0.0343767706928  -4.04803567057   9.00386859472  0.924867813108 -0.563936581857 -0.369441145203 1785404736.82
 -0.420023049023  0.0349601711541 -0.0443363812483 0.423801002807 0.0249945002552  -4.13136944967   8.98263305497   1.24247734471 -0.525332106003 -0.236158615431 1785404736.84
 -0.388707672199  0.0233590686958 -0.0483240040744 0.392395858651 0.0164696206509  -4.21149629439   8.96436735327   1.62042278571 -0.545708503245 -0.128823308482 1785404736.87
 -0.349898289288  0.0113443111372 -0.0499112865356 0.353622175161 0.0096320580712  -4.28609242661   8.94912973797    2.14823268852  -0.627078779326 -0.0225659704677 1785404736.89
   -0.306027707551 -0.000775584679136   -0.0491925103822 0.309957194461 0.00539124678707   -4.35303538083    8.93690990069   2.43229853946 -0.643656588875 0.0928844326854 1785404736.91
 -0.260115052528 -0.0124149318066   -0.04648265108 0.264527140261 0.00456353596943   -4.41072879459    8.92755706483   2.28696346176 -0.553770779008   0.17482973277 1785404736.93
 -0.215245001164 -0.0227579254016 -0.0422525148103 0.220530289762 0.00769687482223   -4.45831804177    8.92072806456   1.98732860047 -0.426690173202  0.217749645875 1785404736.95
 -0.174054419896 -0.0308926139749 -0.0370530719581 0.180616236328 0.0149229239512   -4.4957531603   8.91586721345   1.81850677626 -0.313046536318  0.255651018301 1785404736.97
  -0.13833823213 -0.0359970279334 -0.0314407355667 0.146361785798 0.0258680287941  -4.52369519798   8.91222072498   1.69073290709 -0.172092752596    0.2888718757 1785404736.99
 -0.108855873997 -0.0375289059533 -0.0259135086552 0.118023429947 0.0396491292004  -4.54330206432   8.90888187586   1.41936811105 0.0168003996703  0.283380052574 1785404737.01
-0.0853689117571 -0.0353700547433 -0.0208652909902 0.0947325299738 0.0549665944171  -4.55595927578   8.90486060235  1.07000608464 0.194773512784 0.238387306904 1785404737.03
 -0.066882735878 -0.0298885236495 -0.0165622876648 0.0751061487307 0.0702848806813  -4.56303141426   8.89917191335 0.790856142017 0.319343517571 0.183144659406 1785404737.05
-0.0520163963742 -0.0219024858437 -0.0131415916401 0.0579493382941 0.0840693675016  -4.56569838781   8.89093847985 0.648163527473  0.40880741471 0.139942230975 1785404737.07
 -0.039397896357 -0.0125533825747   -0.01062815284 0.0426935508504 0.095031155706 -4.56490956816  8.87950101174 0.600761474037 0.469613940283 0.104449407113 1785404737.09
 -0.0279843847703 -0.00311671453516 -0.00896334541049 0.0295496406309 0.102327235141 -4.56144759762  8.86452468872  0.591042970799  0.473679208827 0.0691026000691 1785404737.11
 -0.0172358141371  0.00520796150777 -0.00803704258233 0.0197177637044   0.1056736094 -4.55605526458  8.84608320255  0.546151716325  0.382127090894 0.0326485956184 1785404737.13
-0.00711701572614   0.0114836003391 -0.00771590761403 0.0155582846067 0.105350982068 -4.54955658124   8.8246981273   0.460452452076   0.237698865264 0.00415046738031 1785404737.15
 0.00204744586617   0.0151625377092 -0.00786322541343 0.0172024677957 0.102109410949 -4.54290554973   8.8013141725   0.400807902203   0.110144889737 -0.0150004549864 1785404737.17
 0.00980294238181   0.0161333263298 -0.00834914630163 0.0206419510166 0.0970011285833  -4.53712332205   8.77720164992   0.342852493972 -0.0118715333109 -0.0296770391445 1785404737.19
  0.0157988070827     0.01468638617 -0.00905353230134 0.0233935608897 0.0911826501863  -4.53312799461   8.75379418002    0.27079265084  -0.125891231386 -0.0404581502551 1785404737.21
 0.0199530570616  0.0114145482102 -0.0098656382136 0.0250149398222 0.0857263965361  -4.53150638611   8.73248764562   0.176335248416  -0.200235593019 -0.0429241746267 1785404737.23
 0.0225009947715 0.00707578909165 -0.0106850034753 0.0258946105637 0.0814716210109  -4.53230775103   8.71443994334  0.0954683100657  -0.215804591732 -0.0375628360292 1785404737.25
 0.0239193253393 0.00244886204918 -0.0114262009266 0.0266212155552 0.0789303776311  -4.53494366317   8.70041526237  0.0530201679991  -0.208443388985 -0.0315520601573 1785404737.27
  0.0247564260457 -0.00179120918732  -0.0120272003397 0.027581562844 0.0782518109688  -4.53825307483   8.69070904547  0.0372275306888  -0.187678385375 -0.0254586398063 1785404737.29
0.0254284576805  -0.00515925796 -0.012458245115 0.0287824994407 0.0792397635347   -4.5407436555   8.68517165435  0.0345080343806  -0.149292439259 -0.0186165461707 1785404737.31
  0.026052711885 -0.0073993430147  -0.012726526326 0.0299242133721 0.0814145394943  -4.54096461199    8.6833247871  0.0249917714388  -0.087060432325 -0.0108621685795 1785404737.33
  0.0263812282105 -0.00847829496571  -0.0128723475783 0.0305540180597 0.0841079512748  -4.53791992282   8.68454175718 -0.00431646628553  -0.0272307946018 -0.00544600580433 1785404737.35
 0.0258716567611 -0.0085415446589 -0.0129549602324 0.0301683874834 0.0865793645679  -4.53140917845   8.68824746856  -0.0587584788692    0.014988361959 -0.00372870807402 1785404737.37
  0.0238952410556 -0.00784415882025  -0.0130301038809 0.0283248473932 0.0881380371902  -4.52219342356   8.69409024098  -0.145862760868  0.0467625716945 -0.0042607787638 1785404737.39
   0.020042855219 -0.00667287202178  -0.0131252246212 0.0248699575332 0.0882541593431  -4.51192310185   8.70204560312   -0.250479571109   0.0681672014404 -0.00506318027506 1785404737.41
  0.0144587458877 -0.00527604732056  -0.0132208526753 0.0202899717455 0.0866399125982   -4.5028229299   8.71242861918   -0.313644673789   0.0750841787872 -0.00318796595124 1785404737.43
 0.00811557500418 -0.00381757073681  -0.0132464565961 0.0159970314849 0.0832850710662  -4.49718780917   8.72581168764  -0.282042825258  0.0712790862463 0.00306415219536 1785404737.45
 0.00294760625663 -0.00236690217992   -0.013095794065 0.0136304963507 0.0784401236389   -4.4967890456   8.74286480092 -0.150137495613 0.0684355927168 0.0138767066154 1785404737.47
  0.00178140599814 -0.000930333218117   -0.0126610105382 0.0128195208598 0.0725522431779  -4.50231131285    8.7641518137  0.123918433541 0.0692946003229 0.0296203717095 1785404737.49
 0.00804145469541 0.000481553708228  -0.0118782053667 0.0143523047043 0.0661724318741  -4.51293600903   8.78992714186  0.617029040639 0.0708832562792 0.0496521662788 1785404737.51
 0.0252549083507  0.0017662631711 -0.0107721039143 0.0275130569754 0.0598616553138  -4.52616060437   8.81998081578   1.27101676788 0.0568751029377 0.0628461326081 1785404737.53
  0.0564268953615  0.00264669187801 -0.00948576028082 0.0572798319318 0.0541257075879  -4.53790414719   8.85357454877   1.92233876675 0.0210621683933 0.0612147436348 1785404737.55
   0.103395936206  0.00262241793195 -0.00828378964305 0.103760386808 0.0494004632606  -4.54290380117   8.88949679327     2.5906742285 -0.0392816645503   0.046254031856 1785404737.57
   0.166299592825 0.000980723074396  -0.0075240874496 0.166472605204 0.0460918036202  -4.53536141868   8.92624171241   3.38646680932 -0.138972285169 0.0165136505494 1785404737.59
     0.2432765906 -0.00311794076243 -0.00760168041968 0.243415296631 0.0446526631032  -4.50975634399   8.96228921741    4.31267641596  -0.301075685375 -0.0355272214011 1785404737.61
   0.330500506152  -0.0104824375597 -0.00887675146595 0.330785826148 0.0456612949268  -4.46170481501   8.99643659977   4.73765890649  -0.49053447099 -0.105755369446 1785404737.63
  0.422584096159 -0.0216833364821 -0.0116042335517 0.423299118406 0.0498582260924  -4.38872308903   9.02811335938   4.37219174676 -0.630210600667 -0.167545508467 1785404737.65
  0.513320762607 -0.0368342698461 -0.0158825541846 0.514885641949 0.0581090461116  -4.29074748897   9.05760478939   4.09330042752 -0.793117750124 -0.235842969469 1785404737.67
  0.596653865721 -0.0554110890486 -0.0216335807925 0.599611737783 0.0712841574909  -4.17028579707    9.0861193712   3.86273149483 -0.983874719552 -0.318604333899 1785404737.69
  0.667701863422 -0.0761566153086  -0.028616156781 0.672639942987 0.0900763048884  -4.03212349971   9.11565992708   3.34799246088   -1.0993481439 -0.391057019073 1785404737.71
  0.723633680416 -0.0971062318029 -0.0364652592975 0.731030121693 0.114800324524 -3.88258300886  9.14869591975   2.55009763692  -1.04629173931 -0.426155855243 1785404737.73
  0.764196668293  -0.115747929681 -0.0447417456609 0.774206661597 0.145227584341 -3.72842526077  9.18767857785   1.71343470059 -0.809888842288 -0.415313886472 1785404737.75
  0.791753909602  -0.129304607109 -0.0529767009772 0.803990339268 0.180497270036 -3.57557447271  9.23448315184   1.10596329537  -0.45947584696 -0.378849204195 1785404737.77
  0.810782720523  -0.135102248124 -0.0606998600825 0.824200042684 0.219123273299  -3.4279152701  9.28989303929   0.840496539413 -0.0398235393019  -0.346099432241 1785404737.79
 0.826904518255 -0.130970076959 -0.067451008874 0.839924926388 0.259089412761 -3.28643253028  9.35324832942  0.913480246782  0.510932609771 -0.316724533293 1785404737.81
  0.845630751053  -0.115610863119 -0.0727824707847 0.856594727308 0.298007371502 -3.14892125103  9.42235965129  1.16454218333  1.10926623387 -0.23231484219 1785404737.83
  0.871090054673 -0.0888818432519 -0.0762655937529 0.878927930038 0.333306365342 -3.01038593509  9.49373752832   1.49487757691   1.60260950104 -0.119047018952 1785404737.85
  0.905023414067 -0.0519379259449 -0.0775123025707 0.909820358758 0.362429734128 -2.86409617314   9.5631172863    1.76825585768    1.92061467804 0.00119026331948 1785404737.87
   0.946286071951 -0.00720668640852  -0.0762149771746 0.949377685141  0.38302517892 -2.70310411588  9.62618683171  2.04668378468  2.23214122509 0.126538414931 1785404737.89
  0.990985222167  0.0418131933437 -0.0721976218062 0.994491101159 0.393125192853 -2.52190397179  9.67936885746  2.29040023195  2.58462907612 0.283215804858 1785404737.91
   1.03323688394  0.0909139798953 -0.0654632125453 1.0392926644 0.391317786583 -2.31786064844  9.72048669918 1.99009747418 2.47716118425 0.42173640825 1785404737.93
   1.06638044122   0.135660913132 -0.0562200582477 1.07644406437 0.376904121593  -2.0920729559  9.74916247942 1.26992720798 2.01165656694 0.51119574216 1785404737.95
  1.08438241697  0.171932204196 -0.044875120134 1.09884470489 0.350031474167 -1.84946042873   9.7668543527 0.393642012443  1.42932505156 0.569747639006 1785404737.97
   1.08311943171   0.196440651295 -0.0319924605574 1.10125389913 0.311780907667 -1.59804187974  9.77652221253 -0.558192659391  0.850501225732  0.643430460943 1785404737.99
   1.06126368356   0.207157517127 -0.0182260823072 1.08144673147 0.264183164466  -1.3475623174  9.78199628116 -1.63314796541 0.186221584028 0.724766007527 1785404738.01
     1.0205923872    0.203570369801 -0.00424391763998 1.04070539881 0.210137176726 -1.10777367015  9.78718835491  -2.52865564622 -0.540363423015   0.72922063902 1785404738.03
  0.965678505325   0.186731353456 0.00933903311487 0.983611097716  0.153215721902 -0.886745675248   9.79531572019 -2.94780739584 -1.11566549262 0.658341992292 1785404738.05
 0.903058316701  0.159086898171 0.0220052919402 0.917227996414 0.0973620972286  -0.68956036071   9.80829815774 -2.86283269496 -1.42716935125 0.547344326008 1785404738.07
 0.840077923871  0.124117390486 0.0333525794612 0.849852010266 0.0465062046985 -0.517637476426   9.82644439614 -2.85853641046 -1.75361159422 0.504810176775 1785404738.09
 0.78367229767 0.085847772584 0.043088555792 0.789537037658 0.0041504043112 -0.368782008565   9.84847796468  -2.6478241301 -1.99212959523 0.464084640864 1785404738.11
0.739319546335 0.048310336847 0.051012519531 0.742650360121 -0.0270132053585  -0.237882283926    9.87187871569 -1.95214800955 -1.88504589644 0.370265465383 1785404738.13
  0.71034918011 0.0150450254584 0.0569958098086 0.71279087593 -0.0453959505051  -0.118058503348    9.89345054825 -1.08706150216 -1.55625153194 0.260022069166 1785404738.15
  0.697688160272 -0.0112897025337  0.0609706305716 0.700438180112  -0.0506744958436 -0.00199260744529     9.90998123513 -0.233078365299 -0.998107571708  0.134080551652 1785404738.17
  0.700029402625 -0.0291471844576  0.0629323601887 0.703456611924 -0.0438027538461   0.116832225967    9.91884587977  0.384168448532 -0.620070333877 0.0458093448419 1785404738.19
  0.714327841622 -0.0381471209649   0.062954793779 0.718110558489 -0.0268774826946   0.243200644813    9.91842488992   0.963404552696  -0.259560081062 -0.0454460207077 1785404738.21
  0.736483605694 -0.0389686617147  0.0612127311264 0.740049766234 -0.00287885311577    0.379671799923     9.90825713525   1.30945121351  0.137862332072 -0.135836317624 1785404738.23
  0.762063463419 -0.0331213940985  0.0580029246161 0.764985024879 0.0246809720379  0.526551491298   9.88891845552   1.33365761348  0.431428056213 -0.197194028105 1785404738.25
  0.786934117922 -0.0226483061708  0.0537531405795 0.78909292979 0.0521610881768  0.682265542606   9.86168751717    1.0259528635  0.523648754294 -0.202067802442 1785404738.27
   0.807722394998 -0.00981696804288   0.0490101138405 0.809267465985 0.076202883908 0.844002736439  9.82811471655  0.801000507611  0.588311063162 -0.213242684318 1785404738.29
  0.82206520317 0.0031544316749 0.0444005286273 0.823269430773 0.09410377792 1.00846168285 9.78962864126    0.5720446554  0.659236939218 -0.230783408112 1785404738.31
 0.828656020713 0.0143074061862  0.040564735598 0.829771655523 0.104111302163  1.17253779627  9.74729254426  0.139741228867  0.522417739517 -0.174728398054 1785404738.33
 0.827128040089 0.0220816719744 0.0380701035155 0.8282980911 0.105603075986  1.33382070266  9.70176818768  -0.278835347725   0.285578982069 -0.0836475634913 1785404738.35
 0.817833951405 0.0253912072967 0.0373182328252 0.819078589624 0.0991317584051   1.49083022336   9.65347486147  -0.573136681615  0.0353583016497 0.00887320552629 1785404738.37
  0.80158813848 0.0236572953364 0.0384655079685 0.80285914498 0.0863315162695   1.64298713716   9.60286948633 -0.875800854773 -0.195494837772 0.0925684306556 1785404738.39
 0.779429923225 0.0168187227897 0.0413773754946 0.780708628016 0.0697000318749   1.79037697622   9.55073768339  -1.30593595477 -0.487021755023  0.190458220067 1785404738.41
 0.752449087444 0.0053319044254 0.0456319667538 0.753850339782 0.0522834954289    1.9334063757   9.49838511224  -1.58870034737 -0.733482443325  0.253175583589 1785404738.43
  0.721691631306 -0.0098383012996  0.0505785604609 0.723528709622 0.0372996001805    2.0724633332    9.4476524276  -1.66059221626 -0.841292554142   0.25334539383 1785404738.45
  0.688140445608 -0.0272482684875  0.0554431040295 0.690907865638 0.0277366703729   2.20767510922   9.40073510947  -1.55531944886 -0.794228422719  0.200364976883 1785404738.47
  0.652748212352 -0.0450444597081  0.0594602384692 0.656996767144 0.0259684975452   2.33881811671   9.35985293613 -1.65969190568 -0.78393197062 0.151958037997 1785404738.49
  0.616492378469 -0.0610902184731  0.0620030563143 0.62260681533 0.0334256822787   2.46538541646   9.32686220913  -1.90815955163 -0.741817987074 0.0849810762156 1785404738.51
    0.5804249262 -0.0731609316803  0.0626812011436 0.588365999915 0.0503640732707     2.586772883   9.30292046824   -1.97505464884  -0.505319151064 -0.0172250741597 1785404738.53
  0.545699759289 -0.0792025609577  0.0613856515675 0.554823819936 0.0757663195627   2.70251605576   9.28829253159  -1.73054819098 -0.115669875091 -0.114121247531 1785404738.55
  0.513572596747 -0.0776293426947   0.058272614733 0.522665117072 0.107400968264  2.81250255598  9.28233623796  -1.34940823106  0.259137842369 -0.172034977361 1785404738.57
  0.485377154034 -0.0676183202426  0.0536951708142 0.492997353197 0.142044481839  2.91709975044  9.28364557926  -1.17642078152  0.651268313559 -0.234137360751 1785404738.59
  0.462483902152 -0.0493465645485  0.0481046779672 0.467590101719 0.175847581891  3.01716796805  9.29028103395  -1.03910360005    1.1551130986 -0.311854609454 1785404738.61
  0.446243642547 -0.0241157939194  0.0419504651458 0.448859445211 0.204803518612   3.1139657271  9.29999908982 -0.689847849258   1.54473121511 -0.350919303599 1785404738.63
  0.437910388296 0.00567929942989  0.0356043557893 0.439392117329 0.225258001458  3.20898364664  9.31040977365 -0.196086100036   1.54780337825 -0.320957138845 1785404738.65
 0.438531575125 0.0367593216858  0.029327219063 0.441045661911 0.234392912805  3.30375876973  9.31903346566 0.243170369061  1.33289158717 -0.27533831032 1785404738.67
  0.44879370569 0.0653341095588 0.0232813320854 0.454121521801 0.230619877759  3.39971700754  9.32327863168 0.702605895807  1.17926283797 -0.27251357432 1785404738.69
 0.468821510733 0.0875983420243 0.0175789279261 0.477258941413 0.213833407814  3.49807131512  9.32040172123  1.30225477746 0.925741388901 -0.28967530399 1785404738.71
  0.49794824232  0.100276879436 0.0123473308538 0.508094834807 0.185492669827  3.59977587526  9.30752656839   1.85929908213  0.383108947427 -0.277217332542 1785404738.73
  0.534499127975   0.101131228182 0.00778654216387 0.54403811756 0.148521574919  3.70551294517  9.28178917033   2.03387355531   -0.2863348846 -0.213344302101 1785404738.75
 0.575651225312 0.0893376179414 0.0041966330711 0.582557426278 0.107035733892  3.81567757641   9.2406384939   1.88015156091 -0.803982413274 -0.132088930015 1785404738.77
  0.617441690905   0.065663682217 0.00195946172105 0.620926565964 0.0659208856711   3.93032923068   9.18227387653    1.79448748548   -1.28782244091 -0.0616523603343 1785404738.79
 0.654985440102 0.0324030430469 0.0014709848642 0.655788111924 0.0303014493603   4.04909617271   9.10614639956   1.71004827734  -1.89559050688 0.0280798214982 1785404738.81
   0.682929672832 -0.00692982201357   0.0030348061234 0.682971573724 0.00495117691076    4.17104309082     9.0134086546  1.17192060263 -2.29338252399 0.150152245361 1785404738.83
  0.696120671807 -0.0480962854065 0.00674143355338 0.697812789589 -0.00628940868389     4.29453830779     8.90717820478 0.197167077172 -2.10682363271  0.24636325268 1785404738.85
  0.690398256627 -0.0867351783056  0.0123669148259 0.695935115145 -0.00101460377563     4.41717742239     8.79249586674 -0.742893358265  -1.60797744617  0.285535326878 1785404738.87
 0.663380826126 -0.118961010285 0.0193251811864 0.674239797896 0.0214009782265   4.53582786825   8.67591458049 -1.69075156619 -1.23720580699 0.321701126688 1785404738.89
 0.615075775496 -0.141852330297  0.026698604667 0.631785650916 0.0596747237572    4.6468466596   8.56473976252  -2.9968475932 -0.90483590419 0.364840370455 1785404738.91
 0.548159173206  -0.15374979592 0.0333524245574 0.570289280225 0.110738039251   4.7464881916  8.46603585952  -4.20262696086 -0.356037536914  0.325844032776 1785404738.93
 0.467819145718 -0.154327595946 0.0381159144941 0.494089650679 0.170098253142   4.8314649485  8.38558686254 -4.41259023408 0.245641608531 0.175458867996 1785404738.95
 0.381142008353 -0.144452226273 0.0399935675429 0.40955483351 0.23238745914 4.89956535678 8.32702511749   -3.84703413171   0.637263118308 0.00545920206373 1785404738.97
 0.296120314305  -0.12588559908 0.0383595667682 0.324046109316 0.292012832023   4.9501898026  8.29131201733 -3.55029232576 0.961936305267 -0.15249572295 1785404738.99
 0.220452560345 -0.100914117371 0.0330914729276 0.244699889718 0.343809320172   4.9846565964  8.27667450362   -3.5705547105   1.41756457336 -0.361538371346 1785404739.01
  0.160360535565 -0.0719869002968  0.0246131398738 0.17749203316 0.38360254262 5.00616382007 8.27899668842  -2.93178197472     1.730229657 -0.560015565577 1785404739.03
   0.11965521998 -0.0414272424426  0.0138376266116 0.127377658932 0.408612701873  5.01936618735  8.29256668308  -1.61825705589   1.60789502412 -0.598048989426 1785404739.05
 0.0992319685452  -0.011249752027 0.00202224332991 0.0998880872282 0.41766169208 5.02962044036 8.31101141086 -0.527039421028   1.36222837519 -0.543370336137 1785404739.07
  0.0970817496759   0.0169179601135 -0.00943530831043 0.0989954975615 0.411177695075  5.04204201881  8.32823166732  0.217361294798   1.20709438154 -0.483048112035 1785404739.09
  0.10879113014 0.0418361033213 -0.019221350041 0.118132255696 0.391018736811  5.06057301282  8.33917593349  0.790147185526   1.15296749521 -0.425791016703 1785404739.11
  0.128398999957  0.0626154861879 -0.0263114094745 0.145255955365 0.360155746492  5.08726830337  8.34035121788   1.15316882824   1.04599295885 -0.309468684625 1785404739.13
   0.14940947902  0.0786793702283 -0.0301218415314 0.17152539479 0.322265781386  5.12195942589   8.3300417386  0.998360752102   0.72532930539 -0.114225450918 1785404739.15
  0.165744364098  0.0897476495621 -0.0305842047038 0.190948234895 0.281288300642  5.16236617766  8.30827045173  0.520336473582  0.387603977441 0.0449102320407 1785404739.17
  0.172456332176   0.095847207588 -0.0281326680339 0.199297066513 0.240993823777   5.2046184766  8.27657905054 0.00807647216243   0.170986911604   0.157185035675 1785404739.19
  0.166102714726  0.0973342871186 -0.0236099522083 0.193962638494 0.204607166826  5.24405405208  8.23771318417  -0.713120399865 -0.0242997909468   0.258170780011 1785404739.21
 0.144775528385 0.0949039759185 -0.018111394337 0.174053844741 0.174518202518  5.27609612855  8.19528482728  -1.62125054891 -0.216395728499  0.301041161661 1785404739.23
  0.107869868717   0.089561682728 -0.0127970130108 0.140786956541 0.152102540726  5.29700453469  8.15345346032 -2.39260603121 -0.33216648146 0.252719109575 1785404739.25
  0.0557272925169   0.0825413726303 -0.00870567079357 0.0999719862308 0.137663181708  5.30433575625  8.11663536179  -2.70221538735 -0.327955530349  0.141171904748 1785404739.27
 -0.0106987943249   0.0751715460451 -0.00660262743983 0.076215616667 0.130492516337  5.29703081301  8.08922775997  -3.17479808621 -0.301313407363 0.0396998558792 1785404739.29
  -0.090041693385   0.0687067448407 -0.00688287527246 0.113470248551 0.12904244304 5.27515174568  8.0753284792   -4.36623812557  -0.283240408933 -0.0755212735822 1785404739.31
  -0.180533563448   0.0641542657058 -0.00954019925654 0.191831052599 0.131179315386  5.23937994103  8.07844143128  -5.54918169056 -0.192287624723 -0.213889080494 1785404739.33
 -0.279855199503  0.0621294168188 -0.0141990956727 0.287020228278 0.134490839939  5.19044746396  8.10117696058   -5.65707158602 -0.0383803777709  -0.294954040744 1785404739.35
 -0.384911146594  0.0627676668746 -0.0201962415339 0.390517936783 0.136605523278  5.12868150375  8.14497433591   -4.8314141538  0.081689498315 -0.284975345019 1785404739.37
 -0.491653697905  0.0657105035416 -0.0266917837833 0.496743072686 0.135483804747  5.05380171044  8.20988436006  -4.58374761241  0.161383857693 -0.274645629884 1785404739.39
-0.595078336929 0.0701671999216 -0.032788885207 0.600097303794 0.129645014601  4.96503328369  8.29445051162  -5.09428296658  0.240267521113 -0.282000975001 1785404739.41
 -0.689475850019  0.0750406170083 -0.0376424985628 0.694568210947 0.118305574513  4.86150613208  8.39571883522  -4.95809110243  0.254554188329 -0.221139308388 1785404739.43
 -0.768961852978  0.0790945827342 -0.0405443862021 0.774081476077 0.101419238912  4.74282590087  8.50939352608   -3.87215982416   0.170075374895 -0.0931232414594 1785404739.45
 -0.828228342192   0.081134988934 -0.0409794170833 0.833201287724 0.0796261029459   4.60964755849   8.63013998564  -2.21731906738 0.0254117678677 0.0443426743725 1785404739.46
 -0.863392498856  0.0801768129319 -0.0386559311563 0.867968438036 0.05412994728 4.46407130585  8.7520214386 -0.966154481117 -0.120619274316  0.161835769322 1785404739.49
 -0.872772805648  0.0755738483899 -0.0335179938293 0.876679663702 0.0265309002299   4.30971823997   8.86903870237  0.149021526589 -0.326089059686  0.321767383302 1785404739.51
  -0.85741434061  0.0670954008326 -0.0257478877367 0.86042088423 -0.00135814263433     4.15142138995     8.97572495295  1.45462580779 -0.58211380197 0.500964775457 1785404739.53
  -0.82121883255  0.0549429210917 -0.0157631015275 0.823205667426 -0.0276865282031    3.99456693979    9.06772979799   2.45147719559 -0.773416573631   0.60836319631 1785404739.55
  -0.770605957737   0.0397082229444 -0.00420535600668 0.771639792965 -0.0507146778913    3.84421448958    9.14231400079   2.54783402524 -0.774126683935   0.56529695792 1785404739.56
 -0.713726131591  0.0222826428645 0.00808668470229 0.714119668934 -0.0689280268747    3.70418854941    9.19867396522   2.39248799728 -0.773567411294  0.523292829058 1785404739.59
 -0.659340512686 0.00373256814815  0.0201309874079 0.659658320942 -0.0811157091189    3.57634859659    9.23802890511   2.43616772116 -0.921230347732  0.565834399993 1785404739.61
  -0.61555812774 -0.0148393268333  0.0308875916657 0.616511198249 -0.0864194721623    3.46020768534    9.26343508542   1.9938428955 -1.01993618407 0.542735599627 1785404739.63
 -0.588654540226 -0.0324263394472  0.0393721190611 0.590860219492 -0.0843607897124    3.35299017153     9.2793368064  0.942197574271 -0.942457019724   0.39226316782 1785404739.65
 -0.582182849649 -0.0482237952096  0.0447826521801 0.5858906816 -0.0748536677316    3.25011958006    9.29091375499 -0.186788986114 -0.694154087713  0.171843346684 1785404739.66
 -0.596529837469 -0.0616928925065  0.0466172862547 0.601520599277 -0.0582081120555    3.14603456212    9.30332674375     -1.01369760364    -0.527406854384 -0.000536109168452 1785404739.69
 -0.628982364007 -0.0725726587817  0.0447579015556 0.634735279298 -0.0351253777578     3.0351669711    9.32098723205   -1.9339539664  -0.47629005943 -0.177026092113 1785404739.71
 -0.674272471875 -0.0808391827516  0.0395010492612 0.680248978455 -0.00668166596035     2.91289371424     9.34697349827  -2.69344288447 -0.392118389431 -0.369267573099 1785404739.73
 -0.725485268028 -0.0866218014305  0.0315274768934 0.731318119842 0.0257069781463   2.77629323972   9.38268769428   -2.8509550788 -0.261596098042  -0.49981631245 1785404739.75
  -0.77515797152 -0.0900961693848  0.0218142681584 0.780681153125 0.0603476253327   2.62458831908    9.4277995266  -2.23336504332 -0.116944540417 -0.491988948078 1785404739.76
-0.816379938425 -0.091381272117 0.0115042507717 0.821558937961 0.0953686510301    2.4592238988   9.48046494511    -1.48500171052 -0.00806662728867   -0.434483231599 1785404739.79
   -0.8437215571 -0.0904686113063 0.00175386821319 0.848559786697 0.12885469498 2.28359640919 9.53775517867 -0.904884468118  0.100800824401 -0.432608117208 1785404739.81
 -0.853866709869 -0.0872053827093 -0.0064174643042 0.858332290458 0.159010500248  2.10250627428  9.59619529431 -0.0601125186067   0.253467632259  -0.388994906937 1785404739.83
 -0.845886468489 -0.0813401472772  -0.012255518247 0.849876658615 0.184334669909   1.9214407302  9.65230091561  0.912500253691  0.406819802677 -0.249478773879 1785404739.85
 -0.821157012827 -0.0726224251239  -0.015360338653 0.82450518273 0.203775094551   1.7458070877  9.70301877705    1.57349080191   0.510482440561 -0.0867907526713 1785404739.86
 -0.782980284736 -0.0609317011844  -0.015725303408 0.785504986402 0.216834473664  1.58022938184  9.74601505853    1.9057138336  0.586815122058 0.0366777110215 1785404739.89
 -0.736003131792 -0.0464014971902  -0.013721451751 0.737592019471 0.22360014705 1.42799884179 9.77980164981   2.3717258476 0.765013037615 0.138656684283 1785404739.91
 -0.685545833377 -0.0295036903635 -0.0100290556844 0.68625369898 0.224687363291  1.29073672918  9.80372914628  2.65330272308 0.946430869507 0.219536051237 1785404739.93
  -0.636944819994  -0.0110674799478 -0.00552530043163 0.63706492744 0.221105015127  1.16829253987  9.81789509724  2.45851314371  1.01214135437 0.241239134623 1785404739.95
 -0.594991887229 0.00777631927676 -0.0011435406074 0.595043800652 0.214071073013   1.0588662926  9.82301419464  1.92375420678 0.963751793793 0.204371463015 1785404739.96
 -0.563520434878  0.0257162643658 0.00227499388579 0.564111498176  0.20481552136 0.959314831701   9.8202802899  1.11621127962 0.753566780721 0.117738750089 1785404739.98
 -0.545155894111  0.0414211583708 0.00411319496431 0.546742699647  0.19440909529 0.865582135755  9.81123028933  0.523686273698  0.657271685356 0.0421682757163 1785404740.01
 -0.541219059617  0.0537064241996 0.00407074563276 0.543892472335 0.183647855262 0.773184756309  9.79760820631  -0.176115823823   0.540704981783 -0.0510827962653 1785404740.03
  -0.55175190683  0.0616720186276 0.00220000643536 0.555192259133 0.173010028328  0.67768628136  9.78122863931 -0.923209813219  0.297318207108 -0.139329649789 1785404740.05
  -0.57562759339  0.0647876361022 -0.0011221464832 0.579263172726 0.162686140482 0.575107788368  9.76384888695  -1.53520854466 0.0324205095309 -0.194795107949 1785404740.06
  -0.610709305135   0.0629170800235 -0.00528080964471 0.613964413698 0.152669091864 0.462241372651  9.74706816299  -1.76709437885 -0.191489978939 -0.189936079925 1785404740.08
  -0.654033879175   0.0562911923393 -0.00954964347582 0.65652129374 0.142879732613 0.336856174516   9.7322715634  -2.14982985452  -0.41124223962 -0.187196268785 1785404740.11
 -0.702011507356   0.045451827113 -0.0132309418618 0.703605772341 0.133297569934 0.197805341634  9.72062235231  -2.57031441013 -0.667704432135 -0.165771389353 1785404740.13
 -0.750647164393  0.0311934383489 -0.0157806782696 0.751460728058   0.12406658043 0.0450533091495   9.71308396424  -2.52257605935 -0.831911645461 -0.098550904775 1785404740.15
 -0.795797744148  0.0145223880258 -0.0168949417864 0.796109532918  0.115552306126 -0.120356556403   9.71043397046   -2.16544896971  -0.903351585229 -0.0199580849421 1785404740.16
  -0.833477586533 -0.00336059372118  -0.0165440934431 0.833648539777  0.108336554758 -0.296382054828   9.71322755648  -1.46178152083 -0.807628547347 0.0440697480358 1785404740.18
 -0.860212887435 -0.0210667255722 -0.0149529558645 0.860600725961  0.103147745372 -0.480110133857   9.72168379268 -0.936470735153  -0.78953494848 0.0939524072462 1785404740.21
 -0.873424300358 -0.0370395176397 -0.0125363975435 0.874299202554 0.100736569714 -0.66794229921  9.73550131266 -0.304629552287 -0.751139098046  0.135368355739 1785404740.23
  -0.871792111281  -0.0496181503765 -0.00980749154258 0.873258056378  0.101717165033 -0.855848505747   9.75364970918  0.480317174709 -0.540429543223   0.14118478836 1785404740.25
 -0.855537618689 -0.0571647426222 -0.0072787730012 0.857476183534 0.106402138889 -1.03969246162  9.77421358821  1.19172469906 -0.22756292348 0.116724933466 1785404740.26
  -0.826546507659  -0.0582579157878 -0.00537585554767 0.828614514656 0.114663671807 -1.21561566931  9.79437439834    1.5405190381  0.119851336556 0.0664409093044 1785404740.28
  -0.788271693836  -0.0519314992808 -0.00437766687923 0.789992599894 0.125850952759 -1.38044900734   9.8105947955   1.91942993166  0.481088796936 0.0233049039026 1785404740.31
  -0.745385767329  -0.0379156661022 -0.00439043627143 0.746362389059 0.138786207933 -1.53210432044  9.81902461015     2.2249656818   0.918187430637 -0.0255658321576 1785404740.33
  -0.703201305163  -0.0168250874211 -0.00535516298004 0.703422943129 0.151849032273 -1.66988858658  9.81608757606    2.08042763644    1.26423464664 -0.0713762802397 1785404740.35
  -0.666929470177  0.00976067090091 -0.00708215145245 0.667038488962 0.163144019268 -1.79468242141  9.79914972299   1.63833726695   1.47737065039 -0.103778490591 1785404740.36
  -0.640889628619   0.0393644676595 -0.00930222068806 0.642164783133 0.170732391487 -1.90893381642  9.76713051565  0.922712316765   1.39329187826 -0.109439013247 1785404740.38
 -0.627803715762  0.0688404023273 -0.0117226920392 0.631675492659  0.17289690697 -2.01643660704  9.72090983011 0.298817636008  1.31482693843 -0.11336272525 1785404740.41
 -0.628303222078  0.0947458922611 -0.0140771374756 0.63556265527 0.168402756963 -2.12189021302  9.66341342195   -0.3275583321    1.1381437115 -0.112328328348 1785404740.43
 -0.640745314999    0.11380765959 -0.0161607052599 0.650974585117 0.156716469418 -2.23027118028  9.59932207642  -0.868110281245   0.752161359012 -0.0989244309644 1785404740.45
 -0.661384436645   0.123408623073 -0.0178468662731 0.673036085155 0.138149527997 -2.34608485679  9.53443086454   -1.11296038681   0.206857809551 -0.0737489363115 1785404740.46
 -0.684886094347   0.122011783507 -0.0190856391241 0.695931102312 0.113901848896 -2.47260103526   9.4747648153   -1.02480351132  -0.327332113609 -0.0478104857634 1785404740.49
 -0.705110370957   0.109442138435 -0.0198868262624 0.713830303893 0.0859905463975  -2.61120141268   9.42561575874 -0.758839904544 -0.853482461962 -0.029430240167 1785404740.51
 -0.716043315026  0.0869686324374 -0.0202940158608 0.721590894553 0.0570606257031  -2.76096913793   9.39068737591 -0.194547324868  -1.33599184689  -0.01199171226 1785404740.53
 -0.712723419874  0.0571619475347 -0.0203560873643 0.715301706818 0.0300870065542  -2.91862437086    9.3715158942   0.637122019329   -1.68102847825 0.00506310492458 1785404740.55
 -0.692005018699  0.0235442655686 -0.0201029874348 0.69269719824 0.00799317848866   -3.07885438734    9.36727691851   1.50810321063   -1.6944698209 0.0208238040608 1785404740.56
  -0.653024623514 -0.00991423668394  -0.0195317697517 0.653391874019 -0.0067688126661   -3.23501103001    9.37500815626   2.25026002186  -1.49467576243 0.0355380679103 1785404740.59
 -0.597288492358  -0.039368684423 -0.0186071414825 0.598873661243 -0.0126127892844   -3.38006884248    9.39019239005   3.0382659872 -1.26090533418  0.05493891676 1785404740.61
 -0.528371301801 -0.0616463888175 -0.0172777477226 0.532235878523 -0.00911092035357    -3.50767447885      9.4075746173   3.69476456125 -0.893546545587 0.0785001258362 1785404740.63
 -0.451291564304 -0.0746767665934 -0.0155052449925 0.457691061856 0.00288771810762   -3.61309018795    9.42204700631   4.17944164142 -0.429194864138  0.106140944068 1785404740.65
 -0.371691465201  -0.077736141218 -0.0132987124351 0.379966194163 0.0213583550886  -3.69385133116   9.42943262319   4.03077737057 0.0826035147618  0.122787387922 1785404740.66
 -0.294981966788 -0.0714734832168 -0.0107436703825 0.303707500709 0.0434223328338  -3.75001792192    9.4270322538  3.45461135932 0.473300675688 0.124962643591 1785404740.68
  -0.225610872073  -0.0577222999372 -0.00801458197993 0.233015799962 0.0658377438377   -3.7839887843   9.41385839146  3.04989032422 0.767959260532  0.12779753671 1785404740.71
    -0.1665744569   -0.039140603717 -0.00536309543907 0.171195208296 0.0855629066099  -3.79994140022   9.39055109293  2.68127324111 0.982342109737 0.124355353236 1785404740.73
  -0.119233281188  -0.0187485819824 -0.00308087261822 0.120737634751 0.100275009264 -3.80303631486  9.35903461551  2.22324354905  1.06131854843 0.104799545698 1785404740.75
 -0.0834256621143 0.000552464648507 -0.00144361665655 0.0834399804977 0.108734161072 -3.79856314784  9.32201723089   1.60607836852  0.919065879236 0.0635873780269 1785404740.76
   -0.057813851849    0.0163982096898 -0.000649172803246 0.060097954807 0.110918570812 -3.79119814443  9.28245192223   1.01844924246  0.631395902296 0.0160445659679 1785404740.78
  -0.0403600853836    0.0272513196765 -0.000765165087249 0.048704788203 0.107910057757 -3.78449633789    9.243063542   0.679797343385   0.378104456733 -0.0246312925409 1785404740.81
 -0.0288180746411   0.0325257110627 -0.00169978513324 0.0434889937301 0.101566827559 -3.78067111934  9.20601586177   0.487367004355    0.13409185149 -0.0618373627952 1785404740.83
 -0.0211395333465   0.0325395714176 -0.00320387808756 0.0389354390363 0.0940679626062  -3.78064175518    9.1727505913   0.351006310771  -0.112723919856 -0.0859596744789 1785404740.85
 -0.0157290155165   0.0283222252378 -0.00490522967101 0.0327660136371 0.0874395767132  -3.78427472451   9.14399047237   0.251267950115  -0.293111826286 -0.0827140853756 1785404740.86
 -0.0115245281572   0.0213233708258 -0.00636901060745 0.0250612287955 0.0831699563069  -3.79071954007   9.11986779445   0.187210254674  -0.365523761472 -0.0544112105497 1785404740.88
-0.00792558285531   0.0130862005677 -0.00717323693524 0.0168973026553 0.0819918228172  -3.79874535435   9.10012237201   0.162463871658  -0.385598109238 -0.0145180401399 1785404740.91
-0.00462484598571  0.00494739521642 -0.00698557761214 0.00972955365853 0.083863044067 -3.80701318419  9.08431016276  0.162047094579 -0.380150395422 0.0384769111391 1785404740.93
-0.00141708571254 -0.00218224820552 -0.00562784133983 0.00620023687398 0.0881261543165  -3.81425688002   9.07197360105  0.175197985718 -0.343224970274  0.103197344362 1785404740.95
 0.00194364157506 -0.00792072617525 -0.00311652358182 0.00873088569113 0.0937856573409  -3.81938077028     9.062743452  0.189514580733 -0.268423347368  0.156644347382 1785404740.96
 0.00578932326392  -0.0123892117673 0.000328656712847 0.0136790660246 0.0998203437035  -3.82150379182   9.05636420159  0.204006983328 -0.194994522243  0.177702576131 1785404740.98
 0.0104713811871 -0.0160717339709 0.00431165987012 0.0196606426048 0.105449520414 -3.81998521509  9.05265524701  0.244314495298 -0.169057877017  0.187434482348 1785404741.01
 0.0162063619624 -0.0195974719445 0.00832045537244 0.0267570000612 0.110293919865 -3.81445791515  9.05143431824  0.309900715465 -0.185345531186   0.18718451327 1785404741.03
 0.0228903765574 -0.0234992911814   0.011812912651 0.034867333283 0.114405481562 -3.80487783856  9.05243561118  0.368313731995 -0.225286882749  0.160580322597 1785404741.05
 0.0299553056089 -0.0280073040689  0.0143148281431 0.0434355122002 0.118174565844 -3.79158067104  9.05525312487  0.356083054261 -0.249726530434  0.097981558591 1785404741.06
 0.0363353154882 -0.0329284339359  0.0155124879491 0.051431256989 0.122149814807  -3.7753251326  9.05933136963  0.254154891868 -0.230357896705 0.0240446329727 1785404741.08
 0.0405869236897 -0.0376434639778  0.0153206453153 0.0574373652575 0.126820576051 -3.75729983687  9.06401346766   0.113212930827  -0.194469422427 -0.0375802432223 1785404741.11
 0.0411659505985 -0.0412261682405  0.0139089922968 0.0598973497175 0.132414594694  -3.7390763892  9.06864315472 -0.0940766375943  -0.125343695022 -0.0910324591823 1785404741.13
 0.0368209459243 -0.0426610919518  0.0116765289228 0.0575507789084  0.13875701408 -3.72250157492  9.07270421086  -0.374931213744 0.00298201661145  -0.125585404449 1785404741.15
 0.0270270445779 -0.0411137144061  0.0091730829727 0.050049416601 0.145223531878 -3.70953126204  9.07596994148 -0.647834446232  0.171325438379 -0.124443943142 1785404741.16
  0.012365964151 -0.0361937599085 0.00697891770586 0.0388794369563 0.150803300419 -3.70201441437  9.07862825406  -0.774220788344   0.311027065624 -0.0865906752513 1785404741.18
-0.00523923083359  -0.0281514107442  0.00556434678557 0.0291704203221 0.154267796891 -3.70143708327  9.08134682534  -0.813706664374   0.425566201318 -0.0424742241914 1785404741.21
-0.0225040967351 -0.0179568202339 0.00515875468092 0.0292488377997 0.154422207278 -3.70863711425  9.08524988014 -0.742972795213  0.521991456111 0.0023892186729 1785404741.23
 -0.0350123186865 -0.00723368995903  0.00566008974939 0.0361970350471 0.150397976238 -3.72350638987  9.09179389983 -0.403585382031  0.529223962483 0.0385874324918 1785404741.25
-0.0376890267553  0.0019552707217 0.00661060969881 0.0383143051868 0.141931949114 -3.74471252532  9.10255223014  0.250293538829  0.385031537147 0.0417818309443 1785404741.26
-0.0254712404872 0.00744354071303   0.007252794532 0.027509878568 0.129572472093 -3.76949363457   9.1189430868    1.06563566805    0.13215615159 0.00127596318059 1785404741.28
0.00590892910052  0.0073621262126 0.00666281270598 0.0115546275855 0.114758980027 -3.79359845631  9.14195484102    2.00338946238  -0.163598679738 -0.0784142755099 1785404741.31
  0.0591436189177 0.000533811204718  0.00394090085272 0.059277173622 0.0997400620266  -3.81144643777   9.17192998678   3.14121959913 -0.501935784903 -0.200974627819 1785404741.33
    0.13470532549  -0.0132182624785 -0.00157755604628 0.135361500662 0.0873237317782  -3.81655786101   9.20846102229   4.48929539053 -0.876459358895 -0.368839245381 1785404741.35
  0.230473711289 -0.0329155054154 -0.0101355313006 0.233032811181 0.0804874436333  -3.80225120229   9.25042821433   5.47804120703  -1.14426129335 -0.525473181739 1785404741.36
  0.341740422625 -0.0564640576567 -0.0214370983739 0.34703638923 0.0819069120385  -3.76253344812   9.29617593102   5.74255647013  -1.19188461896 -0.608534616908 1785404741.38
  0.461643460702 -0.0808954721997  -0.034632424911 0.469955494793 0.0934843291582  -3.69303833388    9.3437894001   5.65307309011  -1.08961488002 -0.634802243785 1785404741.4
  0.582002875767  -0.102774009762 -0.0484169625859 0.592987391729 0.11596243994 -3.5918208146 9.39140728111   5.64418663802 -0.916668866863 -0.644880024481 1785404741.43
  0.694440537793  -0.118703901749 -0.0612307984945 0.707168641488 0.148699257425 -3.45981375231  9.43749582646   5.45676832921 -0.600826764469 -0.601500421517 1785404741.45
   0.79159056047  -0.125851018511 -0.0715198456639 0.804716833805 0.189651362586 -3.30080448364  9.48102157191    4.57024647479 -0.0970211638489  -0.441273915209 1785404741.46
  0.868167052836  -0.122391919184 -0.0780047252164 0.880215059328  0.23557727998 -3.12088846986  9.52148875566   3.15460359415  0.437324100945 -0.203245661222 1785404741.48
  0.921669041097   -0.10781818082 -0.0799005775108 0.931387504597 0.282433473514 -2.92748188488  9.55884622827   1.98316683944  0.924366988404 0.0226045828134 1785404741.51
  0.952571778589 -0.0830503264347 -0.0770426611202 0.95928406727  0.32590152204 -2.72809059405  9.59330462802  1.05884969468  1.43872551277 0.250471901039 1785404741.53
   0.96396568247 -0.0503470804808 -0.0698952668181 0.967806806039 0.361962722496 -2.52910427636  9.62512720617 0.213567492563  1.83284611365  0.46051219225 1785404741.55
  0.960731155992 -0.0130261716199 -0.0594487252169 0.96265683718 0.387430179447 -2.33488712921  9.65446046306 -0.408035947878   1.97992538822  0.601054748135 1785404741.56
  0.948445583081  0.0249615754512 -0.0470334834939 0.949939078512 0.400358979192   -2.147366139  9.68125354848 -0.720137935991   1.83672888555  0.641686378942 1785404741.58
  0.932277810957  0.0595447597294 -0.0340950769346 0.93479942741 0.400278633223 -1.96619184219   9.7052842959  -0.7650961992  1.46972793482 0.593042249662 1785404741.6
   0.91611887211  0.0870602634398 -0.0219763659463 0.920508684352 0.388222086758 -1.78939955592  9.72627506703 -0.723208688433   1.08377479892    0.5361167183 1785404741.63
  0.902127677624   0.104726676393 -0.0117446948144 0.908262055433 0.366555572637 -1.61437277917  9.74405406169 -0.66719754646 0.629732915926  0.47065090163 1785404741.65
   0.890757181393    0.110997838649 -0.00408585860556 0.897655596891 0.338639088984 -1.43884048423  9.75870497222 -0.57007816063 0.027820696141 0.339863391147 1785404741.66
   0.881201997575    0.105747881951 0.000730563974101 0.887524708834 0.308366883773 -1.26164484812  9.77065211476  -0.47152205073 -0.524226749872  0.174692518212 1785404741.68
  0.872106317197  0.0902622613732 0.00282403336734 0.876769456292 0.279651193229 -1.08309145165  9.78064666503 -0.429813158835 -0.881022486212 0.0432656772098 1785404741.7
  0.862316695781  0.0670371649865 0.00263158853471 0.864922534433  0.255920122791 -0.904815551441    9.7896464324 -0.489002561541  -1.20472563248 -0.047691583884 1785404741.73
   0.851468617013   0.0394184246284 0.000811273748287 0.852380945425  0.239699846996 -0.729229788858    9.7986098938  -0.58195623365  -1.47448457992 -0.118566811157 1785404741.75
   0.840253217691   0.0111356102959 -0.00186358840281 0.840329069245    0.2323396662 -0.558725138349   9.80824879276 -0.582541551257  -1.47566240338 -0.149170508588 1785404741.76
   0.830302808058  -0.0141976452369 -0.00460862201648 0.830436972681  0.233915464423 -0.394852933803   9.81879757746 -0.433940972619  -1.17379352993 -0.127719326445 1785404741.78
   0.823735790671  -0.0335433902835 -0.00672506677591 0.824445897793   0.24331632548 -0.237711922621   9.82985902398  -0.176920676954   -0.69276490689 -0.0696479291646 1785404741.8
  0.822488449859 -0.0447961779985 -0.0076848812512 0.823743288358   0.258487481842 -0.0857063466606    9.84037258765  0.0894551961374  -0.310296729133 -0.0109429349136 1785404741.83
   0.827613842374  -0.0469953395354 -0.00719946367187 0.8289783268  0.276778052167 0.0642535436681   9.84872751292  0.433621020902  0.117918812917 0.0645864526165 1785404741.85
    0.83873668741   -0.040377635558 -0.00526475866937 0.839724539325  0.29532946386 0.216144745105  9.85301185923 0.727410455725 0.575038956315 0.139516225414 1785404741.86
   0.853817624452  -0.0262804936333 -0.00217361789472 0.854224750745 0.311441684541 0.373950964124  9.85135843098 0.801298276037  0.87679175385 0.177644604216 1785404741.88
   0.869309331123 -0.00692462223879  0.00151307344962 0.869338227022 0.322867864755 0.540705225865  9.84232558242 0.606178177923 0.928394167404 0.162698456254 1785404741.9
  0.880696513032  0.0148859559235 0.00504068614501 0.880836731902 0.328009876876 0.717672601099  9.82523925336 0.320073382891 0.982974040645 0.138515776592 1785404741.93
  0.883321409013  0.0361077245871 0.00757697614967 0.88409156198 0.326011780114 0.903862380942  9.80042438405 -0.195939538176   1.03482776289 0.0881586102431 1785404741.95
 0.873326235389 0.0538110651486 0.0083567776299 0.875022388219 0.316768631557  1.09599015955  9.76926942812  -0.972115050834   0.821184408786 -0.0207818192602 1785404741.96
  0.848510206895  0.0655141373427 0.00683278428675 0.851063076592 0.300878474043  1.28891478738  9.73409566938  -1.67535168484  0.407285335371 -0.144418200847 1785404741.98
  0.808910156939   0.069470896068 0.00280400071763 0.811892671367 0.279563415747  1.47647300547   9.6978395544    -2.0613413711 -0.0141308981722  -0.232830754573 1785404742
   0.75696900535  0.0648866045062 -0.0035068942008 0.759753015665 0.25457376479 1.65254744546 9.66359450218   -2.5584533995  -0.39951946527 -0.326570370671 1785404742.03
  0.697243651225  0.0520334306603 -0.0114495214179 0.699276253437 0.228073289146  1.81215086254  9.63408999049  -3.21957156867 -0.866708884986 -0.438534917752 1785404742.05
  0.635703427832  0.0322419028009 -0.0200243683208 0.636835429118 0.202491551557   1.9523037918  9.61120194321  -3.40389776808   -1.2720497582 -0.476502229178 1785404742.06
  0.578758613817 0.00775511401987 -0.0280359139291 0.579489160667 0.180327531849  2.07252724614  9.59558483103  -2.71045998049  -1.33021761869 -0.373747481845 1785404742.08
  0.532214528812 -0.0185475417238 -0.0342945348926 0.53364073224 0.163900167372  2.17485777316  9.58649353342  -1.73239166562  -1.13311538401 -0.216369348987 1785404742.1
  0.500357257791 -0.0435253119963  -0.037827955013 0.503669328418 0.155063099339   2.2633992897  9.58182857691   -1.06640730453   -1.03850423272 -0.0856234364861 1785404742.13
  0.485340502258 -0.0641950863101 -0.0380581205493 0.491044634202 0.154924555936  2.34352798591  9.57840079064 -0.364187584946 -0.941317850952 0.0795074619514 1785404742.15
  0.486970122888 -0.0781271204546 -0.0349053481946 0.494431118426 0.163628471153  2.42093705026  9.57237759132  0.509911554102 -0.568141290975  0.269019249388 1785404742.16
  0.502893488383 -0.0837525490059 -0.0287975122852 0.510632594765 0.180251649338  2.50072920718  9.55984607279    1.07991369403 -0.0616967270186    0.36694651788 1785404742.18
  0.529117948081 -0.0805350747937 -0.0205838354882 0.535607501382 0.202852373254  2.58673350158  9.53740888944  1.27478840285 0.325486062975 0.384050234153 1785404742.2
  0.560726209159 -0.0689863771812 -0.0113744874866 0.565068474471 0.228673983548  2.68115038453  9.50271970309  1.44149586964 0.680840769829 0.413963707142 1785404742.23
   0.592636774238  -0.0505341518563 -0.00234272269474 0.594792009893 0.254473319899  2.78453933447  9.45486962819  1.60938268697  1.12728305274 0.455199158065 1785404742.25
  0.620274424538 -0.0272761645881 0.00546818003067 0.62089793999 0.276919572255  2.89608251759  9.39455777843  1.38380755278  1.42592261445 0.397987199943 1785404742.26
   0.640058935914 -0.00166873511229   0.0112960331444 0.640160781746 0.29300065019 3.01400721201 9.32401626568 0.758110833501  1.31700072216 0.239215012286 1785404742.28
 0.649674304434 0.0237977171487 0.0147450460503 0.650277209785 0.30038131069 3.13603839816  9.2467052943 0.181069111036  1.08933508874 0.101004579912 1785404742.3
 0.648130173527 0.0468888697244 0.0157983580293 0.650016058307 0.297673908978  3.25977805751  9.16683590788   -0.314869405316    0.944823435225 0.000481161154449 1785404742.32
 0.635660853837 0.0658476474002 0.0147664604143 0.63923288567 0.284600754085  3.38295637153  9.08880590557  -0.911424701756    0.85953754584 -0.0950037372576 1785404742.35
 0.613521144378 0.0795276164273 0.0121908333421 0.618774153299 0.262040701992  3.50355403097  9.01664293707  -1.52753060723  0.635078111382 -0.177683312246 1785404742.36
  0.583734404544   0.087436315537 0.00872634346998 0.590311031062 0.231959927156   3.6198367103  8.95353853386  -1.72451898393  0.271185009171 -0.191048646719 1785404742.38
  0.548833344862  0.0896999379085 0.00502447758039 0.556137900765 0.197229743743  3.73036087667  8.90153285336   -1.63817815852 -0.0106013132157    -0.1610912703 1785404742.4
  0.511615264641  0.0869696034233 0.00163446289554 0.518957187446 0.161337102672  3.83400206173   8.8613785851  -1.61790554886 -0.205914260376 -0.133330923433 1785404742.42
   0.474917315627   0.0802924885672 -0.00106691164893 0.481658051633 0.128000402421  3.93002904005  8.83257989836   -1.8241417716 -0.415730399614 -0.118120717955 1785404742.45
   0.441407858075   0.0709690087097 -0.00291175681086 0.447086094277 0.10071712492 4.01821238467  8.8135741745   -1.79967057812  -0.581487087111 -0.0841368296344 1785404742.46
   0.413388403743   0.0604120347888 -0.00394346452462 0.417797962188 0.0822894243551   4.09892730422   8.80200573096   -1.29080854485    -0.5541481425 -0.0390504600447 1785404742.48
  0.392605659711  0.0500180724292 -0.0043881556966 0.395803319234 0.0743934583949   4.17319905049   8.79503532719  -0.730480268383  -0.424532100443 -0.0144211682688 1785404742.5
   0.380081509925   0.0410551182456 -0.00460101044481 0.382320083462 0.0772690893317   4.24264844811   8.78963714212  -0.363753605897  -0.337956734539 -0.0132834517481 1785404742.53
    0.37597654284   0.0345682680975 -0.00499541310378 0.377595392023 0.089600385999  4.30932124018  8.78285234254 -0.0150842714737  -0.256105530417   -0.03580392075 1785404742.55
   0.379507079636   0.0313022591667 -0.00596447414267 0.380842526347 0.108630998495  4.37541783154   8.7719889729    0.37860542544 -0.0855470449115 -0.0820962578836 1785404742.56
   0.388935572347   0.0316401360509 -0.00780543049089 0.390298478592 0.130516202474  4.44296785323  8.75477558627   0.60376550633  0.116073875519 -0.127956570967 1785404742.58
  0.401650309249  0.0355592934802 -0.0106573088638 0.403362135686 0.150865620822  4.51350824255  8.72948710274  0.57442918764 0.248004852844 -0.15046495044 1785404742.6
  0.414343661925  0.0426098598262 -0.0144607798732 0.416779779363 0.165390101964  4.58782171052  8.69506440284  0.479260968971  0.362454368831 -0.183587485328 1785404742.62
  0.423289190456  0.0519242961356 -0.0189463790013 0.426882696491 0.170543764898  4.66577755648  8.65124325434   0.27130481421  0.514682555514 -0.240673060965 1785404742.65
  0.424706573548  0.0622689648538 -0.0236536637822 0.429898352416 0.164053302234  4.74629480169   8.5986922255 -0.235657689185  0.588321453479 -0.262818072078 1785404742.66
 0.415189086664 0.0721462751112 -0.027980048429 0.422338662459 0.145250031882  4.82742507553   8.5391341331 -0.873659077277   0.47447070435 -0.203978465475 1785404742.68
  0.392151488246  0.0799491271225 -0.0312544963222 0.401436789796 0.11515885339  4.9065351179 8.47539788425  -1.38663369221  0.273285748269 -0.110294484604 1785404742.7
  0.354238819969  0.0841587044458 -0.0328281047609 0.365575592141 0.0763421023871   4.98055956967   8.41133053465   -2.03578146466  0.0813005925985 -0.0206064391435 1785404742.72
  0.301623537935  0.0835644346271 -0.0321708317596 0.314634288957 0.0325354941323   5.04629396084   8.35150803897  -3.04905371988 -0.172548759138 0.0998122330491 1785404742.74
 0.236116542962 0.0774740559625  -0.02896131548 0.250183950328 -0.0118591320807    5.10070174432    8.30072533449  -3.94753847486 -0.496684335441  0.253136557166 1785404742.76
  0.161033966388  0.0658752750766 -0.0231555022469 0.175521131154 -0.0523468204573    5.14121221879    8.26331523076  -4.16173425459 -0.749262682744  0.373542886689 1785404742.78
 0.0807990580883  0.0495112913374 -0.0150205547049 0.0959451552789 -0.0849019740407    5.16598438761    8.24241907227  -3.64329844064 -0.816813390141  0.408745374973 1785404742.8
0.00031308781701  0.0298422770033 -0.0051240626468 0.0302806132489 -0.10645501011   5.1741060214  8.23938094264  -3.39715951626 -0.881290878679  0.450006562872 1785404742.82
-0.0758112798617 0.00888344867017 0.00572491796244 0.0765443694874 -0.115253272587   5.16569264456   8.25343715236  -3.6486585968 -1.03417014309   0.5486360336 1785404742.85
 -0.144013348177 -0.0110653845398  0.0165777988145 0.145386074305 -0.111061563126   5.14185448415   8.28181615515 -3.71664867904 -1.07596036518 0.609352309197 1785404742.86
 -0.202385274966 -0.0277594018535   0.026476988675 0.205988870679 -0.0951813640756    5.10451498552    8.32026389824   -2.9563203392 -0.782053657183  0.497943442972 1785404742.88
 -0.250971665656 -0.0393597280996  0.0345931647928 0.256383798646 -0.0702816860235    5.05609179802    8.36389550414  -2.04276273574 -0.388225682145   0.31720242583 1785404742.9
 -0.291687083434 -0.0447311504088  0.0403438709033 0.297842002375 -0.0400516580172    4.99908396598    8.40818175391   -1.66817042069 -0.0926366046597   0.192607399903 1785404742.92
 -0.327853475646 -0.0436291179349  0.0434699589971 0.333588127427 -0.00870720810157     4.93563718765     8.44983757091  -1.79798316221  0.200261456453 0.0929642289248 1785404742.95
 -0.363446017786 -0.0367385568135  0.0440541470287 0.367944965003 0.0195906244679   4.86717209452   8.48740310851   -2.16755074884   0.526907904021 -0.0289128529969 1785404742.96
-0.402203242911 -0.025555501871 0.0424782111026 0.405246752858 0.0413260401478   4.79415269813   8.52138925614  -2.25766438801  0.666542353467 -0.127997093975 1785404742.98
 -0.446787842839 -0.0121331032712  0.0393291261309 0.448679583741 0.0541362019992    4.7160447705   8.55397353052  -2.19702692582  0.613908758739 -0.164884255982 1785404743
 -0.498170846375 0.00126044272639  0.0352759566789 0.499419837424 0.0571498090815   4.63147482266   8.58834511696  -2.39386454165  0.543317790204 -0.184860207426 1785404743.02
-0.555358910656 0.0125084717303 0.0309449967168 0.556361010794 0.051092797821  4.53856049296  8.62787707839  -2.94310126588   0.46929459725 -0.212125494865 1785404743.05
-0.615507451847  0.019970446234 0.0268188621881 0.616415033375 0.0381352613724   4.43535234008   8.67532944083  -3.44326548425  0.295083307192 -0.224728815209 1785404743.06
-0.674381852953 0.0227085807853 0.0231768228924 0.675162001562 0.0214995343848   4.32031069256   8.73225629444  -3.09104953129 0.0169439715368 -0.186674313595 1785404743.08
-0.727064585462 0.0205819605037 0.0200817163956 0.727633014551 0.00489398572 4.19273967093  8.7987171085  -2.23456943951 -0.201406096811 -0.136587810294 1785404743.1
-0.768770917987 0.0142011104718 0.0174073017127 0.769099089867 -0.00812898716472     4.05311055975     8.87330231431  -1.49084301979 -0.343935505412 -0.112832602599 1785404743.12
 -0.795633773053 0.00476313995938  0.0148921425831 0.795787386326 -0.0147762103024    3.90322406033      8.953404443 -0.894207529583 -0.498608835922 -0.127232921464 1785404743.15
  -0.805343785588 -0.00619186804554   0.0122035065788 0.805460041087 -0.0134693630662    3.74618178968     9.0356219822 -0.0555765474807  -0.625664520814   -0.16907160078 1785404743.16
  -0.79757165597  -0.017052979275 0.00899683275004 0.797804671275 -0.00407151323292      3.5861586917     9.11618382742  0.859900201328 -0.556683126806 -0.199591178701 1785404743.18
 -0.774142167503 -0.0263912054688 0.00496130833142 0.774607775466 0.0121522508516   3.42798765152   9.19132100872    1.3980034025 -0.384119705802  -0.21822227269 1785404743.2
   -0.738961095002   -0.0331569969015 -0.000152021820088 0.739704609612 0.032824179671  3.27658504586   9.2575684442   1.66060029682 -0.226217515437 -0.249413133755 1785404743.22
  -0.69771258021 -0.0368029290945 -0.0065180000336 0.698712948569 0.054929084405  3.13626305082  9.31202707782   1.97661957407 -0.101019513052 -0.341101146765 1785404743.25
 -0.657348269318 -0.0373280007798 -0.0142357781467 0.658561146893 0.0753795747127   3.00999436364   9.35263608511     2.000901083 0.0429228344951 -0.465156822729 1785404743.26
 -0.625389589844 -0.0352514742164 -0.0233311911979 0.626816679741 0.0915670038308   2.89871873765   9.37848877694   1.33561146461  0.160416485634 -0.540065747045 1785404743.28
 -0.609071675227 -0.0315296366838 -0.0337568256546 0.610820715784 0.10180746788 2.80080425347  9.3901806959   0.26554264865  0.188656672458 -0.531882488589 1785404743.3
 -0.614378852228  -0.027428816988 -0.0453857220015 0.616663261292 0.105620053942  2.71178961701  9.39012054195 -0.782956231146  0.155888234946 -0.527429282876 1785404743.32
 -0.645057237422 -0.0243648354459 -0.0579980776016 0.648117475279 0.103806260599  2.62452483656   9.3826859327  -2.15613465347 0.0916385274916 -0.638766028774 1785404743.35
 -0.701731446872 -0.0237162180866 -0.0712643793915 0.705739395456 0.0983276524003   2.52978790388    9.3740890355   -3.78112212155 -0.0625738762897  -0.742035297276 1785404743.36
 -0.781284961563 -0.0266192711619 -0.0847324110959 0.786316957882 0.0920015321757   2.41738434475   9.37184796413  -4.88946946112 -0.280699074123 -0.742456884652 1785404743.38
 -0.876670605698 -0.0337592831473 -0.0978285667535 0.882757876525 0.0880541653565    2.2776436486   9.38384069303  -4.87139458544 -0.461376960222 -0.625126818187 1785404743.4
 -0.977285730094 -0.0451827927982  -0.109884415239 0.984481319133 0.0895902859465   2.10312776368   9.41703253912  -4.20703583035 -0.574744139597 -0.486806012623 1785404743.42
  -1.06997159606 -0.0601670951721  -0.120195879072 1.07838135419 0.0990549147107   1.89028259783   9.47608344957  -3.92336770303 -0.768964191055 -0.437972156994 1785404743.45
  -1.14058571109 -0.0771889281622   -0.12811386767 1.15035084129 0.117773459564  1.64071610329  9.56211991345  -2.92973180549 -0.935918474614 -0.358124394183 1785404743.46
  -1.17596934956 -0.0940286437204  -0.133152826594 1.18721311152 0.14565203857 1.36179648283 9.67196994079 -0.704428709487 -0.854101568659 -0.193245750171 1785404743.48
  -1.1660188836 -0.108025991224 -0.135090943469 1.17877869624 0.181098276599  1.06634408152  9.79809850152    1.75363296668  -0.558472023666 -0.0217737219732 1785404743.5
 -1.10549965321 -0.116470827846  -0.13402780306 1.1196688747 0.221185400894 0.771338607211  9.92935511398   3.71916549435 -0.197046146411  0.102879397564 1785404743.52
-0.995239627563 -0.117074094714 -0.130366854959 1.01054627642 0.262037045497 0.495757688075  10.0524801411  6.28993766538 0.192184860625 0.222935451983 1785404743.55
-0.842418158727 -0.108432547812 -0.124703355824 0.858473586391 0.299368134993 0.257862932716  10.1541466014  9.13908732977  0.72714095764 0.347254683188 1785404743.56
-0.659815418077 -0.090386453804 -0.117621859382 0.67628470245  0.329089603329 0.0724050267107   10.2231786216  10.2830342892  1.20277211938 0.414975885975 1785404743.58
 -0.464084351162 -0.0641801080396  -0.109435546481 0.481112783134   0.347877879053 -0.0517164494421    10.2525209199   9.8306809601  1.47561011305 0.450111711357 1785404743.6
 -0.273308277983 -0.0323707530604 -0.0999250801877 0.292797373824 0.353623119947  -0.1128571264  10.2405574184   7.9872934272  1.45832227524 0.472516361551 1785404743.62
 -0.104267056449 0.00151543459699 -0.0881492921986 0.136543814645  0.345696153843 -0.116784967807   10.1914917944  7.18909154009  1.56141740599 0.652272582139 1785404743.65
 0.0300874473676  0.0335245500974 -0.0723977198696 0.085267694883   0.325004634914 -0.0755320063968     10.114686408 6.03992958053 1.55556033203 1.00734646148 1785404743.66
  0.122473092119  0.0599114764862 -0.0503333072122 0.14533576684 0.293838822393 -0.00515864386   10.023068875 3.79007032447 1.18026175707 1.41622254869 1785404743.68
   0.17209363758  0.0777465463206 -0.0193347549602 0.189827759586 0.25553518188 0.07711846233  9.9309099324  1.60593229916 0.661409223559   1.9050221182 1785404743.7
 0.184293558405  0.085372466733 0.0230006407337 0.204405487254 0.214010969039  0.15585164846  9.85140784638 -0.066231083958  0.109817141399   2.19790729885 1785404743.72
 0.169152142085  0.082623812513 0.0782800511267 0.203879640892  0.17324206636 0.219758029097  9.79455284541  -1.05763703878 -0.343418346394   2.91157347363 1785404743.75
 0.139329086625 0.0707723496995  0.146783525116 0.214398514704 0.136764702838 0.263135192298  9.76568039603   -1.6799154719 -0.829996463658   4.06264709237 1785404743.76
 0.107612574989 0.0522189356495  0.227105124476 0.256678828694 0.107275789311 0.286075302695  9.76496903078 -1.50755996471 -1.12419563595  4.66808850597 1785404743.78
 0.084657580699 0.0300035114366  0.316071271138 0.328585095686 0.0863871682408  0.293525255787   9.78793235665 -0.79148601712 -1.17578957872  4.75437054216 1785404743.8
 0.0773333526596 0.00723773156349   0.408989124409 0.416299094494 0.0745609163608  0.293484640814   9.82674375482 0.0725984437195 -0.958743046454   4.06494923735 1785404743.82
 0.087946186845 -0.013426183658  0.500207684545 0.508057596996 0.0712222995522  0.294796091725   9.87206438403  0.855056304747 -0.863283783047   4.03422193478 1785404743.85
  0.114406347188 -0.0301919848048   0.583902386711 0.595770396571 0.0750194062425  0.305030856499   9.91495727982   1.71878688055 -0.784888334346   4.20362743611 1785404743.86
 0.151212957426 -0.042317112919  0.654938870603 0.673499087427 0.084177401371 0.328903460862  9.94847996243   2.03701496505 -0.529375527953   3.34511475985 1785404743.88
 0.190979737078 -0.050091729969  0.709648530519 0.736602659684 0.0968830375079  0.367490020121   9.96864955251   1.92711858518 -0.316502275032   2.35127711912 1785404743.9
  0.226145512581 -0.0546237371003   0.746364070779 0.781783135956 0.111633176287 0.418321733856  9.97464088989   1.34802097227 -0.167520328414   1.26717078776 1785404743.92
  0.250515585926 -0.0574903277331   0.765613600823 0.807605957345   0.1274902936 0.476230193479  9.96826693735   0.79552098468 -0.132873151085  0.548347534601 1785404743.95
  0.260353659935 -0.0603374070338   0.769943528299 0.815007771557  0.14420701326 0.534676997092  9.95295432618   0.115017083415  -0.185645510446 -0.0581224366334 1785404743.96
  0.254865159702 -0.0645108399896   0.763415598416 0.807416419211 0.162206799888 0.587231279773  9.93252596429 -0.653008745663 -0.280817110626 -0.512098495399 1785404743.98
  0.236050386207 -0.0707886837619   0.750884564707 0.790290106285  0.18243332721 0.628869288747  9.91011695303  -1.22660215143 -0.386164536735 -0.686630889106 1785404744
  0.208029841815 -0.0792557504021   0.737197989125 0.770077115766 0.206101345737 0.656846858613  9.88748287335   -1.3655625654 -0.421819280103  -0.55563091756 1785404744.02
   0.17603184757 -0.0893282786529   0.726463746109 0.752805637025 0.234394446406 0.671013512951  9.86483433115  -1.48205455587 -0.487659626799 -0.370569564456 1785404744.05
  0.145273232043 -0.0999053714161   0.721506468554 0.74273614383 0.268160545905 0.673565771986  9.84118399313   -1.47348633967  -0.532742826055 -0.0755262374048 1785404744.06
 0.119957706165 -0.109602030609   0.72358956343 0.741609272249 0.307656122095 0.668349159343   9.8150598179  -1.13143713864 -0.453207736047  0.289319362885 1785404744.08
 0.102571994055 -0.117009751973  0.732425585973 0.748772018046 0.352385806877  0.65989396947  9.78535192035 -0.68440335625 -0.29414115232  0.59324326102 1785404744.1
0.0935893635847 -0.120934550534   0.74644573647 0.761948405066 0.401073372779 0.652401067025  9.75203885793   -0.25001605478 -0.0813086795656   0.703035066773 1785404744.12
0.0916073135748 -0.120575617743  0.763257825448 0.77813423495 0.451781618511 0.648882878244  9.71658415111 0.00647210071215   0.125223875193   0.796087508643 1785404744.15
0.0938637552103 -0.115625550534  0.780196717076 0.794283696053 0.502172874966 0.650619596304  9.68189110484 0.141027155741 0.373151715027  0.82559890537 1785404744.17
0.0970062380203 -0.106290298681  0.794864122043 0.80778512633 0.549873222773 0.657022497362   9.6518262963 0.105728312409 0.580238243434 0.657550543305 1785404744.18
 0.0979427220359 -0.0932401317942   0.805564821335 0.816836079241 0.592878761674 0.665917077907  9.63043668875 -0.0613753570298   0.730709882883     0.4241733891 1785404744.2
 0.0945889061208 -0.0775105343808   0.811570629573 0.820732496546 0.629927853635 0.674180481779  9.62106257525 -0.271964546818  0.771064007825  0.178578657218 1785404744.22
 0.0863505060804 -0.0603743020425   0.813176557437 0.819974133624 0.660763373838 0.678601600343  9.62556968387    -0.484343412476     0.816413771767 -0.000491464430203 1785404744.25
 0.0742366405065 -0.0432045657102    0.81154997808 0.816082765541 0.686224672057 0.676787776802  9.64388585458 -0.674147805725  0.864122963069 -0.124756511595 1785404744.27
 0.0605822140439 -0.0273444936256    0.80840792629 0.811135809392 0.708137741685 0.667926570383   9.6739442266 -0.688900397752  0.780236804884 -0.159309342286 1785404744.28
 0.0484456454195 -0.0139941259034   0.805585768337 0.807162465844 0.729008641788 0.653229577067  9.71203125339  -0.510606004913   0.600176597853 -0.0989457084518 1785404744.3
   0.040822926053 -0.00411902794705    0.804578953011 0.805624459231 0.751562806072 0.635939259121  9.75344309879 -0.200793804248  0.365218642839 0.0130902269173 1785404744.32
 0.0398613031761 0.00161971156303   0.806145402078 0.807131932368 0.778205188006 0.620863981038  9.79329196222 0.127649841094 0.165354747872 0.128497969237 1785404744.35
 0.0462550161417 0.00291758000587   0.810047134868 0.811371924274 0.810497811338 0.613506888747  9.82728715587   0.498800146017 -0.0458611498764   0.230857872683 1785404744.37
  0.0589620375655 -0.00013646603551     0.81498572609 0.81711582669 0.848757279151 0.618948884231  9.85234278802  0.757841804861 -0.259762097336  0.227026951861 1785404744.38
  0.0753065847162 -0.00704029818903    0.818750124091 0.822236227127 0.891861195734 0.640710595711  9.86692067167   0.82136322344 -0.423477914741 0.0902133468786 1785404744.4
 0.0914464197731 -0.0168847426156   0.818553605387 0.823818880043 0.937318454622  0.67983492326  9.87108314699  0.665088681054 -0.510984376363 -0.173500969719 1785404744.42
  0.103106830591 -0.0283990909421   0.811497903816 0.818514737056 0.981608448963 0.734394858657  9.86628754021  0.357337579456 -0.552419572013 -0.559900925053 1785404744.45
  0.106430422235 -0.0400489903828   0.795075646947 0.803166633256  1.02073845269 0.799548835955  9.85499194592  -0.10818642758 -0.543884921557  -1.09522528153 1785404744.47
 0.0987719490423 -0.0501918126707   0.767613731182 0.775568150633  1.05091971199 0.868156154197  9.84015974245  -0.70699197092 -0.448727199201  -1.73181989242 1785404744.49
 0.0792814709896 -0.0572804065157   0.728572637353 0.735108620894  1.06923342954 0.931851597662  9.82475161402  -1.28118509488 -0.255606055288  -2.29757789611 1785404744.5
 0.0491621562268 -0.0600893391841   0.678647379748 0.683073870329 1.07415598693 0.98238521902 9.81128360923   -1.61285630648 -0.0153167870023   -2.59360972206 1785404744.52
 0.0115517993478 -0.0579236138183   0.619657581414 0.62246614953 1.06584039261 1.01297991151  9.8015114309 -1.89375849043 0.226083166461 -3.01564788244 1785404744.55
-0.0289522028925 -0.0507637880407   0.554256966262 0.557329325335 1.04610264873 1.01945653806 9.79627693824 -1.97823898648 0.468604050892 -3.37629095899 1785404744.57
-0.0670385899227 -0.0393071700898   0.485526153124 0.491706082458 1.01812478235 1.00092312597 9.79552477434 -1.77484915427  0.66949888522 -3.56278579983 1785404744.59
-0.0975628810581 -0.0248828434907   0.416529684314 0.428526136397 0.985943488114 0.959909401756  9.79846836862 -1.28210564964 0.780792248528 -3.52215461065 1785404744.6
  -0.116402193337 -0.00924512417646    0.349916234072 0.368885231206 0.953829224789 0.901932292422  9.80386007224 -0.564963937778  0.733703042959  -3.09042036709 1785404744.62
 -0.121128547934 0.00572123641665   0.287622665637 0.312140441883 0.925668285732 0.834581248665  9.81030455775 0.120931411394 0.663900447526 -2.87007615055 1785404744.65
  -0.1113796075 0.0183283321011  0.230714749052 0.256847503695 0.904443792592 0.766295229477  9.81655047282 0.830557112126 0.557521461809 -2.78667243264 1785404744.67
-0.0888637230246  0.0273793886209   0.179368221954 0.202037994541 0.891881443066  0.70505156061  9.82170296563  1.40833156681 0.363702097558  -2.5316677382 1785404744.69
-0.0570059663425  0.0323703430928   0.132970726002 0.148252262324 0.888292671431 0.657193639917  9.82531822755   1.7401689064 0.156849630626  -2.2605759703 1785404744.7
-0.0203091906354  0.0335585319462  0.0903120803325 0.0984627348017 0.892617868254 0.626591092734  9.82736881361    1.76695545616 -0.0116431074913   -2.00012849261 1785404744.72
0.0164445953355 0.0318863508212 0.0498273956493 0.0613997837263 0.902647877702 0.614261224476  9.82810084542   1.66798591427 -0.115059581333  -1.93606728907 1785404744.75
 0.0490018552527  0.0287773765099 0.00986125184112 0.0576763686866 0.915384007549 0.618497458106   9.8278332728    1.4882142794 -0.155329766095  -2.08073849921 1785404744.77
 0.0743075943588  0.0258470013618 -0.0310734338981 0.0845886774516 0.927485483502 0.635462874411  9.82676546061   1.09262435924 -0.109288055669   -2.1874753822 1785404744.79
 0.0909223496035  0.0245843441274 -0.0740651668102 0.119820334536 0.935747874668 0.660127878681  9.82485558683   0.633364236252 0.00556560564834   -2.26030856472 1785404744.8
0.0991210186278 0.0260650460924 -0.119625947894 0.157526919513 0.937554768655 0.687371465389  9.82180865042 0.233646510856 0.147730027758  -2.2422105649 1785404744.82
 0.100668056418 0.0307463601272  -0.16759075254 0.19790416009 0.931246523457 0.713034805674  9.81717686246 -0.0191341813438   0.294781537079   -2.33371530464 1785404744.85
0.0983216838665 0.0383796115993 -0.217117433549 0.241412775254 0.916354885255 0.734720954226  9.81053893932 -0.141850136933   0.44630268021  -2.55820665358 1785404744.87
0.0951669765191 0.0480543920821 -0.266800379707 0.28731240946 0.893663393181 0.752178400241  9.80169996848 -0.114917204276  0.520280285101  -2.54511320788 1785404744.88
0.0939069254323 0.0583671477671 -0.314892697672 0.333740386573 0.865073781224 0.767185435942   9.7908471561 0.0275515346181  0.500605860146  -2.36648065641 1785404744.9
0.0962474714899 0.0676867690699 -0.359607204556 0.378368095965 0.833288308878 0.782954884529  9.77860997927 0.206248244181 0.386763438945 -2.03031647916 1785404744.92
 0.102495898017 0.0744734694811 -0.399442908736 0.419054106419 0.801352690371 0.803184636876  9.76600170785 0.362141048609 0.236003240792 -1.75902182616 1785404744.95
 0.111453961916  0.077596667535 -0.433469443212 0.454245513614 0.772135407791 0.830964359112  9.75425436882  0.471384218053 0.0551315620795  -1.61294618758 1785404744.97
 0.120633322163 0.0765947635062 -0.461504148822 0.483120311716 0.747836762427  0.86779024432  9.74459017766  0.398057961316 -0.150071957405  -1.31771724178 1785404744.98
 0.126759861018 0.0718261856923 -0.484137559687 0.505585047263 0.729617981884 0.912924399046  9.73798954057  0.147301607874 -0.305490874178  -1.03602134529 1785404745
 0.126476178523 0.0644771816075 -0.502598906673 0.522263527035 0.717416300424  0.96326400849  9.73501410942 -0.231800902756 -0.370136269578  -0.82520680071 1785404745.02
 0.117109043041 0.0564159015996  -0.51849428795 0.534540558379 0.709972569874  1.01377296958  9.73572492758 -0.689211187047 -0.344691541104 -0.730839800867 1785404745.05
0.0973501609253 0.0499105406697 -0.533484146643 0.544585576949 0.705054767995  1.05840081394     9.73970777  -1.24117778848 -0.230139713322 -0.766033706332 1785404745.07
0.0677093678394 0.0472561928176 -0.548982922727 0.555157595372 0.69982514391 1.09129993595 9.74618981251  -1.73416044889 0.0120666963476 -0.844116856123 1785404745.09
 0.030638610549 0.0503747353304 -0.565956542266 0.569019460255 0.691278335683  1.10807897007  9.75421173433  -2.02469030641   0.34528562879 -0.938328648302 1785404745.1
-0.00971373474572   0.0604597353912    -0.58486412143 0.588061031511 0.676674778681  1.10681537364  9.76281126182  -1.90560532182  0.662194474386 -0.963155498702 1785404745.12
-0.0480870800432  0.0777317733831  -0.605747091187 0.612604386486 0.653905270751  1.08859834886  9.77117754596 -1.61856970774 0.956144158066  -1.0185925195 1785404745.15
-0.0789324816575   0.101349602644  -0.628424616524 0.641419969497 0.621742695794  1.05747372611   9.7787472106 -1.23772178805  1.30109355259 -1.18078071838 1785404745.17
-0.0973273671082   0.129493179417  -0.652722091624 0.672523032169 0.579958930634  1.01979229812  9.78522826921 -0.556279691638    1.5520288125  -1.33815196389 1785404745.19
-0.0998113522535   0.159601969617  -0.678649534154 0.704272876769 0.529303972514 0.983092690572  9.79055398555 0.326550755849  1.56727005989 -1.42200703493 1785404745.2
-0.0849864494471   0.188723024748  -0.706462196086 0.736157531483 0.471358926194 0.954750242874  9.79478271935  1.10868491621  1.30761288439 -1.39480007298 1785404745.22
-0.0537701643219   0.213904188103  -0.736572440246 0.768885682003 0.408286452639 0.940672643268  9.79797011449  1.76333153961  1.02079488512 -1.46386444774 1785404745.25
-0.00925823639959    0.232562184204   -0.769329465389 0.803765333153 0.342514073724 0.944310589056  9.80004552787  2.44282541658 0.722777732567  -1.7069257558 1785404745.27
0.0437691994955  0.242763917389 -0.804728130445 0.84168724972 0.276397598948 0.966180294633  9.80072485104  2.88281699498 0.286487318095  -1.9281956474 1785404745.29
0.0995949270246  0.243379745953 -0.842136791101 0.882239890934 0.211920809415  1.00398009194   9.7994866721  2.87007664328 -0.22899716409 -1.99206968802 1785404745.3
 0.152415692224  0.234095250376 -0.880137748994 0.923403263308 0.150488389075  1.05325142258  9.79562795342   2.34036891813 -0.673820314814  -1.78550662278 1785404745.32
 0.197133362094   0.21529725925 -0.916550495898 0.961914384871 0.0928577208448   1.10841527632   9.78839939934   1.7479029221 -1.04205828294 -1.54492192361 1785404745.35
 0.229944195576   0.18787459472 -0.948662998891 0.994048631549 0.0392305650577   1.16393623188   9.77720123422  1.28619943676 -1.55605741611 -1.42576927969 1785404745.37
 0.248635874884   0.15298898521 -0.973641720217 1.016466245 -0.0105088554213    1.21534650505    9.76180108012 0.624672648535 -2.09818552751 -1.11475051316 1785404745.39
0.252571225346  0.11187365806 -0.98904173663 1.02689410167 -0.0564599813731    1.25990676441    9.74252243726 -0.171459474574   -2.4029829461 -0.541422386027 1785404745.4
 0.242407981175  0.065705839102 -0.993307714643 1.02456776379 -0.0983572354956     1.2967777773    9.72035017278  -0.79582448533  -2.32845408835 0.0698512734266 1785404745.42
 0.219658849169 0.0155773536864 -0.986152944654 1.01044064359 -0.135301863319   1.32670196201   9.69691138398 -1.23088164541 -2.25967182037 0.538479531006 1785404745.45
  0.186222629464 -0.0374401103496   -0.96872804693 0.987175090091 -0.165661392417   1.35131410838   9.67431522199 -1.87450761424 -2.66974528799  1.05598461396 1785404745.47
 0.144009580695 -0.092165221757  -0.94353670615 0.958902864365 -0.18719137521  1.37228548109  9.65486887734  -2.5417313518 -3.04868328077   1.5175687088 1785404745.49
0.0947457186949 -0.147162220927 -0.914110749448 0.930715817387 -0.197382430648   1.39053539479   9.64072087196 -2.88010107904 -3.00318330267   1.6343002427 1785404745.5
0.0399825685929 -0.200637868098 -0.884507051822 0.907858405606 -0.193976197253   1.40571452433   9.63350747408 -2.70038661376 -2.45761901445  1.31816521808 1785404745.52
-0.0187228180593  -0.250429816777  -0.858722281095 0.89468966301 -0.175542138772   1.41608548369   9.63408481182 -2.59406496672 -2.02877639719 0.963086320305 1785404745.55
-0.0795417227491  -0.294115889765  -0.840131829377 0.893673616598 -0.141978441482   1.41882115517   9.64241351612 -3.02873420482   -1.966186214 0.690428025958 1785404745.57
-0.140129862738 -0.329244543123 -0.831046420314 0.904807438257 -0.0948048106672    1.41063778418    9.65762629327 -3.25403702942 -1.64234937737 0.211910415174 1785404745.59
-0.197508695689 -0.353655158313 -0.832449547342 0.92577205874 -0.0371545063531    1.38860350884    9.67826016138  -2.99661933097  -1.01500635924 -0.357714921559 1785404745.6
 -0.24814251521 -0.365830280926 -0.843940196013 0.952702239287 0.0265607520369   1.35093023448   9.70258741244  -2.18002566622 -0.277596605905 -0.754967236365 1785404745.62
-0.288231523598  -0.36520747602 -0.863867875907 0.981183784395 0.0912625385314   1.29757136591   9.72894771462  -1.42839829937  0.290896168445 -0.987946160363 1785404745.65
-0.314185312442 -0.352380533277 -0.889618441341 1.00712731169 0.151975918619  1.23050124482   9.7559809309 -0.863347703548  0.890684250466   -1.3365772181 1785404745.67
-0.323193336283 -0.329138652533 -0.917993417849 1.02737437209 0.20459891561  1.1536268878 9.78269150908 0.011172920174  1.48903595968 -1.54267090443 1785404745.69
-0.313779698773 -0.298323641246 -0.945622457885 1.04002717616 0.246508880983  1.07235862032  9.80833411808 0.997932412569  1.77127963716 -1.38645808401 1785404745.7
-0.286224690155 -0.263521172555 -0.969355090879 1.04451772309 0.276879418063 0.992926552365  9.83217795486   1.72432642142   1.69192414233 -0.994608379656 1785404745.72
-0.242755261532 -0.228633843207 -0.986590049382 1.04142377388 0.296648053948 0.921565135951  9.85325890346   2.19043888254    1.4661683632 -0.580096984168 1785404745.75
-0.187446399034 -0.197404009202 -0.995514683478 1.03206297307 0.308155370424 0.863697266641  9.87024289955   2.88136901289   1.37193102664 -0.213180882804 1785404745.77
-0.125827147369 -0.172959853867 -0.995241089387 1.01796483636 0.314550725374 0.823237645703   9.8814915031  3.43142804956  1.11275798902 0.269494663427 1785404745.79
-0.0642389174502  -0.157449766403     -0.985838316 1.00039704755 0.319109601271 0.802109775425  9.88535039706   3.2413296937 0.586941878818 0.748541481456 1785404745.8
-0.00903954479369   -0.151811886411   -0.968270563922 0.980141034333 0.324620694875 0.800038167238  9.88059733257   2.44352058959 0.0433543272052   1.03185812944 1785404745.82
0.0342242129971 -0.155702777737  -0.94425897264 0.957621876923 0.332973953555  0.81464041064  9.86691860288  1.49129309684 -0.33327194298  1.10247306047 1785404745.85
0.0615457011647 -0.167586171235 -0.916088781346 0.933322909517  0.34502114425 0.841804017359  9.84525783235  0.85691262553 -0.68225626071  1.34948690802 1785404745.87
 0.070974396837 -0.184962520516 -0.886383886567 0.908253760448 0.360704833946 0.876292451382  9.81790785725 0.0360762423718  -1.03492976609   1.62334171441 1785404745.89
0.0628395866675 -0.204704244868 -0.857867132629 0.884188135391 0.379381608872 0.912488635772  9.78828684772 -0.905059454131  -1.11206166954   1.53903554583 1785404745.91
0.0396504750136   -0.2234507465 -0.833118182418 0.863474552118 0.400220813499 0.945160681379  9.76042940015  -1.47607896111 -0.860344961024   1.12445516412 1785404745.92
0.00569371031138  -0.238012196585  -0.814334247554 0.848423532676 0.422551891802 0.970131538099  9.73830241775  -1.54152891199 -0.468879393182  0.631766978487 1785404745.94
-0.0336039616277   -0.24573219418  -0.803096212841 0.840521900116 0.446060197095 0.984754715931  9.72510036163   -1.7907003856 -0.154789699558  0.325118288945 1785404745.97
-0.0724471491675  -0.244766760474   -0.80014704866 0.839877762495 0.470781925573   0.9881374607   9.7226747547   -1.98730320567   0.317551518406 -0.0582113546596 1785404745.99
-0.105461987219 -0.234249988007 -0.805201051701 0.845188748913 0.496908870873 0.981099835859  9.73121348488  -1.57631966888  0.857472998739 -0.469685842298 1785404746.01
-0.128393797572 -0.214333377371 -0.816817111971 0.854174430851 0.524468948045 0.965900769744  9.74922200855 -0.830645147642   1.20609453789 -0.680836121902 1785404746.02
-0.138620427418 -0.186104021318 -0.832379280452 0.864121285569 0.552986871473 0.945791939397  9.77379071035 -0.150472321356   1.34790951903 -0.672750345051 1785404746.05
-0.135418917822 -0.151403355604 -0.848225892204 0.872208933455 0.581241419755 0.924475334804  9.80107817575  0.439947286728   1.73323864832 -0.649963942246 1785404746.07
-0.119957902921 -0.112580193101 -0.859950692665 0.875545197101 0.607216395146 0.905543200764   9.8269100531    1.1263383015   2.20801389346 -0.408276402398 1785404746.09
 -0.095024865877 -0.0722169976608  -0.862867974592 0.87108332636 0.628294356762 0.891973696034  9.84738949342  1.56807354742   2.2552754746 0.208078359301 1785404746.11
-0.0645334741231 -0.0328662312348  -0.852596047707 0.855666277823 0.641676754128 0.885744384316  9.85943159297  1.56086881699  1.89383324768 0.934175943949 1785404746.12
-0.0328882569802 0.00317458845177  -0.825679375116 0.826340211989 0.644948390625 0.887609033002  9.86116031401 1.27667933048  1.4181024099  1.5357346771 1785404746.15
-0.00430682411262   0.0340319752928   -0.780148603232 0.780902405683 0.636656314226 0.897061292245  9.85213239642 1.18822559054 1.29394381659 2.57346935496 1785404746.17
0.0177920955275  0.058364048494  -0.71591542531 0.718510832915 0.616757358364 0.912483222243  9.83337369619 0.997765876823  1.16151918825  4.07679970665 1785404746.19
0.0312373767887 0.0754096895811 -0.634917551366 0.640142712232  0.58681091915 0.931450705149  9.80722934061 0.497850018999 0.756038147641  4.96818574175 1785404746.21
0.0353233598579 0.0849871359789 -0.540965994443 0.548739246069 0.549850327848 0.951145651131  9.77704360989 -0.0117747979187   0.305205466773    4.95825318561 1785404746.22
0.0307728197228  0.087451115439 -0.439297077229 0.448972812191 0.509943478285 0.968809992633  9.74670241001  -0.328442289291 -0.0283808007111    4.24853082719 1785404746.25
0.0194692198685  0.083617174795 -0.335886427407 0.346685123072 0.471530597874 0.982170690266   9.7200918193  -0.60720394092 -0.290329160128   4.60068345115 1785404746.27
0.00402463071604   0.074661706929  -0.236630489911 0.248162359937  0.43868292297 0.989769137382  9.70054715807 -0.900796243718 -0.604678212411   5.29846801021 1785404746.29
-0.0127232137158  0.0620073342472  -0.146531086833 0.159618761667 0.414445071042  0.99114271596  9.69038066225 -0.940089867803 -0.801370600304   4.89196918965 1785404746.31
-0.0281846737246  0.0472051939732 -0.0690221257107 0.0882426201369 0.400401006061  0.98683033641  9.69057302941 -0.724176415777 -0.790341817987   3.69177373213 1785404746.32
-0.0403773580415  0.0318265299222 -0.0055532237292 0.0517116751139 0.396545416082 0.978205132317  9.70068932416 -0.415749953025 -0.622218221383   2.36787072701 1785404746.35
-0.0481171207537  0.0173739657361  0.0445015379589 0.0678048587915 0.401465672519 0.967170728021  9.71903539671 -0.239697377881 -0.598812129605   2.00628318341 1785404746.37
-0.0510287740295 0.00521715627162  0.0835998448825 0.0980820501565   0.4127658558 0.955785047692   9.7430180608 -0.0357213072881  -0.577342967797    1.96838221881 1785404746.39
 -0.0494055836636 -0.00345072005496    0.115500828692 0.125671240125 0.427613473693 0.945889826688  9.76962642317  0.205770661955 -0.375417982866   1.77855670596 1785404746.41
 -0.0439777394315 -0.00764709347505    0.144544708204 0.15128017806 0.443273546896 0.938819876225  9.79592713781   0.365074288121 -0.0847335136461    1.57719557284 1785404746.42
 -0.0356635435819 -0.00664023895201    0.174869251734 0.178592374742  0.45751473316 0.935243807091  9.81947058868 0.393631586508 0.161589757078  1.37828364589 1785404746.45
  -0.0253700939389 -8.46634756082e-06     0.209698558529 0.211227666719 0.468818961508 0.935153180585  9.83853662153 0.492031655901 0.427434275388   1.7160982482 1785404746.47
-0.0138856236315  0.0122785223143   0.250825848892 0.251509799265 0.476384497356 0.937979991562  9.85219725594 0.650197986088 0.823876991572  2.45372480389 1785404746.49
-0.00187149638345   0.0297670086222    0.298377842243 0.299864826285 0.479966460592  0.94279373672  9.86022410052 0.697437887461  1.14008771461  2.91335384423 1785404746.51
0.0100711445856 0.0514401704227  0.350898621013 0.354791997254 0.479635737479 0.948516668821    9.862904188 0.633079433176  1.25417682551  2.93217640944 1785404746.52
0.0213072820636 0.0756858700611  0.405732881438 0.413281408094 0.475549429548 0.954101436684  9.86083949082 0.440637909902   1.0247485045  2.27843078074 1785404746.54
0.0310996266884  0.100344055228  0.459631754996 0.471484322539 0.467811959983 0.958636105074  9.85479139095 0.378028792637  1.03065018145  2.26641184635 1785404746.57
0.0386085518484  0.122855707889  0.509459908482 0.525484104029 0.456470170306 0.961370597953  9.84559966922 0.330008511966  1.11585632774  2.58960398927 1785404746.59
0.0429803309261   0.14051622813  0.552860620233 0.572055053836 0.441637981887 0.961686956423   9.8341694258 0.142818275375 0.813696014545  2.30751405747 1785404746.61
0.0435155737677  0.150813083572  0.588742633535 0.609307869536 0.423700056392  0.95905459892  9.82149227579 -0.0822135345457   0.299708256686    1.71574608983 1785404746.63
0.0398835123511  0.151805635665  0.617489326326 0.637125351641 0.403513654266 0.953014799795  9.80865887691 -0.234580031445 -0.174563704062   1.09273913168 1785404746.65
0.0323295347135  0.142488946181  0.640850319461 0.657295542775 0.382523838778 0.943224734588   9.7968292672 -0.404041687691 -0.642509694689  0.985274730896 1785404746.67
0.0218172028331  0.123076473882  0.661544875025 0.673249901919 0.362730996859 0.929565728086  9.78714930813 -0.622579024592  -1.32329532161   1.16875219707 1785404746.69
0.0100533896042 0.0951408707681  0.682668775449 0.689339911006 0.346493043554 0.912292489489  9.78062570374 -0.639439403193  -1.75175532837   1.29560122422 1785404746.71
-0.00063503710634   0.0615681734063     0.70703651881 0.709712393988 0.336192698699 0.892180384048  9.77798925466 -0.468486688082  -1.82921178877   1.43317225909 1785404746.73
-0.00757580249854   0.0263074826672    0.736599163899 0.737107729361 0.333837543659 0.870622324012  9.77958086075 -0.161768631529  -1.45645302498   1.40007794276 1785404746.75
-0.00814736108474 -0.00606760294628     0.77205430997 0.77212113871 0.340676976747 0.849635447113  9.78528726063 0.163392483562 -1.27441086222  1.69466255676 1785404746.77
-0.000236879671107   -0.0309338467036     0.812716482465 0.813305010346 0.356913207587  0.83175537624  9.79453815291 0.702443242832 -1.05308129872  2.33349912918 1785404746.79
 0.0173203062687 -0.0442479463198    0.85665727284 0.857974100351 0.381558144998 0.819816607458  9.80636007395   1.26610795194 -0.345980779518   2.50578192014 1785404746.81
 0.0444057368422 -0.0431330333822    0.90106966053 0.903193700797 0.412454773216 0.816637660685  9.81947141579  1.65734922347 0.477987673419   2.2967507442 1785404746.83
 0.0794608655203 -0.0263263031796   0.942771517011 0.946480447065 0.446451820318 0.824647527711  9.83240022548 1.63443284406  1.0596647468 1.68943995248 1785404746.85
  0.119552244705 0.00558729521149   0.978745236576 0.986035595302 0.479701946109 0.845504482938  9.84361068728  1.8215619721 1.71656503782 1.43214924542 1785404746.87
 0.160662592475 0.0501948625209   1.00661397407 1.02058987142 0.508047287531 0.879766958222  9.85163104016 2.17151734378 2.70520198372 1.27697073501 1785404746.89
0.198169039561 0.103525407477  1.02497620342 1.04907802179 0.527456775367  0.92667532015  9.85518029055  1.88238334463  3.11030019365 0.759440872629 1785404746.91
0.227435234319  0.16052465345  1.03355315919 1.07038641763 0.534479709038 0.984090451001  9.85329104336  1.2277919971 2.97638646922 0.21673135089 1785404746.93
0.244424814111  0.21565764308  1.03314132954 1.08334330457 0.526674927958  1.04861084509  9.84542214055  0.412185324793   2.25774788394 -0.178729955834 1785404746.95
0.246243241696  0.26354564013  1.02539771521 1.08698321646 0.502965796341  1.11585942109  9.83155059781 -0.289362468309   1.88266045201 -0.462952380891 1785404746.97
0.231531318297 0.299545767197  1.01251296463 1.080979612 0.463864988869  1.18090180975  9.81223011443  -1.24292940194   1.54486410159 -0.778647941498 1785404746.99
0.200661205976 0.320200547923 0.996842305522 1.0660618615 0.411518333882  1.23873651211  9.78860385637  -2.1147322644 0.668583674052 -0.89115985511 1785404747.01
0.155717560782  0.32351468345 0.980564628526 1.04423019486 0.349538692817  1.28478848197  9.76236151614  -2.66945112738 -0.296516128265 -0.835390825858 1785404747.03
0.100276370264 0.309050044917 0.965427394063 1.01863503469 0.28263663752 1.31534248711  9.7356342278 -2.65503733022  -1.0387243221 -0.63593106692 1785404747.05
0.039018327238 0.277858703072 0.952612980822 0.993075717135 0.216095230956  1.32786898888  9.71082633435  -2.77796841324  -1.73294221855 -0.512302022066 1785404747.07
-0.0227699682422   0.232291722605   0.942735671679 0.971199496757 0.155169524259  1.32121852865  9.69039127983  -3.11843287337  -2.68172871577 -0.437457343041 1785404747.09
-0.079745651321  0.175726387054  0.935952633584 0.955639296138 0.104507829413  1.29568430444  9.67656950904  -2.88617707957  -3.32248470842 -0.292954534292 1785404747.11
-0.127048782318  0.112248927023  0.932151098879 0.947442286288 0.0676871976471   1.25295027916   9.67111623483  -2.15088842803  -3.43498925666 -0.127201465592 1785404747.13
-0.160776576399 0.0463192297735  0.931160542886 0.946073218727 0.0469312830658   1.19594938618   9.67505258546  -1.17562391037   -2.9748689795 0.0179651400893 1785404747.15
 -0.178349526718 -0.0175655415306   0.932935044366 0.949992052039 0.0430407116241   1.12865282932   9.68847344971 -0.408425870442  -2.76289891168  0.147737482155 1785404747.17
-0.178739585356 -0.075196035271  0.937658196211 0.957499439172 0.0555228634225   1.05580133061   9.71044084466 0.410501504198 -2.73701384265 0.332570540465 1785404747.19
-0.162543623898 -0.122951208508    0.9457403023 0.967451367635 0.0828695504625  0.982579588943   9.73898543897  1.28894108168 -2.28006034894 0.551549170255 1785404747.21
-0.131897317557 -0.158057229612  0.957702412587 0.979577919967  0.12290647767 0.914232927379   9.7712320211  1.92916215453 -1.48964779321 0.753144854837 1785404747.23
-0.090236103034 -0.178785156232  0.973969156561 0.994345314421 0.173133193295 0.855633456308  9.80365591557   2.07099995914 -0.610236162068  0.849666481127 1785404747.25
-0.0419224958577  -0.184569006995   0.994616266596 1.01246468174 0.230986922088  0.81082083244  9.83246396895   2.24718812989 0.0628497811543   1.03077293934 1785404747.27
0.00822635770977  -0.176031339573     1.0191333503 1.0342569754 0.293993701515 0.782564780959  9.85407343221  2.52456124839 0.768834503629  1.33889997424 1785404747.29
