 0.0290873365815579 0.00790589661722177  0.0119724166535416 0.0324332408380204 0.183423043822956 0.562141205310807  9.71589797788936 1785404702.64343
  0.0353951648416882 -0.00463464637798689   0.0138914292845582 0.0383049533192138 0.0757402200574166   0.63061813990309    9.7146091070982 1785404702.66131
 0.0203882237305764 -0.0260572109158729  0.0112302858016786 0.034939622590831 0.124181270287233 0.543462567581984  9.68260012936463 1785404702.67978
-0.0103130479564363 -0.0110499152507438  0.0107962223238755 0.0185746602032695  0.19715576350268 0.628887100540117  9.84241248153376 1785404702.70399
-0.0381279235854969 -0.0306899104242321 0.00265782355142865 0.0490170703410496 0.178718215753321 0.686067088741817  9.90423988990177 1785404702.72565
-0.0561867178906284 -0.0718241694960984 -0.0203322593184355 0.0934294351910437 0.136860056304511 0.593472041056498  9.75008215581374 1785404702.74337
 -0.0518553059770239  -0.0900913112332675 -0.00515168785168889 0.104076688097871 0.129359240302052 0.538606949032774  9.68371529308953 1785404702.76141
-0.0767257561909352 -0.0608392311147126  -0.014872091356686 0.099042580777269 0.227816309450433 0.510784559753244   9.7546888676341 1785404702.77956
-0.0909656969710948 -0.0243470529273291 0.00428177277412581 0.0942648958508546 0.277599365733993 0.595154190373202  9.93742792627412 1785404702.80457
-0.0787918010466447 0.00142844016798712 0.00945612239324718 0.0793700611326691 0.205660318278996 0.610114500810757  9.85342905150771 1785404702.82585
-0.0211290550305769  0.0108338605003951 0.00269974046908489 0.023897658848255 0.258764334962115 0.395119209229803  9.75458194049657 1785404702.84366
 0.0462541895713993  0.0131640313933383 0.00887964795968337 0.0489038845422288 0.226015079803345 0.444898455848816  9.86789287856316 1785404702.8605
  0.123989884553004  0.0177846303743452 0.00833625002900545 0.12553596143562 0.101300882780822 0.491427969861559  10.0282111558085 1785404702.8794
 0.143482322240392 0.0400529749016328  0.020629770034069 0.150389510956133 0.147167435684927 0.552330185451353   9.6612667763728 1785404702.90423
0.0706385093135874  0.066524782351479 0.0830905886123084 0.127747374066543 0.181457826276618 0.630377315339887  9.63623400239669 1785404702.92571
-0.00235573189265509   0.0618410892361535   0.0487783450074575 0.0787984564082986 0.177825241022889 0.740699946085592  9.67751499435076 1785404702.94354
-0.0671741283859327  0.0418219145297868 0.00666445816816943 0.0794093890042094 0.173062800858893 0.678617254945496  9.78027676371056 1785404702.96129
-0.0987294255559743 0.00615171981537093  -0.012636057004855 0.0997246863315671 0.211471393846247 0.572022809274017  9.81495094809242 1785404702.97956
  -0.0830349461622437   -0.0286564773608257 -0.000375900724145867 0.0878415464359129 0.216865739154323 0.607147560388542  9.76856248986681 1785404703.00426
-0.0392651973056713 -0.0243868557408825 0.00326568683924682 0.0463372330088013 0.138287625177666 0.522823338874536  9.66758106845094 1785404703.02587
-0.000232954097732028   -0.0292171314245772  -0.00536282410461049 0.0297061427766995  0.19725835171028 0.565139573340536  9.56143395809156 1785404703.04366
 0.0176734947145439 -0.0409835306744394 -0.0123550286271713 0.0463103545046456 0.224807918148446 0.472997970220036  9.78777619901527 1785404703.06073
  0.0227428948070448  -0.0188889978417228 -0.00578924562181568 0.0301255517549244 0.285674734640751 0.548348591911601  9.85001425927497 1785404703.07863
  0.0105089361977558  -0.0330801209551123 -0.00266448988160798 0.0348113724053298 0.192818153912342 0.457541194728252   9.9227200032313 1785404703.1035
 -0.024318091725909 -0.0190489407345153 0.00340002879522866 0.0310771929894768 0.0735546963557796  0.539783005045494   9.96955404149376 1785404703.12564
-0.0323946732031441 -0.0112299097920465 0.00985100646911528 0.0356730718375998 0.156466425786883 0.555903141907804  9.90352227709097 1785404703.14335
-0.00915593093084444 -0.00285189590622423   0.0107903477224567 0.0144359268992974 0.331532742891138  0.49827571286598  9.74736528299241 1785404703.16033
  0.0297602368434525 0.000509616786026002  0.00230599566147839 0.029853794101215  0.23373863937298 0.528386905210607  9.72291271615233 1785404703.1781
 0.0487907571187844  0.0255209822738281 -0.0195220481508827 0.0584206203360649 0.350969209769503 0.497144408296039  9.55950354362068 1785404703.20159
 0.0629843343421631  0.0108665828250797 -0.0146575593757314 0.0655740271881542 0.233265714940652 0.629519474229215  9.72877362740169 1785404703.22575
  0.0458286405915413 -0.00992640748596774 -0.00710366211511377 0.0474263627056919 0.194410435851773 0.678100226276383  9.79414395301542 1785404703.24357
  0.0168720860006436  -0.0293123536285675 -0.00906130784901426 0.0350141208827798 0.135704275724999  0.66549406741054  9.81084918194253 1785404703.26127
 -0.0152342462992869  -0.0351838549108441 -0.00855179746385304 0.0392825552447575 0.228264001714978 0.572672362507212  9.80970943985993 1785404703.27847
-0.0194675307697564 -0.0322541115306549  0.0132788486336324 0.0399454664003095 0.247196610108088 0.594698203990544  9.81771601140916 1785404703.30193
0.00110866083734397   -0.06140079554995  0.0107077373297138 0.0623373279964835  0.31547202448442 0.700656227115604  9.76524315543268 1785404703.32564
-0.0144740077322521 -0.0740077645326302   0.022122115415485 0.0785877477817412 0.291148168416783 0.684696305731943   9.9621393794572 1785404703.34361
 -0.015486825947738 -0.0702540097858689  0.0270459952807652 0.0768567077726835 0.377384016314832 0.668495954513032  9.94940826562284 1785404703.36144
-0.0366485701979854 -0.0834616868787466   0.005283954962017 0.0913065772781086  0.25836337460749 0.632965139801661  9.91860307426601 1785404703.37963
 -0.0436254624745297  -0.0914306285460922 -0.00471372826621539 0.10141479205036 0.369370147421811 0.626038162786657  9.63029321239464 1785404703.40359
-0.0262602261442606 -0.0802913869676215 0.00293217062798855 0.0845275335196981 0.328704831364083 0.553288374649449  9.75598983111411 1785404703.42584
-0.00659556747492386  -0.0580490662234644   0.0133662439468672 0.0599320621786001 0.318464063450094 0.547719055282973  9.80957778150276 1785404703.4438
-0.00179690834025538  -0.0369623404553661  0.00885480806747387 0.0380506388571003 0.349100345069229 0.519403959371023  9.95760780172289 1785404703.4616
-0.00676148185010946  -0.0359677517797597    0.014850840210889 0.0394961296821489 0.373532194886322 0.468360164657388  9.83907221987971 1785404703.47958
  0.0155444065194914  -0.0420020215871331 0.000583789132237477 0.0447899453136541 0.272557960243028 0.479325998061527  10.0607961147882 1785404703.50175
 0.0157462579902654  -0.029802719556046 -0.0125806156063638 0.0359780297218651 0.380491147558092 0.416369597852365  10.0987742674646 1785404703.52576
 0.0437394895271208 -0.0162939326270322 -0.0120831930297867 0.0482145075505544 0.368134505834943 0.523059319441451  9.97255768049146 1785404703.54378
 0.0624390668941919 0.00999367080190882 -0.0166121860603202 0.0653794712154893 0.519899650079998 0.514812388614874  9.65706210296065 1785404703.5617
 0.0741834514280304  0.0348195765608272 -0.0305272710807677 0.0874499951817548 0.377225955853459 0.509581180193759  9.58830999111892 1785404703.5794
 0.0651336802280767  0.0566804538000885 -0.0592838837121517 0.104736092208146 0.297493301965528 0.493506460954596  9.61915026836803 1785404703.60069
 0.0729330160559101  0.0616507982395464 -0.0597171078171667 0.112632937991655 0.359379134954836 0.562629919292332  9.63796177807558 1785404703.62568
 0.0595326783542404  0.0563646774071144 -0.0475011346385896 0.0947495353191293  0.41206917341133 0.615405921201398   9.6146776864404 1785404703.64405
 0.0285912013532894  0.0574237985247811 -0.0293264091888013 0.0705335927608115 0.101600876047703 0.617567003750916  9.74660858005524 1785404703.66187
 0.0060316032079332  0.0748753111208483 -0.0222387462003952 0.0783406298498255 0.253977519254811 0.582791347523398  9.56973501684742 1785404703.67969
 -0.0032323501896259   0.0600129778466026 -0.00194253989809037 0.0601313483885142 0.213581059966682 0.527081025472723  9.64990670054012 1785404703.70167
-0.0300705061509513  0.0605021518270847 0.00565519113678491 0.0677991659438048 0.249409460773008 0.668795278795236  9.70918705635999 1785404703.72585
 -0.0234863977516401   0.0593156126537346 -0.00678424892937502 0.0641558946424399 0.284647269600798 0.665077803200045  9.70205836499053 1785404703.74433
-0.0094763924478263  0.0452789137283753 -0.0168121199107297 0.0492202135117233  0.13830091019323 0.614342561587923   9.7237937769372 1785404703.7619
-0.0383414422206429   0.038736536680922 -0.0142527141309552 0.0563358263069785 0.114801286828564 0.643032619725571   9.8376416455956 1785404703.77966
-0.0571078585410968  0.0199167293453904 -0.0138923064096031 0.0620562631194125 0.094673962912729 0.716925790070963  9.90596696675281 1785404703.8015
 -0.0642943164097891   0.0223521972884522 -0.00599740312721488 0.0683326326910818 0.148712468058389 0.633183923751186  9.99487002242291 1785404703.82562
  -0.045550059749965   0.0358094640606161 -0.00373822426758144 0.0580611744645996 0.183061662390661 0.573603649452548  9.86237567581129 1785404703.84427
 -0.0293569189760165   0.0550489701116859 -0.00723150124878759 0.0628053533739991 0.198777166406386 0.532246337922195   10.000768177578 1785404703.86179
-0.0192821988851926  0.0639568716657156 0.00264798777613143 0.0668527969973993 0.149347205519234 0.507964543302216   9.9328055713857 1785404703.87937
-0.0141510957627969  0.0692722968681633  0.0138127310915603 0.0720395458403685 0.202407599787376 0.545501290528868  9.86464838247928 1785404703.89969
 0.0295580241007102  0.0512398513225967 -0.0140252171055783 0.0607939624235712 0.214073859157894 0.570152731724069  9.71884174099245 1785404703.92454
 0.0409593174682412  0.0535628351094908 -0.0117679331319665 0.0684479893249546 0.200597078556378 0.620250734943731  9.71757177832581 1785404703.94397
  0.0526464027352992     0.04755339028191 -0.00819787045115604 0.0714155006157971 0.130151573689219 0.596775895746471  9.45414545140121 1785404703.96185
  0.0453348917843417   0.0371910404887534 -0.00580380949281174 0.0589246137905283 0.188525368339102  0.66853858295891  9.66866001089334 1785404703.97952
0.00237411084621998 0.00233903134821277 -0.0077042271699471 0.00839419955947036 0.125007457579718 0.682973224872673  9.82996699436328 1785404704.00009
-0.0488730762447385 -0.0422615266652369 -0.0153519359398388 0.0664100606444646 0.173274511771241 0.635951846962306  9.76622272420596 1785404704.02586
-0.0734510473803978 -0.0531779268448198 -0.0263808102497283 0.094439903717775 0.0766903099208335  0.523001800178326   9.73085035764843 1785404704.04404
-0.0654688543251798 -0.0878075848559059 -0.0241463430204186 0.112157874115634 0.193974323752196 0.584376634099938  9.81865891266882 1785404704.06199
-0.0428244334673116  -0.107306247412929 -0.0234407810977143 0.117889919221755  0.25600840203477 0.496644164808945  9.74223913133629 1785404704.07983
-0.0337365298348115  -0.106363897059086 -0.0220565273925932 0.113744988652297 0.380283241461885 0.507363263038388  9.85924900582972 1785404704.0999
 -0.0177135203837614   -0.112148219721125 -0.00872279545422916 0.113873083525212  0.30382440044831 0.436465899657992  9.75528176190591 1785404704.1258
-0.0355212359854637 -0.0894358245013947 0.00151188212981482 0.096243496911499 0.311540996582392 0.456638244717933  9.73930751524261 1785404704.14431
-0.0279667429072018 -0.0765866765067597 -0.0198077813257918 0.0839047431808176 0.288628846532719 0.496583587538561  9.91673209605704 1785404704.162
-0.0133597680797214 -0.0847732298979273 -0.0356166592646967 0.092916792495481 0.324124746632292 0.494863302465659  9.77933015780819 1785404704.17986
-0.00486931064621712  -0.0942757915572371  -0.0486359361300798 0.106193640784946 0.368972428563493 0.552309058549758   9.7606790323566 1785404704.19969
0.00637980021300265  -0.137266605111774 -0.0685235356057114 0.153552263615932 0.325765292982466 0.449740498238029  9.87358614251425 1785404704.22565
 -0.017232251984589   -0.17713450646021 -0.0567653309819504 0.186804407573411 0.333108794330368 0.398948091371162  9.97576082521611 1785404704.24444
-0.0314977875685914  -0.231195925838263 -0.0448552883755337 0.237604005945144 0.408591901155569 0.474045686175189  9.89462808548421 1785404704.2625
-0.0220029916927635   -0.29280493630416  -0.059005148126554 0.299500367066472 0.410010175297495 0.457297951280061  9.77657371933796 1785404704.28025
-0.00562880271820766   -0.364807980916776  -0.0518748229104098 0.36852075058618 0.387603733132356 0.449511778482029   9.6201078882629 1785404704.29974
-0.00650053924489817   -0.407554347621404  -0.0612482401357975 0.412182180831869 0.487381010373544 0.381166770986925  9.73942362564093 1785404704.32569
 0.0137474438592258  -0.422763302111048 -0.0362261595113275 0.424535200492774 0.686543932786616 0.499526809363467  9.70084840483201 1785404704.34554
  0.0122518029629385   -0.386472790251285 -0.00812618184098421 0.386752322697316 0.772036385501664 0.484954092568714  9.59534146654424 1785404704.36363
-0.00896521392997404   -0.307248468560037   0.0173586836164422 0.307868998748159 0.758372907326745 0.540338740722664  9.61505498044724 1785404704.38161
-0.0540910611637949  -0.202797449375124  0.0535519526367089 0.216611310882155 0.788471957207321 0.557283065730012  9.75330528725493 1785404704.40167
 -0.105922172891913 -0.0442558883490752  0.0640390926119083 0.131449974310636 0.872753128065874 0.475774138994138   9.7700513654981 1785404704.4258
-0.148352149872307 0.0475921952241363 0.0673588382551382 0.169736827203378 0.914847682062233 0.466983726611455  9.84670522802031 1785404704.44555
-0.126786533395303   0.10189156220053 0.0507892390159637 0.170400300169581 0.649467200777614 0.464410873744405  9.97868012429373 1785404704.46358
-0.0742879801771028   0.110517949513176  0.0348958604688431 0.137661331684869 0.753599737027266 0.373627754120238  9.84499748544579 1785404704.48083
-0.0042052407739122   0.120123749626912  0.0350468630556604 0.125202563410011 0.865212340514546 0.299102910510565  9.79979976700974 1785404704.50129
0.0764498745896148   0.10842503392617 0.0372398009407315 0.137794680887051    0.862863730778 0.359645665658607  9.66266000843718 1785404704.52573
0.0707506324302841   0.10890982239455  0.025916950677349 0.132433718273368 0.789428761999569 0.386553945920029  9.70843662083205 1785404704.54552
 0.060188006359988 0.0850735943173279 0.0257639263261732 0.107349394313148 0.758927736524603 0.543332628258067  9.72885973260794 1785404704.56369
0.00581878405094578  0.0515431685970584  0.0106077696811883 0.0529441333337837 0.643802839035047 0.531263245861505  9.86045252250515 1785404704.58161
-0.0146336685259671  0.0610058006220279  0.0260311900595437 0.0679225648807419 0.625808312478368 0.459303250300553  9.82474659354143 1785404704.60133
-0.0149763201452179  0.0674413531428009  0.0423967114960119 0.0810561991737838 0.729177078652162 0.436395406768881  9.69924491340964 1785404704.62578
-0.0218516298034806  0.0738924054611741  0.0359196903912969 0.0850165011495623 0.592560145989568 0.527247303856938  9.86040038351969 1785404704.6458
-0.0300499715900733  0.0777422616649905  0.0251481936256687 0.0870591275167985 0.735140893750633 0.530568053631025  9.81059183395792 1785404704.66396
-0.022525958286654 0.0836178982080698 0.0209799028698956 0.0891040292124742 0.867726586785962 0.523378487934824  9.78030634426213 1785404704.68195
-0.00157892948436944   0.0786932172555632   0.0380827250478455 0.0874380318134946 0.799278210733419 0.417560638131178  9.75889923861909 1785404704.70153
0.0109219546636729 0.0606290531034283 0.0560221687942451 0.08326856892192 0.674104410357445 0.370970860622319  9.88054575122159 1785404704.72578
0.0130845722275229 0.0497007405485341 0.0517008817094526 0.0728995940385457 0.744287276821863 0.564495334928271  9.82463490460901 1785404704.74599
0.00763653277755873  0.0473098794228035  0.0222150998969087 0.0528209426959854 0.721240217997979 0.510095638832782  9.77685880623151 1785404704.76386
 0.00903956655808527    0.043223013626121 -0.00264408276268702 0.0442372449881074 0.803227203220633 0.490093482807199  9.81357806980891 1785404704.78206
 0.0217603843489969  0.0550380073180718 -0.0124259215861991 0.060473962197185 0.710671448409777 0.396347100155875  10.0109114542551 1785404704.80138
  0.021015706821181  0.0654081660661884 -0.0067250347041294 0.0690298067004946  0.50751823792225 0.395979917315009  9.92240400879659 1785404704.82523
0.0192151974318936 0.0502535372661691 0.0135713182311222 0.0554871381370429 0.603981300104927 0.398229050815395  9.80540148954042 1785404704.84591
0.0154022644421629  0.030294101285828  0.032624608655272 0.0471097379802941 0.585513237597823 0.388642419347795  9.83923026942878 1785404704.86388
0.0206101293840954 0.0296901141150013 0.0467392923296128 0.0590833458502813 0.552320410192952 0.416380338610256  9.73041867804995 1785404704.88203
0.0238154274694766 0.0481275686647288 0.0488294052736889 0.0725792550975432 0.773650265935999 0.371720166753158  9.49821585934509 1785404704.90052
0.0275401685138232 0.0711030272948136 0.0293688756227387 0.0817106616519575 0.555374939302354  0.45979513750512  9.71648935626246 1785404704.92581
  0.0208064445466409   0.0650391301649442 -0.00762511277335852 0.0687105445480636 0.586018191454766 0.438844296460636  9.68428273618542 1785404704.94635
 0.0208373245189123  0.0451873478112682 -0.0168954326649877 0.0525504152244311 0.509505067216912  0.49124690047117  9.91047854621209 1785404704.96457
 0.0412967156160324  0.0289747487360751 -0.0325471503972857 0.0600355876457762 0.521706716817497 0.483980187842815  9.97980420606875 1785404704.98223
 0.0587201699880416  0.0228747835854836 -0.0171623610127013 0.0653135569620695 0.604334381221279 0.472248727322221  9.65093731393023 1785404705.00066
   0.062701421173734   0.0341646829102833 -0.00460943405142355 0.071553760612847 0.508980103795806  0.44188197922505  9.64142007535079 1785404705.02584
 0.0433783409182056  0.0449625224502186 0.00758885855177823 0.0629356787523689 0.438037150648906 0.553190459387419  9.82837600326463 1785404705.04751
 0.0128400950064589  0.0315288817935988 -0.0021994352713713 0.0341141604387763   0.6282440069012 0.481854679430615  9.81233285037033 1785404705.06465
-0.00601361655115614   0.0116173392045341 -0.00212144522153584 0.0132524218181252 0.518999243413724 0.536023451754716  9.93849818517896 1785404705.08253
 0.00981034012182289   0.0109518375008415 -0.00368064158268127 0.0151569337403991 0.612117260088217  0.50626781976813  9.70216413714315 1785404705.10148
 0.0220870812226031 0.00196293307736933 0.00907574479977935 0.0239595786037822 0.469907175073445  0.45063045265547  9.70138128199256 1785404705.12576
0.00201622876172598 0.00178710254258473  0.0126039191955245 0.0128886652918227 0.53818371646879 0.62920239006118 9.69806752224885 1785404705.14646
 -0.0042826620069256  0.00966935338664285 0.000769767337075187 0.0106033075280581 0.577735978627719 0.501398654765902  9.80961652422208 1785404705.1652
-0.00953573780778041  0.00971334552955106 -0.00617697936785762 0.014947723941327 0.575688463295426 0.484654676208643  9.79750264057309 1785404705.18214
  0.0077076902992231   0.0183046020780546 -0.00820376292043932 0.0214888034343338 0.535751982227627 0.471162868472114   9.7862072503732 1785404705.20031
  0.0291557930820722   0.0181719430763792 -0.00417693814780465 0.034608186859562 0.434757276539864   0.6330484975133  9.78584112332199 1785404705.22586
 0.0441508676081579  0.0158933725028163 -0.0184320186946977 0.0504146577220162 0.515327834236867 0.634450584668402  9.81354577631575 1785404705.24746
 0.0207509176631931  0.0137239263987232 -0.0216185065489571 0.0329591651148735 0.477895253476725 0.573389114430118  9.87220558295039 1785404705.26461
-0.00272400430605212   0.0226097520558005   -0.014381917952525 0.0269343767605142 0.431105751784314 0.488589058722547   9.7537623342921 1785404705.28224
  0.0108427509146767   0.0434423812993375 -0.00494426936943602 0.0450472145637474 0.462722000240615 0.563080466242836  9.72517465054516 1785404705.30021
 0.0420534517723773  0.0494347957593759 -0.0214179756995896 0.0683448719423124 0.353069308577014 0.571173162682681  9.60510605952707 1785404705.32411
 0.0374819536346506  0.0391283517821535 -0.0434980260384475 0.069483832872831 0.433155551477519 0.525892219269275  9.70451102301742 1785404705.34768
0.00962824783487314  0.0207169356107197 -0.0108738256328615 0.0253008826202234 0.345560415516185 0.532186163013638   9.9489211323705 1785404705.36556
-0.0247541769254713 0.00858225228660183 0.00540414915031892 0.0267512459075705 0.389301891365855 0.507851746348328  9.90421581361183 1785404705.38352
 -0.0183657146879107 -0.00102354287780003   0.0245993625868627 0.030716050457381 0.473321095590479 0.561602363247645   9.7080387451766 1785404705.40175
-0.00521691923847463  0.00162772155631647  0.00722259594263234 0.00905713066904707 0.422547121467784 0.629654539103309  9.74723436707865 1785404705.42573
  0.0221008104612256 0.000970932003445899 -0.00842517761669601 0.0236721809276461 0.406020702866499 0.620649231958041  9.92181998580357 1785404705.44797
 0.0139193058860386 0.00351497170926016 -0.0122445417803058 0.0188687812504058 0.414733979195594 0.597179975102553  9.80272115560942 1785404705.46625
0.00383386843738729  0.0178542016043794 0.00765305057683159 0.0198000061933465 0.472527139911674 0.579092634029978   9.7168041519811 1785404705.48399
-0.0130535721458984  0.0236824271923786  0.0265661207213591 0.037907939454319 0.343034249291426  0.54524019516951   9.8372247684286 1785404705.50223
-0.00589121504799515   0.0158619506605994   0.0155136905627012 0.0229560991541738 0.400339331420344 0.595681494350065  9.80612701462769 1785404705.52578
-0.0132979392560579  0.0106650833231762 0.00954489684981892 0.0195367409416663 0.334309021988593 0.614599648293287  9.82650173241858 1785404705.54819
 0.00108700520177864 0.000955317938774533  -0.0121092453051258 0.0121954103880332 0.377095641799078 0.685116222729834  9.84085482485521 1785404705.56658
  0.00448589813511061   -0.0245453891701345 -0.000120304773493064 0.0249522320610896 0.396008821831574 0.540398494311866   9.8248833352159 1785404705.5843
-0.0104073190920482 -0.0446707083887889  0.0184651816934488 0.0494443870789396 0.427491769169649 0.468105588850933    9.831280841809 1785404705.60218
-0.0064154916278758 -0.0540333043276339  0.0180588607685034 0.0573313087382997 0.460831178388936 0.505445769635435  9.87665636508307 1785404705.62583
-0.0134102345682349 -0.0226609481232145 0.00981383640168994 0.028100966992921   0.6624371719705 0.476871068088921  9.79165725896904 1785404705.64941
 -0.016658306860619 -0.0180375981071855 0.00831405573670953 0.0259225318156232 0.460517639462671 0.544107187665457  9.87042825322134 1785404705.6678
 -0.0220698627584364  -0.0175651669057229 -0.00890097943907376 0.0295777173828025 0.453059761319814 0.606832492463847  9.77701390677959 1785404705.68559
 0.00973619129763221 -0.00505717070981427  -0.0238970187055084 0.0262951687498618 0.495934088076139 0.551038229996008  9.93048669338658 1785404705.70347
  0.0348960638764153   0.0180307470952792 -0.00147121012907553 0.0393065843609525 0.564713474670954 0.424445151045644  9.71559972323951 1785404705.72559
0.0439242745755327 0.0418919258856408 0.0201343257736727 0.0639504998084862 0.455791318846442 0.465760301932552  9.75198200946957 1785404705.7496
  0.022158720443931  0.0497685707668669 0.00596777100228956 0.0548045054591745 0.447579195326123 0.496846013272067  9.83981918597376 1785404705.76789
  0.0144052790699559   0.0295712242750675 0.000311324870885773 0.0328947760804795 0.462068853960054 0.574375194797661  9.81722088007051 1785404705.78557
0.00326830480719877  0.0118688557359198 -0.0056363091629865 0.0135395544156224 0.494742407777805 0.577827868442331  9.74904273065832 1785404705.8027
 0.0350604765607462 0.00309532775231371  -0.015007437231176 0.0382627918846569 0.594832219509278 0.467384528330282  9.67371246969631 1785404705.82433
 0.0833384415286293 0.00862350862856498  -0.024864538418859 0.0873951143272358  0.47529871834729 0.450345904025789    9.612563510314 1785404705.84962
 0.0962383317318045  0.0197824328613723 -0.0182429904371933 0.0999298145926784 0.435305880203873  0.55443933325055  9.68284458348267 1785404705.86775
 0.0846061795217888  0.0352635749982312 -0.0190972174816603 0.0936292104552359 0.465244903846696 0.651409155112021  9.59914722469869 1785404705.88554
 0.0617122447373828   0.037989934347898 -0.0323840017548655 0.0793748060277527 0.343105711949422 0.704283521315832   9.8075512903258 1785404705.90339
0.00794943962158626  0.0250333589412468 -0.0117559856705114 0.0287761333271831 0.382745487176309 0.561144943008979  9.84440443073634 1785404705.92575
-0.0409453566687732 0.00947045007064729 0.00530741113107067 0.0423601259463176 0.397577986285943 0.568449718279518  9.77158631614194 1785404705.94964
 -0.0374875584199644 -0.00301808994450848  0.00360149546311782 0.0377809035462923 0.316791824873652 0.695608127567246    9.757615637203 1785404705.96804
-0.0266698629355892 0.00114683867829648 -0.0147186456036528 0.0304833619596506  0.49056924114205 0.619109502469427  9.68856490076165 1785404705.98587
0.00246270017735236 0.00151986780216534 -0.0208689830036178 0.0210686815416836 0.446819545290182 0.614896168371865   9.8376932367459 1785404706.00369
 0.00957079714338539   0.0181571794784726 -0.00428511743208957 0.0209677265334155 0.396525951922626 0.610507692293179  9.86699778830887 1785404706.02578
0.00890497874738148  0.0364453012137421 0.00108786367050603 0.0375332129508961  0.41853208337174 0.701503103187948  9.84037107252184 1785404706.0497
-0.00420509194571071   0.0177545047898097 -0.00612455951705786 0.019246180605025 0.431152462242068 0.610646449755097  9.77657450920121 1785404706.06843
-0.00141957537919524   0.0120769388202083  -0.0123420464142109 0.0173261004041535 0.350382205151057 0.659941772539553  9.88897789876537 1785404706.08603
0.00065907459319054 0.00896051962475447 -0.0112095893631621 0.0143659383597354 0.408752193676189 0.650662606649095  9.85467532962637 1785404706.10385
-0.000520361301049282   0.00800261149657383   -0.0108289365129381 0.013475104179559 0.341256222949637 0.637358272122169  9.94149180865698 1785404706.12531
 0.015710261095545 0.0129491882083045 0.0009482902339002 0.0203811931277832 0.458137512626236 0.679911395414074  9.65746143664529 1785404706.14982
  0.0355461575793081  0.00434891990546304 -0.00890865424026636 0.0369026630931935 0.386920060709151 0.674805120042325  9.97030801154608 1785404706.16855
   0.036781688566252 -0.00377247994538719  -0.0102264681896888 0.0383628058196714 0.451201456599432 0.627922201948483  9.93568761137905 1785404706.18634
  0.0319204807602292 -0.00354726155462162 -0.00994563633284107 0.0336216572846459 0.393261009672398 0.644704401286415  9.79948547934047 1785404706.20396
 -0.0102586118068433    0.017991937436204 -0.00840572581672657 0.022351849038005 0.393872821499225  0.56208813383705  9.66948738162336 1785404706.22574
-0.0292496432641122 0.00429938549239626 0.00536220777646209 0.0300462912674426 0.342260493681438  0.55415617273454  9.73654904405874 1785404706.25021
-0.0457830489774259 -0.0131706513215372  0.0385636882711626 0.061292019733227 0.357144295202722 0.560072411309552  9.59565163196805 1785404706.26868
 -0.012284420200309 -0.0183502415344024  0.0285253824084188 0.0360740320116173 0.484990528089972 0.593546533789753  9.64723736968732 1785404706.2874
-0.00528969991153334  -0.0193417039744381   0.0220632226491962 0.0298138932623178 0.371020636279564 0.571986605776142  9.81907882957912 1785404706.30418
 -0.010321944814066  -0.038853745676572 0.00859256295648614 0.0411094665011058 0.302008055555781 0.593552581813057   9.8010271731141 1785404706.32576
 0.00799507467621331  -0.0179277351246517 -0.00444092832478445 0.0201257732811381  0.34981460732554 0.676911945634029   9.7559610922671 1785404706.35033
  0.0262111905767711  0.00719152302260311 -0.00174101024695701 0.0272355582192922 0.482461696324734 0.639127304834971  9.68937822281766 1785404706.36932
0.0421590240630065 0.0277549067099342 0.0130871432236135 0.052143949545251 0.542166691818694 0.563877096876329  9.55668338740058 1785404706.38661
 0.022908946452674 0.0418165505201274 0.0151478736413613 0.0500290095927203  0.32381318235877 0.637607541745157  9.69429997588371 1785404706.40452
-0.0284079484367072  0.0397596495913741 0.00194412103376731 0.0489042010118293  0.28529280344623 0.699675433890748  9.83444983379193 1785404706.4257
 -0.0617908659261453  0.00744151257094546 -0.00825265708156703 0.0627821118643865 0.321226688884775 0.732715965603139  10.0633381796613 1785404706.45129
-0.0631497198010006 0.00446371196619461 0.00467092234430768 0.06347936161469 0.433187727876756 0.553728144465778  9.81975154429151 1785404706.46974
-0.0350545387786269 -0.0146444716323834  0.0150136610408899 0.0408496175774593 0.313424163134243 0.510437359849526  9.88201583292689 1785404706.48769
 -0.0157997688684178 -0.00812960938970903   0.0361929681951472 0.0403194021768628 0.272884454761771 0.527437612318832  9.82084735978738 1785404706.50554
-0.0109237476372832 0.00488604936221945  0.0142474132376762 0.0186061958706826 0.375341236921597 0.604776948833476  9.84445050661087 1785404706.52573
0.00202238047779918  0.0225393838128144 -0.0232859747048294 0.0324707632095752 0.322622049197346 0.547956924544376  9.84116861037267 1785404706.55139
-0.0152444860757567  0.0120060253422215 -0.0410801824460145 0.045432591715968 0.236856235897511 0.621338085714163   9.9256861443208 1785404706.57018
-0.0211300065166483 0.00960921052856415 -0.0294690736660653 0.0375132030772081 0.321793860064196 0.642141916285811   10.061584707866 1785404706.58818
-0.0102521603221269  0.0170080344388321 -0.0241379975299439 0.0312573663557676 0.364976660994467 0.558755680637498  9.86855485508035 1785404706.60585
0.00644966846586409  0.0350770348649345 -0.0173103477775953 0.0396439748059739 0.514539094928012 0.537583710795074  9.73948626511795 1785404706.62577
  0.0337610262215933   0.0541052652377488 -0.00792914383796357 0.0642655268397092 0.372755514628024 0.603718752947041  9.78779071975331 1785404706.65071
 0.0490350634085679  0.0491145859207027 -0.0254848625990182 0.0739334715493274 0.181439195368641 0.600852681742769  9.81436502996375 1785404706.67058
 0.0437129391669429   0.028238263241831 -0.0237132639554052 0.0571886304167753 0.350300504949556 0.644837236341353  9.69682041596107 1785404706.68832
 0.0209368818601209  0.0133217857278492 -0.0190737238334559 0.0312990405264815 0.443306979437576 0.644692351179567  9.86166148957683 1785404706.70574
    0.03261455258013 -0.00835862755550193  -0.0165984324185843 0.0375377630309528 0.371148131634251 0.698607143118622  9.98089927939904 1785404706.72545
  0.0298963012773914 -0.00969819943290815  0.00710006492633984 0.0322219618314474 0.292304599132741 0.708258831434162  9.84817670847547 1785404706.75055
  0.0016903311236765 -0.00976146284243453   0.0108403347282034 0.0146852386140435  0.33962582855415 0.704547829547435  9.73429739232931 1785404706.77024
 -0.0202309993131286 -0.00880005902050121 -0.00123658988407307 0.0220966858717208  0.43226834895277 0.674174730746159  9.81376602023372 1785404706.78805
  -0.0315560150157448 -7.63640389153028e-05  -0.00804731718586154 0.0325660441108559 0.327329675680461  0.60068502744578  9.85472520131343 1785404706.80572
-0.00608698378277577   0.0143390775604767  0.00213306882631574 0.0157229290997238  0.39807775915993 0.564510896722651  9.90886982542505 1785404706.82577
0.0354199118000191 0.0100298295230596 0.0243940899682023 0.0441615133069454 0.358820230889567 0.562953834657551  9.67679082240361 1785404706.85024
0.0431218080055109 0.0383087516682899 0.0174120710471895 0.0602513983090784 0.272388076708456 0.523945537354783  9.64233454592908 1785404706.87025
 0.0204972603530317  0.0562297117142052 0.00903356695959261 0.0605270476188624 0.101403543423314  0.66850645054302  9.81527453551171 1785404706.88803
0.00653501508362555  0.0590966965338019 0.00901625910030208 0.0601366684437646 0.198910713833911 0.609840671520604  9.90081104341696 1785404706.90571
 0.0128373999385422  0.0397816029887968 0.00841438821917341 0.0426400832860736 0.327968083746792 0.581656619801441  9.65312010455265 1785404706.92577
 0.0384638125350365  0.0377731063163318 0.00212070290864127 0.0539515506389025 0.342671322538483 0.617932002772595  9.53374105158731 1785404706.95029
 0.0364602245205811  0.0309731447111855 -0.0484456898434321 0.0680857439542026 0.160900030521248 0.686618873576274  9.84784956527147 1785404706.97035
0.00549755275469708  0.0222877193420828 -0.0672313953539464 0.0710424242336984 0.231584475773534 0.675553435314817  9.81098334469946 1785404706.98826
-0.0399051010758455  0.0272428828906862 -0.0664299663267857 0.0821433636165879 0.264070344737439 0.619720535761957  9.75426551777464 1785404707.00576
-0.0404401391548574  0.0107406664141041  -0.048748417008334 0.0642430924746134 0.258056341978602 0.622274341097928  9.71759649751127 1785404707.02571
-0.00930722562632822  -0.0123621795151948  0.00176516894446173 0.0155744583413926 0.295850337628369 0.701011462493934  9.59898887299049 1785404707.0501
-0.000183048716240017   -0.0293826047942017    0.0179271392959941 0.0344202454183979 0.334746970426845 0.563614243460995  9.84274866018245 1785404707.07125
-0.0150095050820152 -0.0165381699574521  0.0246141577542182 0.0332363215518528 0.390005358805654 0.775737287186609  9.94810594436719 1785404707.08832
-0.0254835514044398 -0.0357203927231151  0.0123605383817347 0.0455866291533234 0.350360883496552 0.753666699047048  9.84574031840091 1785404707.10609
-0.0534458411775766 -0.0317860917136871 -0.0125899973602178 0.06344542220791 0.276573842172634 0.641148706588351  9.95215090078352 1785404707.12572
-0.0176861112575709 -0.0214307960027738 -0.0139713641054196 0.0311010701374389 0.304994079969808 0.590787577429867  9.88641156297952 1785404707.15145
0.00974213342083886 -0.0113111157809066  0.0069286872996419 0.0164577401697414  0.38846232532819 0.539537527257136  9.76521229580466 1785404707.17156
   0.0407824501126454 -0.000930623504841447    0.0181554990840375 0.0446508280358681  0.46244974617393 0.555313314474406  9.77366735960471 1785404707.18926
 0.0293749694016892 0.00230289072585387 0.00948024809090013 0.0309526612250129 0.313978674546004 0.521305901013563  9.78183799658031 1785404707.20644
0.0371923562756831 0.0102041488268545 0.0122153176028344 0.0404550368032963 0.217583121840341 0.672202889439208  9.81915900929228 1785404707.22574
 0.0126944753994843  0.0283399252748872 -0.0187413467637123 0.03627036185058 0.187045275134624 0.640009487277873  9.92004387273152 1785404707.25125
-0.000335740517873994    0.0244658660531032   -0.0121891397725361 0.0273361747839406 0.243633401057189 0.486712397823187  9.74232543579904 1785404707.27153
  0.0092166316493384   0.0249873143865497 -0.00104429394375781 0.0266533811936277 0.245673003138657 0.558196692199291  9.85067366408152 1785404707.28967
 0.0222675195931044  0.0191124476348159 0.00325084509930931 0.0295244996110446 0.270264823526497 0.676412543632328  9.82202528347977 1785404707.30654
  0.0261111281163404   0.0128054736620084 0.000441546668746469 0.0290854969130151 0.279113294437189 0.694837270845998  9.74005152937913 1785404707.32569
  0.0268856453466935   0.0101648949877985 -0.00396200258425463 0.0290148320742822 0.438041764323483 0.619329431232627  9.86101592763371 1785404707.35061
-0.00112427612068772  -0.0037982656290282  0.00730077361947942 0.00830614916956662 0.201633096337652 0.730475324011623  9.93770673132136 1785404707.37178
-0.00495491252455585  -0.0178538087101662   0.0169809253472738 0.0251328762626742 0.163967705772985 0.603070907252953  9.81207887497261 1785404707.38971
-0.0140568365564112 -0.0176568336481422   0.013618103064857 0.0263592708460779 0.312341525637468 0.623267645636742  9.67826560173964 1785404707.40668
 -0.015893435931585 -0.0200568717473723  0.0250899033984015 0.0358382848716712 0.38241897353877 0.64809525683784 9.73772526679698 1785404707.42582
-0.0232201362681989 -0.0120155809079229  0.0113939564614036 0.0285196626332243 0.263732237439884 0.587732284673973  9.88289481768743 1785404707.45152
-0.0333289368901025 0.00486029481498822 0.00842373963242472 0.0347188693552645 0.181641942529838 0.683657323097962  9.85850560721828 1785404707.4719
  0.0166691995187886 -0.00876443258650516 -0.00147840663402615 0.0188908225690706 0.312880190082565 0.634981068508159  9.72207232623574 1785404707.48974
  0.0416712747503388   0.0108270032776483 -0.00709046746675124 0.0436347781957178 0.373370538984402 0.638447829428348  9.72381906922943 1785404707.50784
 0.0588726494993814  0.0386088377317464 -0.0169890584258586 0.072424162516874 0.303056149405301 0.590966303261103  9.82028274829173 1785404707.52572
0.0341874782015796 0.0525732225258997 -0.007680626248827 0.0631800554931334 0.305638860777518 0.591774681664917  9.89219059368668 1785404707.55058
 0.00476264089783394   0.0543834510595547 0.000390732465771209 0.0545929956068405 0.333217550137342 0.678717153557304  9.68972923068524 1785404707.57179
 -0.0172979658938372   0.0375501444380159 -0.00265816366726955 0.0414282368133402 0.273057477796793 0.607708259887093  9.68947920328516 1785404707.58979
-0.0177884332080839  0.0327476004895271 -0.0161007106664677 0.040596386265103 0.176070661251065  0.56172751736366  9.84743823219667 1785404707.60789
 -0.0185011577643704   0.0338534698363867 -0.00191916669346741 0.0386268489445176 0.236808624136188  0.75069629749055  9.93023945795784 1785404707.62579
-0.0290664354204225  0.0193916749711469 0.00898362574313985 0.0360776975114682 0.327383405714577 0.692009741079834  9.82309666963847 1785404707.65044
-0.0100868312480806 -0.0119745063280984  0.0189822155680358 0.0246060454827732 0.154576902444104 0.642790149808878  9.95673139442716 1785404707.67206
0.00476674067814127 -0.0247500802566231  0.0114396874383631 0.0276795003222488  0.26552781386131 0.663152956567683  9.69416596442507 1785404707.68992
  0.0199158689019231 -0.00369367125660336 -0.00524022433707716 0.0209223562863589 0.320632020889659 0.635136467591228    9.842175504748 1785404707.70786
  0.0163598784211192  0.00191012066505688 -0.00931146873056683 0.018920825373889 0.231064101738771 0.621227237268642  9.73706502140708 1785404707.72543
-0.00693778205287755   0.0134088381495449  0.00653202487642234 0.0164498361487317 0.277024969944065 0.679294584793158  9.66133847343386 1785404707.74994
-0.00683571684637593   -0.015406303866746 -0.00701782333538243 0.0182573565448281 0.209026728627399 0.619779055530904  9.85853840157708 1785404707.77197
 -0.0109684303263929  -0.0311703366396036 -0.00577523269107718 0.0335447412076354 0.188165600687484 0.578893292748046   9.8605297470062 1785404707.78974
 0.0163218121670371 -0.0255850720622777 0.00116710415070569 0.0303703736715006 0.252191694917611 0.591160768770928  9.80568470088779 1785404707.80777
 0.0196332079416476 -0.0109495895566763 0.00998619983893857 0.0245983851657556 0.272288556677605 0.584620130031037  9.75309456413712 1785404707.82577
0.0366823080338125   0.02276299939476 -0.003217012014697 0.0432908192396039 0.331469219073547 0.615267240021382    9.594456550255 1785404707.84954
 0.0345466855003761  0.0162401687571928 -0.0115908773284518 0.0398944231386696 0.151268120350078 0.679621221111328  9.84012269624204 1785404707.87174
   0.023117086894721 -0.00772126590797082  -0.0212713888178133 0.0323494920510086 0.230422683739856 0.664338992826139   9.8134860616768 1785404707.88975
 0.00247964742667126 -0.00847779015014028 -0.00350884270748311 0.00950439657928215 0.340433343551356 0.624201229571988  9.75033584484956 1785404707.90785
0.00690838263668288 0.00555182592511152 0.00591446536755572 0.010655018645764 0.187565985604362 0.572347559732301  9.80839476360805 1785404707.92577
0.00236954796305412  0.0256600082140363 0.00963262409489016 0.0275106929401476 0.164071613400414 0.693930518008813  9.80515252419431 1785404707.9485
   0.0139260196012224    0.0135929338565032 -0.000535308300127443 0.019467625118054 0.317482564925192 0.687530234050346  9.53527346895581 1785404707.97173
 0.0287090008467461  0.0172525703114083 -0.0102540403566457 0.0350286062469559   0.3105764897524 0.734756420921716   9.7429154507806 1785404707.98984
 0.0258035359571385 0.00666805801173785 -0.0240115640923198 0.0358725615993452 0.275492391852794 0.680359806666798  9.91140089065167 1785404708.00802
  0.0245497718747656  0.00120414083836441 -0.00820499149998618 0.0259126058083029  0.25112766647784 0.691253754216757  9.98174507693587 1785404708.02572
 0.00235664538870323 -0.00370076502139216 0.000210481664653305 0.00439246420165391 0.18756395229145 0.72069356980133 9.83341752502997 1785404708.04821
-0.00226543115112952 -0.00881743154107652   0.0177791252950949 0.0199743979518974 0.207840289647594 0.749974786405056   9.7242806470862 1785404708.07183
 0.0138021216081759 -0.0241998283707599  0.0116305593222573 0.0301894048336442 0.291173603340137 0.726448340263353  9.67027507147207 1785404708.09005
 0.0168094306069935 -0.0235127199511767  0.0120718362258712 0.031323061579259  0.26124653118985 0.729536397611669    9.858566592899 1785404708.10807
 0.0124787716604084 -0.0176993476115519  0.0182873028106765 0.0283445249054652 0.257169912441363 0.717390300735686  9.76852580463307 1785404708.12573
 0.0117796102437925 -0.0261012614587313  0.0170895169443876 0.0333479633055037 0.240801408331895 0.807152502867435  9.88043465091933 1785404708.14801
-0.0103905380405404  -0.017510467488068 0.00206377547328831 0.0204655545154962 0.21827904970849 0.68522609264726 9.79616202255882 1785404708.17193
-0.00271392591550684  0.00629542693401221  0.00222131443882232 0.00720638827655481 0.183378220153376 0.656581225364559  9.77897273752254 1785404708.19009
-0.0111384208191032  0.0188808274344643  0.0148498154360853 0.0264776713749387 0.210858104799505 0.675677072993761  9.84556252388646 1785404708.20805
-0.00226424896355148   0.0240974694454776   0.0192134390930553 0.0309026066671926 0.302791113639316 0.696327581702524  9.69042980347083 1785404708.2258
-0.00441724904619325   0.0231342194103663  0.00360299983421831 0.0238261579921825  0.28404927394228 0.635078795718313  9.77999607207362 1785404708.24768
 0.0172219854370953 0.00639069580392895 -0.0190213226542825 0.026443307107323 0.295532690672761 0.730651819850625  9.77305691909609 1785404708.27166
 0.0290998476333373 0.00307040351417647 -0.0153511389550287 0.0330436979958344  0.29705469332831 0.663615082328281  9.90022169654545 1785404708.28991
 0.0326379543338518  0.0126699137931359 -0.0136282160138653 0.037569815681537 0.240923535960624  0.71532067229518  9.71195544516062 1785404708.30814
 0.00969426344603271   0.0309752591266474 0.000146101360485298 0.0324571527915123 0.303698441491401 0.687286011320005  9.69728996647213 1785404708.32573
-0.00978147306412388   0.0196817223052636  0.00575604341451445 0.0227195828305774 0.171445623523531 0.737139633768395  9.80564116381306 1785404708.34621
-0.0156042904581797 0.00453179024923177  0.0188145668680079 0.0248599865244737 0.291627159541104 0.713909830711277  9.74448366234744 1785404708.37178
  -0.010170632733593 -0.00426533282276424   0.0162940351273123 0.0196756299777331 0.232421719757682  0.73584056104635  9.78264371552196 1785404708.38994
  0.00170095842964917  -0.00240348358643867 -0.000914848011312918 0.00308333258236569 0.157011598726652 0.651604135166235  9.83422978195262 1785404708.40802
 -0.0100417904082903  -0.0112625563192341 -0.00347043542525535 0.0154831085860953 0.215261817730307 0.654781393732091  9.68651195011404 1785404708.42567
-0.0114824076908888 -0.0087503756568048 -0.0150603543859522 0.0208621435798303  0.26742654161059 0.729323592418652  9.80741615362803 1785404708.44586
  -0.0164231659748353   -0.0111291169724505 -0.000785606561516763 0.0198543396488771 0.281644301781875 0.666799397908971  9.80272761199025 1785404708.47146
 0.00481739627397292 -0.00564848956692529   0.0124097324439864 0.0144607814650343 0.323444573244844 0.650370434310131  9.77016074052292 1785404708.48988
 0.00767690604323646 -0.00414894154956657   0.0140679786266524 0.0165546556901178 0.252350138655104 0.737713194861109  9.79045744193145 1785404708.50807
 0.0218820921109723 -0.0100440479485495 0.00205963913726714 0.024165077440836 0.195238778469959 0.829735187489931  9.73857022414284 1785404708.52574
-0.000685640023859684  -0.00461894326990485   -0.0190871047302075 0.0196499950675523 0.244207985427272 0.813136149459882  9.91419621387929 1785404708.5459
-0.00782144233926074  0.00141899722868548   -0.019032983507025 0.0206262690416877 0.286375815218981 0.788018334902671  9.82605111222967 1785404708.57152
 0.00180221670156973 -0.00532873117011066  -0.0131044170288873 0.0142607540680609 0.213998167867863 0.778013072904768  9.81476602727396 1785404708.58997
 0.00982277672930884 -0.00453641540556614  -0.0128173911813401 0.0167735364220311 0.199815225654428 0.683002474145967  9.76442706091657 1785404708.60795
-0.0159539150802823 -0.0151520081706105 0.00333952948872074 0.0222545099967881 0.322368195551623 0.663021702228348  9.77724586276962 1785404708.62573
-0.0232062343076479 -0.0186218542844554 0.00477377537947483 0.0301345598790927 0.318950457802981 0.694610670126667  9.77236891488724 1785404708.64557
 -0.0264017658741809 0.000617089663527492 -0.00736951192752541 0.027417945710389  0.24535088975356 0.668430275205285  9.79990735014046 1785404708.67148
 -0.00900382744400658   0.00284053736816346 -0.000458515312922024 0.00945239638787768 0.268154787713976 0.689428198414775  9.66393757884471 1785404708.69005
-0.00672560149841215  0.00185623394751131  0.00301665704239912 0.00760128539753596 0.264545920719707 0.654268000843072   9.6653230141811 1785404708.7081
0.00380261953928992 -0.0193938924850221 0.00569630647039028 0.0205677147122814 0.198648861579506  0.62842560155816  9.79544056027856 1785404708.72584
0.00635258304887011 -0.0188657772520299 0.00841489190535061 0.021612109302304 0.291065622332513 0.714391466449478   9.9234616040911 1785404708.74475
-0.00334395682526335 0.000408061516020085   0.0122683994468428 0.0127225070814433 0.208023142516292 0.611754215145366  9.77072934815934 1785404708.77032
-0.00162437253286027  0.00282344851325212  0.00385780704616647 0.00504907148275286 0.268880633995622 0.708533865189361  9.66840332902364 1785404708.7899
 -0.0037103287814337  0.00672122219489091 -0.00385712998608474 0.00859178789245775 0.201834291184772 0.696290081571353   9.8219052951159 1785404708.8081
-0.00174790177528243  0.00196833822749919  -0.0158118518865781 0.0160294783470004 0.324222266465505 0.641042082319094  9.77189994299142 1785404708.82583
-0.00427769145346196    0.014963785667999  -0.0063822481599929 0.0168210171293107 0.265161760130254 0.620781762306742  9.83489311065541 1785404708.84441
-0.0194802485796483  0.0231354598548241  0.0146781302581021 0.0336181066583602  0.26749145686074 0.663623558489646  9.66396128200505 1785404708.86997
 -0.022904828963318  0.0220735880404847 0.00170799700603549 0.031855795902669 0.184076038304141 0.562927291126821  9.62298183304813 1785404708.8899
  -0.0207418906406836    0.0256795209620075 -0.000111933983914903 0.0330102461881916 0.264702514185618 0.577076945307267  9.79720264423435 1785404708.90813
0.00035836842641259  0.0171209710658477 -0.0089383235404745 0.0193170832653598 0.193419304010515 0.682026242562912   9.9286422109152 1785404708.92578
  0.0173779705001364 -0.00120604261003442 -0.00103416285352111 0.0174504409769046 0.292200805848901 0.657150484894648  9.86596859739339 1785404708.94407
  0.0220198287121733 -0.00106360308255395   -0.009284863763097 0.0239209699454254 0.254449910711095 0.729297339337222  9.75475849166141 1785404708.96985
  0.0312108382687379  0.00194917372653299 -0.00923421031387749 0.0326065383592684 0.168719509696794  0.72111195056509  9.91844671325809 1785404708.98984
 0.019173236317437 0.0109311773245186 0.0133335936148609 0.0257854289720108 0.288768133473207 0.728109643937286  9.83442680897187 1785404709.00804
0.000888543056869931   0.0110809685154324   0.0273924888083382 0.0295622363010454 0.351659339615321 0.761910711208296  9.78703484356494 1785404709.0257
 -0.0185984282303346 -0.00326249355391699    0.022423262186075 0.0293146394126504 0.144034252761304 0.702361284784232  9.81026340666268 1785404709.04391
 -0.0297777881262654  0.00362938223971564 -0.00277683428618565 0.0301263985532233 0.220009682574701 0.628898386069688  9.83395337692585 1785404709.07003
 -0.0239477029721773 -0.00534610432795369  -0.0120368985216312 0.027330573267845 0.109731683332809 0.708276469688088  9.93943905821179 1785404709.0902
-0.000923707460410753   0.00827095128510178  -0.00739117451081302 0.0111306482867009  0.18136696050121 0.702238838108413  9.88625792490585 1785404709.10827
 0.0332872552711868 0.00767879759000561 -0.0029930448300829 0.0342923258655974 0.235422686224669 0.627450225783722  9.83983772676634 1785404709.12581
 0.0364037578829065  0.0254116424842388 -0.0102898468372915 0.0455726465072961 0.236162503403895   0.6973117281881  9.82664382231288 1785404709.14539
  0.0227281764547825   0.0348021642917084 0.000337392924732315 0.0415677095632229 0.146764225805059 0.643481954303448  9.80238757867267 1785404709.16977
   0.023872356320162   0.0196678078063704 -0.00372687521132338 0.0311544805610025 0.233077355676385 0.691614189095185  9.76719966784875 1785404709.19023
  0.0125354005914439    0.011462068994049 -0.00044789874184445 0.0169916422659865 0.232577447062406 0.678891922606418  9.84803709189899 1785404709.20809
 -0.00026111112614737    0.0148966025475905 -0.000422282693418047 0.0149048740066543 0.222108214104521 0.671393859184151  9.72065258827104 1785404709.22575
 0.00395594279059521 0.000401626263710387 0.000350394629037652 0.0039916867880913 0.143782934837254 0.669282817509502  9.70842800086339 1785404709.24417
-0.00810584122839047  0.00130003673640839  0.00262097634733204 0.00861767222335359 0.259801201151789 0.603771220022571  9.65161326704448 1785404709.26938
-0.00904513580420408  -0.0085058840470975   0.0107517790749761 0.0164245334307023 0.256577381421288 0.633144414706481  9.74422669725174 1785404709.2898
 -0.0196358034857124 -0.00656499202856512  0.00356185767749428 0.0210083490303109 0.144217767259305 0.666658800424736  9.88116761545155 1785404709.308
-0.000260973062518672  -0.00936438545946065   0.00124757651683143 0.00945072849774385 0.24056259042496 0.72609415821039 9.89613725199389 1785404709.32569
  0.00321974972690964  -0.00345107588656217 -9.48968221626783e-05 0.00472077519964699 0.263443996874014 0.630776639955084  9.69835826757347 1785404709.34399
0.00273459357607113 0.00249667578474845  0.0104334233168557 0.0110710303996127 0.186461759344845 0.742479610503535  9.86453687184526 1785404709.36839
 0.00410327683765835 -0.00186882586138266   0.0150646216319806 0.01572489159967 0.264220084240095 0.623264775230654   9.7511453934831 1785404709.39
  0.0114519033026892 0.000515434147468804    0.023807244692706 0.0264234112383867 0.224623540503857 0.682138040435015  9.76106205824409 1785404709.40813
  0.0197080260907361 -0.00691360996460571   0.0111317388261048 0.0236668524402473 0.280042783946212 0.698032028599074  9.78929106431122 1785404709.42582
  0.0161873429345325 -0.00601525550763201  0.00082864486150261 0.017288725297394 0.215639163658262 0.723006021227074   9.8604709267604 1785404709.44384
   0.0189827488628412 -0.000146577587070511  -0.00412366312938412 0.0194260350299121 0.255971319047662 0.665321591875335  9.76170150489971 1785404709.46819
  0.0288131016372435   0.0145662628284698 -0.00528853612222894 0.0327160427475926 0.26332047095543 0.72595873278388 9.75966151979374 1785404709.48996
  0.0306349434182097   0.0223095981554674 -0.00321174660136927 0.0380333175561474  0.13164714659372 0.713503898993181  9.91008295303727 1785404709.50808
 0.0197267251321203  0.0371771521761893 -0.0097223320285635 0.0431950005028753 0.318157171270675 0.662504700951976  9.78348917304127 1785404709.52574
  0.0281649488497606   0.0333112097059853 -0.00979787668615957 0.0447090530356319 0.299168522332053 0.714665070910292  9.88450628558631 1785404709.54384
  0.0348063928259209   0.0345149395072401 -0.00639391399929014 0.0494332698389565 0.215536692668806 0.719051304009358  9.68517068617687 1785404709.5679
   0.05211612322071   0.030578952606812 -0.0161983897792824 0.0625583765256696 0.264759995594841 0.736184424268963  9.65418856323805 1785404709.58983
 0.0380818380978834     0.0282149532094 -0.0245970674383222 0.0533978061729825 0.291850677894162  0.63465956906202   9.8276638410136 1785404709.60817
   0.025178418791567   0.0126244562709515 -0.00518603068558253 0.0286395632517764 0.114975869470337 0.698925647852579  9.87988654136634 1785404709.62586
0.00105507971043984 0.00264732668157688 0.00745127355342837 0.00797765688171607 0.0812582165908378  0.874650962424882   9.85114199438453 1785404709.64371
 0.00494851481227529  -0.0140579121466159 0.000933662816593566 0.0149326628243046 0.201825245020952 0.825026292876972  9.75970381523702 1785404709.66637
0.00110376093883011 -0.0106066578045696  0.0262425019510221 0.0283264608915891 0.374209864222677 0.703661983565561  9.80930667314625 1785404709.68975
 0.0236588430497697 -0.0252230323401335  0.0294708337137566 0.0454364639322753 0.141535321739527 0.773595423139651  10.0125542808791 1785404709.70814
 0.0202074859173698 0.00217502020361856  0.0109734996774557 0.0230974218292425 0.163710687425787 0.809307162045721  9.90353831003128 1785404709.72581
  0.0188502228237559 -0.00151509635047111 -0.00616530554585738 0.019890636237442 0.0892525452387782  0.762744034028189   9.89865872993113 1785404709.74286
  0.0166868942643071   0.0167281494475295 -0.00583429808409561 0.0243376756955369  0.26146019813737 0.713578969191398  9.85716837712293 1785404709.76602
 0.0364582907184452  0.0187904735850804 -0.0170175319376729 0.044405914616321 0.139021854120671 0.632418085048454  9.86396241525846 1785404709.78953
 0.0560581500870512  0.0162703514478234 -0.0141629954224806 0.0600652226063906 0.104655387374297 0.574643858873495  9.42728079918495 1785404709.80805
 0.0659294814882443  0.0413169581490755 -0.0231954939029181 0.0811900147641415 0.127635143121986 0.652046581304583  9.31039810922292 1785404709.8257
 0.0482950206047145  0.0574839470872076 -0.0334399476358083 0.0821890703550069 0.0840615126037163  0.732302870858402   9.57127134862686 1785404709.84349
 0.0218620257759756  0.0522327254384415 -0.0452646688886495 0.0724920411311208 0.204512269524181 0.739693841998532  9.62585676257637 1785404709.86584
-0.0248213216132492  0.0272868531957851 -0.0348263049846096 0.050730088535678 0.108181750120871 0.759951469238887  9.67519033125516 1785404709.88982
-0.0447391674542721  0.0130042684286522 -0.0134488673083667 0.0484930524275787 0.144367821678243 0.686064125401233  9.65403086424166 1785404709.90815
-0.0557219171927353 -0.0198924181775479 -0.0126996011054281 0.0605138019365953 0.171564736394425 0.728643529755794  9.60797167814072 1785404709.92617
 -0.0455288381224417  -0.0552717170360854 -0.00965008726184245 0.0722562245696367 0.0659103317457389  0.745969086301967    9.7479868136173 1785404709.9434
-0.0185178019586069 -0.0389652704779202 0.00721080894705128 0.0437401081213403 0.18816927969969 0.72954203439219 9.63848015792241 1785404709.96484
-0.00982975812966216 -0.00138365287671702  0.00484454805712295 0.0110457361026181 0.108956070615816 0.841869190482629  9.88258121695389 1785404709.9898
 -0.0203276396092026   0.0102165723613556 -0.00070791536758381 0.0227616437689394 0.141774486714535 0.805869919296098  9.69170700156244 1785404710.00802
-0.0383980903443311 0.00493162299219394  0.0114587618494176 0.0403737225253038 0.056552231690899  0.88549876581216  9.85935023405093 1785404710.02578
-0.0466894748988802 -0.0144322051721706 0.00936249308993201 0.0497579329285674 0.105260784016853 0.828479669692625  9.94606082586924 1785404710.04254
-0.0427194351046153 -0.0154861248872205  0.0168070640702159 0.0484484014425695 0.173192892298694 0.797489096361508  9.92504870177514 1785404710.06402
 -0.040084971544008 -0.0205665857708842  0.0229794408645469 0.0505751331822495 0.210947537112259 0.793377026836104  9.89996367653419 1785404710.0894
 -0.0261655154703177 -0.00600112810127673   0.0204685097863938 0.0337580750516238 0.122698402908891 0.832860037082006  10.0568186810676 1785404710.10804
-0.0121664308125884 -0.0183076927033712 0.00692313857842562 0.0230461167795066 0.234711835558287 0.796112338788904  9.82558470347531 1785404710.12571
  0.0122262581776358  -0.0159711383499519 -0.00300122811115747 0.020336322661551 0.259242823310357 0.728011778463791  9.73575158539478 1785404710.14267
 0.0251458711645909  0.0121860273405744 -0.0174714409327607 0.0329555055679378 0.228601282150415 0.772262821750998  9.84666633637445 1785404710.16389
0.0343101690265796 0.0239690946190923 -0.024377398494639 0.0484351396494104 0.189604121245486 0.655369777769849   9.7611369095029 1785404710.1888
0.0173968370215685 0.0298379798002298 -0.014034119764909 0.0372815167943815 0.0938652545971111  0.789854821116249   9.88240343694173 1785404710.20818
 -0.0052619645970744   0.0349266123812961 -0.00993374193295963 0.0366910854656116 0.184476043226088 0.785765818161941  9.68646745453166 1785404710.22584
 0.00177364946290066   0.0220666548388192 2.33820865021953e-05 0.0221378326607371 0.179044363532126  0.82834614233898  9.78127594581672 1785404710.24342
0.00352136847473454  0.0109196332108047 0.00248769695195357 0.0117399770663371 0.140564583543518 0.714727766297735  9.88276641400171 1785404710.26391
 0.0213183872980747 0.00365361298525248 0.00979888533068365 0.0237453296157498 0.0312311636926421   0.72488733511175   9.79942111747796 1785404710.28964
 0.0016695276156665  0.0114719019614577 0.00584738594639446 0.0129839816496659 0.0849529265887454  0.747470111295027   9.61804287994565 1785404710.30814
-0.0173887783606453  0.0180157631509764 -0.0088415356852079 0.0265539090918932 0.174986845953013 0.721459132356003  9.66650729776971 1785404710.32576
-0.0183932422588304 -0.0105018663714758  -0.015462834403918 0.0262240310760826 0.161434781525999 0.717220012421334  9.78442494764613 1785404710.34355
 -0.0183336889198793   -0.033524075613173 -0.00380541090932402 0.0383988143998932 0.114099114358617 0.705073772086726  9.93121706453976 1785404710.36292
-0.0138598701241579  -0.028938637026514 0.00782494665804391 0.0330268149086781 0.112304098581784 0.703194581915761  9.83146154762046 1785404710.38843
-0.00342450537654561 -0.00269851234512322   0.0128176813705916 0.0135389128687935 0.167576078902038 0.660735452857644  9.66754531963809 1785404710.40801
3.88194585447093e-05    0.015609459720891  0.00532209137502206 0.0164918584863127 0.179292118207525 0.706268874551187  9.84517796963023 1785404710.42568
-0.0106192925287717  0.0105517457501611 -0.0017811613703146 0.0150758498272824 0.190249797444535 0.757259799479501  9.90684839614721 1785404710.44334
-0.0111827271037493 0.00178676377935782 0.00487416257410116 0.0123289647204833 0.162046829774015 0.649155503555374  9.89161570956076 1785404710.46228
 0.0194498061607728 -0.0179631787223038 0.00717713810967938 0.0274314064704396 0.298894145390417 0.640374154954703  9.70236974054799 1785404710.4882
  0.0212158268058011 -0.00842736317424256   0.0134039807872011 0.0264725982492838 0.145296308206508 0.655761985349565  9.80846571585574 1785404710.50823
 0.0181402101402603 0.00840447862885495  0.0209426292635752 0.0289533453235932 0.106770332286092 0.731830526887334  9.73976580534839 1785404710.52579
0.00258659457983045 0.00865284288252386 0.00972979333269034 0.0132752039444566 0.0863633410489278  0.797538606495792   9.85312830966818 1785404710.54355
   0.0113556660298629   0.00944748716182675 -0.000806721632702484 0.0147938150741225 0.202846125394337 0.752165286766706  9.70909148994995 1785404710.56226
 0.00733367011141894  0.00702176000647156 8.51118222625188e-05 0.0101535744895033 0.178063530211658 0.682299857523806  9.74658371029536 1785404710.58805
0.000301516363963923  0.00570104291419931  0.00271459199962231 0.00632153558494245 0.107125807553256 0.733657042793375  9.83064277944684 1785404710.60802
-0.00610311627543723   0.0087563252654073  0.00445535862245661 0.0115659621683548  0.12858975733674 0.807466359845311  9.77926072118583 1785404710.62574
-0.00276847207122127  0.00235354880618013   0.0104030581027025 0.0110194032270541 0.212625298298895 0.742065755518959  9.69618561739381 1785404710.64264
 0.00615888766900234 -0.00342820721461454   0.0108197225669947 0.0129132063583162 0.177788873207328 0.735279851910734  9.83300365267148 1785404710.66185
 0.0155234879325228 0.00139193988009444  0.0109811060870519 0.0190656986527131 0.153480234713048 0.723135498919627  9.96605712541336 1785404710.68778
 0.011898959131394 0.0025932937036068 0.0143694845245352 0.0188359360304872 0.149316893174693 0.736451378912069  9.75528853902618 1785404710.70792
-0.00269552271922051  0.00283183490583374    0.022741809436356 0.0230754204317768 0.168632092389575 0.814984393962343  9.74998422207833 1785404710.72571
 -0.0145744869231761 -0.00616969571996456   0.0128862261207148 0.0204092047367106 0.0160045432199242  0.741137307383683   9.83454239756595 1785404710.74239
-0.0196692827903159 -0.0121350673400363 0.00628034391624564 0.0239495984212461 0.152632444550291 0.738157556220467  9.68494539039322 1785404710.76176
-0.00131431781571271   0.0059675017247206 -0.00720212381895408 0.00944505667843179 0.147210911064018 0.772794836726629  9.92959212151622 1785404710.78793
-0.0097516696183404 0.00175755039776135 -0.0130600388382109 0.0163935553862336 0.233659328184356 0.691654083306214  9.76383779080859 1785404710.80807
-0.00744429969599343  0.00767500822236233  -0.0146255208413911 0.0181170971476962 0.230036888024228 0.705713410514119  9.79970568441888 1785404710.82582
  0.011555426224502  0.0119067982409363 -0.0134321526293007 0.0213476566357317 0.185215533028926 0.760805462583833  9.79712104089855 1785404710.84269
 0.0217792311363289   0.019322340592969 -0.0206577371071646 0.0356991576548952 0.191480803469316 0.709207894827524  9.72993247684451 1785404710.86219
 0.0282395135160129  0.0310988081187488 -0.0180514365433477 0.0457215523720088 0.223658587062829 0.717792273203985  9.70917670338713 1785404710.88769
0.0237632399149406 0.0148066248737345 -0.012271946147021 0.0305700568145023 0.196349666420926 0.736786786809771  9.75496190987519 1785404710.90801
0.00194857324188303  0.0167226549739019 -0.0113345789729246 0.0202957337277717 0.069140857093273 0.733515161385779  9.80475394754909 1785404710.92572
 0.00794120664042474   0.0106102640402105 -0.00495450372586756 0.0141487657793373 0.111307541290094 0.778761632795804  9.77911754284212 1785404710.94338
 0.00790224438932757  0.00840977098765066 -0.00644051123714159 0.0132155173734946 0.157485023068166 0.756861541912917  9.70408165739886 1785404710.96198
0.00429620599264008  0.0102019194266973 0.00173827867620711 0.0112052736992979 0.134201320228461 0.762808013836623  9.83663533956086 1785404710.98662
 -0.0201705569029575 -0.00497604975141286   0.0126772416569463 0.0243377257140555 0.0471303935233333  0.672061288747906   9.83029748747788 1785404711.00788
-0.0237824098309824 -0.0188550442774333 0.00758294757549077 0.0312828516284148 0.175392355480938 0.795393925955587  9.76072887537537 1785404711.0257
 -0.0127826194934123  -0.0100469511170556 -0.00642324951232311 0.01748126775035 0.175537659977569 0.699947383680456  9.59499664530138 1785404711.04274
 -0.00632282178567492 -0.000794692759555652   -0.0309054964277913 0.0315556543485271 0.181010323848728 0.709574897460658  9.64505574075042 1785404711.06181
 -0.0117725296869867 -0.00118907600726548  -0.0328065151973127 0.0348751171521122 0.109633800208469  0.73978279779419  9.90662838967542 1785404711.08603
   0.003787208392627 -0.00232992368290063 -0.00979141933258915 0.0107537614035242 0.157043959906746 0.736432827260718   9.7677502921268 1785404711.10811
  0.0166533636545006  0.00312489466475205 -0.00457693278648421 0.0175512905909176  0.17010844076845 0.734046333339296  9.70423557742184 1785404711.12582
0.0231646565139085 0.0139237253072116 0.0139633110644752 0.0304211356415461  0.12703780597305 0.723034415511813  9.72327493859094 1785404711.14346
  0.0283797054033726 -0.00101231212646923  0.00974811241749233 0.0300242926698979 0.164383782111099 0.779603466388365  9.78780201141626 1785404711.16177
 -0.0116430467440784   0.0025179055891207 -0.00327410091985763 0.0123539517108467 0.126098780043255 0.851599025289423  9.81917282123121 1785404711.18586
-0.0323877180205117 -0.0175569779774472 -0.0146785815004788 0.0396569351960403 0.116314660403283 0.759239241143747  9.84309644522076 1785404711.20811
  -0.0463377076239293 -8.89935699149744e-05   -0.0157246813899044 0.0489331857997234 0.220667925018373 0.645922108272958  9.74920143858118 1785404711.22577
-0.0143061965648779 -0.0114401476506224 0.00303109038458367 0.0185669530979232 0.109331355524848 0.677468946288109  9.85446579901833 1785404711.24354
0.00748365563102969 0.00469030157461583  0.0171453202136039 0.0192864210182112 0.0798187616014634  0.649542484616234   9.73483925608388 1785404711.26186
 0.00782363286770074 -0.00971810705924893   0.0240826477083315 0.027122403225142 0.151512774585788 0.796037559054153   9.6405148878275 1785404711.28561
 -0.0033477620735244  -0.0200101190211043 0.000387823317713163 0.020291938819774 0.123935540969774 0.764085987010097  9.78492364980302 1785404711.30804
-0.00930482235816384  -0.0307476037409691 -0.00465867432342847 0.0324607162795342 0.0757502827428755  0.711042714595413   9.89733431770737 1785404711.3258
-0.0338073845568229 -0.0194936778357408 0.00521816510500091 0.0393722233713008 0.134698625476907 0.700666231137921  9.90264860314884 1785404711.34367
-0.0408447868630238 -0.0186504145709085 0.00858556924454768 0.0457148397875954 0.105502792438534 0.735066910563595  9.81825790855858 1785404711.36089
 -0.0443849764621385   0.0113788677622541 -0.00404837887917276 0.0459988493187035 0.157759294120123 0.743335803421462  9.72010713737431 1785404711.3844
-0.00936994542813337 -0.00266043710751068 -0.00106638968633547 0.00979851978067809 0.164369458271242 0.677411193673847  9.84259496164686 1785404711.40787
-0.00155584766657743  0.00749514110396821 0.000477879423270004 0.00766982208875624 0.201631867945941 0.732515417005294  9.81896766709903 1785404711.42579
 0.0170571732091763 0.00874276324648375  -0.010133096261933 0.021680929567837 0.157628415097026 0.731375210456084  9.72730282440751 1785404711.44347
0.00453789632597192 0.00974461733920442 -0.0158208837829146 0.0191272170956803 0.182138604123103 0.768597389847274  9.79722635018953 1785404711.46038
 0.00223764325404215  0.00658809019296558 -0.00426435010294816 0.00816055522152284 0.142236877824968 0.712876771696112  9.88038433506996 1785404711.48385
 -0.0204752602891072  0.00448340803323755 -0.00810145292335114 0.0224715547074176 0.175022009955456 0.779048025508189  9.85504259344278 1785404711.50665
-0.00841275531738273  0.00577816133797037 8.40379988546575e-05 0.0102063050543778 0.217945571062911 0.798219463898108  9.87628177923247 1785404711.5257
 0.0294309383127005  0.0122003767234387 0.00381485744135346 0.032087107371305 0.165926907436593 0.752209690907828  9.75211249802845 1785404711.54343
 0.0272456006984571 0.00987209879951598 0.00909688784803725 0.0303732523883587 0.190163906867939 0.679406685682544  9.63815658258185 1785404711.5605
-0.00535540219559941  0.00925153424843242  0.00389607673764771 0.0113776373897303 0.192854783295859 0.707563221047234  9.78545058267177 1785404711.5835
 -0.0160868409905365 -0.00836024560708908 -0.00214876784772484 0.0182564334668378 0.24661240406905 0.74989744496498 9.68585280361534 1785404711.60802
  -0.0244211727894988 -0.000274269750887031 -9.93991405816815e-05 0.024422915151553 0.195743413843002 0.692383326802827  9.68875030778387 1785404711.62586
 -0.0185717862961028 -0.00831294004064481 -0.00131980173912066 0.0203901470072693 0.144456252114896  0.65137658419827   9.7532521373194 1785404711.64352
-0.00181222202795934  0.00182885143615207  0.00212293464166253 0.00333701929076045 0.0806871496844075  0.738071730491091   9.78388917984076 1785404711.66144
-0.00551930348119925 -0.00734592846191815   0.0042515689697399 0.010124288349788 0.102852101178866 0.660543532717841   9.8152361639262 1785404711.68264
  -0.003004212443114  -0.0105112203582325 -0.00874518309986533 0.0139996168973602 0.125552808987493  0.61204468368624  9.86314920764821 1785404711.70795
 -0.00457697922994923   -0.0122849848104473 -0.000751555193035099 0.013131428934906 0.0857819376893402  0.658045737827912   9.92491065112846 1785404711.72581
 0.00846248616388667 -0.00199444098100122  -0.0120216185239897 0.0148361308580439 0.160558490352369 0.661901077170354  9.75283206607034 1785404711.74345
 0.0173342106298117 0.00399584689868054 -0.0112003265378857 0.0210211551811892 0.167254600715721 0.630535606372804  9.63906227296575 1785404711.76032
0.00371666478921777  0.0144381239361623 -0.0204257000004135 0.0252879860894119 0.267878636563803 0.726704219388512  9.69967663587325 1785404711.78193
  -0.009184328440842 0.000516742155593646  -0.0181795075849695 0.020374332072404 0.116384665972622   0.6976447667357  9.90202106161174 1785404711.80652
  -0.0154675581503316 -0.000435490398721186  -0.00555944609450164 0.0164420937808704 0.145705846492307 0.751670912790227  9.81839326583521 1785404711.82573
-0.00540638475098096 -0.00101637591746494  0.00141366035890881 0.00567982849138883 0.101727781589934 0.736369850931748   9.6798349067099 1785404711.84351
  0.0148673538789299 -0.00285804641063796   0.0113467936952738 0.0189197348768369 0.208661262991501 0.696991575347369  9.70370242912898 1785404711.86039
 0.0100473875050391 0.00559968191212094  0.0283858949159103 0.030627854370988 0.115954462083885 0.748781344614255  9.93730539536791 1785404711.88179
0.00379714935823098 -0.0112201252885303  0.0163981850126757 0.0202289403194773 0.126812833760812 0.857038528055236  9.92634251627258 1785404711.90686
-0.0118654301944018 -0.0281634775109304 0.00054274754331176 0.0305657402021066  0.10807933720588 0.827858232577924  9.82094040455888 1785404711.92591
 -0.0328763693162864  -0.0290693324347063 -0.00203841852005541 0.0439321852140687 0.166511033095581 0.654607779919442  9.80624177957855 1785404711.94355
-0.0175706794088374 -0.0182969053053545  0.0102988798214615 0.0273783206975548 0.0691022421031868  0.583837882330981   9.75983550799002 1785404711.96084
-0.00528061306362726 -0.00963439668394491   0.0220024312081644 0.0245929553502902 0.202787249151647 0.535892301742427  9.62738310185632 1785404711.98177
  0.0274701188493861 -0.00705627151688298   0.0259573413567243 0.0384471321118869 0.179326502933452 0.700253051218236  9.79786562907803 1785404712.00761
 0.0307472063922252 0.00337292136771785 0.00230346539050982 0.0310173056902784  0.13083613624639 0.602758331057694  9.59411179386505 1785404712.0258
    0.045738323413915   0.00860271447785067 -0.000829254911770186 0.0465477022935827 0.0171196950632992  0.656842753386314   9.69958313952442 1785404712.0434
  0.0352548400154043   0.0206934892748276 -0.00590963576643727 0.0413043343702705 0.128099673243193 0.728681576415903  9.75272429980714 1785404712.06055
 0.0350869657084283  0.0235325767782422 0.00280179497346815 0.0423406115629149 0.230611631183618 0.720694116223073  9.78766988335542 1785404712.08138
   0.008385536751711   0.0017043755738626 -0.00814739345405817 0.011815335069574 0.237369596868205 0.704588546300109   9.6907272659381 1785404712.10613
 -0.0123713246632531  0.00239982919287071 -0.00949419449376532 0.0157781045491533 0.147186124687341 0.651371071847736   9.8045825784179 1785404712.12577
 -0.0424684043732006 -0.00604513683842378   0.0037307052798841 0.0430584162654214 0.212341617337725 0.702232325616315  9.85085699609391 1785404712.14346
 -0.0376662394650321  0.00101311292009051 -0.00614664347336075 0.0381779153335355 0.155398767529696 0.753532197182561  9.88575843253511 1785404712.16043
 -0.0334434547001004 -0.00223182259282568  -0.0145687552584609 0.0365471520661248  0.19982386745243 0.641786521061312  9.73093168722502 1785404712.18002
-0.0127605564766444 -0.0154697326940025 0.00153897368030976 0.0201125053438454 0.218715351167363 0.609641417761929  9.76271085468481 1785404712.20588
  0.0014096029311197 -0.00524041939196102  0.00282718416014961 0.00611898244011724  0.22914883121439 0.686856143787002  9.71584309654485 1785404712.22581
0.00331658326862238  0.0160121473275936 0.00405218319572597 0.016846625040939 0.141737925534025 0.714977933263396  9.76166834224535 1785404712.24354
 0.00731937869998439    0.021544609353205 -0.00921595848472619 0.0245494885390346 0.100877270347164 0.735095919794696  9.78108729235639 1785404712.26044
-0.00883616225809997   0.0154866217391461   -0.014910585646998 0.0232430372516013 0.151543865819453 0.674052326222666  9.77229461483667 1785404712.28002
-0.0054866852875627 -0.0014673420102987 -0.0129319159906143 0.0141241374677624 0.149692542164133 0.723702931193176  10.0516534193223 1785404712.30583
-0.00724384544503853 -0.00895115032337139  -0.0182405283922725 0.0215711210875211 0.174042858580302 0.712819439466283  9.78632510983277 1785404712.32585
-0.0098506412314151 0.00170603243879274 -0.0314802562343091 0.0330295657242118 0.196605833795033 0.741410446440348  9.78928528395471 1785404712.34357
-0.0170004577780157 0.00751943630865876 -0.0363739044909266 0.0408487259896453 0.133066765385132 0.711753864660561  9.73090637461596 1785404712.36049
 -0.0139031837691412 -0.00463656886500403  -0.0448528198977347 0.0471865631566557 0.106472713827469 0.664473723427218  9.86812983360753 1785404712.37989
 -0.0125343162579935 -0.00367326817279324  -0.0389694070207184 0.0411000811029744 0.216506864559219  0.70829868809445  9.65616261270203 1785404712.40582
 -0.0252427241955292 -0.00414215138421895   -0.033185623729525 0.0419003360991168 0.221767775648277 0.673442573406607  9.84555402658103 1785404712.42576
-0.0346087910009334  0.0130432898308561 -0.0260093643187277 0.0452148521663215 -0.0240068787217939   0.635156159320306    9.97855426146275 1785404712.44363
 -0.0187781107003023   0.0146032412827923 -0.00796004519072859 0.0250845453790715 0.125307500716293 0.597641963193185  9.77523751495453 1785404712.46055
0.00929098082058349 0.00285690869645582 0.00327780829789205 0.010258083600072 0.156752705575072 0.564457034748355  9.65896632706989 1785404712.48024
  0.042148194636262  0.0090471104538203 0.00914841843382862 0.0440682888083967 0.151456320969108 0.525850503683648  9.60167567873335 1785404712.50572
  0.0295385028782201  0.00943045351882142 -0.00916188788235923 0.0323325964844488 0.163663084765483 0.598951489998617  9.73638467745192 1785404712.52587
0.000393118393775371  0.00202274158667409  -0.0220444337104902 0.0221405303282054 0.116231844077145 0.585017028276912  9.76565495062741 1785404712.54362
 -0.0194496604926873 -0.00335919039772696  -0.0136954983617106 0.0240237409406736 0.147382953352784 0.651431159827732  9.79308425386222 1785404712.56056
-0.0402943815323225 0.00640762487479322 0.00713128784197623 0.0414191997254119 -0.0674623230741349   0.649721775168001    10.0396410137797 1785404712.58007
-0.0399771083027401  0.0105612967615473 0.00735983312516973 0.0419985395122833 0.0520583185720167  0.577347630325797   9.76459900148364 1785404712.60558
-0.00363732816586889    0.021538261896826  0.00304342090821448 0.0220542352519203 0.0232536254803686  0.680585342527557   9.64020366954986 1785404712.62582
 0.0165464638003985  0.0119810501683467 -0.0116166145359737 0.0235005693699479 0.153114719209531 0.766779944774121     9.82768256935 1785404712.64293
 0.0189350711746881 0.00777217621395332 -0.0162699926185945 0.0261468220497323 0.178107963052769 0.692896990680708  9.93697206809946 1785404712.6614
0.00731140896354519 0.00144218854904522 0.00712292329313526 0.0103088624533988 0.145168300441167 0.636359593766979  9.92439986257716 1785404712.68006
-0.00930457919430637  -0.0206472712828339   0.0218012759116603 0.0314353405705489 0.0678282938074388  0.659062822852895   9.92853645418382 1785404712.70444
-0.0194336757384446 -0.0252247707594476  0.0120843584209713 0.0340586043610156 0.141190002621702 0.679368214336052  9.64269934579881 1785404712.72577
-0.00302481224897551  -0.0127341896451029  0.00364817847907812 0.0135874310034755 0.191590683725897 0.586389050409217  9.56111065356533 1785404712.74347
-0.00740160974045255  -0.0142827770794811  -0.0118107849376871 0.0199568581870095 0.309425053454329  0.67365270756141   9.6388249675561 1785404712.76132
 -0.024981434148924 -0.0248033831726166 -0.0157037576542349 0.038547216156392 0.207323149010558 0.658727715884712  9.83078125765663 1785404712.77977
-0.0438066634302779 -0.0547873610657594 0.00111146375894173 0.070156354274798 0.133537411839427 0.658249289647433  9.77807143549445 1785404712.804
-0.0589036358573715 -0.0830850769120988 -0.0126798327402008 0.102633067190972  0.18940494002661 0.595512976463982  9.78298480375642 1785404712.82587
-0.0786939072583662  -0.106627310365115 -0.0216738216252587 0.134282794501494 0.119583480321373 0.563452811320882  9.92771671832596 1785404712.84343
 -0.074237505136839   -0.11792941366076 -0.0120964055411559 0.139874503760796  0.24320431804128 0.521846550149503  9.77167157401245 1785404712.86042
-0.0540246234163332  -0.111669906299439 -0.0184425192772901 0.125415128375708 0.340998371963398 0.534097969633861  9.62157225867425 1785404712.87954
 -0.050064434365685   -0.12233456560618 0.00588908302616434 0.132313547414079 0.398774942708316 0.604836328339616  9.78478726113056 1785404712.90373
-0.0328739177018752  -0.147960924383492 -0.0137537300115559 0.152191638070946 0.410327237849787 0.534883704241888  9.82676453202984 1785404712.92581
-0.0440116890745827  -0.180456962423167 -0.0272259359549043 0.187731179218623 0.271663216189189 0.559955604011066  9.91069467103843 1785404712.94372
-0.0352235503693305  -0.192482074251024 -0.0363577827181867 0.199027474919369  0.34177326624466 0.565013428820191  9.77241902413729 1785404712.9616
-0.0275502749684152  -0.209151543424725  -0.012476913223695 0.211326901106725 0.440687084311258 0.591350702846623  9.82763210775179 1785404712.97977
-0.0185478445794529   -0.24954044236546 -0.0175891683390907 0.250846235286388 0.410063736346953 0.558386513283284  9.79093447729887 1785404713.00366
0.00461611749702622  -0.295418277346762 0.00216035151102631 0.295462238280843 0.440465844945148 0.619401186118249  9.89673599077983 1785404713.02576
  0.0324716132780358   -0.415514422321948 -0.00590013319496656 0.41682304686538 0.551379661271058 0.612302577808308   9.9454736210596 1785404713.0439
 0.0678640839209576  -0.546723945491914 0.00109731182311576 0.55092087503916 0.495271133909241 0.591303476508063  10.0608444033508 1785404713.0618
0.0706029232763339 -0.630644850644399 0.0314101117690769 0.635361547105902 0.620647169558507 0.535394869551408  9.80983296315816 1785404713.08
0.0923854325809571 -0.687792218530881  0.038259660306497 0.695023025252812 0.811236077326517 0.522712150216339  9.76876586193108 1785404713.104
 0.117611609037964 -0.708976202187737 0.0644067316453773 0.721545544598735 1.06028052784143  0.6312525268159 9.64372472425961 1785404713.12591
 0.151670137873598 -0.709740329082399 0.0851819956090127 0.730746972504521  1.07968215023597 0.743708063685333  9.67064088475302 1785404713.14394
 0.146997821490139 -0.697508045001733 0.0878520610834238 0.718222679258732  1.19602692687512 0.812626867746602  9.80789129043043 1785404713.16203
0.0916339606492337 -0.703171000915219 0.0703684483421218 0.712599437127517  1.34579198956939 0.811729054479638  9.88510848603423 1785404713.18048
0.0444900347296571 -0.768934011848082 0.0719642946848953 0.773574648936046   1.5601578834007 0.755931419776113  9.65942369588922 1785404713.20392
0.0443347156189291 -0.821408724116443 0.0745743641715807 0.825977720556196  1.76561116080733 0.607379507836458  9.58603343619122 1785404713.2258
0.0716747141710956 -0.841846361280965 0.0814378882190112 0.848807805272243  1.90201428545213 0.714026517583882  9.66043831220679 1785404713.24395
0.0942071666734027 -0.833631547346971 0.0633663814340803 0.841327430481608   2.0400623855639 0.665439946056809  9.73358734579231 1785404713.26363
0.0978885195346004 -0.823251568235267 0.0307867045277059 0.829622280338576  2.07110251605474 0.657931164428638  9.51944021218242 1785404713.28193
 0.128345807872165 -0.804907511318001 0.0112786561475739 0.815153946355528  2.32225970558181 0.772957128905405  9.39326464610281 1785404713.30403
   0.154420716698265   -0.779301086590857 0.000374832408116968 0.794453322610353  2.56993314782941 0.699445999545004  9.37730775515339 1785404713.32577
   0.160534304256678   -0.737848863623506 -0.00470269834211719 0.755125369568108  2.66332431348956 0.750489581313263  9.43608394153309 1785404713.34384
    0.130814535762377    -0.682434818196629 -0.000827491594535604 0.694859992081953  2.77145972398834 0.834740082682726   9.1346828495559 1785404713.36432
 0.116239255012323 -0.662691999733025 0.0110520465108523 0.672899991564908  2.93945881540715 0.831590370525956  9.28082590154476 1785404713.38343
 0.133836541379802 -0.640549679466823 0.0166725946815166 0.654594597508238 2.99702818399956 0.88175800990601 9.34433244134773 1785404713.40436
 0.137849899868103 -0.588223847927756  0.016389047025743 0.604382735546767  3.04283856812018 0.878735389887712  9.44026451739268 1785404713.42588
  0.103287717984438  -0.565924878626548 0.00666444482337256 0.575311859568104  3.39745221590391 0.882899424245637  9.10277378264491 1785404713.44432
0.0540358907358155 -0.558832716225222 0.0122514810612925 0.561572774446436  3.50390390842793 0.932050910574628  8.95599692044687 1785404713.46476
0.0359985630362016 -0.615701106064332 0.0141232628307474 0.61691426884333 3.50307977211229 0.83992600899301 9.02457783100348 1785404713.48365
 0.046048863493071 -0.601670529404898 0.0193093055259627 0.603738994154981  3.52542937844563 0.871502504102139  9.19045198265236 1785404713.50458
0.0730456718226569 -0.530268151592108 0.0188679424063843 0.535608048871173  3.58048246906447 0.948782367717708  9.15409971479287 1785404713.52578
0.0876778445146274 -0.490258966798495 0.0113278583243125 0.498166216557561  3.89624485028701 0.923084219475177  8.84984872277622 1785404713.54444
0.0434353095728665 -0.463215931695872 0.0156027522230605 0.465509475060927 3.86305205914794 1.01218342965376 8.78034686481902 1785404713.56468
0.0133612808589447 -0.441962314514632 0.0245454919768044 0.442844998225909 3.88533327722605  1.0162803850144   8.873279854717 1785404713.58359
-0.0200363089551874  -0.384350505919333   0.051552213534451 0.388309664826021 3.92418602141394 1.03293826022653 8.95946702144923 1785404713.60414
-0.00830496621670563   -0.286591931396372   0.0469752754493444 0.290534996358279  4.20940488614285 0.964248668724526  8.75218258417977 1785404713.62578
-0.0286645764507805  -0.166248564861045  0.0452794942744185 0.174672481699914 4.20195352871146 1.01924911513515 8.81107832594339 1785404713.64413
-0.0309020321037957 -0.0886578705193249  0.0209760799318728 0.0962036876760643 4.32652425241204  1.0354585603158 8.87006871077469 1785404713.6642
-0.0573505562093057 -0.0303475032328443 0.00219120496384086 0.0649219425862919  4.19321732805037 0.958148801051761   8.8727211352423 1785404713.68362
  -0.063372399671303   0.0394884742248187 -0.00463052631873198 0.0748120472296542  4.33065113807459 0.933362034433358  8.98376288853412 1785404713.70406
-0.0458372100682326  0.0688848164248234 -0.0139438408883752 0.0839082740821263 4.24474124928468 0.78622630692962 8.84334422038071 1785404713.72593
 -0.027764530988747  0.0650264303019924 -0.0185126137017115 0.0730891420452708  4.06612850956818 0.906327506742722  9.00655665815759 1785404713.74462
-0.00656267981261217   0.0666818762499551  -0.0278806272457474 0.0725732096723957  4.11017872974281 0.934324144545611  8.79050929856794 1785404713.76486
0.0193307203395067 0.0531896710716186 -0.018960741957406 0.0596852376482371  4.23072612383649 0.964076658432203  8.85526047674961 1785404713.78375
  0.036626690066838  0.0699605121447986 -0.0104886706769908 0.0796617844225516  4.01532216204317 0.984217453278357  8.97671354243734 1785404713.8039
 0.0405304537611285  0.0892890639018343 -0.0100131579281839 0.0985673269711803 4.07260186335308 1.04129073382346 8.96379257853733 1785404713.82584
0.0203999843111726 0.0716462095567861 -0.010681917209578 0.0752558440190745 4.09312948978994 1.00749354531422 8.83799969197437 1785404713.84452
-0.00433648093529186   0.0565037885727732 -0.00863996492476949 0.057324795541546 4.05244577657789 0.98074698694806  8.8615576337823 1785404713.86552
 -0.0240612204056979   0.0466236804645326 -0.00964893995552475 0.0533461521549187  4.04648906552375 0.940848485483985  8.78881452734215 1785404713.88389
-0.0300341223981536  0.0695536865138673 -0.0117091233504001 0.0766607290960077   4.0716283993445 0.953016066872247  8.95557616053515 1785404713.9038
-0.0337757656085749   0.104707041803619 -0.0169330903020219 0.111315302150633  4.09640362578707 0.971950848871631  8.79575004915703 1785404713.92579
-0.0334162317097784   0.130286535202723 -0.0221925055233062 0.136322166569542  4.07782505678716 0.923693363496147  8.77802818407533 1785404713.9445
-0.0392883494901062   0.134285303205121 -0.0176422859775101 0.141022577330938  3.98822657152931 0.941056292437308  8.94712665139944 1785404713.96479
-0.0265062557252388   0.139706021583258 -0.0174833258134366 0.143269050184233  4.02910343947064 0.959091212082335  9.11207951742357 1785404713.98378
-0.0016708302460778   0.161838662322201 -0.0163844207827789 0.162674501813707  3.8632695488578 0.88977778969944 9.05450707055684 1785404714.00385
 0.0389496338337311   0.188370181510605 -0.0200014607573042 0.193391979385252  3.95094684888786 0.938543638776228  8.92120117218971 1785404714.02576
 0.0336484167836656   0.202178598646005 -0.0168607552583032 0.205651858173929   3.8572627983871 0.824028734696406  8.99612390153107 1785404714.04438
 0.0058292292566503    0.22200734186538 -0.0187180401693756 0.222871274020768  3.80493251660053 0.955741040862939  8.95960117685731 1785404714.06555
-0.0590621890919568   0.253594019613478 -0.0125711119661725 0.260684295307794 3.75570430068327 1.02687200695365 9.01448011150697 1785404714.08366
-0.0755522081606247   0.305593371180261 -0.0137610571277252 0.315094924364922  3.79229271978228 0.910701371799976  8.87362097594856 1785404714.10387
-0.0668335629124655    0.32672262704147  0.0027303845308249 0.333499408023672 3.56434275135587 0.86682357289766 9.20642869576281 1785404714.12438
-0.0694535807299927   0.361541362130413 0.00585293471696217 0.368198605717258 3.44071115513216 1.01372606613882 9.18278690180143 1785404714.14397
-0.0718481175903598   0.414181946611559 0.00278837226680233 0.420376749975682   3.4487234991736 0.904211445137295  9.32094654456384 1785404714.16465
-0.0682921467105352   0.474159351211972  0.0100917541147175 0.479158377934898  3.52302642626751 0.930339751784129  9.20839948236147 1785404714.18367
 -0.0229309926972057    0.537893619419962 -0.00523630658935691 0.538407647740524 3.36029392050346 0.86294138710174 9.28377511182346 1785404714.20398
-0.00559923194076503    0.592839362503078  -0.0306415311252841 0.593657110259015  3.33349112238144 0.846127688265505  9.32664215302918 1785404714.22578
-0.0235893879795772   0.620392323658428 -0.0302887663014536 0.621579040704896  3.21025463636916 0.841330117798195  9.30312505902232 1785404714.24401
-0.0482763552911368   0.632181011391726 -0.0473278450744421 0.635785626263957  3.10928216042111 0.855633442926144  9.17452142623569 1785404714.26434
-0.0693310197578006   0.635553854280104 -0.0516257647983649 0.641405263138656   2.8142097675471 0.808913247508007  9.40361002208472 1785404714.28356
-0.0616264668306126   0.621720737107861 -0.0478447229926419 0.626596851158869  2.56481241441573 0.783396799077444  9.26629204668338 1785404714.30374
-0.0276392032356714   0.606732711242889 -0.0334880128532076 0.608284436306328   2.6332729942812 0.835919418223949  9.35489299393762 1785404714.32593
-0.0023416397557431   0.587452517490886 -0.0347250668062532 0.58848260284211  2.66614741758168 0.820660104375383  9.44153442906131 1785404714.34432
-0.00561091567927994     0.58312480739516  -0.0138478232691137 0.583316196915271  2.44578010319889 0.874819166325429  9.65392279591864 1785404714.36427
-0.00831144873349018    0.585710960124197  -0.0089014163328126 0.585837557862577   2.3631834818517 0.856608579473033  9.50533822871611 1785404714.3829
 0.0118438008110445   0.620486539258783 0.00392907858601361 0.620612003330203  2.27404681156798 0.870576905816417  9.25660357355748 1785404714.40341
 0.0280748495968589    0.65783541226239 -0.0238668831663207 0.658866644259967  2.37098006493367 0.805572280517521  9.45012577885338 1785404714.42577
0.000176344845443306    0.656595862036224  -0.0136418818536385 0.656737586925787  2.10346260144474 0.904374705815178  9.58243487061182 1785404714.44479
 -0.0169245731401573    0.678815920560659 -0.00469183603628511 0.679043082954228 1.88281965579379 0.93866090109924  9.4121348373967 1785404714.46415
 -0.0131998804471883    0.716245104843836 -0.00444031038942979 0.716380487878426  1.73498727233743 0.791745669693781  9.57211387166819 1785404714.48272
 0.0234359466275536   0.736443006236092 0.00312360487178194 0.736822435825469  1.58724308707904 0.765418644437516  9.57581988955211 1785404714.50297
  0.078054526648255   0.747593812267081 -0.0037915598947742 0.751667076036158  1.64005222826622 0.753053566518304  9.63963331497015 1785404714.52587
  0.0773652490606649    0.730672888783488 -0.00405903279453609 0.734768485927814  1.32237556093432 0.950047660047016  9.77094565868639 1785404714.54586
 0.0499606922162636   0.733307185862869 -0.0465093430218645 0.736477167733783  1.19492776933071 0.994396175902434  9.77025549381125 1785404714.56401
   0.01726683130702   0.715434742185827 -0.0559961502492489 0.717830469284094  1.03745789220669 0.942342852259358  9.72659208738554 1785404714.58195
  0.017978043271842    0.70335726879785 -0.0732893356295396 0.707393797207521  1.04069286580512 0.868551015067686   9.6308336737562 1785404714.60181
  0.032463541975435   0.684741132647432 -0.0618960370452786 0.688298931932042 0.896617519311086  0.89668485216665  9.80351199109824 1785404714.62577
 0.0243621691112389   0.679282095876659 -0.0428631579217821 0.681068962271383 0.575893629936105  1.05890962610951  9.67595875865393 1785404714.64572
 -0.033468743951362   0.644020952560117 -0.0506883942381119 0.64687901300673 0.469947414199576  1.04501800234316   9.5672741717138 1785404714.66366
-0.0740878046121989   0.635761782087539 -0.0515348394890668 0.642135410981626 0.428691772427221 0.982143539726923  9.70753093852632 1785404714.6807
 -0.122641811724199   0.643960922699551 -0.0583531934723876 0.658127479395502 0.221646948918517 0.895497302797013  9.87756599427378 1785404714.70051
-0.130011147675957  0.709655545364434  -0.05131541369461 0.723289128405205 0.100289311525555  0.96138252547604  9.87505818235699 1785404714.72576
-0.153683287104011  0.725295139778095 -0.053237470720089 0.743307352855797 0.0110238421273355  0.903499177592442   9.73775398980088 1785404714.74582
-0.190333405258354  0.736393692885364 -0.033220249403268 0.761318633063056 -0.0471525487721111   0.909806960330898    10.0098203767738 1785404714.76362
 -0.180469808514866   0.725640807080347 -0.0492403604842851 0.74936542873703 -0.304683656336449  0.744983783066149   9.77494231537547 1785404714.78154
  -0.14297293687121   0.719439331781601 -0.0538491198427814 0.735482114330306 -0.36891472886674 0.644838581118535  9.74595729212033 1785404714.80017
-0.0528341949913072   0.662242417323075 -0.0389388959309825 0.66548682111565 -0.406449148082821  0.558903870767786   9.83540182326355 1785404714.82595
  0.020893160264939   0.629682377946236 -0.0149804496989316 0.63020697799617 -0.697194125370419  0.538943793563479   9.86799376807609 1785404714.84748
 0.0878941745507968   0.592479128492397 0.00984072998182556 0.599044024747474 -0.836010850643145  0.711449296026427   10.0300078903363 1785404714.86378
 0.159177424327809  0.537356211871867 0.0112609630108512 0.560549694622029 -0.991695001025143  0.698848362603706   9.87711171988372 1785404714.88061
   0.219258430734846    0.499238589817483 0.000409631094741928 0.545264703432094 -1.12791185858164 0.815340614066882   9.7883593009213 1785404714.89957
  0.276642287377546   0.513181279464161 -0.0489471861627581 0.585048551652942 -1.10056034985516 0.896970835503314  9.88726953676863 1785404714.92576
  0.283877918953391   0.543172136548019 -0.0599296573955538 0.615803707870451 -1.35109357162299 0.957351871369992  9.89397246811421 1785404714.94767
  0.257792035221472   0.565221725954137 -0.0849361935107022 0.627013947119432 -1.31478333596076 0.861232250019118  9.44623167038623 1785404714.96385
   0.21260481360008   0.567460492375838 -0.0782277922797198 0.611008841718606 -1.36274183257072 0.830388880461322    9.448135033716 1785404714.98052
  0.171273158907609   0.559218601327401 -0.0689929614847943 0.588914227852586 -1.56114406601818  1.12361577868889  9.58340061030693 1785404714.9988
  0.186517869785171   0.542918426423678 -0.0878074514651987 0.580740460130319 -1.7519621803775 1.12693452333193 9.66053709767128 1785404715.02456
 0.156733346318154  0.545866250917199 -0.103722014183866 0.577315825146724 -1.93620620728884  1.08863060084346  9.48243940839989 1785404715.04792
 0.134444334840424   0.52207987042967 -0.101802353294603 0.548640491957042 -2.0163749540698 1.11362079911357 9.41792506213267 1785404715.06429
 0.131505008559971  0.498348089805549 -0.108494868725361 0.526702498977298 -2.04820892742194  1.10024986637985  9.32319259340658 1785404715.08186
  0.142685010756912   0.467341440314021 -0.0789756434397812 0.494978975701202 -2.07977301851027  1.06642819634739  9.40989138121824 1785404715.0996
  0.151563941503741   0.471226813527613 -0.0408104619055867 0.496680814963176 -2.14248777057039  1.23071429720295  9.55246986401638 1785404715.12578
  0.150955429950606   0.475665299195047 -0.0657769350631477 0.503360332044737 -2.27834873756808  1.21911959191749  9.36918020988931 1785404715.14795
  0.149197722036378   0.472491067719611 -0.0721955894657516 0.500719454858676 -2.4038284267976 1.16360621189433  9.5145432289642 1785404715.16443
  0.140037068679771   0.479959332163012 -0.0632660696863749 0.503958268816327 -2.53183669765774  1.21702464126661  9.49648164159086 1785404715.18186
  0.109244468879488   0.491976900974097 -0.0837432200582549 0.510870386672161 -2.54810292634175  1.26268884744845  9.43960125552691 1785404715.19976
  0.146345306307433   0.517266968572222 -0.0617620750901444 0.541106846541007 -2.63000079646416  1.21907213261416  9.22835311369473 1785404715.22592
  0.165901885941879   0.541439578308694 -0.0301669978529746 0.567089323191356 -2.70672354745823  1.20871432785915  9.37595778522692 1785404715.24841
  0.168737105854564   0.558090228186343 -0.0373459085982368 0.584235937424502 -2.81524955697423  1.31710351327267  9.14319278671026 1785404715.26461
   0.16271603172969   0.540663928291443 -0.0949432832292716 0.572545384548461 -3.03322423499251  1.39107928100436  9.24782137643174 1785404715.28186
 0.159459622875376   0.50561524673692 -0.101084716221563 0.539714988594895 -3.11760661563365  1.41392532955402  9.26958391365586 1785404715.29859
  0.166665685831143   0.408118896453571 -0.0633837993190574 0.445371744155559 -3.28015155867204  1.35044954705467  9.22086750282459 1785404715.3255
  0.178886521232195   0.352753509918232 -0.0659474965601494 0.400979424086498 -3.26408284076309  1.58134836328865  9.22667831483275 1785404715.34841
  0.143482867377214   0.322868205638325 -0.0973118083820982 0.366470734839077 -3.35403748709443  1.61317050993356  8.93352878260607 1785404715.36576
 0.122614997711949  0.250303016957716 -0.104952876134212 0.297827373105427 -3.42094024654961  1.44921325898172  8.76299643733543 1785404715.38243
  0.088857074443887   0.158064762368922 -0.0656255366874305 0.192838688667455 -3.41019851175668  1.38641547623415  8.84802694324126 1785404715.39976
  0.0468521075798092   0.0637436719046751 -0.00753908052912717 0.0794683171319586 -3.47052232834296  1.51330751659471  8.91688671202212 1785404715.42434
 0.0152626151863104 -0.0151883563321463 -0.0115823497952591 0.0244496302053299 -3.42433452144301  1.51955759924344  8.84649960606035 1785404715.44849
-0.0239441280462901 -0.0560433146440505  0.0017476231940605 0.0609690788106365 -3.44197606480238   1.5161561579364   8.9694645427939 1785404715.46589
-0.0585156652434577  -0.101427702823159   0.017846892029152 0.118449033486844 -3.51603942425917  1.44506043241608   8.9937998158279 1785404715.48359
-0.0914527661410583   -0.13135497501017  0.0329477874233904 0.163411427357056 -3.3784619229323 1.48120612533426 9.01496184880081 1785404715.50009
-0.0851630336160736  -0.161633611815225  0.0112093031815812 0.183040474324517 -3.31105255075203  1.45620442067918  9.04021623927193 1785404715.52584
-0.0644278324209164  -0.176272118970365 -0.0150437749873176 0.188279368712106 -3.22341357348456  1.38024348106756   9.0483567292868 1785404715.54981
-0.0604989184735096  -0.180766831807365  -0.014867677547926 0.191200979217695 -3.13457133083348  1.28463640358612  9.07195772225401 1785404715.56657
 -0.0482279122254935    -0.17300554782218 -0.00569928857680602 0.179692328676447 -3.2595651455169  1.2743431000934 9.17686559968807 1785404715.58388
 -0.0294412983993068   -0.173434849679211 -0.00922052282920107 0.1761574726656 -3.1888300902097 1.30702355596342 9.12956916335372 1785404715.60044
  -0.01019581977819  -0.174375057730037 -0.0117779618156869 0.175069517289089 -3.15107047109075   1.3183589285673  9.17400338949672 1785404715.62583
   0.0197262023374529    -0.194334942455133 -0.000271855268001769 0.195333731912808 -3.08331799666858  1.29552733611988   9.3232736964298 1785404715.65139
 0.0357755507406452  -0.221665560408424 0.00806338440767172 0.224678723670229 -3.13725295374223    1.375559676468  9.22800790246425 1785404715.668
0.0480711557725116 -0.273269634294202 0.0204347458231601 0.278217015801423 -3.02150640711506  1.44852482984103  9.31186574719742 1785404715.68437
0.0608727833248358 -0.333625517302682  0.034962307357158 0.340930849998839 -3.19500834390338  1.44308110605906  9.48701362001859 1785404715.70179
0.0668763702761183 -0.406910691323868 0.0518926634672873 0.415621953386375 -3.03279229611773   1.4686115365571  9.24511825873047 1785404715.72594
0.0591139184932283 -0.523321541081636 0.0862832945870328 0.533670963838651 -2.92586833170168  1.49549872387722  9.31578236081704 1785404715.75173
0.0625169309757646 -0.611069959497187  0.110135990045869 0.624055124457692 -2.90101508510539  1.54679224643891   9.1704385642776 1785404715.76841
 0.063633117592345 -0.675566134750034  0.102324576974093 0.686228165502226 -2.67151095145909  1.60013134523759  9.11081943464336 1785404715.78576
0.0499607077196028  -0.70552146168172  0.102779061636297 0.714716825547148 -2.6939063544355 1.53227658648522 9.26565514490538 1785404715.80212
0.0159070938942692 -0.713883490883588  0.100638203357287 0.721117689539843 -2.46096701909507  1.55947801788393  9.43680356670583 1785404715.82576
-0.0570192691325284  -0.713059187493837   0.107494162620927 0.723366848092552 -2.0152018504412 1.61743098075457 9.34540603883318 1785404715.85066
-0.0716225767376984  -0.711778900218663  0.0855421644899858 0.720469609491385 -1.99653363082214  1.56211744909621  9.54744085583607 1785404715.86836
-0.0638170439924974  -0.701757050764124  0.0904596778485819 0.710435448663403 -1.91958612662563   1.4621704233244  9.55916666498228 1785404715.88575
-0.0157033245476186  -0.678986936141043  0.0854373626161357 0.684521290233438 -1.77248498905675  1.50426984250851  9.61749393174541 1785404715.90227
0.0240235346153212 -0.640338571445793 0.0834984285636445 0.646206316797701 -1.57411466295442  1.50429022062456  9.64754859287917 1785404715.92477
0.0638715695141563 -0.618507763754891 0.0911637258131681 0.628444314256574 -1.35454575394613  1.53017557607174  9.57999688720257 1785404715.95178
0.0635726201113418 -0.588890440366943 0.0978468937775183 0.600339440154736 -1.31302907366577  1.48975078682837  9.69508793430662 1785404715.96961
0.0426498118068634 -0.536503003164606 0.0924636744226584 0.546080589235272 -1.24400177351413   1.5190963934867  9.68742328176721 1785404715.986
0.00662000257265704   -0.50471701151424   0.119006063695026 0.518599584787832 -1.1299910417896 1.47581649920509 9.47253926809195 1785404716.00376
-0.0289312985660435  -0.491565717818149  0.0869951053360163 0.500042021557403 -0.984989110689865   1.56786856213754    9.4898760189209 1785404716.02593
-0.0550272444733981  -0.510236834250528  0.0645906254690913 0.517244210754286 -0.989034116822167   1.44423940368601   9.41870321006178 1785404716.05171
-0.0552215104960184  -0.550257310913644  0.0636198358814044 0.556668668916217 -0.933250185457966   1.43675504674385   9.60755665346053 1785404716.06978
-0.047680882491821 -0.566741978340996 0.0657092249983187 0.572527413159356 -0.825928908632143   1.48419654587789   9.62796307719784 1785404716.08643
-0.0614446161373573   -0.58008851533393  0.0650156235780563 0.58694561739895 -0.656270806422368   1.52608460800471   9.44377242305596 1785404716.10393
-0.0665432973387337  -0.632041761945083  0.0613884295074346 0.638493021528619 -0.568770396526255   1.47791781098771   9.46815085862948 1785404716.12593
-0.121406677798685  -0.74253818426142 0.0998315247034081 0.758992009065292 -0.45754228761079  1.60204415359036  9.70622803931279 1785404716.15042
-0.154972690737997 -0.761407206167601 0.0981549259561857 0.78319337201485 -0.296092667509761   1.46230308543128    9.8218246053442 1785404716.16899
-0.163935990383603 -0.755647149421186 0.0903901581497137 0.778490850339134 -0.0639558576144919    1.39387446225556    9.72128504146033 1785404716.18645
-0.140014473160595 -0.771480365626446 0.0826641211283123 0.788428414102048 -0.0145755152595506    1.34722187787954    9.73069562796405 1785404716.20393
-0.124197998925988 -0.812295149059122 0.0789996054893831 0.825523766944162 0.100763739739468  1.37288494365308  9.69201456813709 1785404716.22591
-0.0952063367031331  -0.912895327206753  0.0915846410659022 0.922404396923348 0.371570665324267  1.41815131587214   9.7582597187073 1785404716.24966
-0.0479106678851978  -0.941480572631836  0.0924776766651099 0.94722395526177 0.553919442944281  1.28974399020081  9.75640461228501 1785404716.26867
-0.0263645650739492  -0.937712094669827   0.111388338269803 0.944672654777368 0.579671683240813  1.34775314934127  9.86901764489097 1785404716.2864
0.00875908521997346  -0.988863551078312  0.0971082972653662 0.993658827577594 1.03663436863136 1.34994950262673 9.66492322539673 1785404716.30414
0.0016403609447843  -1.06610619888912   0.11395952121113 1.07218090384436 1.07855146699904 1.30973900186149 9.48384623267045 1785404716.32595
-0.00814552332383898    -1.15161903119337    0.132141337525571 1.1592040698859 1.30784254502614 1.37435612247436 9.55756475678677 1785404716.3494
0.00727423836579221   -1.14067587129401   0.104244065028096 1.14545239228426   1.540188056763 1.41189299644769 9.59543382853357 1785404716.36818
-0.0100812762384365   -1.05866897670916  0.0963940440797048 1.06309616033125 1.80291948864766 1.39775981305433 9.69663432792315 1785404716.38653
-0.0179850144806703   -1.02239508519625  0.0956782457847716 1.02701971631307 1.90863118697577  1.4383798952865 9.50216168647743 1785404716.40439
-0.041999816342132  -1.05137344069461  0.129118267662579 1.06010453419226  2.1602711102671 1.25919937492066 9.34279195243452 1785404716.42577
-0.0357513955294253     -1.047224978072   0.139662616371423 1.05710168072514 2.24210979959639 1.16709191251214 9.45828964490942 1785404716.44779
-0.0202796358181841   -0.96791971698047   0.121028144652739 0.97566779896979 2.37382906467343 1.21628658943655 9.59208376830233 1785404716.4676
0.00340478287160279  -0.949064080021804  0.0794240026503305 0.952387732350137 2.67132577658536 1.26145086113917 9.32166789854069 1785404716.48626
0.0291259407067548  -1.00915381586511 0.0962346329074237 1.01415030891283 2.93610833764348 1.36601660247953 9.24898034075517 1785404716.50584
0.0159903927573554  -1.06557525329961  0.115519299725478 1.0719379747514 3.08829533284178 1.22298984996048  9.1237117857094 1785404716.52584
0.0252000659408561  -1.07261151469836  0.148964494615114 1.08319939320647 3.38063532412321 1.08999611176777 9.03967100573674 1785404716.54678
-0.0250675139275401  -0.998004064920111   0.145511496053512 1.00886772638206 3.55943108774035  1.2248529115716 8.87517869576813 1785404716.56748
-0.0961924775084841  -0.958621322325948   0.173529479336762 0.978938359931849 3.84001790084248 1.23093456817502 8.82643202871506 1785404716.58631
-0.127250024443643 -0.909900455699808  0.186644081879787 0.937521957771857 4.04444005551739  1.2867617164001 8.95142274955983 1785404716.60596
-0.0872759524486194  -0.802654745064886   0.175598050686068 0.826260495882344 4.20316358279304 1.21863632540634 9.04136666636074 1785404716.62585
-0.0538134023033665  -0.688682278195482   0.146504871513592 0.706146472019224 4.27905213965713   1.132410161452 8.91784719375204 1785404716.64755
-0.0801189672449647  -0.621248808996707   0.133709487841374 0.640505549336638  4.3409716630119 1.07117351589958 8.71965997853654 1785404716.66766
-0.105570185362446 -0.583799999798082  0.117045145030474 0.604704117545851 4.40020514454102 1.07340880008892 8.85821497199291 1785404716.68772
-0.0905316633206431  -0.534176959531801   0.104435444836295 0.551767857251939  4.63525223528738 0.897569893872443  8.74778311170101 1785404716.70607
-0.0231221243959295   -0.51347082515438  0.0935809628328522 0.522440731113132 4.72313150122859 1.00285845651169 8.63528995127331 1785404716.72597
0.0303978014384598  -0.51031207863761 0.0888508878558258 0.51888045271382 4.80173649092091 1.07631254564752 8.47802437973889 1785404716.7479
0.0146656126376887 -0.518260206188953  0.102408304936862 0.528484798677404 4.67335329521057 1.05251568006342 8.54910072820307 1785404716.76783
0.0218476629784581 -0.547813798517437  0.116195413991453 0.560427205314275 4.81749468786478 1.06345470335353 8.67162260109068 1785404716.78757
0.0530270598049683    -0.568493941958  0.129009613834652 0.585355201203741  4.93779217436829 0.989292411051392  8.49185468105375 1785404716.80627
0.0529321238780976 -0.593083126071468  0.124094398048376 0.608234184994513 5.30947109039759 1.07931197215657 8.19766549812033 1785404716.8259
0.0328872991337816 -0.656849575714793  0.097547677535519 0.664867271681793 5.05584506759371 1.00813254003638 8.28446730244092 1785404716.84835
0.0151142071926858 -0.663455119221079 0.0882536937527383 0.669469826758998 5.09354393186237 1.02075307302872 8.40608411302844 1785404716.86815
 0.073061404992544 -0.628350243368016 0.0787661356975095 0.637468510102929 5.15886514355139 1.04246831242726 8.19666807223573 1785404716.88657
 0.121926462814516 -0.532444954299004 0.0742666637102654 0.551252418617444  5.42092304192848 0.985307527808519   8.0951773142753 1785404716.90603
 0.120715433347192 -0.483077618455808 0.0795128097706984 0.504240506324876  5.51458396491134 0.950100320044805  8.01501107394838 1785404716.92555
 0.112556117959211 -0.429632317459314 0.0842593446985383 0.452053586496707 5.61287399541064 1.06295458856492 7.94201831808684 1785404716.94837
0.0890282334008157 -0.347052156969234  0.070903536125496 0.365237645149795 5.63889117116046 1.09438138996052 7.90240042012708 1785404716.96809
0.0603703654607864 -0.263455457705619 0.0241215489893293 0.271358081409769 5.86045143447506 1.25700801032347 7.87683361047349 1785404716.9876
   0.029264582592075   -0.172199619465756 -0.00391357894375397 0.174712451870462  5.8394505432493 1.11966887519693 7.89605406721191 1785404717.00605
-0.0390180234948279 -0.0771546773818831 -0.0104443220916646 0.087088083359894 5.90412934938058 1.00263522102051  7.9939896050441 1785404717.02597
-0.0900667240652898 -0.0149893262897819  0.0108124654196297 0.0919434831563678  5.7670376764177 1.03319113568647 8.04614301662837 1785404717.04834
 -0.086583804912524  0.0408400176280569 0.00570114517342009 0.0959018527937726 5.79073435862911  1.0229731246046 7.81396959888006 1785404717.06817
 -0.0452658770790425    0.105321862550801 -0.00857110823674995 0.114957201841863   5.7903660047786 0.973411410067398  7.89787079587479 1785404717.08697
-0.0161328519406943   0.119478962619916 -0.0283073031716462 0.12384181375175 5.91418402669396 0.91774714035898 7.86125282830752 1785404717.10615
-0.0160181403275638  0.0804689887164562 -0.0226149313729427 0.0851074267358942 5.92683346240416 1.02612296089437 7.97539530959956 1785404717.12593
-0.00434827538455345   0.0453462851501978  -0.0394119225285377 0.0602369713144545 5.89234176217837 1.04595945777901 7.81229549174677 1785404717.14824
 0.0077765420276156  0.0538739358929939 -0.0388168165576003 0.0668552228489 5.72013065302909 0.99276652670601 7.94387177681572 1785404717.16817
 0.0185954076295948  0.0796275659860414 -0.0374026697635511 0.0899182859890769 5.68754693046964  1.0275580827087 7.98846082834307 1785404717.18682
 0.0153792043165755  0.0697295391373816 -0.0189071918458796 0.0738661658489155 5.69873947687979 1.04689076701971 7.96725478067555 1785404717.20621
 0.0139730906420933  0.0329037983062374 -0.0129247386412783 0.0380125778396448 5.73754366149763 1.12262510508468 7.87375128270098 1785404717.22585
-0.00597750440134784    0.048654656758733  -0.0088878692814977 0.0498196788783634 5.50611800298279 1.01958767377097 7.84758639316945 1785404717.24814
-0.0207416139086886  0.0788775118112924 -0.0100208714967619 0.0821723449989854  5.60678058929792 0.981658317018475  7.95790555510212 1785404717.26846
 -0.0130935951786718     0.10777799266965 -0.00963009545281463 0.108996681954234 5.65377004608045 1.06096789977883 7.83600031804169 1785404717.28758
-0.0145211818281299   0.131125768478062 -0.0134190275456657 0.132608077359259 5.81090502146812 1.09335494220268 7.76728401542372 1785404717.30658
-0.0239923676074736   0.161076167114079 -0.0256608825113969 0.164862506977295 5.70719703184697 1.10819922439875 7.82036894426594 1785404717.32583
-0.0541526285673746   0.202982845320856 -0.0480581204789546 0.215508991968494 5.66392206794215 1.03514772026993 8.10152924377114 1785404717.348
-0.071194982890903  0.251134752129272 -0.052679356615018 0.266294017824733 5.52763721870962 1.07954528915827 8.06186258869993 1785404717.3683
-0.0415986073180948   0.274455063095916 -0.0334139214471264 0.279593483358005 5.53723770152674  0.8948120009551 7.99948798205145 1785404717.38769
 -0.0265915595016448    0.300938866017484 -0.00810445662148627 0.302220109082351  5.42337747952875 0.878821359159687  8.07224884760604 1785404717.40667
  -0.030748213125023    0.332433099763492 -0.00925758510346325 0.333980420549908 5.51058195313798 0.99470366709866 8.20689845381655 1785404717.4259
-0.0558526049579472   0.351167026778904 -0.0377319224165406 0.357577253396481 5.45707717701734 1.04167445726769 8.34217895305845 1785404717.44782
-0.0296702510451801   0.376182219196411 -0.0565256432606637 0.381560655967898  5.35621731129297 0.991307149085739  8.36311746498448 1785404717.4683
0.00694973490593977   0.466142246284504 -0.0313934669292925 0.467249871430979 5.28451186933923 1.04868228821269 8.35094651644086 1785404717.48778
0.00612022170449541   0.571653445001809 -0.0341928715919706 0.572707840669092  5.2237803200003 1.01225325198407 8.34851691411162 1785404717.50684
-0.0148619422568403   0.700567690859464 -0.0466819356158895 0.702278555785846 5.24222532933003 1.15698845211813 8.37298775418446 1785404717.52598
 -0.119383655851439   0.769005638042261 -0.0910882605064016 0.783529961027223 5.02932340823761 1.11226894891272 8.29300268346976 1785404717.54705
-0.116354984242743  0.772459840836724 -0.107829968427825 0.78858099784028  4.88741413335305 0.930161609963148  8.52463773380347 1785404717.56821
-0.0779288300099357   0.829669037989298  -0.109464434145748 0.840479671073402 4.52895591743366 1.00289639271477 8.91204109083824 1785404717.58782
-0.0230362246962508    0.89634531754769  -0.129648610223901 0.905965980636643 4.61753188258587 1.06921246094289 8.95901316515211 1785404717.60766
-0.0398394144374295   0.914077705773758   -0.11808062267187 0.922533611629361 4.41174752303027 1.07750013458142 8.60816185116086 1785404717.62595
-0.0864737147878182   0.977676643770313 -0.0969495611874504 0.986270014011187  4.30793912819071 0.934141601320555  8.80381091526146 1785404717.64663
-0.0248556646919216    1.00907809703759 -0.0732486035271817 1.01203842214956  3.92516460803889 0.869469648195207   8.8873110448686 1785404717.66792
 0.0215621934644299   0.986137910209383 -0.0800827041850792 0.98961919223948  3.99772945014146 0.890969331745837  8.91749667493621 1785404717.68615
 0.0407061439041214    0.90616666238748 -0.0570455088586601 0.90887248844651  3.86570103913976 0.972757281055379  8.77172393772292 1785404717.70772
-0.0141411156578602   0.801877081246944  -0.041740954976766 0.80308725049246 3.31097330349769 1.00817365770249 8.84876136667914 1785404717.72589
-0.0526573766188555   0.712331990800119 -0.0524192388964754 0.716196510069775   3.0181259214307 0.984353976554375   8.8797207409352 1785404717.74627
-0.0365139899339659   0.696427052050514 -0.0629257136725772 0.7002167919508 2.89447873787663 1.11005954433336 9.28754922409317 1785404717.76797
-0.0359065252905591   0.738451987905592 -0.0644419150514124 0.742127601841931 3.07306508990006 1.08248261668304 9.30679465323025 1785404717.78629
-0.0909343184261395   0.813675281526577 -0.0589023420447991 0.820856869334322 2.98084357525334 1.00224686513472 9.27981066439688 1785404717.80661
 -0.187337225931841   0.856324820931756 -0.0701744453804874 0.879381537188552 2.96553675514452 1.02451542677428  9.3270299420093 1785404717.82586
-0.242000198626037  0.867433399445947 -0.109119912094814 0.907144946425307 2.80088671241758 1.05485763491089 9.47656799909568 1785404717.84621
-0.269765884038578  0.916609469179716 -0.114488928975201 0.962317133817603   2.4739246235243 0.883520227890452  9.67607653818389 1785404717.86832
-0.246871838065122   0.98887565291184 -0.109417653065046 1.02508194021441   2.2170950534451 0.819216891158975  9.62540469307716 1785404717.88788
-0.211321551796544   1.04370195311205   -0.1335949935043 1.07322792894754  2.28142335956353 0.789277096224829  9.60822806758957 1785404717.90663
-0.176633042510663   1.09085290201699 -0.149292580519606 1.11509979828878  2.01849793412461 0.798566478018519  9.62001895285987 1785404717.92591
 -0.12098461472827   1.12821455057845 -0.155373059832687 1.1452712066841 1.63762679787105 0.79215009895293 9.75415276167779 1785404717.94788
-0.102538636784559   1.15704323727285 -0.159181051027594 1.17243414823977  1.25237509514101 0.752951807099485  9.82721593732302 1785404717.97002
-0.0605229895413543    1.16600964775167   -0.16634638825884 1.17936959931981  1.02613958821223 0.811464293134878  10.1781747970363 1785404717.98841
0.0139366959084138   1.13977719813389 -0.120942763192321 1.1462606356529  1.16778141499547 0.758114455057999  9.78146914970065 1785404718.00775
0.0299740692266742   1.12927395325833 -0.108346941631851 1.13485557058803  0.71402679897917 0.643194617162597  9.67127114597988 1785404718.0259
 0.0605438810976684    1.10373372067824 -0.0794778051819886 1.1082465471262 0.245467024256954 0.720987793902977  9.42596158982811 1785404718.04796
 0.104649561790659   1.10003879780098 -0.114181917675831 1.11088901235656 0.0717712157386072  0.773626125990285   9.97488242118807 1785404718.07167
 0.218156598132567   1.07178730391366 -0.154469674169032 1.10461812694577 0.411517549002436 0.685686589208844  9.97172387904306 1785404718.08987
 0.254483439622454   1.00052091367806 -0.123811354807432 1.03977553891621 -0.242588240530977  0.781095986062622   9.68883743068216 1785404718.10823
  0.259182396448703   0.914588238494112 -0.0911477571318212 0.95496338895835 -0.442695961211472  0.911598228361442   9.72881773578662 1785404718.12586
    0.2206347532019   0.876446015321265 -0.0939640056708259 0.908661953894128 -0.82798490258854 0.964292290148505    9.680020221629 1785404718.14823
 0.187055459371592  0.943543056857938 -0.161221743367321 0.975323379992471 -0.67985585698546  1.09067777717939  9.73243752871701 1785404718.17367
 0.201592000007136   0.91254352901902 -0.188049453856904 0.953277306934999 -0.679177519086207   1.02024501791018    9.5035270954315 1785404718.19082
 0.139801159765844  0.871465387948451 -0.169679850917443 0.898770014225766 -0.885903584817112   1.03103746001186   9.52272123610404 1785404718.20857
 0.065556237855688  0.837086883037559 -0.121347864431241 0.848373369618207 -1.27616944214854  1.15953156876316  9.74011221326364 1785404718.22597
0.0375989510645433  0.824670204557679 -0.111636634906686 0.833041034799395 -1.46742001908936  1.02137407707634   9.5439671914402 1785404718.24812
0.0338862588118755   0.89719178569532 -0.103108853155238 0.903732711842617  -1.4482004302451 0.997532777749077   9.5687840503128 1785404718.27392
0.0606849212553336  0.887430879089474 -0.106013837662986 0.89579861498292 -1.44839291854529  1.04367350511978   9.6114092025765 1785404718.29185
 0.0746592578354699   0.840075568257885 -0.0989117148468633 0.849166940299903 -1.76274030356689  1.09497347810314  9.44867766665764 1785404718.30881
0.0589558559023713  0.804659442578983 -0.123807025456183 0.816260247120371 -2.37565440569691  1.07428810387958  9.46414651680104 1785404718.32596
0.0468162177550592  0.847306576616414 -0.150712644798196 0.86187846841906 -2.3182613684374  1.0968317515875 9.87035763841196 1785404718.34809
   0.1486800654159  0.901567578748895 -0.135678467705199 0.923763231300127 -2.11587948830643  1.03278450560389  9.72878429010113 1785404718.37422
0.238790991231703 0.933788783499804 -0.13290616205997 0.972957695687214 -2.5311964293802 1.05182630877878 9.50558317406912 1785404718.39183
 0.297523641289789  0.963399172853432 -0.148778494670023 1.0192121093557 -2.67901514930067  1.04945081061495  9.17988156244024 1785404718.40879
  0.34471075045095   0.95497603288524 -0.161747380119118 1.02808897466955 -2.83983247818015  1.15435065185821  9.07285432175859 1785404718.42592
 0.384324558408036  0.916914917042154 -0.148375462004958 1.00521321569861 -3.03220696173317  1.11098467317161  8.92250079012394 1785404718.44673
 0.322262320953416  0.824962614782666 -0.122470228341161 0.894100260667265 -3.39050626283788  1.38114294636546    9.204789028508 1785404718.47433
 0.254824033088929  0.765394769782025 -0.105638449530748 0.813587071842127 -3.14782925413434  1.48345202547793  9.16759119605566 1785404718.49202
 0.201934140621425  0.707213381169045 -0.091106243717302 0.741099528604183 -3.62447335744022  1.50801902819108  8.80689697959441 1785404718.50863
  0.125077038063364   0.644351809489756 -0.0987056140971791 0.663759232024481 -3.79486992643159   1.3953927726452  8.55452899178183 1785404718.5259
0.00965827597467991   0.613145725116243 -0.0922097859696257 0.620115801404617 -3.81047045426812   1.4794178450167  8.83207516363354 1785404718.54667
 -0.123027919096235    0.51347454280582 -0.0987115658099059 0.537155422770206 -3.84245643373528  1.66292910236616  8.77939935718699 1785404718.57368
 -0.13884380410507  0.459270117811124 -0.108611512291345 0.491938109577641 -4.04046486737416  1.34013839249884  8.76918801229152 1785404718.59175
-0.145391297179928  0.446253619703375 -0.100944838181247 0.480073726368632 -4.13717620138691  1.31796953855801  8.71039275730778 1785404718.60846
-0.134560611490451  0.428525980984017 -0.108562062402284 0.462089597303418 -4.22584607598835  1.16417931346564  8.63836495324189 1785404718.6259
 -0.142544392136906   0.415135610106364 -0.0733679617182647 0.445016107927293 -4.24486139135673   1.2362294496506  8.89425925933007 1785404718.64663
-0.0745079129770912   0.378373704556719 -0.0680707480687411 0.391601476170373 -4.33297759668834   1.2501273242679  8.91794463755177 1785404718.67338
-0.0236932303325418   0.363515195361743   -0.02933860948956 0.365466031840522 -4.36282632389513  1.13330113520915  8.61445836294295 1785404718.69203
 0.0481387980385282    0.34186188344251 -0.0179403060313939 0.345700369985273 -4.48472062135798  1.10865437088402  8.62014078801555 1785404718.70899
  0.114136045348864   0.311389255727032 -0.0212693154560349 0.332329188020074 -4.53981331169482   1.2727296696884  8.55398950888784 1785404718.72596
  0.124088025335666   0.253522913878957 -0.0497264352727768 0.286608486019377 -4.65838143244871  1.35428786630767  8.56915563209061 1785404718.74597
  0.121476678445952   0.162053585916428 -0.0438634486702925 0.207224395870481 -4.71201554502847  1.38606676740446  8.55531009495633 1785404718.77255
 0.108550778090594 0.0972276301432533 -0.030451248227793 0.148874987845431 -4.73434153349048  1.48681992428253  8.80320341325971 1785404718.79189
 0.0650271769478522  0.0549279597682535 -0.0330391891555724 0.0913082829001173 -4.73150360667792  1.48827605504225  8.51437045481683 1785404718.80863
-0.00461310338341353   0.0228276938408468  -0.0591738011734572 0.0635918475453681 -4.67979842522213  1.44266016512257  8.45055044621699 1785404718.82557
 -0.056124860107462 0.00159755037836333 -0.0367709379950894 0.0671167190075044 -4.68952063555969  1.31078246388149  8.44999128499716 1785404718.84557
-0.0625780192069383 -0.0160848361120494 0.00275475529121045 0.06467085214631 -4.61707004133595  1.28208835796823  8.36254791048848 1785404718.87205
 -0.0409257017296682 -0.00738392262891404  -0.0119271905396789 0.0432630702750667 -4.55623111541753  1.37497374055302  8.43240009743048 1785404718.89187
 -0.0316022144602967   -0.031050708306721 -0.00392178160825286 0.0444772617876425 -4.67049562432726  1.34456920479427   8.5620987598088 1785404718.90868
 -0.0355621931563097  -0.0609893646666797 -0.00051017133728381 0.0706019295722525  -4.642057330363 1.29589726695674 8.67040108424222 1785404718.92596
-0.00454220318920076  -0.0619513604935411 -0.00387310759938123 0.06223828114022 -4.67102564082492  1.29008252238504  8.69085029755379 1785404718.9458
 0.0392867333860491 -0.0388230486312948  -0.028215818904731 0.0620226487796109 -4.58107183573041  1.15909085024389  8.50159960091056 1785404718.97161
  0.0495212138418582  -0.0240498550050806 -0.00805214487975328 0.0556379653051852 -4.45767808201857   1.2933470225127    8.558942818982 1785404718.99183
 0.0482685692892005 -0.0178605024891397 0.00998030413810673 0.0524257455939353 -4.50576414564415  1.29143281644629  8.65614305700625 1785404719.0086
  0.0216456363708101 -0.00786150870464829   0.0268643164161428 0.0353840131912314 -4.57819693489508   1.3272907593434  8.77718045913892 1785404719.02594
0.00875563590346539  0.0097018043721157  0.0232277384203029 0.0266517166477297 -4.64733153994455   1.2783612926034  8.56427568724574 1785404719.04482
-0.0151150814260638   0.014657386448704 -0.0113282971116969 0.0239088891309084 -4.47876382985094  1.29022967651886   8.3649003822199 1785404719.0715
 -0.0275397264095852  0.00941384754620545 -0.00767581583365119 0.0300994220052501 -4.56700559093939  1.26972823680288  8.58613595488819 1785404719.0919
 -0.0156691908706428  -0.0146846807965364 -0.00104121509557183 0.021499942360668 -4.77627140201165  1.28948166362502  8.50816217026111 1785404719.10877
 -0.0123258616457009   -0.014315086849847 0.000159443521662346 0.018891108995086 -4.73693232639865  1.30765318248824   8.5544894372799 1785404719.1259
-0.0141020542349165 -0.0149058706792446 -0.0087952109679948 0.0223250677562785 -4.62762869913986  1.29247009148499  8.44730346449277 1785404719.14426
-0.0150774145268571 -0.0642714170128752 -0.0147854735112534 0.0676517087781939 -4.61283166949134  1.28932940699165  8.54474557218488 1785404719.1714
 -0.0281673959850237   -0.113038726645918 -0.00771354894495837 0.116750395098406 -4.53635035980317  1.22809346418867  8.75266599310145 1785404719.19205
-0.0546748676983569  -0.146519606003171  0.0124271939351516 0.156881392300869 -4.48758708264994  1.25427642749696  8.64706349007353 1785404719.20875
-0.0370327765578559  -0.215664885350487  0.0279025690018371 0.220593115644448 -4.47524684882665  1.20241381045509  8.49360911674656 1785404719.22597
-0.0541638677117234  -0.284841862876086  0.0512190203915567 0.294435051347632 -4.5582400454285 1.22007145738241 8.45106205267553 1785404719.24413
-0.0548126551597107  -0.455001054617636   0.036302835578086 0.459726312864326 -4.4032557727852 1.23978986607061 8.53811637783557 1785404719.27013
-0.0864930496964306  -0.554236482896672  0.0357370927572078 0.562082081566562 -4.31205091740266  1.21221067400362  8.73079689849957 1785404719.29194
-0.0933282104725171  -0.641637406823777  0.0549891865697517 0.650716933347479 -4.0683954836397 1.13768192989016 8.63674219571104 1785404719.3084
-0.0749286094301148  -0.759605391631756  0.0906924711431765 0.768661025309089 -4.12865659970094  1.19258070925486  8.74943630257976 1785404719.32587
-0.0874296209597398  -0.868286511184946   0.109282488919835 0.879493073600584 -4.0681045169117 1.21658769754059 8.75648968423029 1785404719.34363
-0.0889381839086221   -0.98680053298968   0.103857025089779 0.996228675619297 -3.73728581776921  1.22843789433049  8.82621784614983 1785404719.36952
-0.110348537483832  -1.05841531408152 0.0982392556258842 1.06867709255557 -3.40415669335265  1.26706489056823  8.97664236007663 1785404719.39173
-0.137529803515928  -1.08201440825994  0.121665533561581 1.09748445483025 -3.25757424910934  1.25935177505132  9.19231963127614 1785404719.40852
-0.169629449043497  -1.09155514067718  0.126055900942291 1.11182591500826 -3.11229810281227  1.30147140410874  9.34583665093854 1785404719.42592
-0.204973853669981  -1.07235360952225   0.10374457575868 1.09668568037659 -3.00318672927481  1.23289537670518  9.24505748640709 1785404719.4428
-0.209722518149583  -1.02052875085776 0.0509109569895806 1.04309845723589 -2.51226473134554  1.13459378270531  9.25177404521085 1785404719.47089
-0.190510953390418 -0.999284455678268 0.0506553833767506 1.01854298612625 -2.40420324218298 0.995859302360156  9.58578640904949 1785404719.49245
-0.167069321112301  -1.00372768045736 0.0914802429261734 1.02164086127125 -2.43150004161302 0.962492929825338  9.86853568918848 1785404719.50886
-0.108908886735442 -0.989507338150178  0.114269356983658 1.00201966238615 -2.35732367867298  1.00919583018599  9.77665228655934 1785404719.52596
-0.0224318461807466  -0.955247730145444   0.111408944810124 0.961984078171154 -2.01939907175669  0.95010991487777  9.53438639204766 1785404719.54381
0.0561766844020524 -0.940833566619491  0.112727479869225 0.949226582363782 -1.87046136057383  1.01105253395012  9.60228389840794 1785404719.56978
 0.107897240887326 -0.984558343655199  0.149952633151071 1.00173985587133 -1.71294257327604  1.10331482368551  9.62395971023005 1785404719.59212
0.129871643408309 -1.00689399850044 0.160626906908191 1.02786340104154 -1.55766640866414  1.05350269684937  9.79388536565613 1785404719.60878
0.145702789200541 -1.03266064088023 0.165318532634166 1.05591075344288 -1.41145556441636  1.06452560658586  9.56649755267904 1785404719.62587
0.135035128475463 -1.06110459574918 0.162760184279968 1.08197427262818 -1.38212010988168  1.08709455840704  9.47083363205176 1785404719.64379
0.125266271414735 -1.13025443109932 0.172308817312086 1.15015522704429 -0.98529205636014  1.12805601922605  9.55514841602289 1785404719.66822
0.077349577593692 -1.17661024342804 0.172946252378937 1.19176550894278 -0.728098591224923   1.16615135402279   9.68256962997448 1785404719.69052
0.0511499902672976  -1.19455214438814  0.221642118453217 1.21601660179418 -0.339708818062066   1.16578344653116    9.6747008144296 1785404719.70858
0.0467682750397925  -1.24406423813646  0.257447922448072 1.27128381289666 -0.196523592071736   1.16840227605505    9.8165487355413 1785404719.72595
0.0280253993886853  -1.29567844143663  0.276227501659095 1.32509232858974 -0.0429664164607203    1.19298396560349    9.84639412412119 1785404719.74391
-0.017654751471788  -1.32305179715017  0.254590258969244 1.34743977533464 0.216012507820911  1.22123275392463  9.65993692270403 1785404719.76673
-0.0487956035043909    -1.3251020773825   0.237366499624603 1.34707809036774 0.825240036923364  1.11993504294148  9.45386438666765 1785404719.78972
-0.0448219662756565   -1.35651483758471   0.262675066581145 1.38243976499943 0.95406419612069  1.1426530649973 9.64121812483768 1785404719.80803
-0.0183096486843183   -1.41872644869323   0.309179073165659 1.45214037845527 1.21900610930777 1.07247599337296  9.6321902286911 1785404719.82595
-0.0520120627208555   -1.39904045226612   0.316406113505807 1.43531608728159 1.30572881958861 1.17573311748524 9.95387054125979 1785404719.84383
-0.0780629226885736   -1.33414152341159   0.263175029909577 1.36208976237162 1.79042751659952 1.12197433400144 9.50949399197678 1785404719.86557
-0.0767663846550354   -1.28357400056367   0.224734815408217 1.30535858291605 2.02072084566755  1.0309853005323 9.30892865722409 1785404719.88778
-0.0835721884123865   -1.27446597615401   0.213553074517879 1.29493349276565  2.36445008566249 0.995344491554423  9.47924301273479 1785404719.9059
-0.103376430031388  -1.22450285472302  0.213815656372913 1.2473215553421 2.54315875060551 1.06666815194197 9.58523025760351 1785404719.92589
-0.0908170636198705   -1.11777259982357   0.198033446007263 1.1388066428057 2.90041136218712 1.07441580431276 9.50780116660774 1785404719.94389
-0.019028243683996  -1.03246925844365  0.189344173195747 1.0498600190559  3.01725920475047 0.904070169551593  9.45370847459502 1785404719.96441
0.0429578239171089 -0.987932693151449  0.198574101196935 1.00860698713589  3.29004781560307 0.976275850669654  9.37124938889982 1785404719.98594
0.0934790273700186 -0.980161056207157  0.170964368798162 0.999341203024136 3.29294042499436 1.06394469270056 9.46387860844188 1785404720.0041
 0.116353470691336 -0.953100924545908   0.12772144656414 0.968634229430604 3.59542751483759  1.0978950372756 9.18643451211969 1785404720.02582
 0.113000702394684 -0.934881563976862  0.108384194183955 0.947902859450493  3.44689732508241 0.993758983496383   9.1998431070785 1785404720.04399
0.0703357225175483 -0.877545350107005  0.118261783252383 0.888267304776285 3.86019438015201 1.06053385446925 9.00896400757005 1785404720.06453
0.0796569534136373 -0.845143051126049  0.127711034013904 0.858441678451536 4.12730612863545 0.99096449606575 8.88798408284318 1785404720.0861
  0.13398621431531 -0.888859576189745  0.164394985384019 0.913810353974047 4.31654168943742 1.07399843191191  8.8143746916896 1785404720.10568
 0.148817979585388 -0.930879420581744  0.186632530730742 0.960996872126773 4.33669672159485 1.18522740122802 8.94422647275921 1785404720.12595
 0.156105686883909 -0.936693915332248   0.17583252416393 0.965754395823189 4.48142943862664 1.22217036915164 8.88192978413822 1785404720.14443
 0.144106193585913 -0.918984059743183  0.148872956245027 0.94205172585852 4.61562602348956 1.15015459622926 8.55960499932174 1785404720.16472
 0.141094681498772 -0.931860136954859  0.172245927135905 0.958091688413836 4.80136143280847 1.12066721144888 8.33906674905392 1785404720.18602
0.0927425645289988 -0.988260838886076  0.170618868011141 1.00716010002017 4.84708224567342 1.08493303320715 8.32926318059686 1785404720.20591
0.0713479529845246  -1.08766339645599  0.172741174733827 1.10360396331006 5.10210962861739  1.0002790262634 8.12868992438015 1785404720.2259
0.0404478915376424  -1.13620763801629  0.211030966666968 1.1563467894662  5.28735586823012 0.923215675567872  8.11136105390987 1785404720.24423
0.0536534097505967  -1.13943544021744  0.216798828356991 1.16111736821837 5.49353580056569 1.05666215103791 7.78178355166156 1785404720.26427
0.0696314304864792  -1.08718016653897  0.169884863064944 1.10257431374302 5.30973496081768 1.17001001155053 7.86673480926675 1785404720.28614
0.0486400351259835 -0.965471005989162  0.146651763329488 0.97775603097625 5.67745132471572 1.00168469970991 7.80611550208156 1785404720.30598
0.0377300614418617 -0.890445482368825  0.143150445154201 0.90266758253263 5.98900832919917 1.00309135589409 7.87950718224501 1785404720.32595
0.0525289969482932 -0.837145719856706  0.166108173694794 0.855081386280287  6.25147084057873 0.918283031886696  7.48516791963982 1785404720.34412
0.0900020809247751 -0.746961570456951  0.151585220350192 0.767482925763773  6.25882489460196 0.852995359382378  7.57969424842963 1785404720.36393
 0.112664457535411 -0.583697433480772  0.118532680202744 0.606173217916987  6.48576510916736 0.998125372330717  7.37959675122096 1785404720.38658
 0.100977893900278 -0.470731395639241 0.0738736338188235 0.487074835801031 6.37482220516301 1.04430091755562 7.42721944375593 1785404720.40631
0.0577445261802456  -0.37068978612965 0.0429663539806563 0.377612837995503 6.64741350192096 1.00436906609331 7.29888290664952 1785404720.42596
 0.019942856289101 -0.324880060787338  0.035067723546065 0.327375192476241 6.69599764950731 1.03130047106748 7.30334478224851 1785404720.44441
-0.00649222622885789   -0.262502148694937   0.0236336705879762 0.263643845853315 6.66877574718953 1.04277534274559 7.35247425713262 1785404720.46385
0.00841590837726058  -0.213321703419594  0.0221122929225009 0.214629751343895 6.61587014328751 1.07332716701629   7.251998226683 1785404720.48783
0.0247091335109103 -0.155767110726581 0.0291796339345739 0.16039134982761 6.84721532323825 1.08922312862562 7.12729475588774 1785404720.50614
0.0208770537160199 -0.107133406567602  0.023164088036396 0.111579537322928 6.83541241988971 1.11833236845031 7.05228935998287 1785404720.52593
 0.014197149536692 -0.100837518334529 0.0216771251679051 0.104113697054608 6.75524822754804 1.12649000861321  7.3089775375257 1785404720.54451
  0.0324800714191239  -0.0705589387516855 -0.00731810967096606 0.0780197001167768 6.71189953534321 1.13442413858184 7.22315799316495 1785404720.56389
 0.0493864742051978 -0.0145666679532354 -0.0305764100881724 0.0598842926280388 6.72316195953904 1.03869473976755  7.0017569148205 1785404720.58794
 0.0458893418902016 0.00822855254027613 -0.0179688774993786 0.0499642005300952  6.82171669598241 0.941164612146909  7.04074810327033 1785404720.60681
  0.0289219071276284  0.00848726037091451 -0.00904644964053794 0.0314698038062147 6.76976633653851 1.05820021186982  7.2061580288578 1785404720.62595
  0.0158377326493224 -0.00535331834340325 -0.00826564631578104 0.0186497373111477 6.70623110560291 1.13793668901682  7.2447079406607 1785404720.64437
 0.0390309284138214 -0.0112821572334444  0.0121254673942849 0.0423996156139991 6.75504564713574 1.09915485878861 7.06594113387413 1785404720.66369
0.0333823712095231 0.0187990220215513 0.0114834312226014 0.0399956888824456 6.76348381810606 1.08972797987522 7.02721630698398 1785404720.68806
 0.0240696244083807  0.0387728302126887 0.00228385994979896 0.0456934918575151 6.70030564560156 1.06819053980059 7.10450565615066 1785404720.70783
 0.0129926532151662  0.0501225369882985 -0.0147579230452064 0.0538411928203783 6.69061364446696 1.09283853340362  7.1924034113535 1785404720.72597
-0.0194566649821625  0.0470149797488996 -0.0395640327427731 0.0644537261908788 6.59461979788964 1.02358416246563 7.17014017078489 1785404720.74426
-0.0188727109773871  0.0171370742976601 -0.0352006670573163 0.0434620006028202  6.55908469589949 0.941418600688889  7.01394256286034 1785404720.76357
-0.00987448604405818   0.0131051229929743  -0.0270418194951609 0.0316308350333049  6.65597973845278 0.853724258860066  6.97335240793484 1785404720.78685
-0.000784707138655592    0.0318023794109201   -0.0145714062003822 0.0349904698474615   6.6523663218882 0.951753845533879  7.17220212091705 1785404720.80623
 0.00864110213990482   0.0438479960412098 -0.00911325575565407 0.045611038504842  6.70549237852556 0.925332477398055  6.99170624960172 1785404720.82596
 0.0194254052373019   0.061948108954384 -0.0116573172157537 0.0659606520307853 6.57825458927852  1.0183843137094 7.12676893985039 1785404720.84421
-0.00161026061154772   0.0628740430339082  -0.0126629053857073 0.0641567408732256 6.53213825434284 0.99576645961319 7.09267046830282 1785404720.86389
-0.0297637457790675  0.0904917276797391 -0.0198460155433399 0.097306205733301 6.42615145727823 1.05441187427379  7.2911109126044 1785404720.88637
-0.0599434983862967   0.141432576742228 -0.0264205250765416 0.155866740865568   6.7763985429286 0.997747414205941  7.19755506056179 1785404720.90618
-0.0319810625912169   0.197889953949809  -0.024008201613911 0.201890108681567  6.69831455381663 0.940223155673957  7.24793282253227 1785404720.9259
-0.0171497916634708   0.307500458950979 -0.0422153657067606 0.310858142423387 6.60900527111511 1.02369220754442 7.21976458296627 1785404720.94419
 0.0242479863139739   0.427226220493777 -0.0862097370191287 0.436511542888144  6.51439720473668 0.993770916998477  7.42868378729893 1785404720.96387
0.0717723022128715  0.627120037996143 -0.167928465001239 0.653169790160944 6.55901196406629  1.1896882462748 7.47722263696673 1785404720.98632
 0.130526752270323  0.794656598351436 -0.266918167730866 0.848387677083134 6.45604999003122 1.20408667487948 7.74272012702547 1785404721.00651
 0.156036206482143  0.944678100411468 -0.313746144172595 1.00757166202386 6.21881666039569 1.19872159810317 7.99718183650006 1785404721.02603
0.0824368524982968   1.16652376599093 -0.279650480264245 1.20240505753407 6.10667825637637 1.20362620916647 7.62168931964611 1785404721.04558
-0.0402203190938683    1.30923464719778  -0.243601664604656 1.33231182779756 6.16870309430776 1.30149629525441 7.64788946215313 1785404721.06436
-0.0916138352833078    1.32221969005387  -0.199561712420108 1.3403293925918 5.64261716448108 1.31240759964796 7.81423929378332 1785404721.08601
-0.100334520557988   1.32196704248096 -0.160707590679713 1.33547400091635 5.3454369409663 1.4947936158463 8.3054165271654 1785404721.10645
-0.114798813103388   1.27588211689973 -0.134585682716068 1.28808666234328 5.15765387227475 1.44598334473001 8.22210855633671 1785404721.1259
  -0.1940663323421   1.27204638961065 -0.101828156508441 1.29078764021357 4.95285499362323 1.57748347296294 8.23103796695479 1785404721.14571
 -0.271272495784444    1.28145745934623 -0.0890321169884006 1.31287802363306 4.88765634002919 1.34518028416839 8.25474988783701 1785404721.16438
 -0.262961574372579    1.23793352315528 -0.0989120205487375 1.2694139534278 4.31125765346791 1.26473452877925 8.84237853452566 1785404721.186
 -0.153152804579017    1.18214547019301 -0.0650542170088009 1.19379887141801 4.33029607486674 1.19307805926586 8.83280078723303 1785404721.20637
-0.0765811628009583    1.13285486813616 -0.0539367966769418 1.13672072418493 3.92262828362201 1.29997961732935 9.08329049412887 1785404721.22602
 -0.063093824575328    1.12384591443254 -0.0903869306747803 1.12923879995467 3.81860909703618 1.25705697565937 8.94419214692208 1785404721.24587
-0.0756807060985495    1.20651375638037  -0.140010702559799 1.21696590356589 3.48751051044697 1.39570633049405 9.26535263789393 1785404721.26417
-0.0227329195156285    1.31174632227149  -0.178143182325845 1.32398270118294 3.78098968614744 1.00954750559088 8.92027478847671 1785404721.28585
0.074008145789741  1.32050923902266 -0.15282612303789 1.33138186853744  3.59046849409139 0.936187596329235  9.22249351252245 1785404721.30624
 0.100426043963312   1.28790855699578 -0.153602722752595 1.30091799815595 3.26595783527729 1.17796369550898  9.2303366455876 1785404721.32596
0.0297538313711596   1.27940963189398 -0.189171138880095 1.29366147675872 2.36531277281518 1.30662893341878  9.3863312999746 1785404721.34575
-0.00713126527002357     1.30816588656852    -0.25026019246698 1.33190803198252 2.36685147527045 1.38723010913176 9.42672687925085 1785404721.36394
0.0647294775605579   1.33742391321172 -0.302546650740846 1.37274436978278 2.31711560744257 1.31272976319165 9.56765148775603 1785404721.38572
  0.13980333137186   1.38676477785723 -0.297268132362828 1.42514205014327 2.15513647398236 1.16676007700352 9.58239735947153 1785404721.4069
 0.182392053491578   1.43387884421445 -0.307303703738492 1.47773846380002 1.69802355762673 1.31559899568584 9.70431123182567 1785404721.42593
0.151356910407352  1.45951143213538 -0.31813925449312 1.50143102409381 1.71471837277257 1.36207920833427 9.34013929352476 1785404721.44384
 0.142832924008684   1.45877425572955 -0.324499116055521 1.50124057022217 1.16737698835389 1.47350503185378  9.7622993504636 1785404721.46197
 0.131302680113653    1.4685069995214 -0.304274684427785 1.50543557983462 0.992320040041112  1.45359784089871  9.87788990082909 1785404721.48429
 0.124915053115506   1.44650490783339 -0.297186829133435 1.48199198050844 0.631611961594509  1.45897567602665  9.58414962095191 1785404721.50783
0.0918510189945763   1.48034338066314 -0.329041080450869 1.51925019894282 0.248266116531317  1.44421135273855  9.35048538996619 1785404721.52591
0.0650179015612431   1.49911142914015 -0.324530140079947 1.53521406205205 -0.133496749714515   1.43195427409185    9.6036295660573 1785404721.54273
0.0746249302287613    1.4824918515403  -0.33821587137644 1.522412869673 -0.219725364430484   1.48497153640123   9.78892465680053 1785404721.55999
 0.100750201286454   1.43497828439043 -0.291147928489741 1.46767857380123 -0.583200095804449   1.48452540090293   9.77615845826561 1785404721.5838
 0.116284965044831    1.4034806457822 -0.231242339904222 1.42714860331539 -0.976917615081154   1.51501200354424   9.69059495972098 1785404721.60809
0.0937573434412103   1.38828894328277 -0.237082751675317 1.41150446709612 -1.11380863696585  1.56936717119273  9.63760412174814 1785404721.62594
0.0608657776285488   1.36947230717516 -0.230123599970996 1.39000572454562 -1.59678566863819  1.45386205176063  9.21687332602866 1785404721.64261
0.0516185148975189   1.33203656196114 -0.215632586121915 1.35036413077329 -1.76852286087257   1.6040206894393  9.44916706954178 1785404721.65968
0.0579243233130031   1.28329659782457 -0.232751689934026 1.30551856914658 -2.06562850140752  1.62795850360786  9.67861046330558 1785404721.68168
 0.108427578049039   1.24855835431676 -0.249804116850323 1.27791103000605 -2.34816821042688  1.42971106448393  9.35690013640849 1785404721.70824
 0.171489936216125   1.27471064380345 -0.238982240020292 1.30820813890388 -2.53902683816356   1.3624559611124  9.14131074753639 1785404721.72585
 0.206954120710841   1.28420551615957 -0.230198443095651 1.32098642650767 -2.36729378014469   1.6038614573184  9.54595900728488 1785404721.74217
0.270893875101903  1.22858223455195 -0.23570458755398 1.27998220738352 -2.95093288870789  1.62726101223085  9.17755552951649 1785404721.75874
 0.283214603407381   1.12253191371562 -0.223176664394897 1.17902342318704 -3.33541363307946  1.60044482138924  9.18511379128624 1785404721.78063
0.290240345417724  1.07675203235102 -0.19340298329234 1.13182998335732 -3.48728990844224  1.61947199775718  8.84733921210772 1785404721.80805
0.285301678396852  1.01548550996014 -0.16363397682999 1.06741929297173 -3.86507590531749  1.69072764457346  8.78775843662872 1785404721.82585
 0.280265223113264  0.935409139665045 -0.146179619361003 0.9873739590308 -3.90183101344755  1.78806357421969  8.61850913872031 1785404721.84209
 0.235635749029394  0.859298032877611 -0.148622639063757 0.903330506719578 -3.95475871825205  1.93376693075258  8.47854125933452 1785404721.85841
 0.131947519956592  0.825788197799372 -0.138046792747745 0.847580800062961 -4.09164502764062  2.01152360063899   8.5506734519625 1785404721.88005
0.0128863390307539  0.774425239187801 -0.045114116110581 0.775845211557781 -4.31768465826644  1.87884304566771  8.48133397378382 1785404721.90834
  -0.028543843878723    0.719559178694574 -0.00817825233721988 0.720171539619745 -4.51937121304834  1.94887982897937  8.37974024164528 1785404721.92598
-0.0621208238034728   0.665360244563994 -0.0378121171726498 0.669322798058872 -4.52251077318876  2.07364862639265  8.21571016826556 1785404721.94227
 -0.108245576923395    0.64105986824605 -0.0828490050239868 0.655392109528781 -4.60512975987472   1.9117928301192  8.15078925254156 1785404721.95883
-0.197287682540673  0.653400881417809 -0.126631810250002 0.694183518161467 -4.84561384633725  1.76115410116342  8.36028329192141 1785404721.98001
-0.266269849091596  0.675599605747668 -0.106288435786332 0.733915316234489 -4.83579109071309  1.91943698860653  8.61311419074312 1785404722.00677
 -0.260857158537029   0.639421399362024 -0.0998447283329417 0.697764396410407 -4.85985518981982  1.69857781849377  8.03884986582616 1785404722.02588
-0.249988076398249  0.582899201032639 -0.111548664249773 0.643978742973473 -5.0132622574012 1.67821628040865 8.05052125860277 1785404722.04222
  -0.2508703230167  0.576388171311339 -0.137380906204539 0.643453771756537 -5.28791454604228  1.22294780707578  8.03367293726821 1785404722.05983
-0.263044197818849  0.597709087187959  -0.10262705927393 0.661045169567435 -5.11909583224851  1.42885733857672  8.25431629382288 1785404722.08055
  -0.15135105262375    0.55119455277983 -0.0588942310613452 0.574622577520916 -5.23582125390116  1.43417823697899   8.0732080355134 1785404722.10595
-0.0744741571223558   0.475582675647297 -0.0398049823562481 0.483021446806774 -5.68112912282127  1.37227953490659  7.89711370669782 1785404722.12586
-0.0256935505334525   0.423497829225043 -0.0175608797437518 0.424639793701336 -5.70621546106029  1.37202514153831  8.03309184325172 1785404722.1422
0.00967448426646981   0.366414637288003  0.0022839162121129 0.36654944869415 -5.6979965338815 1.38887827911189 7.88719389589065 1785404722.15961
0.0172667830855911  0.310680247568724 0.0162516280311434 0.311583814472369 -5.66453611017818  1.47057216426142  7.62168640655679 1785404722.17999
 0.0289812366044385   0.201341694200692 0.00864790342373493 0.203600530776208 -5.67191925424459  1.56964783007105  7.75901584919565 1785404722.20596
 0.022457775540306  0.127046721098164 0.0157463993333538 0.129973728560732 -5.78694247252657  1.49644947293944  7.91115031243518 1785404722.22585
-0.0178112633048063  0.0950329638643015  0.0250546895010645 0.0998811433021345 -5.72430192734558  1.49453254616277  7.75289091007936 1785404722.24211
-0.0431446890869714  0.0752534467949705   0.015441995446478 0.0881078922361892 -5.80587276860408  1.42979850052538  7.58144464693063 1785404722.25885
 -0.0653466045898091   0.0564475648945923 -0.00121923369864407 0.0863596714025591 -5.71080717114694   1.4330024824743  7.64620449708904 1785404722.27856
  -0.125555978634591   0.0134747328490578 -0.00539968242305362 0.126392360396161 -5.74828309873687  1.53563355296563  7.84742849784662 1785404722.30563
 -0.149181605698203 0.00959610271633514 -0.0112159395441228 0.149910086271384 -5.81684450285084  1.47402918812295  7.88388819236825 1785404722.32591
 -0.127157170106213  0.0176179762602314 -0.0292340229981137 0.131658524591387 -5.73564311437998  1.29905039404526  7.69108299947286 1785404722.34275
 -0.126131627108597  0.0135438931107107 -0.0273362025778736 0.129768610877343 -5.75475550799486  1.38551950357749  7.67302208486938 1785404722.35987
-0.0743461023640634 -0.0204870521353182  -0.025303920556334 0.0811624952637873 -5.73808691272262  1.36281752257117  8.07862168612365 1785404722.37978
-0.0266755775923485  -0.041523331478345  -0.012066509711361 0.0508072254070255 -5.82582562580388  1.34390170732951  7.89660159260825 1785404722.40427
-0.0101495562544188 -0.0308820045425914  0.0154110593584822 0.0359751643120766 -5.69586691694016  1.34574661400199  7.74168314336289 1785404722.42586
-0.0116386119635035 -0.0187657477137512   0.026720569913671 0.034664094279305 -5.69319080616939  1.36843285250603  7.62657527945372 1785404722.4423
 -0.0239276891693473 -0.00517755731219269   0.0253516922032028 0.035242725579499 -5.77049831467501  1.31027898956562  7.64955574870496 1785404722.45992
 -0.0639123224835604 -0.00892671686085758   0.0237846831585133 0.0687763214493724 -5.79741821033797   1.3834945971778  7.77870222104572 1785404722.47979
 -0.117182562946166 -0.0224609086255927 -0.0113002843867842 0.119849663754812 -5.70703378538298  1.33747770257779  7.70087095323324 1785404722.50557
 -0.144778833983423 -0.0222832082424679 -0.0157771046595371 0.147330815414206 -5.78031357042417  1.21972931842997  7.70062627550403 1785404722.52597
 -0.146408979193135 -0.0435813657826028  0.0100082928660422 0.153085239516895 -5.83069395005801   1.2257276008093  7.84017400029285 1785404722.54253
 -0.154465130022165 -0.0641248428198975  0.0176351072163376 0.168173924453146 -5.73297556234674  1.25702829046782  7.95558370991264 1785404722.55984
 -0.130493938966904 -0.0803053162989369  0.0112172456623047 0.153634106022129 -5.75154659694524  1.21909473089892  7.89969277488499 1785404722.57878
 -0.109927818897586  -0.109517505101148 -0.0159116532310887 0.155985223658227 -5.77240967697122  1.16514760813358  7.95857204003381 1785404722.60426
-0.0967281542674958  -0.113305302343029 -0.0462080534630343 0.155979522924915 -5.73601949689242  1.04391079102109  7.93543102011934 1785404722.6259
-0.0625062329245878  -0.130705849850042 -0.0467137778497554 0.152227544749434  -5.8012084676418 0.934458920081785  7.81154415654153 1785404722.64218
-0.0463994074231764  -0.159780140253578  -0.019928795388255 0.167570149830755 -5.58124042916635  1.03885401631271   7.7641206930281 1785404722.65981
-0.0347733821888372  -0.242389475312989  0.0145383030100521 0.245302279047239 -5.5889189159282 1.12411402306331 7.87908508211505 1785404722.67822
-0.0466482634787566  -0.382169411879954  0.0275931515771982 0.385993396156224 -5.63482218573013  1.06915812830317  7.89055545705214 1785404722.70261
-0.0656510846553421  -0.466495879331099 0.00827867741035056 0.471165583260262 -5.44151327924803  1.13864113642785  7.86610857282469 1785404722.72586
 -0.0857092196777297   -0.513556702250881 -0.00732690773620849 0.520711283094135 -5.30182101114135  1.09586414316291  8.05281878720738 1785404722.74222
-0.108436103872982 -0.579942215136309 0.0101336168075723 0.590079699455899 -5.26849241077793  1.14824322451301  8.11453076493502 1785404722.76001
-0.100369148703927 -0.703999579637764 0.0225493954593515 0.711475824871992 -5.14681436685309  1.18656480099595  8.17473533175702 1785404722.77832
-0.0847317350798073   -0.87441347976041    0.04097391756236 0.879464190536915 -5.05545122842157  1.08177237967487  8.13525798079474 1785404722.80368
-0.119617748124421 -0.964019585788638 0.0605552445266441 0.973298055628458 -4.83851790126141  1.08998804865683  8.24612960242386 1785404722.82598
-0.149367904226189   -1.0159111931462 0.0843033311331312 1.03028800575994 -4.78728458833269  1.09172058575089  8.38060860155045 1785404722.84232
-0.154907656607146  -1.02563470466565 0.0938845878734055 1.04150719888548 -4.43651902483587  1.15679442171169  8.60331322044732 1785404722.85985
-0.147993541497684  -1.03486667525632 0.0992367011617292 1.05009477988349 -4.43993225388174  1.20696600197739  8.90401730918763 1785404722.87771
-0.188391708893845  -1.03282287025795 0.0890647441718573 1.05363515789964 -4.18456438633478  1.08472919003884  8.70569629874091 1785404722.90368
-0.254012758856406 -0.966806858588036 0.0527395481544503 1.00100921245224 -3.90770031939013  1.01278006482214  8.74067182910316 1785404722.92594
-0.239466524138718  -0.94951291499114 0.0649003643836932 0.981392403279742 -3.80022853749107 0.920190042911963  8.99179112947321 1785404722.94222
-0.168650591385324   -1.0129610789585  0.101688561336369 1.03192719363628 -3.70223548458713 0.862644356063102  9.23893804950845 1785404722.95967
-0.121121288548172  -1.07862920232983  0.139158283615162 1.09429262565228 -3.53985879321989 0.969878666976434  9.27178539783834 1785404722.97624
-0.0829294640317863   -1.09663903258824   0.116386039914353 1.10591146756312 -3.50053919646686 0.966215054412261  9.27106158068937 1785404723.00235
-0.108220271859452    -1.088423828096 0.0862981186102906 1.09718978398642 -3.01018914549739 0.995773720815148  9.30681236320679 1785404723.02585
-0.0990408000620055   -1.08559098175207  0.0865774794145584 1.09353213015444  -2.8977542120704 0.863694573514322   9.6312505294825 1785404723.0423
-0.0394118932394776   -1.08870913910993    0.12046048393996 1.09606186645702 -2.54327545828496 0.801685918247518  9.39765348702131 1785404723.05998
-0.00979319699913572       -1.07167187878     0.14001142065947 1.08082363056624 -2.43539616091791 0.811433745990305  9.58719816905863 1785404723.07777
-0.039187686630284  -1.00628276269111  0.121512311219579 1.01434999632799  -2.3483372280647 0.834368271630995  9.58752241437318 1785404723.10217
-0.0610186628421224  -0.987207826647261   0.134065732790427 0.998136358879529 -2.16743218492464 0.781659888033669  9.47908904497794 1785404723.12595
-0.0589109506447486   -1.03311523384394    0.16679644665324 1.04815010428966 -1.88859250249978  0.75505115340431  9.53270894504499 1785404723.14359
-0.0680801880233342   -1.07129080790497   0.185924633094033 1.08943420007549 -1.82303013551824 0.858224441647964  9.96019562692788 1785404723.1603
-0.0504675831445038   -1.11368321760769   0.153194980444128 1.12530262070375 -1.52696548313433 0.909921635219187  9.65950687051998 1785404723.1781
-0.0850405846457977   -1.13047594952444   0.125232251844709 1.14056603946995 -1.22643077371393 0.759186355594661   9.5917761177578 1785404723.20231
-0.0508277871348023   -1.22610720036987   0.141762160011828 1.23532135120992 -0.98966761930594 0.810066427113234   9.6010753409984 1785404723.2259
-0.013292254708121  -1.31543724069371  0.160965158551185 1.32531566070371 -0.761318345768008  0.748179693156579   9.67642764444623 1785404723.24379
0.00211828043351561   -1.39206509147347   0.162302244655546 1.40149624495796 -0.606752792236385  0.742330770393568   9.80566138704671 1785404723.26182
-0.0307716802181008   -1.39912576642701   0.143900339763466 1.4068429600945 -0.279363632242874  0.769986142014842   9.71753913352031 1785404723.27959
-0.0643051844709746   -1.42828663058138   0.150904532969488 1.43767521851011 0.108765827888167 0.895954574120321  9.63853198992649 1785404723.30214
-0.0933191630145859   -1.46562154005957   0.184957678956049 1.48019063227583 0.310510893302179 0.544262813697062    9.574198535174 1785404723.32592
-0.0969839335122775   -1.47971444289883   0.193508000707869 1.49546182238827 0.590610230566734 0.718348673631501  9.86864511931285 1785404723.3442
-0.0818829600076134   -1.48073620853005   0.168375164424909 1.49252629269527 0.932606615098392 0.820109326290261  9.94230458279246 1785404723.36237
-0.0669065167014122   -1.43569983959871    0.14854482952301 1.44491386517636  1.45123334543441 0.707291467426671  9.68545873346397 1785404723.38169
-0.0464186771883422   -1.40616735017672   0.173064450456191 1.41753751777744  1.79014453978276 0.612844802946892  9.55364352580424 1785404723.404
-0.0326363679102794    -1.4328204808808   0.145395347220613 1.44054832266581  1.63206153719355 0.568911924064444  9.49232308811587 1785404723.42597
-0.0501558829437909   -1.39185671776416   0.104088387125536 1.39664423806261  1.83605932649437 0.564743783866508  9.53484175370244 1785404723.444
-0.0419780720038514   -1.33509514560939  0.0562093215051043 1.33693705692638  2.39532636970361 0.727121659365283  9.47152765136654 1785404723.46455
-0.0516988826933576   -1.29903283793166  0.0243213359225862 1.30028866636512  2.54584565399896 0.582378191960739  9.49040804054465 1785404723.48276
-0.0503817298951197   -1.32104581647672  0.0705829835468728 1.32388909108892   2.9353296330933 0.693202133644028  9.47682456018648 1785404723.50423
-0.0585669053476057   -1.32854471070765  0.0636972263170787 1.33135963112593  3.01526905776611 0.648891639332755  9.33195893924272 1785404723.52587
-0.097678085356028  -1.21635494740077 0.0667258209293122 1.22209357317835  3.43760933667369 0.648268718995822  9.19747762605262 1785404723.54429
-0.152330188151994  -1.09770599977081 0.0747396224017128 1.11074252611125  3.63679875647477 0.596264636793234  9.19156126265399 1785404723.56481
-0.184405357881432  -1.04229388676952 0.0975581951248746 1.06296730140137  3.97012760057042 0.429686571864419  8.91023269487784 1785404723.58381
-0.154889360862275  -1.01007715656072  0.104089062476659 1.0271714118108  3.92621848308206 0.329873375794281  8.92936643357144 1785404723.60459
-0.0989865034660827   -1.00198538935423   0.127975361857393 1.01496341884342  4.42856641146309 0.290975134028365  8.69779829591359 1785404723.62599
-0.0853736283051348   -1.03253714849555   0.142170939768639 1.04576966658438  4.43133357155059 0.238110247992818  8.69648842500411 1785404723.64541
-0.115649365364701  -1.08107762019779  0.170949925308942 1.10060323167111   4.6087482570063 0.261835361109722  8.53814083630621 1785404723.6656
-0.142637527176636  -1.08194722018945  0.133327768476089 1.09942327848812  4.47510612052384 0.333134025836914  8.64742878711609 1785404723.68383
-0.108083411667097  -1.07196371170958  0.121757164311001 1.08425690228877  4.79161016746244 0.377729809156842  8.53397699159555 1785404723.70419
-0.0692799713931322   -1.00866243907418  0.0817086072624683 1.01433521428376  4.90090546010742 0.211409036864656   8.4694829677565 1785404723.72595
-0.0743704918052683  -0.963001024746176  0.0916738189407397 0.97020927267921  5.15050769013711 0.179086606935871  8.63039679259533 1785404723.74448
-0.084921303401733 -0.937379954118768 0.0847677039748218 0.945028237563469  5.70167313912721 0.283180176179977  8.33797474251182 1785404723.76452
-0.0834611401326961    -0.9360176104678   0.109487275208665 0.946087835483956    5.944451299892 0.240582238437818  8.03331216205264 1785404723.78368
-0.081855904967065  -0.93089189226587 0.0966156450726421 0.939465106928997  5.66522149428778 0.266485563188424  7.93610906355169 1785404723.80373
-0.0962044250552576  -0.859326567478499  0.0736222094435176 0.867823525089022 5.53304405326225 0.26969004644083 7.80338678212291 1785404723.82589
-0.144606999835957 -0.719570859774348 0.0409288184269766 0.735097663454169  5.75170551397817 0.257186362049527  7.94462209713808 1785404723.8445
-0.144732395448411 -0.620394693768471 0.0271819521661304 0.637633045624105  6.25898237131326 0.152562013096696   7.7902186568173 1785404723.86423
-0.0852916911759161  -0.584161509256839  0.0475100245035266 0.592263914069734    6.42328643698689 -0.0140992976111956    7.67953723106694 1785404723.8835
-0.0244453533865164  -0.563496151791155  0.0362269739827702 0.565188359778915   6.25026182924563 0.0103424490630664   7.80160611447103 1785404723.90372
  0.0129120118889382    -0.50126228256762 -0.00235230805310779 0.501434072764404  6.13629856791748 0.145504952774466  7.76779686815618 1785404723.92587
0.00826716381083192  -0.384884890699995 0.00316378802664972 0.384986668134495  6.32828640247594 0.198464432114358  7.60118651299883 1785404723.9445
  0.0314507367542029   -0.292391268720998 -0.00954555768070475 0.294232765915173  6.59042868859036 0.145133717848786  7.49259311636461 1785404723.96449
 0.0833660861700857  -0.261070542802767 0.00210136139571488 0.274065956226535  6.62143310533981 0.071869354944869  7.27922944123698 1785404723.98371
 0.0469790491624217  -0.244084595242602 0.00441331877660742 0.248603696830063  6.49674705867586 0.199388467381573  7.32522902191268 1785404724.00387
0.0300264336858861 -0.208092407941068 -0.057833052220652 0.218056641475928   6.41138078959378 0.0545833650402548   7.33541466080431 1785404724.02595
 0.0704932498410336  -0.146475196957918 -0.0291182420675788 0.165142827934238  6.64147032140431 0.311055235264906  7.37757656999625 1785404724.04476
  0.147485668228232 -0.0828573684085958 -0.0147230321868037 0.169806164520313   6.67667834227304 0.0165166807688772   7.23522343829849 1785404724.06433
  0.110404904987661 -0.0671501756059963  0.0232205872564418 0.131291983006521  6.79337593706083 0.314616054139478  7.31431213679264 1785404724.08274
   0.02439050536253 -0.0873656745479394  0.0429442428657692 0.100358685903963  6.65673585575969 0.365282247178799  7.34351982049509 1785404724.10254
-0.0523132721039544  -0.110781715601379 0.00101234016411752 0.122516495960402  6.36537435766089 0.290445432747083  7.44350201660299 1785404724.12595
-0.0117657561300682 -0.0932017765652738 -0.0192780897508403 0.0958991601458371  6.55725868994415 0.104120786145854  7.34940182655156 1785404724.14468
0.00975584773840625 -0.0522252115827534 0.00925289881785325 0.0539283360256161    6.6436545164325 0.0315648398975016   7.12636887839071 1785404724.16426
0.000906732515850061  -0.0261439280151228   0.0367639322576259 0.0451211020583333  6.72679990712217 0.154104213897862  6.98465941426616 1785404724.18275
-0.00232062865036699  -0.0364818129794282   0.0231859905933347 0.0432885453138944  6.64162709356862 0.236210820576161  7.03543772256473 1785404724.20228
-0.00589368463696356   -0.056338387101463  -0.0264540846986436 0.0625185410661292   6.6023269274803 0.147267477859446  7.21850101687338 1785404724.22584
0.00310777072501067 -0.0441276118028231 -0.0409513896204237 0.060282009539693 6.57668291115869 0.15609481530669 7.26061912905106 1785404724.24463
  0.0251110841372666 -0.00475461853217294  -0.0204994303873961 0.0327627775095925  6.62335182752414 0.173074817239573  7.10058080554998 1785404724.26416
  0.018113990143449  0.0360141781072601 -0.0137895753113565 0.0426062208007938  6.73983208225842 0.228104546210208   7.0608437461762 1785404724.28365
-0.0116311203348812   0.045115506508445  -0.010888061733722 0.0478460215281833 6.68807975275137 0.23165941012296 7.22540398330382 1785404724.3027
 -0.032443179829617 0.00599914806379013 -0.0106140392452614 0.0346584408773404  6.70737806102083 0.260109255095925  7.29902009234551 1785404724.32598
 -0.0440891013163161   0.0254321866330737 -0.00705083261789378 0.0513844257769359 6.74702455463244 0.27779764598861 7.29083772701217 1785404724.34442
-0.0359693270011348  0.0415947907193696 -0.0094534523477647 0.055796835584056  6.75068829808319 0.163760556607803  7.30493380301565 1785404724.36408
-0.0342477972638519  0.0642118130810535 -0.0219763099842051 0.0760199102676656  6.42907509589603 0.167057972617002  7.35857869576887 1785404724.38293
-0.0198770773143436  0.0819321698845509 -0.0116747462066384 0.0851133265919075  6.57116126985103 0.132878507209517  7.06839241883004 1785404724.40247
-0.0171167457429084  0.0817488826236318   -0.01734681894028 0.0853040146909075  6.55709516813135 0.157576534070416  7.05495834643227 1785404724.4259
-0.0255472709207391  0.0635027786856408 -0.0166039439914081 0.0704340607118809  6.69364910472678 0.140296476766974  7.27984624563679 1785404724.44459
-0.0177623765656325  0.0463724515489436 -0.0189647233907501 0.0531560628452307  6.52247093814701 0.172697544750842  7.45379002203457 1785404724.464
-0.0167610035934248  0.0528268925775685 -0.0248407765764569 0.0607344712809967 6.60537185482901  0.1169640075331 7.44207735995746 1785404724.48361
0.00195689375114232  0.0879180002416494 -0.0248459429341478 0.0913823017872216  6.51792072910868 0.161921676997769  7.38639118877386 1785404724.50343
 0.0325160270273888   0.157691678487648 -0.0358983428173947 0.164962566950605  6.54363269312345 0.196087719770355  7.35049564867551 1785404724.52603
 0.0376019375061381   0.258757191008858 -0.0341492963661776 0.26369558973429  6.48689499962042 0.144202190222691  7.34852201921825 1785404724.54572
 0.0303999208254019   0.345454356214841 -0.0406778634123754 0.349166945723384   6.54829849297756 0.0900597524118902   7.37797613501191 1785404724.56483
   0.03577614021373   0.427514367536165 -0.0360055250271396 0.430516973522438  6.54926958365981 0.162049124838508  7.53188693007011 1785404724.58397
 0.0121984474971117   0.527792601964982 -0.0454399447882441 0.529885479507284  6.34703679020885 0.211696283839199  7.56778028520787 1785404724.60386
  0.033900939803808   0.635505313244442 -0.0436625266676787 0.637904924825404   6.36008145192136 0.0988680606766865   7.60985467465138 1785404724.62591
 0.0350715878236171   0.709202233670938 -0.0230773485763269 0.710443796885884  6.19004078993399 0.247418967505618  7.71834174863912 1785404724.64497
 0.0211256908604029   0.748086837466035 -0.0363806305127842 0.749268817902341  6.07654273626771 0.365283965306688  7.98025482896953 1785404724.66452
0.00920684160657835   0.761021926340708 -0.0270223023523984 0.76155718309797  6.08514703606159 0.238125416157136  7.81950971267325 1785404724.68409
  0.012941696012597   0.787813427756162 -0.0164302705958849 0.788091008856496  5.94272306599624 0.184644280057894  8.00120204627456 1785404724.70383
-0.0216853979908946   0.883323837952486 -0.0140199819696829 0.883701204636252  5.65613159260841 0.341094649826374  8.07553392058174 1785404724.72591
-0.0267709179378969   0.997852112332841 -0.0433269365932181 0.999151011393624  5.74065303925947 0.230769953432927  8.33994624611337 1785404724.74569
 0.0931997358390451   0.976918748516535 -0.0208273303425886 0.981575371356056    5.5199766989099 0.0693658928954105   8.14082077850287 1785404724.76447
  0.158194660423302   0.961167930014988 -0.0071217920178726 0.974125279518649  5.05298617747273 0.258940625512127  8.49165616265389 1785404724.78414
  0.181868756019975   0.994845536616851 -0.0345408269743963 1.01192240555825   4.861580927474  0.4484631921194 8.73012707967987 1785404724.80381
0.122762700181974  1.16577296386487 -0.10301605811174 1.17673684061609  4.96482986286643 0.270160043706143  8.71658739465688 1785404724.82587
 0.0152753784191467    1.24752936067231 -0.0940032086416357 1.25115924092828  5.22064291866969 0.443042065959206  8.34658015929999 1785404724.84583
 -0.111296121843726    1.25768163318092 -0.0775438932024328 1.26497548298418  4.78757261901585 0.414806474471011  8.48153916299797 1785404724.86428
 -0.222509698613433    1.24549199230189 -0.0635454541076729 1.26680657308167  4.19596745208805 0.338101994460866  9.02684735025895 1785404724.88441
 -0.228623161755215    1.22586466674694 -0.0658255112248554 1.24873765427233  3.96906889270921 0.466038223981361   9.0038275716078 1785404724.90383
 -0.169038521383013    1.27051807364007 -0.0766224477342405 1.28400202361765  3.90513732170527 0.188797173145124  8.91752799065862 1785404724.92594
 -0.138031425732548    1.32848491026598 -0.0630851317678746 1.33712548593778  3.59559298726652 0.202808967631269  8.96395083278282 1785404724.9457
 -0.155557017298173    1.36429854974171 -0.0455725980073715 1.37389423906907  3.12414785045989 0.243150820974429  9.36587927687101 1785404724.96435
 -0.156016242930011    1.31791198141598 -0.0448659073096801 1.32787273805004   2.8824112539577 0.297362106651915  9.41775153562013 1785404724.98442
  -0.09011142190274    1.28758858921487 -0.0685906668555532 1.29255913714358  2.76853153103534 0.230240366782622  9.86962806003764 1785404725.00274
 0.0336444439584401    1.26973480005232 -0.0967552440941433 1.27386027033302    2.8020098124328 0.0671248821546548    9.3658853554582 1785404725.02592
 0.0943993549920258    1.28450244601743 -0.0963528177723303 1.29156557616729 2.32300624613941 0.05452393194537 9.59503129064238 1785404725.04601
 0.111324106788715   1.24647161531731 -0.114471252176101 1.25665755562874 2.26926684885398 0.23535273571341 9.54841802807455 1785404725.06453
 0.125297119140857   1.20269577678784 -0.102114338874577 1.21350889480551   1.5534172648698 0.122884319068918   9.7038071277492 1785404725.08417
  0.130688581132659    1.17660798429225 -0.0917907511982838 1.18739689907978   1.4011803199573 0.178343745359368  9.61918614710597 1785404725.10236
 0.138621808503186   1.14386814322442 -0.112416628337747 1.1577080086115 1.10763698343937  0.2814048290032 9.68626628911442 1785404725.12588
 0.110826638750602   1.12668713163581 -0.122833017434855 1.13876880297215  1.20522261164811 0.396632480348971  9.78827842694408 1785404725.1464
 0.109249128873129   1.16104722487554 -0.120732625970021 1.17240880136765 0.795422692714044 0.322559038971556  9.75650498296581 1785404725.16487
  0.06979774608341   1.20964852224288 -0.123236917531188 1.21791157748225 0.443976944670026 0.361440327613947  9.85238276506762 1785404725.1838
0.0471467296147458     1.264534471267 -0.109980328366863 1.27018341815801 0.381166182598612 0.317223312401525  9.75952239863784 1785404725.2017
0.0967699610089719   1.31275505417895 -0.120817511619709 1.32184988888301 0.295741696851395 0.343817877953423  9.88198406024043 1785404725.22453
  0.175362228286047    1.32535575526948 -0.0978486152880339 1.34048280132539 0.0402655986705048  0.413031029291682   10.1354919211733 1785404725.24776
0.232194462871905  1.34287482018918 -0.11201977001015 1.36739733806953 -0.342436170359515  0.366101153117193   9.85463171275658 1785404725.26569
  0.23633699349339   1.39970244587077 -0.105011791191716 1.42339368684824 -0.676503478943406  0.266090854451237   9.68036021283657 1785404725.2836
  0.233041145597506    1.41517149180596 -0.0977417421691816 1.43755764229612 -1.09303446999098  0.57074897904684  9.70310711365945 1785404725.30062
   0.27612420977463    1.43413482563481 -0.0919239785893448 1.46336505874712 -1.32793941162889  0.46358668711941   9.7055298403157 1785404725.32594
  0.310322186384908    1.46424624792501 -0.0667158169992722 1.49825496300298 -1.24662121433274 0.828526799122657  10.1653015841717 1785404725.34944
 0.331743038420079   1.47571476591219 -0.127617667593117 1.51791758108053 -1.55368311885881 0.802270210854001    10.00522134864 1785404725.36614
 0.263239778551956   1.52050723728225 -0.119235299126121 1.54772558814457  -1.8525640977428 0.702159447766685  9.49884354844596 1785404725.38399
  0.201786326777593    1.51405022438681 -0.0748506200881158 1.52927055126544 -2.26588972906683 0.753901073860265  9.28575349988148 1785404725.4018
  0.207878285210743    1.47921510048292 -0.0423023755470297 1.49434941895654 -2.65192314335691 0.821346757145501  8.99370481567972 1785404725.42597
  0.259716556191149    1.43611879540207 -0.0796425335478025 1.46158572010567 -2.79712272960563  1.17347036501992  9.71587886231102 1785404725.44971
 0.302636593986847   1.37888103920707 -0.121649910304343 1.41693349490432 -3.01527720615287  1.09871354812014  9.31693609070556 1785404725.46645
 0.299283820455662   1.32533399992969 -0.093178615761317 1.3618969384617 -3.56628632507478 0.720096766945722  8.88102393541616 1785404725.48409
  0.320404013629418    1.26998925930411 -0.0769400632905834 1.31204086218257 -3.77825653032807 0.947387270084585  8.89828824532229 1785404725.50069
  0.34148677951448   1.18232663798789 -0.027905441137174 1.23097043551987 -4.01298387649444 0.992978034392686    8.649264749351 1785404725.52497
  0.293703258302925    1.09116866159647 -0.0814965676312629 1.13293969059419 -4.16333345433677  1.24001567279164  8.78047024776349 1785404725.54979
  0.246483403982496    1.04880376079428 -0.0774455297709254 1.08015795473464 -4.21573700409759  1.28726784263826  8.64067989071496 1785404725.56679
   0.20262512065739   0.988568434496516 -0.0544735352324405 1.01058985510692  -4.280097544228 1.19442734993362 8.51188323800952 1785404725.58421
  0.149329956881925    0.92920893046477 -0.0469768909191654 0.942303295525528 -4.64162590585182  1.22408623055898  8.31999886945233 1785404725.60156
  0.120950917847179   0.839456267143773 -0.0919218805653011 0.853091777654488 -4.90919813601345  1.36988795224481  8.30799284835872 1785404725.62605
 0.0679946719756151   0.778630059899916 -0.0746230237493066 0.785147528347576 -4.81510599206861  1.41233275549283  8.25654070434275 1785404725.65046
0.00202683245822922   0.731872146377802 -0.0586633479562272 0.734222265452974 -4.89590258555257  1.31360230679554  7.96534024837546 1785404725.6682
-0.0651088232101481   0.646853066968295 -0.0226525452418591 0.650516092738707 -5.21128116075175  1.17345811462567  8.03281763397905 1785404725.68482
-0.100932089135649  0.585017510671279 0.0368430520009949 0.594802643647499 -5.55077079576891  1.16118215526436  7.94119332058997 1785404725.70207
-0.123809405036354  0.574835878529209  0.024829772574596 0.588541904732373 -5.42554149555402   1.1760180707208   7.8221623394966 1785404725.72589
  -0.158325520002826    0.585084443599213 -0.00258559188409734 0.606133204593971 -5.34172510211007  1.27274785914787   8.2799074584096 1785404725.75046
  -0.149915934362161    0.566999258113983 -0.00111346371074949 0.586484599865096 -5.48117057314545  1.31007377446452  8.11500669062954 1785404725.76835
  -0.142441780557072    0.546117955939369 0.000576673349239734 0.564388886495664 -5.72954986047404  1.16974449297157  7.96465109211723 1785404725.78602
 -0.101991169805068   0.519325756225746 -0.0078921866592605 0.529304946517519 -5.8659431653935 1.08732452777404 7.65903329553022 1785404725.80397
-0.0973530728267155   0.484616109641279 -0.0028119188220859 0.49430587837908 -5.8793868304694 1.06516896577524 7.50896155438785 1785404725.82598
-0.075248092101145   0.42362045132019 0.0228860217659505 0.430859991335765 -5.87740794295929  1.17762277390574  7.96643164489807 1785404725.85176
-0.0232654693898115   0.376464546481662  0.0423251177913924 0.379550065761589 -5.70669982343812  1.25212643263549  7.98264088691459 1785404725.86865
0.0459315063331171  0.331031941255518 0.0405164814991647 0.336650315132034 -5.88213525784515  1.22720945247622  7.71022109202636 1785404725.88627
0.0705514176898434  0.279273214620625 0.0190354571171087 0.288675214679477 -6.26630036392153 0.935429598732898   7.2692924693998 1785404725.90392
 0.043638635799624  0.203206358018049 0.0352697567638342 0.210810602711514 -6.34377027696045  1.08586654557742  7.61192122895137 1785404725.92592
0.0122802853513192  0.103879974085285 0.0219687830563399 0.106885367816394 -6.12092118465548  1.26512023714937  7.61615853531241 1785404725.9505
0.0240162002561846 0.0172351669447736 0.0381049659220261 0.0482267278827638 -6.03713414298346  1.22881118730685  7.51136263343019 1785404725.96844
0.0138176032655105  -0.02156148768203 0.0516726901173868 0.0576705368020176 -6.10235533879985  1.23342686662983  7.34922821450888 1785404725.98617
-0.0157785581649577  -0.027654854813276  0.0342749546895976 0.0467816888481198 -6.20471288115009  1.23065731320205  7.45000993375028 1785404726.00387
-0.0535859041365776 -0.0631829360206269 0.00905519753099888 0.0833398411844331 -6.05327665436911  1.24071556399065  7.61734937440841 1785404726.0259
-0.0717134803490902 -0.0756958476077103 0.00335708325408584 0.104326193339947 -5.93228356373303  1.22426984389497  7.66615254820224 1785404726.05161
 -0.0677657996416777  -0.0719493579279396 -0.00444922636573186 0.0989379063987727 -6.07805262151134  1.11380283277406  7.44140997442907 1785404726.06898
-0.0642384168581971 -0.0497605316111148 0.00311645196129672 0.0813166463861818 -6.16270925116012  1.13221647818052  7.67958231750247 1785404726.08667
-0.0476475638593779 -0.0275912437068831 0.00379918125388331 0.0551905865997633 -6.14833495226021  1.05888455612438  7.69761098105037 1785404726.104
-0.0329925495795299  -0.038148083199633  0.0356564299619858 0.0617670266177502 -6.00905194334846  1.15825880094472  7.73754455562745 1785404726.12572
0.00653422864007311 -0.0605186895345369  0.0196149290403897 0.0639527432418496 -5.99699487114862  1.14303725650544  7.70211253345082 1785404726.15084
  0.0276397600903661  -0.0552710669271573 0.000666645535053425 0.0618004174208289 -6.05117056301922  1.15107301726249  7.76616226022424 1785404726.16982
 0.0430148098614673 -0.0403702145475056 -0.0155272150968278 0.0610010040793836 -6.04482220050664  1.14842493148766  7.80206771854113 1785404726.18762
 0.0309099104865835 -0.0358273087668281 0.00275175035875441 0.0473982146267046 -5.93529425081554  1.16174173983059  7.58720768465428 1785404726.20403
 0.0204961518006575 -0.0332520742128902 0.00656140877588674 0.0396086450565964 -5.96003704997257  1.16215859020913  7.58960390137065 1785404726.2247
 0.0158248840255444 -0.0459688622223048  0.0078307076541809 0.0492431033831177 -5.97656342356294  1.21089861626902   7.6613825553592 1785404726.25023
 0.0111523969344866 -0.0650052070640323 0.00909380107432775 0.0665789014688701 -6.11762612129157  1.25595584617337  7.69429800260223 1785404726.26958
-0.00649532314274998  -0.0618492608733092 -0.00582101020249623 0.0624612235957715 -5.9813728960171 1.15378557554101 7.68212472779341 1785404726.28644
-0.0163297069584072 -0.0673086702461694 0.00589882325589202 0.06951195965774 -6.00904721522874  1.16349174436657  7.67996656734366 1785404726.30388
 -0.0124227097926539  -0.0378639745981571 -0.00681660864663514 0.0404285844966624 -5.95609188906009  1.15555544678143  7.76149279230775 1785404726.32591
   0.010882354068477  -0.0339930446586396 -0.00908804429830856 0.0368313082092394  -6.023487750596  1.1307580840956 7.74270324761721 1785404726.34998
  0.019584112154849 -0.0407775960140068 0.00315788451121114 0.0453466869810949 -6.04548189150661  1.15481633559046  7.65738362651727 1785404726.36972
 0.0234295861186405 -0.0617219454629977  0.0161195547513317 0.067958694092877 -6.03231678898227  1.17499442972763  7.72728318760804 1785404726.38685
0.00902676747209261 -0.0809055991907806  0.0192565262775901 0.0836541231242907 -5.92689636854711  1.16948913279188  7.63850848713135 1785404726.40407
0.00809249509068521 -0.0909689273793715  0.0100796323202607 0.0918827144410622 -5.90233535575761  1.16492472955736  7.67010623026956 1785404726.42589
 0.00325748060481542    -0.10302632694486 -0.00319497725644095 0.103127315020362 -5.88533452192776  1.14803210015466  7.61802950764837 1785404726.45167
-0.0199373439471311  -0.101911840756695 0.00683242123749321 0.104068261011947 -5.90094734096546  1.09803655401966  7.59597793377106 1785404726.47021
-0.0273354277451029  -0.118834514306053  0.0137021039045167 0.122705399440178 -5.95408974213589  1.15582496538884  7.77769334048673 1785404726.48799
-0.00546406229795084    -0.13848677174615   0.0202237124447733 0.140062273544717 -5.91257142554313  1.19661763209958  7.79370880665315 1785404726.50452
0.00100010631788691  -0.148375692440428  0.0101453306394256 0.148725499002716 -5.7362901978179  1.1986597502024 7.78144202123687 1785404726.5259
-0.0170277630192001  -0.163746471787129  0.0286269599462994 0.16709983414695 -5.96166601393532  1.07955940048076  7.66215373093008 1785404726.55062
-0.0293094221458082  -0.181663091868684  0.0287681001150252 0.186247482554904 -5.78024622751982  1.13503411856674  7.79176060586987 1785404726.57003
-0.0226540932790197  -0.213994724354568  0.0217948727786843 0.216291392508628 -5.67889204283613    1.141860098899   7.8413045019169 1785404726.58787
-0.00432233946528002   -0.257899939605513   0.0333613539703698 0.260084681220784 -5.6302539351226 1.04651203859546   7.709372540579 1785404726.60477
0.0297005156133409 -0.319044905676157 0.0443327683262061 0.323476686660834 -5.66299519072523  1.15742246697744  7.74551409695035 1785404726.62586
0.0550088070587324 -0.414417642858897  0.056774563966815 0.42189015475639 -5.65196480508712  1.16028346869957  7.97833140871853 1785404726.65063
0.0803430857189519 -0.516486977503864 0.0426286418700958 0.5244339905666 -5.56194619459122   1.2306841295219  7.86199382723474 1785404726.67024
0.0861763138534543 -0.643727632087029 0.0520321316929797 0.65155119837988 -5.47584439632611  1.27289724213129   7.8846143616555 1785404726.68805
0.0642414367419015 -0.730904857429618 0.0440995171288167 0.735046692543997 -5.56835607202829  1.20809045838162  8.06975301460706 1785404726.70473
0.0193027360779616 -0.797191663193983 0.0636338763036063 0.799960257575029 -5.10529767694584  1.24746867065093  8.16441162236132 1785404726.7259
-0.0265684833131806  -0.836963447325009   0.105398617728817 0.843992040888343 -4.86820720760689  1.40293907974796  8.44590756290163 1785404726.75193
-0.0339034411995477  -0.926840731380825   0.124461089522327 0.935774410569555 -4.80423867794778  1.39550984206761  8.35377463097113 1785404726.77192
-0.03300961774992 -1.01410206975512 0.129429499748427 1.02286100627149 -4.81044991469859   1.3319277380329  8.29143177432181 1785404726.78862
-0.0775662670398927   -1.11429904359759   0.120218147724841 1.12344616577182 -4.73475957620763  1.29573408671963  8.21396087898489 1785404726.80587
-0.179155205624766   -1.1502120975301  0.109654965869203 1.1692342231336 -4.6644397969468 1.28858429796798  8.6093039221109 1785404726.82598
-0.193138855897525  -1.22080097899178 0.0758640277165108 1.23831054209599 -3.91997328861188  1.39839736748126   8.7140983953119 1785404726.85214
 -0.13489361551369  -1.33687764179267 0.0718060812612385 1.34558323040144 -3.74013380989568  1.19621535608716  8.64416311690469 1785404726.87212
-0.0963317357686659   -1.41299753767791  0.0720220250558158 1.41810754771745 -3.66930970599474  1.13398430092777  8.78287862619418 1785404726.88976
-0.100789709015784  -1.43730806091731 0.0991437703108063 1.44424461730443 -3.51578133275869  1.10266107939139  9.12388972007626 1785404726.9062
-0.155491997408833  -1.41191676761934  0.100537759095287 1.42400651717144 -3.11217225166848   1.1974072102158  9.37250004764922 1785404726.92593
-0.178181753171036  -1.36808119743698 0.0673134991336728 1.38127694801199 -2.78154703797733  1.14984870899027  9.54765653438894 1785404726.95227
 -0.17850100702623  -1.33806156706192 0.0430096246463704 1.35060030896258 -2.72110279286077 0.871271015847126  9.47572454829903 1785404726.97221
-0.245429680463268  -1.27399501647311 0.0693146231207435 1.29927039026871 -2.58100892363417 0.719282571114304  9.61648757985919 1785404726.98974
-0.235807636685628  -1.18961286298319 0.0789735363487298 1.21532745576562 -2.1023947365064 1.03922019623076 9.78167195694502 1785404727.00663
-0.176299478410301  -1.14602968828513 0.0486002235595173 1.16052898897386 -1.84852185314097  1.05373833404249  9.94906531906598 1785404727.02568
-0.0288273836448873   -1.13972892179873  0.0489791241845182 1.14114503365619 -1.55245818807776 0.936825437823782  9.91882071499646 1785404727.05409
0.0165889749060444  -1.12736041831699 0.0489038996926313 1.12854255492712 -1.34542845716316  1.00229193092939  9.90176908744089 1785404727.0724
0.0401431942078752  -1.11813221942442 0.0238487858435405 1.11910674233623 -1.17875331897638 0.988260769028851  9.83743641944055 1785404727.08999
  0.039958358684324   -1.06779840006236 0.00188524112253928 1.06854744758414 -1.00596779536247 0.783565195501041  9.62667437865655 1785404727.1068
0.0496951623274755  -1.11960781416586 0.0481608013488149 1.12174450276637 -0.608081509122259  0.905595856891952   9.62789555840473 1785404727.12608
0.0522192290628974  -1.24585005920519 0.0535374004171837 1.2480927333932 -0.758681339555501    1.2301530050651   9.68627465897177 1785404727.15189
-0.0224935184574118   -1.17229159411287  0.0180957603296077 1.17264700423538 -0.637400399551434   1.06498638132698   9.73701760609981 1785404727.1718
  -0.10420316557095   -1.11804257058094 -0.0165490203612666 1.12300995517456 -0.0281652403849181    1.13138392118493    9.33125160394028 1785404727.18885
-0.217617843471686  -1.08120424094141 -0.046659866911688 1.10387376072048 0.0815974170846583  0.929235798215019   9.58234045786366 1785404727.2066
-0.309378975440974  -1.02283457164717 -0.069435219610691 1.07085347322775 0.240338776771907 0.989292448980015  9.73577789288323 1785404727.22609
-0.394339161369496 -0.928696588965623 -0.105899762687918 1.01449272460838 0.409959531391006 0.899879682548337  9.54727588291372 1785404727.24991
 -0.441349977070979  -0.830714399643512 -0.0681806706893013 0.943146234627101 0.437604697171197 0.564830950707808  9.78879855039993 1785404727.27005
 -0.394335169606361  -0.709641282985248 -0.0343463657629497 0.81257039654823 0.696826378612255 0.492741999233761  10.1317266002993 1785404727.2884
-0.296986628073742 -0.548757108819791 -0.027330426836432 0.624565748313121  1.32504421942615 0.479889909816165  10.0135273660744 1785404727.30683
 -0.154796191911318  -0.399402489317565 -0.0512637503284614 0.431407210882076 1.29613197322707 0.53228367226413 9.95903340034216 1785404727.32604
-0.0199989059174876  -0.209171209076318 -0.0702166488793216 0.221546673918132  1.24313207141107 0.407036208985891  9.85229794943573 1785404727.34879
 0.0602728481616992 -0.0234143140175342 -0.0772339181472776 0.100727972474459  1.20709145935939 0.344044802211971  9.98774766258869 1785404727.36966
 0.0928701627321688  0.0981690667492276 -0.0658242384140384 0.150315877920804  1.36530217264988 0.342694759756309  9.91327528074769 1785404727.38812
  0.124916145766609   0.158548716068737 -0.0421303139134371 0.2061957860643  1.49469527429128 0.497369654145213  9.72008433403021 1785404727.4066
  0.118149959680241   0.182228106666409 -0.0362316968715465 0.220179998387362  1.19463169885969 0.693893627803919  9.73163420669127 1785404727.4259
  0.077501720071141   0.220305380267632 -0.0774777818586087 0.246056464801438 0.980814260325075 0.673794536400498  9.79889210248903 1785404727.44846
0.0586771058774995  0.247508972485095 -0.102231602096905 0.274144112980904 0.993988609402009 0.766628435401488  9.71200937980312 1785404727.46991
 0.0757617397648312   0.234044364207205 -0.0688961678579316 0.255466803273649  1.04094089158297 0.612426802146206  9.65833442348136 1785404727.4882
 0.0570242972123995   0.209509553436962 -0.0105697168266422 0.217388459601053 0.870673240796966 0.737319683247314  9.66355908005704 1785404727.50692
0.0180098244610992  0.151227576963769 0.0115551806861764 0.152733938638871 0.828836922454522 0.783737019935486  9.67681475128522 1785404727.526
-0.0179994491773651   0.104401077191386 0.00336505183134603 0.105994757715832 0.758807026701576 0.732483409972087  9.70234205917008 1785404727.54896
 -0.0365749092296756   0.0595886172490337 -0.00878735062543182 0.0704680411379877 0.723892884774459 0.701165947870036  9.56053821812029 1785404727.57063
 -0.0554818726131256   0.0322426319454173 0.000595189593481357 0.0641730453857297  0.81212841118006 0.628584447448746  9.56426286103708 1785404727.58962
 -0.0952979446011046   0.0212846611416817 -0.00351416306483653 0.0977091827166601 0.694186073302039 0.593993853240901  9.71995229470155 1785404727.60809
 -0.0983306717992014   0.0185241388175512 -0.00790573401042603 0.1003721344082 0.768199381929075 0.674517083219838   9.8450724381305 1785404727.62603
 -0.0907854405069377   0.0214599404107643 -0.00693183921542035 0.0935445115727306 0.662658054698025 0.642194416801607  9.89002482192976 1785404727.64853
-0.0898766340339056  0.0290708453663673 -0.0240036399384027 0.0974633168216243 0.777502125786166 0.625823306817173  9.80499170832502 1785404727.67018
-0.0560786041265019  0.0414272683044076 -0.0576130512858922 0.0904449671259443 0.583913754716673 0.509052672397754  9.99921134180061 1785404727.68854
0.00111545159669468  0.0780372593578369 -0.0498951771154329 0.0926314567505407 0.749083660567851 0.477490383172794  9.87089091127343 1785404727.70789
 0.0408664986492067  0.0735096435751668 -0.0468139932114485 0.0962563679493217 0.776219738005458 0.506245829290229  9.75717347321357 1785404727.72592
 0.0636181021945585  0.0701774721488357 -0.0200854975036732 0.0968275153766116 0.802784232423097 0.670652118167481    9.718707544332 1785404727.74818
 0.0370809067621054  0.0606820712266095 -0.0387203630926384 0.0809726739874448 0.673677066027834 0.648728239011821  9.70143703343499 1785404727.77027
0.00394748832686312  0.0524680075688159 -0.0401199018046521 0.0661670688722644 0.563061325016264 0.585564400889501  9.87181587787112 1785404727.78859
-0.0429638246694221  0.0211262257353158 -0.0325402321199559 0.0578884647444115 0.562783180928841  0.61597622816263  9.71572438634489 1785404727.80798
-0.0745915693514826  0.0141473982284532 -0.0223920511184426 0.0791546274594381  0.54005368664315 0.649403206549212  9.71326529803833 1785404727.82593
 -0.0485313935926937 -0.00567908831122341  -0.0214436579931468 0.0533608346657235 0.708443327133009 0.510146201140809  9.70918835691169 1785404727.84873
-0.0338275008615542 -0.0112721154955907  -0.014415576363241 0.0384599693729573 0.532143776103262 0.579378494027809  9.86142133357072 1785404727.87066
 -0.0398726441952115 -0.00486642753571718  -0.0201761564291975 0.0449509417068627 0.575139449923185 0.670664606842894   9.7976878516837 1785404727.88897
-0.0375460089431937 -0.0100815421653646 -0.0124427495825004 0.0408186513393965 0.655877670261854 0.494056742372539  9.73776443533186 1785404727.90815
 -0.0544810629316202 2.66129038644449e-05  0.00415436264430786 0.0546392318337862 0.619986821168297 0.448934786021214  9.73592063227492 1785404727.92609
-0.0419163668153819  0.0162257488036204  0.0159374787164723 0.0476892017030884 0.595410870352298  0.51822425804142  9.91353149624713 1785404727.94859
-0.0287316193022155  0.0280928419114679 0.00899123485235905 0.041177129799932 0.610568567856163 0.547583263455779  9.75858217132301 1785404727.97061
-0.00516778242800743   0.0224271889281026   0.0101292492477472 0.0251453070922392 0.631980233562531 0.480300452002324  9.63807683666936 1785404727.98959
 -0.0134236270026567   0.0173329400462905 -0.00513968117949113 0.0225175685894719 0.493578818485178 0.590092949995702  9.86982376379786 1785404728.00806
-0.00740388009945687   0.0213874322233512  -0.0197811910370957 0.030058862528074 0.495861450015975 0.526068333566762  9.92250175324627 1785404728.02587
-0.00982496566400994    0.030801559967767  -0.0162777723825003 0.03619712585943 0.646226829629294 0.440113860384026  9.84249149182477 1785404728.04653
0.00685352728466374  0.0264633771585588 0.00625696704242376 0.0280433736103155 0.627459751476591 0.504387759824226  9.93049926405864 1785404728.07041
0.00169935227369066   0.033552736388628  0.0133763727045048 0.0361607696826918 0.573717210094382  0.51633544355193  9.75298320187059 1785404728.08951
 0.0105005645634616  0.0242252298549911 0.00521664160727606 0.0269135090119691 0.570810305838475 0.556116426345399  9.78464607748489 1785404728.10695
 -0.0236907836936094  0.00495528606425892 -0.00323454122757442 0.024418647565926 0.496039722114537 0.596085917579439   9.8645046199671 1785404728.12595
-0.0270342460613459  -0.002276845060282 -0.0107197976412925 0.0291710223510282  0.70043757507207 0.457801459157576  9.59928725279624 1785404728.14701
 -0.0236248807652092  0.00994531921456483 0.000947078106087222 0.025650366905543 0.636229168013816 0.455157379083738   9.6465076967284 1785404728.17062
-0.0132371232601019 0.00206521892096793 0.00664176201189471 0.0149532459358262 0.567662281370524 0.430248122007564  9.82680673694475 1785404728.18889
  -0.0137223892027986 -0.000136643248153742   0.00796480365826442 0.0158669699100065 0.646221868019104 0.531241800344372  9.82563638315214 1785404728.20809
   -0.045760224832201 -0.000552133582457662    0.0176693266720873 0.0490561732428387 0.710411939122345 0.457246039936971  9.82067243997314 1785404728.22605
  -0.0593644883813083   -0.0054125174316855 -0.000681281119726926 0.0596146120484474 0.707518574914026 0.413951191641294  9.57749168544211 1785404728.24672
 -0.0271811231477225   0.0138064775619134 -0.00344996741522857 0.0306811758804224 0.558406932544796 0.384056717048688  9.71955795558287 1785404728.27057
0.00715017410735293  0.0379429077899716  -0.010184632554377 0.0399313909298364 0.619330240010492 0.465092816999164  9.76790347853734 1785404728.28875
0.00413140945720432  0.0516471645967354 -0.0114452484471327 0.0530612086839524 0.692890842299261 0.545304613484918  9.71853096695442 1785404728.30827
 -0.0098499719120312   0.0424344250453876 -0.00515377194495011 0.0438664306829377 0.488343932919497 0.503779683819229  9.89973823292604 1785404728.32599
 -0.0171402048037352   0.0438387697372357 0.000738372662554199 0.0470762099895178 0.433896802604068 0.497511943120303  9.90038638737219 1785404728.34641
-0.0240017113909105  0.0578081729378948 0.00168860538355486 0.0626156401887858  0.40524025854647 0.570341081596372  9.95828953705655 1785404728.37021
-0.0400510250751427  0.0582636041570547  0.0171182998971814 0.0727445418592317 0.588785736213591 0.505469770604406  9.76569673375667 1785404728.38992
-0.0547419919676609   0.037575771220988  0.0181699945424732 0.0688387461326322 0.677303933187354 0.542597833777021  9.78738747525409 1785404728.40829
-0.0677172540979719  0.0166792757901374 0.00813873298122423 0.0702144124663337 0.505090140310264 0.522231218836142  9.70395587042866 1785404728.42603
  -0.134472928097367   0.0130399083078515 -0.00593022163448149 0.135233779538956 0.430420578414658 0.543476617469527  9.69409556016058 1785404728.4463
  -0.227461188683005    0.016041848542498 -0.00923246851711799 0.22821299642366 0.532740959837062 0.475070836132968  9.81092920906647 1785404728.47058
 -0.255076664955097  0.0330409814149115 -0.0201474740296712 0.257995604937859 0.605487617860648 0.474322091768432  9.73517873970695 1785404728.48991
 -0.253354770638729  0.0290164026063974 -0.0291935774262686 0.256676559873634 0.528658183879137 0.309969777510432  9.67978995279958 1785404728.50841
 -0.296262513792032  0.0415903080943373 -0.0328276923709223 0.300963267180823 0.449009644751496 0.218977135578944   9.8052567869256 1785404728.52606
 -0.362544518866453  0.0589843257026257 -0.0161768387162135 0.367667470616523 0.389885340444742 0.188605500495858  9.90993137354083 1785404728.54599
 -0.451227903060897  0.0914072736784911 -0.0211351722221884 0.46087808115263 0.442953793635813 0.108588768555974  9.94653280459063 1785404728.57011
  -0.455403482725182    0.094810448756102 -0.00162007365850247 0.465170912579686  0.475516406742661 0.0377832274782029    10.077407903402 1785404728.58891
 -0.433147126901651  0.0612107454571069 0.00527135144263543 0.437482543707291   0.5209380697622 -0.15495407740664  9.82430972848461 1785404728.60812
-0.443356749048138 0.0417541718670452 0.0222861752342541 0.445875869947464   0.507992323780974 -0.0793877221841026    9.78659356029916 1785404728.62598
-0.449692680298339 0.0370103521654989 0.0328618675792865 0.452408195352512  0.299725122691288 -0.249002819705092   9.87734492018362 1785404728.64572
-0.317471918832819 0.0482602077545076 0.0570486664391267 0.326147232461633  0.329099458749117 -0.491764029386086   9.85979420093824 1785404728.66997
-0.249532999850088 0.0548931475356406 0.0646999591405953 0.263564148497758  0.562949229913092 -0.524397658722955   9.68451757206303 1785404728.68952
  -0.2668079950403 0.0569280685582491 0.0513838483464054 0.277610538485274  0.424868405691778 -0.411055562029333   9.91614035866973 1785404728.70796
 -0.31923941320444 0.0529891608823598 0.0692209150152744 0.330927770351301  0.418998803442224 -0.398924653190388   9.82094239656039 1785404728.72596
-0.382356351484794 0.0426560371273668  0.085621783205729 0.394140846377921 0.385045005031818 -0.43283165928194  9.79243851042291 1785404728.74456
-0.430423665199724 0.0404697532627992  0.085010924928375 0.440600941726517  0.377502522711538 -0.513838722095386   9.75019729192289 1785404728.76956
-0.482104128322179  0.062459417515889 0.0632829156445467 0.490234940405299  0.363248721481935 -0.584314086928193   9.66204470326867 1785404728.78863
-0.572851458339757  0.104281179832891  0.048342375600614 0.584269067355133   0.45643110916931 -0.720489320219893   9.70188124521309 1785404728.80703
-0.692556172600622  0.126938193951057 0.0749772907184441 0.708074114351214   0.23171658914866 -0.859141100724616   9.71483067599387 1785404728.82611
 -0.77175988650791 0.0852406911302118 0.0912793044327782 0.781799980343304 0.235926066195075 -1.07557940880345  9.63601304004547 1785404728.84481
-0.787452992744384 0.0837070358337411 0.0641189751494372 0.794481168187373 0.149108546775711 -1.11040509892907  9.66725911266028 1785404728.86871
-0.829960741718723 0.0967260734460225 0.0151458400983328 0.835715359767226 0.380791849261108 -1.34733549241204  9.56050003054423 1785404728.88857
-0.832142407992011 0.0648207003776087 0.0247183567996462 0.83502916568169 0.205486088652329 -1.49337768133848  9.66168681316386 1785404728.90783
-0.784688823780608 0.0384598569586666 0.0367426559735281 0.786489499949913  0.09945601564104 -1.69881087185342  9.82490421346358 1785404728.92601
 -0.686002343803484  0.0169074857424974 0.00562564689773355 0.686233725986289 0.0922391568648254  -1.98422518250786   9.60019850933487 1785404728.94435
 -0.601623481002509   0.016007355154328 0.00824102639560059 0.601892816727917 0.118874294388973  -2.0904954607553   9.6421037925263 1785404728.96812
-0.579997895012721 -0.015601971323792 0.0101925668305948 0.580297223969728 0.417613630491543 -2.05112064915897   9.5035314090685 1785404728.98815
  -0.561254281771012  -0.0699975380016321 -0.00620124770473891 0.565636349261325 0.193137641252308 -2.21759065869148  9.59019293140103 1785404729.00627
-0.474075758926055 -0.103621308029063 -0.045220196624513 0.487370564213442 0.146923094179466 -2.37854522350636  9.43898083987667 1785404729.02598
 -0.424923832477853  -0.112849916673188 -0.0488812859309484 0.442362687412801 0.215635198049598 -2.48883307427345  9.31213234031714 1785404729.04559
 -0.488682839049065   -0.14245978124089 -0.0272858546701719 0.509755063061995 0.166201793343106  -2.4759562938872  9.26893853134265 1785404729.06797
 -0.625575946215714  -0.137826940553855 -0.0189846451175983 0.640860317679573 0.221338683763444 -2.50760261691787  9.52148224398355 1785404729.08804
 -0.657825329798267  -0.112260756245099 -0.0425877229658878 0.668693020798288 0.457948828600566 -2.57438603634153  9.50885057568935 1785404729.10624
 -0.640088280956116 -0.0289090617358479  -0.082967422590329 0.646090035892123 0.542070055053107 -2.73500452973088  9.22705793283221 1785404729.12605
-0.590751783301269 0.0228671619019302 -0.100949091004415 0.599751027962183 0.387962254278366 -3.01051989740558  9.07568565904831 1785404729.14581
 -0.593810017775314  0.0434434844785563 -0.0216284962854343 0.595789782897899 0.294772574677092 -3.13742839144179  9.23237444757065 1785404729.16683
-0.565379197251871  0.106957264314101 0.0391135769713664 0.576735090815724 0.381485813023526 -3.13138346361453  9.58717273589666 1785404729.188
-0.476105863553072   0.11105502763719 0.0318271435324612 0.489921401388579 0.534091024671905 -3.40273364795502  9.41689162863156 1785404729.20623
-0.316475733180146  0.102108210141168 0.0263299069304274 0.33358093511037 0.297067404328489 -3.57535503930768  9.40329264273792 1785404729.22597
-0.202318874214754  0.124142098229694 0.0409977528334749 0.24088379595521 0.158919533498085 -3.42736355905859  9.41096045186472 1785404729.2449
-0.125066979098855   0.11470022694816 0.0369346326121472 0.173672273000232 0.197815561921284  -3.4959398219776  9.36048625677298 1785404729.26688
-0.0956844178960171    0.07554952257361  0.0188397192395602 0.123361960142604 0.324731068884594 -3.37716787675007   9.2387947421183 1785404729.28825
  -0.122474981426304   0.0579839804418778 -0.00403599830224762 0.135567519508005 0.157263322260871 -3.36914523367671  9.30828416065945 1785404729.30682
-0.147013336029945 0.0585541990317958 0.0114623890087135 0.158659703632321 0.209533119289836 -3.43310892082934  9.13582743705266 1785404729.32609
-0.162527030796174 0.0431985568330387 0.0300409009274258 0.170832101141469 0.169622367823938 -3.53211392824949  8.99093472650368 1785404729.34581
 -0.18280916639892 0.0140428365652859  0.027946843259981 0.185465410862687 0.352474364342824 -3.38851012324713  9.03003225467906 1785404729.36705
  -0.199286835721153 -0.00804188188668955 -0.00269032232001152 0.199467171710572 0.208454084267182 -3.46197691201372  9.26759440341953 1785404729.38829
  -0.164889224784479 -0.00217089985407756 -0.00995457801772029 0.165203701168327 0.134965916230534 -3.61128277591284  9.24629111722538 1785404729.40663
 -0.094380309489059  -0.006373738644172 0.00249966412415971 0.0946283027655489 0.152811912797802 -3.75115534627368  9.17796680846383 1785404729.42602
 -0.0359062108993126  -0.0065152344229219 -0.00071929211977611 0.0364996115306056 0.204975030576786 -3.64125723923093    9.087115884762 1785404729.44487
-0.00961620221884348 -0.00849368474229757  -0.0133873330280627 0.0185427805687143 0.258438554778177 -3.57908486166423  9.11595361575883 1785404729.46681
-0.0393365849687336  0.0101841207977626 -0.0338526178322761 0.0528874556726257 0.255344921362536  -3.5587273763993  9.21878966866052 1785404729.48828
  -0.02743375144855  0.0109185362980426 -0.0308813121319179 0.0427256432651568 0.373704537786321  -3.6494797007572   9.0537512595614 1785404729.50676
   0.0384744742421099     0.016895821754171 -0.000105157578991897 0.0420210068783688 0.210823597584536 -3.76067367563347  9.15781510429331 1785404729.52598
 0.0824251041252872  0.0301891472883232 0.00808087104172611 0.0881509096995233 0.223069441277431 -3.59754373152824  9.19300691328282 1785404729.54469
  0.115948311208299  0.0193775932078797 -0.0242206384269866 0.120025586090622 0.132246144728498 -3.58549039687403  9.14291862518732 1785404729.56598
  0.112493596063758 0.00539518386130821 -0.0251282144685266 0.115392132862815  0.21188381044113 -3.52727272591883  9.28572996999348 1785404729.58799
  0.124525809140464  0.0238732793238206 -0.0221381158537134 0.128711719673513 0.230586016429368 -3.60512296213996  9.21449325700441 1785404729.60649
  0.141266936932265  0.0213499627594514 -0.0199866174915713 0.144262376449333 0.210934169660122 -3.49118563132812  9.12696453771681 1785404729.62596
   0.117276874232557 -0.00471323330192745  -0.0115519442724575 0.117938658693371 0.246655137515048 -3.39989045371049  9.12467743974455 1785404729.64441
 0.0873992636370799 -0.0321703594733647 -0.0308238861376562 0.0981003326680215 0.226112844257057  -3.3731538089429  9.09563942421183 1785404729.6654
 0.0899594926262865   -0.05583933360741 -0.0110943472592222 0.106460443510286 0.252429664306887 -3.38143207399912  9.11634164263712 1785404729.68801
   0.141766131834344  -0.0330420599127026 -0.00105678151763582 0.145569676257533 0.221429152605807 -3.51024625299547  9.22824431520659 1785404729.70627
   0.223619809405934  -0.0195601352261709 -0.00195007341329088 0.224482116960638 0.274714153847183 -3.48847857563567  9.23526843843764 1785404729.726
  0.257187920983791 -0.0257464996908271 -0.0333319266407666 0.260613749214963 0.208564411836964 -3.39749386589337  9.27046740418749 1785404729.74431
  0.223287207628365 -0.0544425991898373 -0.0524620465481151 0.235740196031637 0.204739003889008 -3.24323560824915  9.41148262742646 1785404729.76565
  0.224398640191742 -0.0718929325306499 -0.0483311079213047 0.240539475888388 0.258573455488421 -3.25228221602371   9.4828262791875 1785404729.78789
  0.306827926477023 -0.0383160869660766 -0.0517764552746028 0.313516028788616 0.336601581082968 -3.31119999689234  9.35853263605275 1785404729.80635
  0.447187797838593 -0.0179116183166287 -0.0232691936144646 0.448150876355183 0.292277002015538 -3.09709338076306  9.36870650013944 1785404729.82604
  0.565533958630759 0.00507858916396716 -0.0495962646552748 0.567727258373446 0.329805175542457 -3.10198159231526  9.21907607095805 1785404729.84412
   0.67768738814372  0.0497797760486844 -0.0419729275720503 0.680808305473342 0.258915529856115 -3.03074692687387   9.3797859009757 1785404729.86504
   0.72864718188071   0.102385904313576 -0.0373980851263548 0.736755187179519 0.407628508573064 -2.89071285204253  9.42789344310048 1785404729.88663
  0.738576061892617   0.109253694158494 -0.0182022412165595 0.746834848191613 0.410847178838874 -2.74381046779853  9.33920898705389 1785404729.9063
  0.705214855020512    0.10536211495551 -0.0209238544659759 0.713349125390376 0.291090941489598 -2.64042041617918  9.36679576757263 1785404729.92599
   0.637176557694243    0.101632274571945 -0.00600174015242112 0.645258944761411  0.21484758711912 -2.39927849804478  9.52315830178365 1785404729.94417
 0.619361318158647 0.0884457100717583 -0.025891231835916 0.62618003956314 0.266756638421516 -2.14096988505054  9.59369339002713 1785404729.96447
   0.67303122734243  0.0642387190538068 -0.0149270170021556 0.676254731473514 0.136208815175413 -2.19369813524059  9.46187596887316 1785404729.98668
 0.651878858539228 0.0423081426312296 0.0103504612630151 0.65333234819016 0.0834562673769675  -2.11509846912031   9.57296959163677 1785404730.00684
    0.570051679805387     0.025361231872498 -0.000432829584180659 0.570615717512656 0.228838174008999 -1.69987619930693   9.6808591796872 1785404730.02612
    0.5718902333104 -0.0308310724036413 -0.0455788665390905 0.574531484826002 0.248816972594382 -1.59236808180725  9.63551700049887 1785404730.04412
  0.582055037927028 -0.0877842195814258 -0.0530030260040736 0.591018998974941 0.281371180337482 -1.70093460453818  9.52056828259551 1785404730.06433
  0.595008300059546  -0.129971452209978 -0.0147040449352234 0.609215614102904 0.0910686962670329  -1.73298019354737   9.54802986255068 1785404730.08802
 0.600389560291629 -0.134857405032466 0.0424384593690764 0.616810478698998 0.0818098385637067  -1.66165874189639   9.80251063900171 1785404730.10667
 0.576496282773816 -0.128274666175375 0.0597237334459422 0.593607006672894  0.14721064651754 -1.37239729642052  9.88220462439502 1785404730.12597
 0.549677718366849 -0.124838777192358 0.0413578914200823 0.565190931935911 0.185165382515801 -1.31550964685463  9.79336483664281 1785404730.14398
 0.572256025351823 -0.113148327052531 0.0790192351714613 0.588662502622118 0.205945887751302  -1.0914693361977  9.78398830396976 1785404730.16404
   0.65347942382161 -0.0852218211551254  0.0402260072097801 0.660239538209626 0.310865044691504 -1.02480168854961  9.82095146828721 1785404730.18826
  0.685837215279714 -0.0440366811268663  0.0263975327135722 0.687756312134368  0.277167761381189 -0.934764036328327   9.80225955660707 1785404730.2068
   0.646296992196152 -0.00954058701372858   0.0267311609200667 0.646919917676441  0.241294853438381 -0.902452738057323   9.92508997112121 1785404730.22609
 0.629037396786432 0.0209998448452614 0.0529409755431157 0.631610470884415  0.446658038932858 -0.456655749676141   10.0936142092104 1785404730.24397
 0.661560186735305 0.0577060042162152 0.0284949292212484 0.664683251321393  0.425342212399986 -0.582422759228949   9.88831937387405 1785404730.26382
 0.760649989183759 0.0803163621318911 0.0191121205093768 0.76511724410166  0.408571185454758 -0.472841469791548   9.77174389956564 1785404730.28806
 0.794779540486846  0.103917671679487 0.0360561990481584 0.802354940131591  0.30377458662905 -0.30384340569186  9.79346385253321 1785404730.30686
   0.793481598380841    0.108958752834922 0.000158514670379234 0.800927638376437   0.274029669688465 -0.0368039940748255    9.83304886217358 1785404730.32599
  0.766698316659861   0.106298255128227 -0.0193957932245499 0.774275031630996 0.271458206966097 0.124860604743496  9.81087807168737 1785404730.344
  0.762840610137552  0.0763609012822346 -0.0328638274746496 0.767357032205968 0.269997653150015 0.339885706553672  9.88687289320503 1785404730.36397
  0.778196142870169  0.0203377715570892 -0.0120532840673789 0.778555163997212 0.147418267180469  0.26438209048451  9.78183941979144 1785404730.38819
  0.767212640018086 0.00854188273015932  0.0079957328586259 0.767301850973946 0.263810232818636 0.477609227718968   9.7943899592352 1785404730.40802
 0.748039076993531 0.0177782735575759 0.0154527686415912 0.748409858151743 0.203668376547192 0.575388766534303  9.79171191363868 1785404730.42605
  0.64981857967357 0.0339819096970558 0.0147475869517243 0.650873603702388 0.206760936572573 0.937715592319448  9.76593506036967 1785404730.4441
   0.562587424370276 -0.00546625685868649  0.00520110662348691 0.562638019985972 0.225719294985338  1.04074016408483  9.70770223269066 1785404730.46414
  0.573008620321652 -0.0387678956540561  0.0348560657824919 0.575375333168011 0.444819529549374  1.02071332503843  9.49929553820487 1785404730.48851
  0.590071420801927 -0.0612740008472894  0.0465421936024361 0.59506718999821 0.20363574931154 1.01438021565697 9.56400551339403 1785404730.50824
  0.563308633182597 -0.0359907314048314  0.0377708349522729 0.565719528510456 0.0776765617189549   1.26948389701116   9.76672684566914 1785404730.52606
  0.531224261183994 -0.0297661814700977  0.0250025662183188 0.532644693531525 0.201392850263204  1.41777762471743  9.85166665585058 1785404730.54413
  0.573599029397894 -0.0235988435824435  0.0326616433362413 0.575012638895927 0.316161001460187   1.5884879209184  9.77628521019576 1785404730.56408
  0.698503046176072 -0.0355960382590607  0.0145472020567121 0.699560722557142 0.255982338425287  1.52565241778104  9.77499561298462 1785404730.58833
    0.756717120063729 -0.000929561335075242   0.00533082806440013 0.756736467741361 0.189292377174036  1.60446217993579  9.84171572381967 1785404730.60831
    0.753750339128938    0.0291302893704926 -0.000992962286534976 0.754313683735023 0.201825083814089  1.90959095223269  9.69050931569254 1785404730.62602
  0.760414421700895  0.0430763768033047 0.00369275355238137 0.761642503670853 0.299280913886079  2.04181134697031  9.45252938941886 1785404730.64385
   0.777642578991901   0.0431102699050472 -0.00398212756709058 0.778846797112514 0.334039278096377  2.32181811049097  9.65748378444849 1785404730.66317
   0.847569472647021   0.0239646921347215 -0.00389222485527245 0.847917134422099 0.287189775981335  2.18430947157275  9.77669970112785 1785404730.68809
 0.867955375808456 0.0606767359273669 0.0228028359910693 0.870372431782414 0.153626725750729  2.33671175817081  9.51829110186598 1785404730.70844
 0.841416573631034 0.0963991772891936  0.034644644435653 0.847628989093162 0.242596259245923  2.50398959792704  9.26097892270798 1785404730.72574
 0.770403128253525  0.106334284730774 0.0508633333128561 0.77936835887 0.132386141362224  2.89007335108482  9.36001666529778 1785404730.74262
 0.699263179259155 0.0740071475609233 0.0492833135654746 0.704893535758216 0.213092028783045  3.12404371783062  9.36236708182042 1785404730.76274
 0.669300864001062 0.0412073787863002 0.0301901260509991 0.671247449402961 0.115162330271803  3.08561658966912  9.48621086649025 1785404730.78795
 0.632821451089108 0.0642759501174247 0.0340058381618876 0.636985701371008 0.207381746699367  3.17116625198528   8.9712814682844 1785404730.80874
 0.531377932279813 0.0888581955818536 0.0344474064825902 0.539856378724388 0.147534528528804  3.33162091392779   8.8857206596847 1785404730.82614
 0.447492917542802 0.0877586847710188 0.0428073001496107 0.458021793094834 0.165075819349905   3.6328890839278  9.10599226856358 1785404730.84268
   0.380633963162813   0.0395935974234911 0.000357613432924258 0.38268785551325 0.156426828737517  3.58308082600747  9.19738835385523 1785404730.86237
   0.36310879533241 0.00459396771224152 0.00188060559697747 0.363142724647633 0.190487060019634    3.526965414462  9.10019938801418 1785404730.88685
 0.355405937092273 0.0266950430685881  0.018453594073763 0.356884491928564 0.0751580674754394   3.63240422253073   9.10749443031099 1785404730.90863
  0.347920047967978  0.0625518729779315 -0.0148928516856611 0.353811946692616 0.0554496091621626     3.664155834874   9.13503494760494 1785404730.92603
 0.347905727714718 0.0706713005927986 -0.026481724350192 0.355997345255192 0.141107986557692  3.77317314601334   9.0835018661911 1785404730.9424
  0.385122518659088  0.0455310813972787 -0.0211692400663596 0.388381990412161 0.187202690112626  3.70752838474871  9.00690934193615 1785404730.96216
  0.442272193732584 -0.0116455271472307  -0.029180592970967 0.443386759677943 0.0923407905503483   3.74467688622798   9.08542367219724 1785404730.98627
  0.463283151415219 -0.0232264245548032 -0.0378508086844829 0.465406734911396 0.0653162999826626   3.89136989122468   8.97165376380878 1785404731.00849
    0.4283814615071 0.00648910564509386 -0.0383537558623476 0.430143924336705   0.141500758594 4.02973421235051 8.85858543367415 1785404731.02596
  0.394075348329446 0.00999087035498365  -0.032313700089946 0.395524174817327 0.142316243754962  4.11152033649594  8.77343734050074 1785404731.04223
  0.378026237137009 0.00312349381855678 -0.0173387249291416 0.378436551564155 0.236394970422377  4.31191364105484  8.71537036216757 1785404731.06202
  0.320740165029565 0.00424297040733268  -0.014455963719474 0.321093804281753 0.179484387382581  4.20203361431759  8.86474832748094 1785404731.08601
  0.185228769965637  0.0533190482546962 -0.0121253293568385 0.193131151660682 0.0783134631183222   4.37418302794969    8.8571610366099 1785404731.10831
 0.0881100899694054   0.102026725790381 -0.0116578037907563 0.13530981161448 0.12230155490382 4.42895770876599 8.82025083591641 1785404731.12595
  0.0493457148034134   0.0781586311379637 -0.00921331060872984 0.0928905607862985 0.0797802071781978   4.45687189380349   8.94014074464077 1785404731.14216
 0.0667305978359756  0.0535075261769437 0.00183097456465832 0.0855533781505994 0.00892298531857577    4.19740336256403     8.7691687279252 1785404731.161
  0.129668283347058  0.0472641235921882 0.00956505298348631 0.138344683033673 -0.0662598088686901    4.20993630913604    8.86606309710896 1785404731.18513
  0.155329530587091  0.0300955240093482 0.00298652455125687 0.158246399537868 0.0864185682036247   4.38994396081319   8.62909702602591 1785404731.20809
  0.159901530279509  0.0131113563093109 -0.0035961606877714 0.160478470274647 0.0560166938756458   4.48119383515235   8.57756418175326 1785404731.22604
  0.136324341816429 -0.0174551431905997 -0.0242544560173593 0.139561050555608 -0.00926729588534157     4.44358268164752     8.61970538909009 1785404731.2422
 0.0762615415878322 -0.0265293949241577 -0.0372961703524668 0.0889417553422171 -0.075302645212992   4.49141439443334   8.62137455492423 1785404731.262
-0.0237717215735476 -0.0017530441830694  -0.026256686776192 0.0354623957304229 -0.0237567532121754    4.53545951220957    8.73241098962417 1785404731.28571
 -0.111368394074933  0.0078909846030613 0.00459786288311232 0.111742235434626 0.0792312066716115   4.48842345924575   8.54618454664839 1785404731.30785
   -0.16189496694468 -0.00666871536641425   0.0272611458042221 0.164309531547066 -0.000229531827716067       4.5133422126421      8.74614145205033 1785404731.32599
 -0.186796263320591 -0.0238933973437281  0.0153564635217896 0.188943270319577 0.0185634261661964   4.39721740220968    8.7176207741986 1785404731.34229
  -0.212323357868424  -0.0175290022379057 -0.00588542872258396 0.213126986764295 -0.0237483336360204    4.35905832090778    8.82584280349429 1785404731.3622
  -0.195980926919421  -0.0186355653532917 -0.00337195724866556 0.196893824453483 0.0572732561868351   4.29491681545032   8.77480714940987 1785404731.38454
 -0.184263690659193 0.00280704125879778 0.00915537985503737 0.184512352313512 0.0368288163355865   4.23669867955105   8.89513267332019 1785404731.40797
  -0.150821516544696 -0.00842676781295004  0.00953493556750587 0.15135737598443 -0.0241152428811719    4.18491504957635    8.99096112401057 1785404731.42611
  -0.110274812822199 -0.00961814568792504   0.0194927854235938 0.112396671449894 -0.0488931925696357    4.24222960864866    8.92177931067912 1785404731.4426
-0.0738814456037516 -0.0113708497815476  0.0228960245761477 0.0781792310696785 0.0270882522750118   4.20254620134695   8.81894536206051 1785404731.46205
-0.0550942478733445 -0.0173110415408728  0.0161566422993829 0.0599673694466379 0.0731676116129538   4.15949447430223   8.81013697306754 1785404731.48432
-0.0496899599858674 -0.0018161808107911   0.023961557651924 0.0551955331638446 -0.110466665081334   4.24915318632917   8.96894960416832 1785404731.50674
 -0.0726219122762905   0.0236389875940921 -0.00232072580778356 0.0764076543640347 0.0190890360758094   4.23529869780185   8.71474145294814 1785404731.52603
 -0.116883156290689  0.0223253895523517 -0.0116646853686564 0.119566551041199 -0.00436786403129208     4.23562827860594     8.84366620976818 1785404731.54227
-0.190926257116405 0.0386905038491335 -0.016514641169637 0.195505816070881 0.00117186432922748    4.09584247532775    8.88833944097789 1785404731.561
 -0.207414939528389  0.0445694368858469 0.00643610936121554 0.212247062047031 -0.0348679593237567    4.06448049588983    9.00805049947456 1785404731.58386
-0.219838989910344 0.0374135203467319 0.0227607212595498 0.224158433751199 -0.00483489457140918     4.03665164825185      8.8079331306513 1785404731.60616
-0.244540867825321 0.0204221917257425  0.021026593622517 0.24629133072646 -0.0446644083359814    4.02315437932449    8.85651812388745 1785404731.62601
  -0.27303980722577 -0.0185425352621923  0.0192115208656302 0.274342203238594 0.00767883244242578    3.97115033425732    8.93353765788832 1785404731.64243
 -0.301763409407105 -0.0340079728851292  0.0401863786786284 0.306321142770227 0.00880424684087128    3.98765588983095     9.1232387799361 1785404731.66073
 -0.337509904942254 -0.0427082832607952  0.0547079930060806 0.344572050363878 -0.00403389140260247     3.78063110809812     8.93472491165577 1785404731.68386
 -0.430858486955682 -0.0533113639421162  0.0852884459046823 0.442442376261524 0.184658946937297  3.89384509678214  8.98027148676508 1785404731.70648
 -0.494304725230016 -0.0733871049526178  0.0531143060566158 0.502537519062929 0.0344588264570302   3.76459738487253   9.06777971301754 1785404731.72611
 -0.523861315473748 -0.0563075843712274   0.036775766068779 0.528160656313545 0.137284419467967  3.58289489448496  8.87241219355994 1785404731.74361
  -0.52307131059511 -0.0251854395497847  0.0223090513586359 0.524152264237715 0.0725223188970401    3.4315500245524   8.70192134748213 1785404731.76071
-0.559510421465842 0.0309810341495097 0.0102449915166132 0.560461145894194 0.17521493113593 3.30236715193566 9.01501480944809 1785404731.78366
 -0.615548184402272  0.0312131401759101 0.00418480355233223 0.616353259114727 0.192439080360629  3.51329188197409  9.39702517265495 1785404731.80634
 -0.602202103134275 -0.0194459773010581 -0.0419820821445538 0.603976832563741 0.145830624397505  3.17924059176367  9.40414485030108 1785404731.82604
 -0.620074215651806 -0.0127789792908005 -0.0583701097007671 0.622946550624046 0.145057563210144  3.06720917345375  9.31983409200836 1785404731.84378
  -0.631365148578584 -0.00612462297164999  -0.0709931738160969 0.635373506352512 0.207993046056652  3.18120441835443  9.26677483222505 1785404731.86054
 -0.637739800265022  0.0182666261261335 -0.0843308689758252 0.643550633543562 0.218676626921514  2.87176399829142  9.36979439816654 1785404731.8825
 -0.608411792651594  0.0612711022799029 -0.0578964881100398 0.614223949995111 0.281173436886458  2.56210593665615  9.58306598476162 1785404731.90609
 -0.561680038014785   0.048856305793786 -0.0763909001094686 0.568952522922292 0.178994902176103  2.57672013610626    9.384608025029 1785404731.92596
-0.567479000608147 0.0634573228905281 -0.107311919366326 0.581012130680366 -0.0140805915217403    2.54128178919569    9.48551813344532 1785404731.94291
 -0.589554192214185  0.0746357499084905 -0.0978898540561769 0.602268266015123 -0.0764029527207127    2.33002600040666    9.51997813328559 1785404731.96046
 -0.629511040209229  0.0988727322557668 -0.0358568581006234 0.638236383483325 -0.0862934834797446    2.14157261208721    9.54243889853437 1785404731.98198
 -0.598917505619884    0.10145527129475 -0.0194523401745311 0.607761255880712 0.0482223263395287   2.26162555541378     9.524860615716 1785404732.00601
 -0.621655818479096  0.0972085090540999 -0.0679806154501785 0.632871878786237 0.0261399328251505   2.05280626152188   9.39806862810991 1785404732.02597
 -0.697588503030874  0.0535809541456991 -0.0876812545834293 0.705116047621484 -0.0790542288965551    1.97776876962778    9.52096023508764 1785404732.04367
 -0.740290551639065     0.0103430174841 -0.0595886783912468 0.742756951801303 -0.081801198753531   1.99953473776048    9.7248371776193 1785404732.06098
  -0.749881584139112 -0.00738216084880962   -0.062806641106612 0.752543394560657 -0.15326339148868  1.68103952642508  9.73720388186872 1785404732.08209
 -0.717749971452613  0.0024125848012649 -0.0746453741816584 0.721625092393807 0.0848884706195713   1.51663340337238   9.43600187556181 1785404732.10659
 -0.713397414427188  0.0143243289366012 -0.0689652812264934 0.716866282737255 -0.0420605802219666    1.32000348269005    9.54025416378009 1785404732.12609
   -0.73266456213425 -0.00973764317622782  -0.0367235126762093 0.733648961483133 -0.064289526836687   1.18810095241806     9.580166071802 1785404732.14395
  -0.723520258563399  -0.0648168019137227 -0.00172459558569913 0.726419821172236 0.00588513512026711    1.11038694438063    9.91567468623674 1785404732.16224
  -0.711027059721781   -0.133646456561566 -0.00116046321990486 0.723479233760685 0.063897453007252 0.929649884464136  9.84521477194526 1785404732.18208
  -0.65901830697439  -0.108101100032554 -0.0290921764275823 0.668458922810469 0.0643226362788744  0.714383262995911   9.66397640455316 1785404732.2069
   -0.6539894983795 -0.0659846289219351 -0.0385021797337246 0.658436521685184 0.0468203398906455  0.616408044606668   9.80565289237314 1785404732.22614
-0.654182157877713 -0.034606478102833 -0.032300803450113 0.655892709149709 0.0767031009870639  0.553910847589038   9.90554274892162 1785404732.24414
 -0.637617623347916 -0.0311922729907365 -0.0175258444361529 0.638620659485248 0.256683821827707 0.486501436563704  9.93410688175875 1785404732.26237
 -0.581930546880623 -0.0308468344549026 -0.0119681662869273 0.582870419212487 0.111610240574123 0.351595432812074  9.88516613397801 1785404732.2818
 -0.534128748654479  0.0349149234126024 -0.0444383255184761 0.537110171930297 0.00275707606645794    0.20220599838676    9.92114994719844 1785404732.30684
  -0.52795459157593  0.0986355257867774 -0.0735482415340946 0.54210179998419 0.0381531150097204   0.10087899082405   9.82908766797266 1785404732.32616
 -0.521897512170728   0.146526676700433 -0.0744138195626264 0.547160393976728 0.0959570027342157  0.100266218390698   9.81783819638271 1785404732.34456
 -0.522736726672039   0.174207676329392 -0.0696615492183656 0.55538701042011 -0.0954275833360529 -0.0280208404199107    9.95727645839607 1785404732.36228
 -0.535738317748641   0.180155982017871 -0.0445656799332137 0.566972506201912 -0.0245973273100127  -0.295896439355078    9.55474124668841 1785404732.381
 -0.623561101085989   0.171866035210909 -0.0317319555740951 0.64759037813362 -0.209199184168729 -0.328016407932595   9.71350777867701 1785404732.4061
-0.683351833548444  0.140307681656929 -0.040163848729159 0.698762555300941 -0.211448514520601 -0.436554357353615   9.59042315781519 1785404732.42609
 -0.727411536571705   0.125156612928154 -0.0156755174366735 0.738266512273287 -0.056472144775114 -0.418655679140876   9.65926583891256 1785404732.4442
 -0.761674887643164   0.103279324797134 -0.0131587686898031 0.76875770343471 -0.163154842237829 -0.570215133095918   9.62084337320415 1785404732.46271
 -0.841752162297702  0.0790340842514435 0.00256818416190881 0.8454582690921 -0.356964265198827 -0.794321818088456   9.49830448337601 1785404732.48215
-0.889438213579738 0.0237646956529129 0.0123093345672818 0.889840781405797 -0.331661756146564 -0.944581060005113   9.40957053623454 1785404732.50602
 -0.887464973065525 -0.0527995359540747 0.00781759810302642 0.889068604920485 -0.185312819196147  -1.27920239032357   9.54809249358721 1785404732.52603
-0.855743020366952 -0.128173742558243 0.0094797792828156 0.86534067938783 -0.217464306110422  -1.48263996954315   9.60109232683884 1785404732.54433
 -0.837072274727826  -0.151499218299768 0.00325519328984434 0.850677731310049 -0.292508252184262  -1.50196682251009   9.90390297904388 1785404732.56304
   -0.79626578687504   -0.126572023501497 -0.00157108669216206 0.806264316954672 -0.389995187440128   -1.7394288257564   9.60577514838836 1785404732.5826
-0.734128599831881 -0.147245093193911 0.0583997697875689 0.751023602606497 -0.202911363451093   -2.1898776480752   9.57283432843204 1785404732.60575
 -0.62579090823088 -0.190637545753808  0.130667153741057 0.66710631816994 -0.0957226732854314   -2.19739339578384    9.79202951284185 1785404732.62603
-0.515926222739692 -0.177615710080066  0.101829552995908 0.555064379726387 -0.00502754369534514    -2.03752537300708      9.9110593572119 1785404732.64444
 -0.46406866099628 -0.118801625404975 0.0665458157790244 0.483634049582368 -0.146742744952114  -2.19678731541243   9.73630098510199 1785404732.66372
 -0.448167117597237 -0.0484576592101494  0.0744720900460578 0.456889485792101 -0.0366882464438939   -2.22379671911677     9.5984025757964 1785404732.68258
-0.445959765192801 0.0460931424706994 0.0732136220208822 0.454274063097442 0.00741315361259346   -2.39873045863828    9.48575040089974 1785404732.70564
-0.421220901225694 0.0665843639078958 0.0602747629192609 0.430689647183884 -0.125932008636822  -2.53124918011397   9.42588278336685 1785404732.726
-0.441326203204142 0.0917659283868189 0.0668612618830134 0.455697522033934 -0.0604431722695184   -2.56732060291297    9.42166721049134 1785404732.74428
-0.487857605824332  0.133214847141184 0.0652795657479861 0.509914366108412 0.062480574871308 -2.55884155769893  9.42447847841877 1785404732.76401
-0.493706985284741  0.124379328965363 0.0452874388781806 0.511143577591431 0.000827335155045944    -2.61465594501136     9.46112996416093 1785404732.78388
-0.461554930385208 0.0680739297600074 0.0423781238360515 0.468468695918659 -0.057071271206534  -2.88976214025333    9.3060509567198 1785404732.80511
-0.392249304168718  0.020274559041169 0.0272278329203174 0.393715543572634 -0.184858675735438  -2.93431838136116   9.26799642715428 1785404732.82611
  -0.367778056408921 -0.00619925306211499 -0.00446228970281637 0.367857365759942 -0.118440231863955  -2.87392047541389   9.14828274094029 1785404732.84429
 -0.337398932085006 -0.0408188495065427 -0.0109404305733611 0.34003516122347 -0.173244274081251  -2.96606165705616   9.39400499421782 1785404732.86393
 -0.306901899907912   -0.10620124298158 0.00190120457226973 0.324763136388267 0.0321364739398178  -3.06961569403678   9.44105060295695 1785404732.88396
 -0.248762005260039  -0.163734613608796 -0.0203787376693864 0.298507708281738 -0.0589884874354883   -3.26087791501871    9.38522836320851 1785404732.90499
 -0.219295691019485  -0.150592249101578 -0.0264278215603205 0.267333229026265 -0.0872279430791402   -3.20160371210065     9.3102210029333 1785404732.92606
 -0.206591136758388   -0.13855529270728 -0.0296798758355437 0.250516191001572 -0.100415538151851  -3.20672938694605   9.35987022412487 1785404732.94452
 -0.195944590474508  -0.136418595140901 -0.0424223505897952 0.24249530194625 0.233023612138648 -3.23033634588855   9.1478422335294 1785404732.96392
-0.144060178488219 -0.146991539366523 -0.041273755926736 0.209912769024892 0.199237593010395 -3.17043782961147  9.45622003381485 1785404732.98373
 -0.104766224907036  -0.111337519263113 -0.0605802941921048 0.164444449956019  0.15745715093311 -3.38675486153568  9.40517762538903 1785404733.00434
-0.0667040598228467  -0.073689665183362 -0.0300030507762864 0.103825726135531 0.0801292937319405  -3.47471751283886   9.32637831399666 1785404733.026
-0.0574209297001003 -0.0408199532667472 -0.0209513347346626 0.0735009535957675 0.0202351631262436  -3.35894399686856   9.38468901941684 1785404733.04417
-0.0232519881907845 -0.0161565078953075 -0.0232812664900215 0.0366565829227836 0.0646591639295994  -3.33297984146594    9.3242861144629 1785404733.06375
-0.0048682676416757 0.00514690146450423  -0.033570602520015 0.0343099982231585 0.218471831822003  -3.3184367647902  9.32701408574498 1785404733.08273
 0.0213313556281831  0.0185163977505271 -0.0240863177695539 0.0371218860281596 0.183745408378463 -3.38137528521687  9.23101981212488 1785404733.10479
-0.00682453927853216   0.0280959698667314 -0.00612741322292339 0.0295550850433722 0.0978463471470654  -3.36307890748329   9.20618458180265 1785404733.12611
-0.00359138329717623  0.00377403664021861   -0.016774863578512 0.0175652336912048 0.0827502870786755  -3.19734549624193   9.18831310851786 1785404733.14423
-0.0147595536757382  0.0284961279802445 -0.0388427504821183 0.0503848489090676 0.0338798753687126  -3.29830425685388   9.23936628074505 1785404733.16366
-0.0131160709409807  0.0244512005054878 -0.0253486171704308 0.037582508106052 0.173023256327032 -3.35117390433816  9.14981391612635 1785404733.18249
-0.0127069671882957  0.0247602292968319 -0.0194720198969069 0.0339660938116477 0.0946849662547723  -3.38040118667168   9.28052915529495 1785404733.20431
-0.0242168550893831  0.0165420560579923 -0.0223727741847349 0.0368868094820774 0.0770443615005789  -3.34168143185242   9.31576119974838 1785404733.226
 -0.0318825925285079 -0.00640159221201527  -0.0204127863197136 0.0383948165059047 0.0394225412549324  -3.44107015843383   9.27359734465252 1785404733.24444
 -0.0258867921812572 -0.00210484802034289 -0.00780463848270783 0.0271195275856734 0.0780032414366492  -3.35086736895601   9.25334220230114 1785404733.2639
  0.012325304916258  -0.008374868514134 0.00259392970202247 0.0151254763629712 0.0703031141301081  -3.47392214468504   9.22922146391991 1785404733.28256
 0.0254276983476731 -0.0156268776159402  0.0082095066798706 0.0309542104924463 0.0771973261484617   -3.3778458122902   9.38616351153978 1785404733.3039
 0.0515902671859342 -0.0276065193489927  0.0143688159859569 0.060250630301439 0.164387997499017 -3.29429864930201  9.25941062929913 1785404733.32603
 0.0617070610894499 -0.0376211564314356 0.00397059805464042 0.0723800970464061 0.229023611158934 -3.27483288417217  9.20866549969976 1785404733.34453
  0.0418239794564962  -0.0250632695496269 0.000388856635035156 0.0487602701753926 0.164498968572906  -3.2723725781595  9.15348798730521 1785404733.3639
 0.0124649896365385 0.00650106953183764 -0.0137642993409573 0.0196747505205092 0.153405451865307 -3.31372667914521  9.17602322416672 1785404733.38241
-0.0297188384291819  0.0152221437046817 -0.0224936366078364 0.0402602372619834 0.196249333938218 -3.34746746082485  9.13954782148346 1785404733.40367
-0.0471075327345781  0.0104365607018591 -0.0183577222677574 0.051624097149326 0.0851379040973861  -3.39943753404927   9.19844353213356 1785404733.4261
-0.0268902294023937 0.00822951958759596  -0.029087295116738 0.0404583757356149 0.0225746593121332  -3.43122017764556   9.20015314620128 1785404733.44454
-0.00301904994333508    0.015091423234002  -0.0243500738856146 0.0288061072695187 0.175635186493986 -3.47329002410586  9.12719014163266 1785404733.46412
 0.0145347306147657  0.0103863398165769 0.00362165979854804 0.0182277499578428 0.243726114888959 -3.32188807181123  9.13317926707855 1785404733.48251
 0.0137355632243716  0.0232705987324932 0.00520584233768275 0.0275188527541435 0.153241053815311 -3.25130257095889  9.25466234479847 1785404733.5039
-0.000481810941661934    0.0212346534626228   -0.0238935772232121 0.0319694491973632 0.0198502890576958  -3.34039997914855    9.2165185480225 1785404733.52604
-0.0266762133685679  0.0091991814068933 -0.0255308781691868 0.038053528592394 0.114593206355339 -3.43329315905202  9.13825640226072 1785404733.54569
-0.0294612512854422 0.00345157790241192 -0.0194204950701282 0.0354546801718653  0.11628374640845 -3.49726603592502  9.16911080150093 1785404733.56426
  -0.021022031740016 -0.00545347820252488  -0.0127967583299316 0.0252076033517335 0.0427760920417431  -3.49237138716614   9.20817015459627 1785404733.58298
-0.0296644426252419 0.00416735950828821 0.00530728413834164 0.0304222501873659 0.101256835338404 -3.44223454601536  9.23219455339409 1785404733.60439
 -0.0212852056231026 -0.00179367382585398 -0.00359993665051558 0.0216618740671032 0.00914526399665177   -3.39137084427118    9.17003780920756 1785404733.62616
-0.0137529161089082 0.00780008825197959 -0.0131931246942584 0.0205922950987885 0.0360861031546398  -3.46890602573963    9.1166199675508 1785404733.64607
-0.0185779480135101  0.0156828765676938 -0.0167665351179574 0.029533192676917 0.0135876500398915   -3.3624985903039   9.18264685727135 1785404733.66456
-0.0270951810462501  0.0100558093786553 -0.0149146367350139 0.0325225233819018  0.10390978639663 -3.35424539147153  9.20457201846875 1785404733.68407
-0.00882905398010472  0.00997951708884764  -0.0105147163615457 0.0169735740394875 0.118172832996735 -3.37825429073419  9.14344138048746 1785404733.7042
 -0.0281228032173757   0.0235704755737853 0.000549071370358603 0.0366982405429387 0.116385805507451  -3.3378895254605   9.1022880698768 1785404733.72617
 -0.0351626489835774   0.0190093211657175 -0.00094538819497225 0.0399832456606872 0.0154322998730128  -3.37720618778417   9.26327107245293 1785404733.74585
-0.0493781710452494   0.012958030263135  0.0172149826913052 0.0538745761295267 0.0598424919220754  -3.32924379267045   9.26809166498364 1785404733.76421
-0.0549757373976843  0.0117065799034191  0.0225745388260644 0.0605721513458435 0.00960959599964713   -3.37359401845247     9.3318792510711 1785404733.78371
-0.0161759029887625  0.0195724025345973  0.0223812565245356 0.0338475910826049 0.0421438254166345  -3.45255027245906   9.32754505433808 1785404733.80373
  0.0849640875535937   0.0317390024070341 0.000593823750525855 0.0907006784663441 -0.0135486794578746   -3.49733139909632    9.34091618972211 1785404733.82613
  0.131033838748052  0.0278234006456161 -0.0028869030725154 0.133986352774778 0.0424113739607713  -3.40494840698105   9.37537988123267 1785404733.84471
  0.157952648278856  0.0202443382400374 -0.0121131309627742 0.159704728392125 0.116700681810233 -3.35022161002478  9.45346700233001 1785404733.86405
 0.222126228630218 0.0226134097244774 0.0077361050365449 0.223408314675142 0.118877608156565  -3.3399454277628  9.32794273257011 1785404733.88279
 0.341372202434255 0.0287132000477371 0.0196037803793935 0.343138072293004 0.0893211615989668  -3.33130736398403   9.28229234838359 1785404733.9028
  0.470936245142137  0.0482119876708561 0.00129729754960831 0.473399435703805 -0.0542746147436585   -3.26052202043093    9.44740891556558 1785404733.92602
  0.567819128950671  0.0809589877962143 -0.0228862285837057 0.574018031394548 -0.0261678676497198   -3.24257529659865    9.38108328616489 1785404733.9448
  0.658453984924763   0.064693117258278 -0.0438348210211737 0.663074913729853 0.0952292031831932  -3.21995143793735   9.37436583747606 1785404733.96425
  0.700848245129047   0.015755888527575 -0.0500614798716042 0.70281054523299 0.052551878525727 -2.92359148200724  9.47970071961299 1785404733.98297
   0.69162532832142 -0.0146794917177663 -0.0329058601619037 0.692563266341638 0.00625771285501022   -2.62780169427257     9.5363469575401 1785404734.00425
   0.690073892907724    -0.05811683658402 -0.00868146850397115 0.692571232627186 0.0076455306968205  -2.63416490591898   9.60874451151135 1785404734.0261
  0.764230519266323 -0.0679866473811618  0.0199949623262388 0.76750913305226 0.0477593236093543  -2.43187985814913   9.66652893898942 1785404734.04589
   0.859355641350947  -0.0566917108867332 -0.00267581603376931 0.861227744790197 -0.00997640594068028    -2.30366066604385     9.72382537151526 1785404734.06468
   0.965195378000973  -0.0381423736980346 -0.00926232275299312 0.965993141284421 0.032484752064147 -2.18221756299119  9.75184072097907 1785404734.08388
     1.0952621218645 -0.00628166877636684   0.0106024483712891 1.09533145068751 0.178102983291966 -2.03540586243385  9.82628921404857 1785404734.10408
    1.2554916160934  0.0415309480912358 -0.0229499623129157 1.25638796496159 0.228791142751317 -1.85117269065359  9.85811720647728 1785404734.12618
   1.33186523091733  0.0695009875827161 -0.0302460988761061 1.33402031734853 0.0269640929451379  -1.71060915063701   9.82071205129696 1785404734.14499
  1.29240568942845 0.0969689717194656 -0.013812066004563 1.29611196303046 -0.0409008724679067   -1.28260806840513    9.94599870037414 1785404734.16404
   1.24141551236724  0.0759289631929652 -0.0198383773350549 1.24389358186819 -0.00843967865745304   -0.682287637683791      9.8168152860877 1785404734.18227
  1.15435725341152 0.0357689760797372  -0.03977266997487 1.15559592999912 -0.0864896903376847  -0.595289037569631      9.862072339532 1785404734.20201
   1.02646180655747  0.0334606143610461 -0.0221955118973488 1.02724685143496 0.0302562681871254 -0.412250147831768    9.7906192378351 1785404734.22609
   0.937143235035795   0.0346538491686505 -0.00119975629548765 0.937784501711735 0.0370849128071404 -0.196827885158479   9.70158313149482 1785404734.24465
    0.847481555206827    0.0171528102921172 -0.000691439531554099 0.847655403690277 -0.0036405844447108 -0.0544859667580957    9.71635862165446 1785404734.26301
  0.784124947878885 -0.0322828304675713 -0.0081551717606463 0.784831588212088 0.0920350665867328 0.0720731585827718   9.70117185389698 1785404734.28122
  0.751680971504217  -0.051937438178243 -0.0147600802246477 0.753617701738939 -0.0366202776525469  0.0811111772484115     9.7813981649828 1785404734.30081
 0.749694725422093 -0.056283055116943 -0.016391292280763 0.751983136833292 -0.129930226290364 0.0982632823320479   9.83252087488014 1785404734.32599
   0.787993336140751  -0.0714965765136019 -0.00969250866333404 0.791289582251393 0.0764888828755352  0.301884917110208   9.81087462817279 1785404734.34495
  0.852645841945567  -0.103714599868061 0.00125920186915026 0.858931449885381 0.106840090624121 0.694180030602434  9.75582134198308 1785404734.36375
  0.922715406251952  -0.110707095475346 0.00377471173544455 0.929340642806488 0.100725295732462 0.693839241862302   9.8389510195334 1785404734.38188
 0.981427478923991 -0.102242895503001 0.0143426887645019 0.986843056817513 0.110183197522893 0.839400217346878  9.85609955160088 1785404734.40087
   0.974208820559177  -0.0923211149503845 -0.00544018155477113 0.978588580505788 0.0873539714306956   1.10767532618784   9.79594450297008 1785404734.42605
  0.884697343634133 -0.0670536515759596  0.0373419280920489 0.888020270949145 0.172801626825705  1.38798024419575   9.7322325737283 1785404734.44492
  0.826482707396444 -0.0455119934626038  0.0415982053785529 0.828779474809199 0.190297393926016  1.61699084609097  9.71313750108005 1785404734.46381
  0.770602755227338 -0.0368161755579655  0.0195170265848056 0.771728547789566 0.197916205117184   1.6867217720199  9.57893804792839 1785404734.48197
  0.714662096683733 -0.0200757855876868  0.0310981567049917 0.715620042308626 0.125439306332349  1.70004663219927  9.35357763273467 1785404734.50068
 0.634520534528632 0.0140216270050594 0.0287011064786805 0.635324065556682 0.0966778629936687   1.99254751386327   9.44274158786531 1785404734.52605
 0.584454905334933 0.0371208970418046 0.0144478167445405 0.585810751673215 0.125686151007167  2.03291587693094    9.395853904666 1785404734.54617
 0.565207967249781 0.0369224841549739 0.0332410697330628 0.567387244125035 0.078503776844344    2.122045821747  9.53873801962729 1785404734.56411
 0.526940309357437  0.039377209805262 0.0333725157544282 0.529462349072659 0.113058090723784  2.24064512958712  9.65949366911229 1785404734.58189
 0.528869864032779 0.0475741146080462 0.0292507092669887 0.531810335980236 0.122897076093201  2.40562949548032  9.70853709883415 1785404734.60159
   0.54937751992227  0.0659049942586034 0.00912890544943723 0.553391782175048 -0.00936172407494205     2.43335162625611     9.65002844349284 1785404734.62607
 0.640559383670054 0.0831886832576086 0.0130390773730539 0.64607019631665 0.0612122112046584    2.6025271475414   9.57328343232889 1785404734.64626
  0.708371163708432  0.0889129594551707 0.00445886301731398 0.713943346066145 0.191015376675066  2.53948746281254  9.38971650802179 1785404734.66407
  0.720129392238809   0.106743262128609 0.00491945522742843 0.728014193965906 0.0406129297981209   2.84752043660212   9.57850579685824 1785404734.68185
  0.739984567613109   0.121306961966999 -0.0028615998915021 0.749867140286306 0.154531449367647  2.99105794001747  9.33415817586439 1785404734.70061
  0.749783771606029   0.111248427509608 -0.0127726439191404 0.758099635417277 0.016401984592629  3.09712314842925  9.25343662797551 1785404734.72607
  0.711339363520879   0.131742389212584 -0.0284229829471587 0.72399420796671 0.053972353953558  3.31653013209459  9.10254372530315 1785404734.74689
  0.664821221623296   0.135088931359071 -0.0276804103208339 0.678971635056986 0.110782863179289   3.4044783539758  9.12085322329026 1785404734.76424
  0.603177263497554   0.137227665950616 0.00447730550099331 0.618606732720555 0.0471193399480935   3.46888643490999   9.12043053136657 1785404734.78197
 0.582056810743092  0.103543184167082 0.0218254395598433 0.591597558929936 -0.0565962103809753    3.50183032835112    9.04540359180858 1785404734.80198
  0.59865967463309  0.079893919483004 0.0100689102227614 0.604051179417131 -0.0472959522811046    3.75719557750651    9.10653439163189 1785404734.82612
  0.591711496631715  0.0641676163751636 0.00645362607012492 0.595215614317087 -0.0744656702491234    3.85769702865416      9.053233631348 1785404734.84784
  0.59938758053919 0.0516770254559747 0.0132592555150012 0.601757255478829 -0.0566596931709506    3.90159585469371    8.84165916104732 1785404734.86456
 0.602244197661227 0.0261017313782196 0.0195433028116396 0.603126284191249 -0.191730524254405   4.01346188761718   8.89607576519122 1785404734.88206
  0.617987170519876 0.00520962932382181  0.0315381294137416 0.618813329503956 -0.184220974069494   4.17699367498401    8.7875328487076 1785404734.90211
   0.598023118393293 -0.00511505451940597   0.0169516466661517 0.598285193064536 -0.0967867752253341    4.38526970500018    8.69331831823274 1785404734.92602
  0.517974379017818 -0.0235629712364476  0.0219189928602975 0.518973133389767 -0.0256829527966919    4.57585100678163    8.55938339695568 1785404734.948
  0.450844465000483 -0.0437695400399027  0.0237396389116067 0.453585796418417 -0.0807122220337383    4.59061854269996    8.76682842689744 1785404734.96476
  0.372769425227232 -0.0291753257835606  0.0348211758286328 0.375527307002975 -0.170069749850096   4.60951572131992   8.61720365774771 1785404734.98223
  0.324381577158379 -0.0433316589040272  0.0570326428238615 0.332195368135388 -0.0900868774165101    4.61662629919674    8.55536043265634 1785404735.00227
   0.29368525150519 -0.0475056766664855  0.0773304153859879 0.30738869434476 -0.0464611852332632    4.62149192888201    8.56432045868936 1785404735.02617
  0.270015624463136 -0.0414689781629186  0.0759542052946001 0.283543920594373 -0.0755199112602398    4.80077914873004     8.6710844788758 1785404735.04797
  0.303946949847232 -0.0708318681200961  0.0422507476612304 0.314938132878113 -0.0231932024646244    4.77775553932862    8.54725156554082 1785404735.06579
  0.330389472168262 -0.0551863356699264  0.0130929061720253 0.335222551682201 -0.00626685253476266     4.79399019712366     8.38128571905199 1785404735.08231
 0.322100393610524 -0.015653781421378 0.0182197434846833 0.322994835081755 -0.091576364930523   4.86898674814706   8.53840008398013 1785404735.10224
 0.274896615398593 0.0136322377421938 0.0230473195022528 0.276197693690046 -0.0315821161728707    4.89373458714822    8.38514127248282 1785404735.12612
 0.215394298721595  0.034987153128888 0.0076512561900365 0.218351428955978 -0.0310113384686304    4.99003504747172    8.38612497324185 1785404735.14798
   0.166524490141624   0.0359238084244244 -0.00961319952328676 0.170626315185311 -0.0129082411336077    5.09973577533824    8.31311128520203 1785404735.16609
  0.125329685918349  0.0234599506020294 -0.0310519434686637 0.131233085187474 -0.0149268417950011    5.04848354983594    8.15837374604858 1785404735.18299
  0.011254025189353  0.0481812136752985 -0.0393297318963707 0.0632053023505763 -0.0960438630757997    4.98783552254476    8.27514877020995 1785404735.2025
-0.0936994702105975  0.0368101866216267 -0.0312635997973909 0.105413439509187 -0.0866170303632057     4.9914066882168    8.48083329078656 1785404735.22607
 -0.133100834221597  0.0120131012407373 0.00975085323724547 0.133997111203039 -0.104883638149339   5.02777694914223   8.41838162294776 1785404735.24862
 -0.116937805806435 -0.0151117157803797  0.0315201608405469 0.122050542481648 -0.0825837507862318    4.97126662919514    8.40919211213309 1785404735.26627
-0.0724628919475471 -0.0446599222900249  0.0546043483095349 0.101128701280408 -0.0276281394516608    4.90595066588801    8.25182408275309 1785404735.2837
-0.0824167244799378 -0.0443176342950516  0.0453398708928098 0.103982080552798 -0.0122886668782596    4.86739712625054    8.37562296197112 1785404735.30227
-0.0935350602876988 -0.0324605903483947  0.0300527691284853 0.1034681900928 0.0470822723148787    4.9976975390639   8.42832039587366 1785404735.32477
  -0.095900418137033 -0.00426827619475214   0.0276760660674069 0.0999053202462208 0.0274663626110936   4.91646431091154   8.53445427129565 1785404735.3485
-0.0824341203692494 0.00987717062324529  0.0151374238244055 0.0843924422007817 -0.0041923078379584     4.8244667305758    8.71925320157042 1785404735.36616
-0.0689307914534851  0.0167265421741655  0.0104550772130828 0.0716975582780859 0.00589530863496195    4.80180735685088    8.58226545484268 1785404735.38365
-0.0873680981151545  0.0142233460937344 0.00165909264091194 0.0885338394669097 0.0511529384713075   4.91086735675737   8.51968339719239 1785404735.40195
  -0.10652990769708  0.0133341969840613 -0.0141815299785915 0.108293757140899 0.0280676800236408   4.82381988438079   8.44568874660003 1785404735.42607
-0.0953672273307621  0.0328642602305872 -0.0279326728331371 0.104667100183697 -0.0436962141110832    4.75593998985432     8.4394537871702 1785404735.44833
 -0.105465357127676  0.0628966141122946 -0.0276577422781494 0.125872460565382 -0.0924796142525944    4.72786891162843    8.58419056870325 1785404735.46617
  -0.117144758957995    0.055474680649447 -0.00951424991519915 0.129964824840931 0.0235899514886935   4.85552967109713    8.4502241142274 1785404735.48302
 -0.150228174095499  0.0275734037351659 0.00172563190529888 0.152747421225639 0.0278272696264785    4.8374635954367    8.4619270213757 1785404735.50198
 -0.208355519735146 0.00866607470865122 0.00966327757736695 0.208759436645379 -0.0862095294466978     4.7622041303766    8.55130621110343 1785404735.52596
  -0.25823079333708 0.00679865392088821  0.0310323329664681 0.260177573998943 -0.128283454229504   4.76443007283133    8.4376899512968 1785404735.54844
   -0.289707432264901 -0.000515985884514562    0.0514717079608986 0.294244794807601 -0.100001862033229   4.70600944604974   8.55280452129821 1785404735.56641
 -0.340506046536238 -0.0248016716046832  0.0495225794386957 0.344981124869734 -0.0193260590962182    4.73295153785614    8.51874014087301 1785404735.58401
 -0.364950700260563 -0.0491902073878956  0.0310370647872746 0.369556476758491 0.0313226624814441    4.5346389500648   8.72067315669622 1785404735.60272
 -0.391032228321234 -0.0453628089976708  0.0473279772950453 0.396489502333756 -0.0702315571832391    4.32619365640756    8.79885175796363 1785404735.626
  -0.43314673546508 -0.0493427953897499  0.0398365720662888 0.43776450104471 -0.106633675361417   4.24101296426485   8.74832645651125 1785404735.64826
 -0.497775666719854 -0.0314791895594996  0.0442386977857526 0.500728086026235 0.03742100921506 4.35756413297269 8.73508141322877 1785404735.66659
 -0.530080809485693 -0.0167666767606059  0.0255519865086488 0.530961100316342 0.0763505843899869   4.33030303076424   8.89642730970088 1785404735.68417
-0.584956174385797 0.0148105199982215 0.0100630194138517 0.585230161401827 0.116094546911226  4.13559088592707   8.8884524296234 1785404735.70274
-0.614467721969609 0.0434522204472519 0.0116517365698013 0.61611235969538 0.0384415166609845   3.95875725581333   8.82904245183582 1785404735.72609
-0.699438986297976 0.0858428024451146 0.0260603505837704 0.705168791253356 0.0684769698428917   3.86800455272424   8.78876065655123 1785404735.74875
   -0.794767566306894    0.0950186687258151 -1.88077220971652e-05 0.800427405961053 -0.0159276139775228     3.7355554650647    9.03717476355845 1785404735.7679
 -0.886351080330876  0.0962941760971177 -0.0226966176252075 0.891855337151468 0.0619112016428399   3.79584020476092   9.12949572671274 1785404735.78488
 -0.934039957450143  0.0948922061267472 -0.0631158893255946 0.940966943299512 -0.0213277790529771    3.48627472517182    9.12869984007753 1785404735.80261
  -1.02568013373156   0.115316592945658 -0.0616512604133016 1.03398188149055 -0.0250051121519455    3.34095867914499     9.0233775368239 1785404735.82606
  -1.07378862100149  0.0847064219357075 -0.0663087770630633 1.07916358093898 -0.148550835995206   2.88906026842904   9.07582334855981 1785404735.8488
 -1.12217909405972  0.073638745748103 -0.050206072563804 1.12571276698025 -0.080768570044016   2.75561133635276   9.32367326281387 1785404735.86817
  -1.11045848998061  0.0238966172511525 -0.0345305593574685 1.11125220621405 -0.158658032838414   2.59160228074272   9.43863975371973 1785404735.88588
   -1.06948889295297 -0.00838348150926171  -0.0313942193853861 1.06998241664188 -0.0614462148520797    2.32508774592909    9.56158885224301 1785404735.90309
  -1.00389745153048  -0.046205702215294 -0.0493644675351405 1.00617190914954 -0.147918922277612   2.12046384903905   9.42951469015583 1785404735.92602
 -0.966738497235426 -0.0769390579446301 -0.0376353308356712 0.970525300443799 -0.28716485474591  1.95129383950483  9.58736672794883 1785404735.94991
  -0.939222283210067  -0.0952561360421704 -0.00796391189462615 0.944073965653476 -0.119251176337543   1.68341680725096   9.56090914695382 1785404735.96826
   -0.9162707536972 -0.0881918593132848 0.00760866293427732 0.920536685788034 -0.00363851622916068     1.58384771319356     9.65998011924842 1785404735.98625
  -0.899725557842561  -0.0702121819280823 -0.00777531300036825 0.902494479439327 0.123913052627704  1.48562190978466   9.6445782094659 1785404736.00422
 -0.893975076101831   -0.03750120083643 -0.0662407092590835 0.897209902039983 0.0297414476712541   1.34466580887189   9.69180696654739 1785404736.02605
 -0.903715978151132 0.00975467178665371 -0.0926174104863068 0.908501902866753 -0.150071792314795   1.09237160310372   9.78936520655875 1785404736.05009
 -0.919455223350402  0.0429315356192073 -0.0959308920563826 0.925442467443382 -0.103143318786416  0.854884632061996   9.57805321113668 1785404736.06842
 -0.943846166809877  0.0519331733040935 -0.0860110547439462 0.949178878099011 -0.101058594295293  0.667376376830918   9.75588413848825 1785404736.087
 -0.982032912565097  0.0410304752695898 -0.0868821035054499 0.986722170203684 -0.0315471979988532   0.613715068676169    9.77305829127125 1785404736.1052
  -1.02860657665335  0.0228494127257659 -0.0456559632145551 1.0298728330107 -0.0956741164581348   0.531020626159581    9.91549161899932 1785404736.12607
  -1.03176795595221 -0.0179790194153159 -0.0200788281852668 1.03211991522799 -0.0336016678110493  0.0824879496476502    9.70978554483121 1785404736.15025
  -1.03552727296131 -0.0538250218586575 0.00544874183154864 1.0369395135746 -0.149664754475089 -0.160869985469115    9.7281806189813 1785404736.16873
  -1.02350151589466  -0.070360158975549 -0.0108199829065623 1.02597416002541 -0.140238014552821 -0.252345578699228   9.83782806863222 1785404736.18805
  -1.01873429073773 -0.0613880974077698 -0.0223357260070173 1.02082659560011 -0.119373160725687 -0.469773246288813   9.82202314218094 1785404736.20582
  -1.01245648707302 -0.0673957150111362 0.00664605995328944 1.0147189220326 -0.00772410996668746   -0.499337561686363      9.9318473978325 1785404736.22602
 -0.993116264267922 -0.0918320269050646 0.00998063800437081 0.997402951997807 -0.0647234436896417  -0.834610178078298    9.79866736890927 1785404736.24884
 -0.987732996066025 -0.0971900070920183 0.00503759544155758 0.992515867059033 -0.0758460925076433    -1.0816342072066    9.84421202564149 1785404736.26858
 -0.975481570122423 -0.0930790950825448 0.00418905443333233 0.979921200794706 -0.0672830710919085   -1.25214605728639    9.71280597816468 1785404736.28786
 -0.991519999508867 -0.0666826587967065 -0.0017013246050727 0.993761229328088 0.0385520300653585  -1.37723780189905    9.6505596530901 1785404736.30598
 -0.936850690340185 -0.0615137716802041 -0.0332150891051259 0.93945537533268 0.123472522263751 -1.55854113431276   9.8178254275316 1785404736.32608
 -0.818908172666874 -0.0571598250002978 -0.0526293773832386 0.822585978617683 0.00631192565934364   -1.87026521518585    9.88234690872814 1785404736.34817
 -0.731402617776328 -0.0122669609466463 -0.0527767118548344 0.73340687816187 -0.029259560172952  -2.03266737780339   9.57548910851004 1785404736.368
  -0.715375635367417 -0.00303524174580536   -0.024901946442311 0.71581535280155 -0.0509133748000573   -2.16615869969681    9.35885975085803 1785404736.38623
   -0.715087060933355   -0.0526730561178967 -0.000498282157299261 0.717024548980166 0.00613293964229144   -2.24232877779282    9.51792809931505 1785404736.40497
 -0.687574487628141  -0.130731085231689 0.00148418397096186 0.699893917308199    0.082759038057 -2.34512577843313  9.61895514556529 1785404736.42606
 -0.588898900249724  -0.144709169299492 -0.0244463965371974 0.606910442073901 0.139938922210638 -2.49486527245731  9.58045994440065 1785404736.44679
 -0.492911661204936  -0.111649106632545 -0.0370314843794711 0.506753154503257 0.151930222265165 -2.68253362327624  9.57273347914789 1785404736.46691
 -0.485955977470645 -0.0443522473341721 -0.0310442727135307 0.488962248799796 0.0492226372767934   -2.6838631685718     9.495782621208 1785404736.48634
 -0.524823225510815 -0.0120415414562606 0.00834927973085423 0.525027739484537 0.0739625706871762  -2.77694368913707   9.38872588412047 1785404736.50583
  -0.5616891148002 -0.025031086339096 0.0214998356638145 0.562657497863415 0.242589869500291 -2.93970304779758  9.46503576325038 1785404736.52614
  -0.536228554381544   -0.073192258721699 -0.00926299797561832 0.541279939035617 0.353691183806218 -2.97561274467134  9.31199486106278 1785404736.54802
 -0.487443852806488 -0.0401896944380657  -0.014024193093847 0.489298885314275 0.215013860735013 -3.06342945593205  9.41795379508219 1785404736.56815
 -0.461781916732302   0.029859432929831 -0.0256005607451074 0.463453895297379 0.0875314387436467  -3.14693611522761   9.48222559039946 1785404736.58657
-0.466261245137684  0.106937922691714 -0.016502175708885 0.478651846157611 0.0863926017808287   -3.1811601689675   9.34568421861388 1785404736.6059
-0.466098470118934   0.12075739796291 0.0259525014506098 0.482186338816777   0.1156631908538 -3.25415988176632  9.24877449929548 1785404736.62606
-0.457130540994357 0.0860055045998643 0.0288843658437779 0.46604676259091 0.0336035414619578  -3.45852302821921   9.26833622909005 1785404736.64827
 -0.46409488497564 0.0727331686808602 0.0141156706678258 0.46997173132574 0.168622537003066 -3.52917503940878  9.19621353084421 1785404736.66825
-0.432411639134498 0.0853307365076549 0.0285403017049815 0.441673758642433 0.030919640780697 -3.62801561738484  9.14482419916457 1785404736.6866
-0.410806418382459  0.101717172515251 0.0309912883492422 0.424345091313976 0.113821768999803 -3.67710897322949   8.9334864079898 1785404736.70573
-0.420382669563754 0.0649719732862657 0.0310025833141237 0.426502176259874 0.180432014609341 -3.60939628708708   9.0462030658348 1785404736.7259
 -0.456880089964693  0.0339235614610418 -0.0342371944619985 0.459415291553269 0.0936102329649819  -3.68531436515286   9.32548091617623 1785404736.74794
  -0.47592927263603  0.0620516008658865 -0.0700670916529095 0.485044813449826 0.0443927807219726   -3.9382877181019   9.14180662178844 1785404736.76803
 -0.475449986655057   0.072278166515682 -0.0666965013385301 0.485515444096234 0.0277635240976843  -3.96528060881502    8.8574909808638 1785404736.78632
 -0.476779255875641  0.0442847736593108 -0.0165605995087055 0.479117786632342 -0.0460517245306937   -3.98012164633275    8.92603467063973 1785404736.80481
 -0.47322185819383 0.0174257651543251 -0.019843168510665 0.473958158174514 0.00885111291784978   -4.03560151298626    8.91886368987456 1785404736.82485
 -0.416218452703667  0.0282940274369083 -0.0432181795582858 0.419411687252474 0.0275075342072615  -4.28573875975385   9.01002078406641 1785404736.84803
 -0.384846062185202  0.0605064375938534 -0.0536278476339437 0.393247335161479 -0.00446586954070708    -4.24631144233162       8.956435965468 1785404736.86812
  -0.31586896483732  0.0485668441738882 -0.0494974096488836 0.323391303009775 0.107619383212542 -4.40577987022604  8.83998347763721 1785404736.88652
 -0.254190814461287  -0.012047347403719 -0.0475611903257223 0.258882551673839 0.0133090512320578     -4.43138017538   8.82277472827695 1785404736.90504
 -0.196924786032762 -0.0662177311487137 -0.0449860534306579 0.212574467600882 0.00395997927609853   -4.41819785641953    8.95377939044119 1785404736.92621
  -0.11488791865124 -0.0566015320838624 -0.0496981069313784 0.137378561350806 -0.0240847251474928   -4.49846081879066    8.92196753790065 1785404736.94834
-0.0861549600490689 -0.0383117883043169 -0.0312867260601453 0.0993444990509994 0.0337320472255832  -4.53142884040342   8.87663445208799 1785404736.9685
 -0.084379378556456 -0.0268387872667235  -0.020355912039752 0.0908546266432936 -0.0821261168476648   -4.54140364059739    8.95217470714533 1785404736.9869
-0.0963359513826867 -0.0459498762125225 -0.0128290998710487 0.10750159280799 0.104930874717142 -4.50675801402811  8.87890489134095 1785404737.00582
 -0.110748002669475 -0.0530038232167035 -0.0080436211272685 0.123041558880342 0.100555059636615 -4.44755011934495  8.76710495677932 1785404737.02613
 -0.113442086833537 -0.0337298878112725 -0.0176265229743845 0.119655784269191 0.0653666949782865  -4.48482754965521   8.79089853413483 1785404737.04799
-0.0928989219509321 0.00352608958923845  -0.024737007586281 0.0962006369613031 0.0710809534300385  -4.58903250213934    8.9608106297231 1785404737.06854
-0.0450787869780548  0.0174443870233012  -0.010501436824202 0.0494639651605517  0.28476044618219 -4.59326727398598  8.82013503837415 1785404737.088
 -0.0055945133580418   0.0235154589074959 -0.00356654054528289 0.0244334933811066 0.118595027709282 -4.54045799888094   8.7810062997408 1785404737.10603
  0.0241932945399179   0.0280243194792717 -0.00738717249967711 0.0377524608537178 -0.0173491995733296   -4.61560681262401    8.84511993831361 1785404737.12621
 0.0228263824641718  0.0151184660621508 -0.0220185251895407 0.0351344162324563 0.0135253871137362  -4.59201634762138   8.82894151106148 1785404737.14791
  0.0280584817715647  0.00503519277136314 -0.00501791049335912 0.0289449648693755 0.0907397659850477  -4.56428903631374   8.70933881135688 1785404737.16842
  0.0471970200503939 -0.00611273936370432  0.00236208371231065 0.0476498029757713 0.190174623018992 -4.46172972811615  8.72733276195129 1785404737.18802
   0.0378364683582005   0.00427017664306911 -0.000729447589907185 0.0380836558141487 0.0878849927993695  -4.44613212146006   8.74336061154963 1785404737.2059
  0.0217695565065245 -0.00111620480480413  -0.0143459974649561 0.0260953472274573 0.0274643039294455  -4.46967826039626   8.64169447253305 1785404737.22603
0.00937864495030551 0.00241553945805399 -0.0124352800534025 0.0157616624118098 0.0818076254879361  -4.48780397339442    8.6149050588278 1785404737.24745
 0.0133860916127632 0.00903021000842406 -0.0135525982079221 0.0210809169546039 0.149198527837741 -4.49250375561949  8.62724874135385 1785404737.26857
   0.01454800621857 0.00696367381677097  -0.013536825455208 0.0210566588367362  0.10777327931218 -4.52232828373804  8.70729545715206 1785404737.28799
 -0.0110188449176126 0.000812810362264152  -0.0167141109811201 0.020035895535079 0.0255650125411528  -4.53528986060107    8.6928932754783 1785404737.30613
 0.00952724617309118 -0.00818186432985821  -0.0190998986394293 0.0228586406330595 0.0103644913752932  -4.64044194959839   8.67576060102317 1785404737.32611
 0.0289080952422424 -0.0198821575050285 -0.0199167405176973 0.0403442029347291 0.0599124112134937  -4.61230887179299   8.66451109505936 1785404737.34808
 0.0372318603042699 -0.0267665694346424 -0.0190501859144428 0.049654508802233 0.234315886113242  -4.4822676943362  8.62357628933784 1785404737.36842
  0.0313174243494516  -0.0182132228023064 -0.00475781659219283 0.0365395589937128 -0.00233919069094023    -4.47895742209562     8.71233575143231 1785404737.38804
 0.0187351019062201 0.00757217537900947 0.00190235704741863 0.0202968186113684 0.133196796403464 -4.42716958287258  8.64827105750408 1785404737.40609
  0.0161833208538403  0.00876137889399799 -0.00273748024016502 0.0186052528079526 0.0156725647870338  -4.46657065475676   8.69900350435891 1785404737.42607
 0.0117872768116532  0.0136036425977456 -0.0160663983327917 0.0241273318448118 0.164396329614116 -4.40987697222707  8.73644628575522 1785404737.44691
  0.00134938095528042 -0.000855074535402645   -0.0163041116718179 0.0163821866315421 0.127995319729983 -4.50956148810996  8.75300704994094 1785404737.46825
 0.0201007262799789 0.00718404380634819 -0.0177234907040426 0.0277447617602035 -0.0105452302552648   -4.57675079495317    8.80266166815303 1785404737.48801
  0.0650424946423321 -0.00462057087533296  -0.0117986232451349 0.0662652495278816 0.068957360929522 -4.57382286776241  8.75490679066333 1785404737.5063
 0.0693294759204173 0.00657136025628167 -0.0103930834420009 0.0704114705886048 0.0279493578415095  -4.46354755648035   8.74688939179693 1785404737.52608
  0.0929494691781732 -0.00917504908360088  -0.0189664039299486 0.0953074489440601 -0.050024854233753  -4.48573227515838   8.84557390104456 1785404737.54695
  0.136009003014707 -0.0165425040873868 -0.0312844767763968 0.140537617134021 0.018230095547053 -4.49444638364571  8.96369688864865 1785404737.56849
  0.224292699699565  -0.021225650269278 -0.0112568364945475 0.225575840319255  0.12270979070204 -4.47805640093431  8.97662159049009 1785404737.58825
  0.321493835892627 -0.0225183914650338 0.00805365553040136 0.322382111536186 0.130411790101803 -4.53348210235216  8.87212162625854 1785404737.60656
  0.408948535292859 -0.0183445262232554  0.0281581941164917 0.410327076923315 0.120484551122078 -4.30718858072572  8.98513972344409 1785404737.6261
   0.475079714867225 -0.00645982104868814 -0.00486024504448652 0.475148489157019 0.0359395468243225  -4.17653754806733   9.15056300546553 1785404737.64838
  0.567828804283794 -0.0320465307539301 -0.0204337920661233 0.569099350698916 0.119871178104602 -4.18617493139432   8.9571381190844 1785404737.66862
  0.679438382909346  -0.066499033958829 -0.0388034598647475 0.683786769530824 -0.083322272665653  -4.21595361778022   9.08706344978666 1785404737.68835
  0.796730404847445  -0.105870510246929 -0.0640746060082394 0.806283732989467 0.0737948784172499  -3.92550760722036   9.25482011430891 1785404737.70655
 0.874116091396795 -0.125117901148144 -0.067471154331784 0.885599111953817 0.0891174908833629  -3.87313371562655   9.24108170506867 1785404737.72619
  0.926735056102924  -0.135240298330315 -0.0686755676099014 0.939065565383538 0.264956664107032 -3.48937969244621  9.11963770577181 1785404737.74631
  0.903608350823142  -0.152181339274415 -0.0647597112991828 0.918619089671136 0.297102106336206 -3.27530350933904   9.1820170751335 1785404737.76831
  0.822139056945856  -0.154895118988165 -0.0522281391660209 0.838232011654843 0.288117978533742 -3.11498438448827  9.26178602440701 1785404737.78813
  0.773005939327504  -0.110614980736817 -0.0378314755857087 0.781796058281183 0.296781733478045 -3.04100089533504  9.38879388824883 1785404737.80646
  0.773855963808906 -0.0577181759390207 -0.0450218026474204 0.777310364828594 0.284444642297307 -2.93603757138624  9.46039692977902 1785404737.82607
  0.808133491544557 -0.0285256247498382 -0.0832209417779881 0.812907852449329 0.382110080364749 -2.83510363239564  9.45068519463361 1785404737.84619
  0.893555795912775 -0.0292548922425507 -0.0861288752262305 0.898173698277327 0.312032986271394 -2.79696296910332  9.58929825924132 1785404737.8686
  0.978129576245775 0.00535858923382228  -0.101917265627781 0.983439531154996 0.414366026992342 -2.66752076187283  9.77804147172839 1785404737.88819
   1.07698196873792  0.0642316602554543 -0.0965830201906447 1.08321011209965 0.400900343647474 -2.39043510553774  9.87512258409537 1785404737.90656
   1.19078967249687   0.144084097004632 -0.0822840359824069 1.20229402964183 0.469123720883381 -2.24356641144628  9.70169547491333 1785404737.92607
   1.23040022982174   0.196950517783033 -0.0315313642714743 1.24646237766457 0.201332304236624 -1.95665991713813  9.67437035857478 1785404737.94684
   1.18427175428948   0.198880602419326 0.00441326745997837 1.2008632557274 0.199092420781258  -1.5083644090286  9.71541806020574 1785404737.9686
   1.11478649343095   0.236082983849241 0.00448327664831907 1.13951928503591 0.42243748303013 -1.1914651676941 9.64825183453833 1785404737.98825
    1.06445334452427    0.226360842409361 -0.00400087450510743 1.0882629097061  0.314193282380047 -0.924079078797425     9.790755451536 1785404738.00688
    0.947501586544783     0.224542079021903 -2.82736692688056e-05 0.973744526329036  0.184702773477093 -0.778581951867264   9.83115496776434 1785404738.02605
 0.823007545752048  0.163554901130437 0.0139741826743305 0.839218031163542 0.0616790222085005 -0.602498366102234   9.68702794504281 1785404738.04675
 0.742174577271441 0.0752362208229565 0.0253639643130602 0.74640935334268 -0.0745733107917197  -0.617753728199497    9.73919624448056 1785404738.06993
 0.734251189743738 0.0591421863171234 0.0502072542146161 0.738338253254046 -0.0784202146556208   -0.52470375760827    9.85609554392825 1785404738.08852
  0.75030896647417 0.0556620134252627 0.0445696173205604 0.753689760908421 0.0651507535784077 -0.252712391688762   9.92241835198222 1785404738.10798
 0.770147819025868 0.0311981872609925 0.0470290974351354 0.772212876119167 -0.0117853095206695  -0.144668872985713    9.76975738587888 1785404738.12608
  0.765472800684096 -0.0244801482091573  0.0703257804379012 0.76908621209699 -0.0853097007222879 -0.0321468015778436    9.76007225800238 1785404738.14628
  0.755479838768689 -0.0418728681058579  0.0797662126686753 0.76083228937321 0.0278930377232456  0.131738510211098   10.0580366074052 1785404738.17036
  0.763659979327474 -0.0585800488895707   0.064452675570172 0.768610651463077 -0.0555186677875989   0.220813702202564    10.1200761753444 1785404738.18959
  0.756808704653129 -0.0227412941087636  0.0553770599916883 0.759172708064384 -0.0273491075015545    0.39330260730959    9.82428173615363 1785404738.20819
   0.752681464941286 -0.00787188476800748   0.0415968325167461 0.753871110145088 0.0405123033030076  0.621638321467476   9.86042024704599 1785404738.22604
   0.785893637790124 -0.00578826601519385    0.043915606579472 0.787140962244819 0.0385293194876187  0.632350078769625   9.67166917387914 1785404738.24602
  0.796114123893137 0.00197010849556979  0.0713142934820227 0.799304264998293 0.00458390188806823   0.649530478677575    9.65155582114059 1785404738.27055
  0.848503174235802 0.00725769521577439  0.0747708611787412 0.851822160142296 0.116845953064781  1.21045916547587  9.76724593197886 1785404738.28988
  0.864324746497258 0.00837104490169264   0.032031477316315 0.864958587066086 0.183230044819448  1.30066247900627  9.86482694889764 1785404738.30714
  0.861572552532121 0.00485880138100212  0.0331973431789594 0.862225570730604 0.238027994950445  1.31755920253059  9.53323899669747 1785404738.32611
 0.824013257063507 0.0040130061961297 0.0528622673007266 0.825716883283437 -0.0174195273638311    1.41066916578623    9.63378563618835 1785404738.34595
 0.763593695331592 0.0199491288496947 0.0289378478005363 0.764402183622826 -0.0863954564719789    1.59164812992701    9.64259361341282 1785404738.37067
 0.762419918955945 0.0156101416643034 0.0181825611882085 0.762796443931756 0.13692402407151 1.78226834050842 9.56411188743299 1785404738.3898
  0.766166848685504 0.00743566720616962  0.0290256481812195 0.766752513803389 0.135020553400198  1.92068318067512  9.56174377522381 1785404738.4083
   0.76865570928451 -0.0089982380134669  0.0417575069883146 0.769841709114867 0.0377415836075597   2.04869762888711   9.51304947931253 1785404738.42615
   0.74766497270477 -0.0320809203377077  0.0650573148428676 0.751175446266651 -0.0134776298384637    2.10701730087715    9.32377480958422 1785404738.44703
  0.668108812898601 -0.0363602314017364  0.0812728957091266 0.674015382522767 0.100614986666206  2.39701556084407  9.26729636368691 1785404738.47048
  0.625914168010112 -0.0499244273658649  0.0809024191814496 0.633092564790498 0.0274057385040864   2.47986840219743   9.12863491332512 1785404738.4902
  0.591482562238579 -0.0505739457841519  0.0841323432483976 0.599572845119723 0.0178906046955427   2.58383928173549   9.13600941163513 1785404738.50838
  0.566459659804979 -0.0747091188685026  0.0673840431603899 0.575324784709578 0.0103822095421609    2.7499298374761   9.31569268509131 1785404738.52604
  0.504610654161453 -0.0778688080941618  0.0528578976569704 0.513312206081221 0.124265032660917  2.77185033234159   9.3231644950377 1785404738.54701
  0.453121555806539 -0.0839089361188655  0.0322777982340597 0.461954229503288 0.137824492719782  3.00095390718591  9.34798348227618 1785404738.57074
  0.452960347079344 -0.0663994408052547  0.0262753019063932 0.45855463497359 0.181801415703062  3.01744058572997  9.38129484320343 1785404738.59044
 0.449356691996457  -0.03332048996913 0.0298473514554848 0.451577851629914 0.227886967191933  3.05009243585525  9.30219848693057 1785404738.6084
   0.453187558875696 -0.00519906858029227   0.0447211188096936 0.455418458454865 0.252100287240252  3.07246305991029   9.1825703667553 1785404738.62606
 0.468240016928017 0.0317971922755143 0.0550732789025305 0.472538718983357 0.236198358491033  3.25835606945894  9.22622060192387 1785404738.64773
  0.48744893927805 0.0641534950584919  0.033551925948198 0.49279597306223 0.256921290782313   3.4460679801752  9.27471523616436 1785404738.67081
    0.51934308203047   0.0883456809918643 -0.00142724069581704 0.526805688293917 0.123839844970272  3.50980301263625  9.36549624079828 1785404738.69085
  0.516767896676085   0.102495882426437 0.00128618297578374 0.52683595095252 0.219655389355567  3.66595395487284  9.25222509715805 1785404738.70856
   0.551838840757437   0.0987797589297099 -0.00177128499896377 0.560612775802756 0.168523191220195  3.68865073261464  9.21444607928591 1785404738.72617
 0.568916662655347  0.112027469620829 0.0209175814606583 0.580218810631564 0.0267540269749491   3.73432465532858   9.23840462305545 1785404738.74676
  0.60727581232624 0.0888815710410538 0.0220991622431389 0.614143483950672 0.00352081149658261    3.87084987868493    9.11788951200419 1785404738.77028
 0.627810493285603 0.0670217345451652 0.0290874894971573 0.632047474819892 0.208167600532904  4.08119719525331  8.81416625556048 1785404738.79097
 0.626343928704599 0.0413995978107593 0.0243932294516615 0.6281844262373 0.091313965359551  4.26842548410579  9.04262469677859 1785404738.80858
   0.649688311536817  -0.0579692171181918 -0.00642294315252823 0.652300993774804 0.00138086606464595    4.38360433531811     9.1370265970314 1785404738.82607
  0.700662858416431  -0.147321586337054 -0.0431793486087406 0.717284146702982 -0.185667569733504   4.37952951668878   9.06705962206571 1785404738.84646
  0.742816892405808  -0.190341233669605 -0.0296151394505986 0.767387631750061 -0.00247089200751331     4.28380027718891     8.57300430043849 1785404738.87014
 0.705904261446003 -0.191423173407892 0.0217534541862056 0.731721853175239 0.0258865841762046   4.58500251662204   8.39071789006244 1785404738.89101
 0.624828354929483 -0.152917934307117 0.0625823699287973 0.646305593958883 0.0917659858121002    4.7170545526734   8.38116757193328 1785404738.90859
 0.535009520902585 -0.125388821400141 0.0669604426278468 0.553571354809339 0.28057408023326 4.83409035155591 8.28631524534366 1785404738.92605
 0.429339363461192 -0.117948848104285 0.0674854936580369 0.450331557455902 0.291905907948061  4.85247506802226  8.14866681421867 1785404738.94644
 0.269167950944389 -0.078328152348709 0.0596540262614159 0.286609993048326 0.252604247353553  5.09425121764012  8.29106224270852 1785404738.97068
  0.152445448299024 -0.0816951370452528  0.0315440805080386 0.175808814167637 0.337057724962261  5.07013033799863  8.27082910861476 1785404738.9917
 0.0721946517574141 -0.0667219969209479  -0.011240448421739 0.0989456431391249 0.363899050733398  5.00131363215562  8.29004540653998 1785404739.0087
 0.0277981481561955 -0.0533695087728324 0.00279377575900848 0.0602399094501217 0.431531279352661  5.08475651489301  8.38626042526368 1785404739.02608
 0.0425757572519004  -0.035154257329197 0.00834555023936339 0.0558405329732614 0.433594819860339  4.98225241438833  8.37248886268295 1785404739.04648
   0.120873379044651 -0.00439429006836758 -0.00807172110793172 0.121222259624712 0.364352350458152  4.87702540832918  8.24768184577402 1785404739.06891
  0.172396889142207  0.0424931103561636 -0.0118359389211746 0.177950670872007 0.362923334134235  4.89287333931279   8.3556467885103 1785404739.09045
  0.201443484231152  0.0484212740736352 -0.0203189208200196 0.208175300324968 0.357979293250437  5.13417920631545  8.32922611804563 1785404739.10855
  0.216904895070685  0.0590910472856771 -0.0307183878801912 0.226898886574837 0.400477426941606  5.08253228621335  8.12130369894828 1785404739.12568
  0.231209440557806  0.0817617419794033 -0.0532282521017812 0.250950263351866 0.247859111750547  5.13066061394498  8.34230351855532 1785404739.14596
 0.224499566636709  0.112688000340801 -0.056916283128514 0.257561845245067 0.197902904800942   5.1601022958769  8.28049647218415 1785404739.16997
  0.144647816304167   0.146708443123246 -0.0158545133028205 0.206634275078652 0.233715441663718  5.25952195586259  8.06235409893026 1785404739.19033
0.0869302887422247  0.119775127851358 0.0140192286794367 0.148658989386388 0.182406348603985  5.37433188140067   8.1556117832396 1785404739.20879
  0.0375633473660447   0.0963825760649441 0.000746320860095945 0.103446425888394 0.146908489337207   5.4155523718656  8.23508184017708 1785404739.22624
0.000489082422867265   0.0677103229349654 -0.00735793299520925 0.0681106908754833 0.164684045086329  5.34708024066386  8.21726363630266 1785404739.246
-0.0390334283521342  0.0531492648272916 -0.0104694053612674 0.0667687151982221 0.103902269071037  5.19001329350568  8.04967872901888 1785404739.27012
-0.0905856095060415  0.0569836133794707 -0.0232026067619401 0.109504546955418 0.0916382009005391   5.18558288678227   8.02168725542676 1785404739.29192
 -0.168021970644413  0.0698354064691954 -0.0123532925078132 0.182375904251996 0.118768743177859  5.14681888757593  7.96999538625773 1785404739.30902
  -0.267489453849046   0.0686242928309625 -0.00778101318672298 0.276261552976925 0.192011436183526  5.18335993790157   8.0964840192223 1785404739.32612
 -0.360024678155301  0.0470930481231408 -0.0067945993447666 0.363155188098163 0.103005837062371  5.14432228173133  8.12569886436792 1785404739.34515
 -0.473649250826339  0.0637876097848973 -0.0264243224331592 0.478655112566945 0.149795557275686  4.93357761328126   8.1269085153654 1785404739.36996
 -0.573000000510135  0.0854323605932625 -0.0506253666089125 0.581541586273449 0.198817041600273   4.9136761225391  8.30835693765138 1785404739.391
  -0.67325142057157  0.0936546876407686 -0.0582850363084663 0.682228569671635 0.110954182819462  4.85993216039735  8.40067872706646 1785404739.40879
 -0.769034919354892  0.0820410755346814 -0.0543090045635166 0.775303110556608 -0.036015078761983   4.70823563885175   8.55977306724745 1785404739.42607
 -0.836601803221473  0.0764276632671383 -0.0310275058076575 0.840658355684722 0.132763826873943  4.78189973867973   8.5527615134088 1785404739.44463
 -0.873521232746343  0.0692668605051758 -0.0237874532685612 0.876586039676618 0.146503797742584  4.51193263220213  8.67620038660893 1785404739.46866
  -0.942346935844864   0.0823766089474681 -0.00436193745498124 0.945950675086312 0.00115580575854064      4.249064845905    8.75097360505157 1785404739.49073
 -0.958515453327093  0.0719549846671374 -0.0095635311896422 0.96126003516952 -0.0945039304671654    4.26397223158698     9.0522158479208 1785404739.50877
 -0.905296395724344  0.0624614836823942 -0.0131757602635207 0.907544269836913 -0.0522623045478411    3.92131154283031    8.96405580820946 1785404739.52617
  -0.82597190027082   0.037470747597568 -0.0270753946266831 0.827264597306509 0.0407476436095082   3.77758852032942   9.10781116529427 1785404739.54418
 -0.690876162970627  0.0105977855475848 -0.0333147401186755 0.691760115595503 0.00505843289747799    3.56320857541429    9.20844985247926 1785404739.56836
   -0.60057981596395 -0.00357823086673516  0.00094174297883347 0.600591213688034 -0.1933734807168 3.45521290366307 9.38147653208944 1785404739.59069
 -0.567108730630856 0.00130660237797249  0.0356549742773863 0.568229968197944 -0.110886044956436   3.45148338941394   9.14752418277804 1785404739.60866
 -0.558959475122381 -0.0107230199916357  0.0657171634660493 0.56291155927095 -0.0339356944715921    3.41626622620601    9.26849148116757 1785404739.62614
 -0.560492515035001 -0.0503605283254614  0.0618590566571774 0.566140075523714 -0.0560727960411079    3.34582513775793    9.19168154706814 1785404739.64408
-0.608130018360086 -0.084921728900052 0.0616668870883281 0.617119619063579 -0.0763647418478979    3.11183626990392    9.31709189634725 1785404739.6683
 -0.656501031076043 -0.0908145305633663  0.0534344460049976 0.664903092777597 -0.0176698539290968    3.05430008678636    9.23562167792457 1785404739.69025
 -0.723120735488906 -0.0857473882227857  0.0395924365848707 0.72926248615692 -0.0411519031053222    2.94611236640569    9.32531353492342 1785404739.7085
  -0.77548629376751  -0.104628301476828 0.00818592437015943 0.782555482153814 0.072912081603036  2.76825428519026  9.29687840558301 1785404739.72608
 -0.816693127629273 -0.0821952330805996 0.00109035576245955 0.820819657375325 0.0430040530171973   2.56193827757453   9.38254499168669 1785404739.74389
 -0.840962349982682 -0.0761001976495461  0.0190951335952904 0.844614431736586 0.099737034736176  2.46663970731348  9.42538407521379 1785404739.76678
 -0.856885266827604 -0.0601088006525472  0.0107375986077252 0.859058044864235 0.10503348087078 2.26122687950673 9.50452277942915 1785404739.79006
 -0.872527307625416 -0.0717755058518252 0.00523389342374508 0.875490159529342 0.0720074896961068   2.06622107073531     9.740135012305 1785404739.8082
 -0.865826959504721 -0.0828067585697217 -0.0140978572260181 0.869891966078765 0.161330324512488  1.89639055665543  9.73058015653409 1785404739.82607
 -0.820881786579416 -0.0948119934726969 -0.0230617887568439 0.826660793641954 0.355092830967827  1.78591985455171  9.60924264002187 1785404739.84405
 -0.769505733956058 -0.0952847391058149  -0.013974372456754 0.775508568091465 0.313715124826784  1.59698126676447  9.61862867619201 1785404739.86605
  -0.728322090563595  -0.0427723354711485 -0.00958505739339712 0.729639920515467 0.11797920014348 1.36838773584695  9.7546839432581 1785404739.88873
 -0.694917801070898 -0.0305270090407415 -0.0137156347356231 0.695723197228888 0.183640516869058  1.27904016983643   9.6907413601611 1785404739.90713
  -0.657794482072783   -0.022554928397853 -0.00567642116725506 0.658205535678409 0.211192244148757   1.1985483841039  9.65684227277229 1785404739.92607
 -0.613151241336727 0.00164852430111525   -0.02420375246655 0.613630983587533 0.213831764040972  1.04100781577888  9.88393981422415 1785404739.94397
 -0.574719081534266  0.0252094471804259 -0.0166944147396454 0.575513894176529 0.194173968822582 0.954338548243973   9.8791807871891 1785404739.96424
-0.540084050772311 0.0536575325178047 0.0267113339640797 0.543399860191984   0.2616529402024 0.849206340675138  9.93790826072337 1785404739.98861
-0.565875462472892 0.0747091297609678 0.0470435951274367 0.572721217470651 0.167638211262748 0.805359845515438  9.71785776654449 1785404740.00682
-0.571572806138504 0.0939750373197814 0.0242509163627454 0.579754161089622 0.106733328432543 0.678600147286057  9.76256454665848 1785404740.02607
 -0.608887008121566   0.086378032921143 -0.0279276474918166 0.615617175462954 0.169271873754332 0.633756601534585   9.5904896282803 1785404740.04409
  -0.61232287900135  0.0571840558566081 -0.0253032100208231 0.615507576582183 0.128996642982759  0.40170875812818  9.65840952020345 1785404740.06447
 -0.676593561020936  0.0165042057565133 -0.0167122623474982 0.677001133924764 0.272418253481667  0.38494194840717  9.69457839896257 1785404740.08846
  -0.73249193514144  0.0191580027394553 -0.0163178554323265 0.73292410011005 0.146879633547447 0.138130057905415  9.70087890130655 1785404740.10694
 -0.753333215152255  0.0150639017304651 -0.0197558713083338 0.753742760255865 -0.0296974831632986 -0.0285495654639775     9.6446548217306 1785404740.12605
 -0.805284172179258  0.0131396338124061 -0.0122753561285888 0.805484905077209  0.105334048465365 -0.156815777399911   9.81319541877171 1785404740.14412
   -0.83221055829889 -0.00653901340863092 -0.00786231020329752 0.832273385350176  0.207757496468198 -0.163205931372287   9.84572321270037 1785404740.1643
  -0.827859093314894 -0.00394309334854335  -0.0297908044960817 0.828404320607901  0.137881869038132 -0.457929742841252    9.6180578580347 1785404740.18818
 -0.836996916146924 -0.0123077980454712 -0.0152293514358117 0.837225926902257 0.0672151216659033 -0.707484507429808   9.65331858902842 1785404740.20696
 -0.888054553997477 -0.0199068896479883  0.0173313937515544 0.88844670765358 0.0857205827348734 -0.883985952465007   9.65250905357412 1785404740.2262
 -0.925279251877055 -0.0478269195740906  0.0026581862076527 0.92651830750613 0.0330352050479681 -0.988447057701119   9.78845734589294 1785404740.2442
 -0.931225527922174 -0.0605710826690009 -0.0194021163093247 0.933395029999039 0.207027449288826 -1.12949393545878  9.77060060655382 1785404740.26416
 -0.847799234262541 -0.0701373325377955 -0.0282698266051467 0.851165066322598 0.121731496001277 -1.51799912496113  9.67596656488504 1785404740.28786
 -0.759047334135478 -0.0587363175028642   0.013485743505194 0.761435930154246 0.105495879310187  -1.5772701236428  9.70202958894294 1785404740.30645
 -0.670153604869993 -0.0389386660088141 0.00397592250873414 0.671295673895332 0.114462500975626 -1.51937063764905  9.81820920471096 1785404740.3261
 -0.633119115427219  0.0206147370846535 -0.0134361488791822 0.633597121048634 0.188931847444886 -1.79071559290074  9.86704654662989 1785404740.34416
 -0.626762115814937   0.043151893266987 -0.0132118832762827 0.628384746451605 0.185393792414861 -1.94108012938828  9.73300119294825 1785404740.36413
 -0.649511601737101  0.0505493504405722 -0.0192352447994621 0.651759581643073 0.221744641531346 -1.96082336208766  9.79515558400719 1785404740.38656
 -0.661925987976417  0.0837553204054896 -0.0188922449940111 0.667471260936151 0.0782295604338081   -2.1735271678547   9.67459146587174 1785404740.40625
 -0.658830625015388   0.122275468177637 -0.0197622762990209 0.670372754622939 0.267836678639437 -2.33195980336304  9.49066649157881 1785404740.42607
 -0.667695479022862   0.131614105268814 0.00525777988388783 0.680563861560829 0.110795621215102 -2.35232701651576  9.55064833962412 1785404740.44436
 -0.659815792194649   0.137417163898495 -0.0126805877490006 0.674092837722682 0.0230119118896578  -2.41054559381597   9.45904289238395 1785404740.46573
 -0.661352461284686   0.143405002563214 -0.0334416679262359 0.677547354773935 0.00392443077957954   -2.60158867947719    9.28492212945601 1785404740.48702
 -0.71257865656834  0.119407698966286 -0.029840361218061 0.723129993518999 0.116214680485969 -2.68683234545323   9.3036377647529 1785404740.50679
 -0.780611139831604  0.0584400952778714 -0.0273370345718061 0.783272819536375 0.159690028341283 -2.85651980204317  9.30143178532233 1785404740.52616
  -0.787120930733552 -0.00968171932173563  -0.0177329616496414 0.787380183403638 0.0820920649969795  -2.93256918126878   9.37113796309615 1785404740.54452
 -0.737712963828668 -0.0220803331999422 -0.0196227294562352 0.738304144392005 -0.0205929490099223   -3.31556712530204    9.40493331754616 1785404740.56574
  -0.632315303350335  -0.0401121921077944 -0.00780755790565862 0.633634428331643 -0.0562563185226609   -3.41436392159037    9.28110393548697 1785404740.58661
 -0.504409596004643 -0.0744812911201482 0.00553807282393983 0.509908985524961 -0.0895416981034844   -3.46695456349342    9.40336178932773 1785404740.60677
 -0.400723248788727  -0.091832017332044 -0.0106145624340632 0.411247991439146 -0.145211405834855  -3.76859683487652    9.5004668759381 1785404740.62613
 -0.330874687743658 -0.0722626012182503 -0.0328624315841866 0.340264429427932 0.055801138199928 -3.75320542739642  9.47770803236247 1785404740.64426
 -0.264926895189915 -0.0859385863200295 -0.0336056434039267 0.280537055809469 0.102249634915955 -3.71186954180657  9.37128087087783 1785404740.6649
 -0.206926949179639 -0.0633861206655822 -0.0201976365183446 0.217358015979976 0.145350714926059 -3.78813597115822  9.31712087111313 1785404740.68654
  -0.180617655243822  -0.0335043664671883 -0.00354099679526179 0.183733009055117 0.0666128289091808   -3.6690391729894   9.39245171504854 1785404740.70701
   -0.145572387872551 -0.000433303415363475    0.0100396709955033 0.145918822831272 0.0842566293319778  -3.75184554903421   9.26040641706069 1785404740.72622
 -0.109593119564791  0.0258596988882764 0.00928126046361706 0.112984590446345 0.151360844388361 -3.72945899224887  9.22797159628405 1785404740.74441
-0.0615954041429102  0.0257366208066768  0.0109805833530535 0.0676530906378154 0.174999120797806 -3.71508369384526  9.27828532238414 1785404740.76446
 -0.0562159513957826   0.0318907515236918 -0.00639021623550129 0.0649468096800398 0.147260087264736 -3.78149368934989  9.26401708125119 1785404740.78669
-0.0452956416638907  0.0122002636609746 0.00013929543417131 0.0469101373943722 -0.0101949031115013   -3.86711275906758    9.19777705790297 1785404740.80711
 -0.0319107141672205   0.0246939347310062 -0.00944326155662266 0.0414398272195725 0.0617098171114925  -3.84989589149652   9.08316858988912 1785404740.82613
-0.0254764192255212    0.01960721364823 -0.0101645203312784 0.0337165869738741 0.0366258124201356  -3.77441950975884   9.11579753072139 1785404740.8444
-0.0252419290540121  0.0322909498697169 -0.0123238193766377 0.0427987961265774 0.117534828711605 -3.76778117209233  9.11318956484268 1785404740.8644
  0.0154277201986809   0.0277464722367436 -0.00112070680942504 0.031766920780363 0.026644443564598 -3.79369678392357  9.16007366619665 1785404740.88609
  0.0169906655630986  0.00523052084444289 -0.00733595609744591 0.0192316748216288 0.100449114734932 -3.82130767547222  8.98774108584958 1785404740.90686
  0.016135693093565 -0.0221468610722446 0.00112029670061596 0.0274244254572532 0.0936598601601251  -3.72419920851898   9.04402340258948 1785404740.92625
   0.0139131777579266   -0.0289182145719568 -6.26155636104369e-05 0.0320911758909237 0.205806830815076 -3.79065049809181  9.04645182461145 1785404740.94436
  0.0379222226872229  -0.0234752010511202 -0.00449218552499741 0.0448258827991243 0.154089661911449 -3.78997355581692  9.03609163284535 1785404740.96428
  0.0303994770814768  -0.0182136834891954 5.38169664518846e-05 0.0354382472667273 0.0369249625971949  -3.78892599814884   8.99096449774187 1785404740.98616
0.00463649728241352 -0.0112659724217906 0.00321777467914025 0.0126005283835278 0.0939245992004533  -3.83590054190489     9.006492436979 1785404741.00691
 -0.0128533192078935 -0.00165125478139362  0.00649600271238888 0.0144959479942653 0.0296287277605804  -3.83287051539636   9.03072009753953 1785404741.02623
  -0.0266478015636108 -0.000350659720480223    0.0185300750862877 0.0324590815199169  0.17293619544169 -3.76338417021105  9.04250964322834 1785404741.04424
-0.00825950359249017  -0.0082850808608058   0.0117444739251959 0.0165769307244754 0.150809351805945 -3.75262989468094  9.09931185648493 1785404741.06399
 0.0301479268940006 -0.0550274237887882  0.0167147523646339 0.0649330255836576  0.11421117358474 -3.84984690234561  8.92693611763492 1785404741.08607
 0.0852624932771881 -0.0823356595777298  0.0337190899748352 0.12323080226418 0.0677986037202545  -3.72781481833682   9.09254304831473 1785404741.10666
   0.09045081062614 -0.0516308427162118  0.0182356069381134 0.10573377143994 0.221037968874002 -3.59500730632979  9.01805185256496 1785404741.12611
 0.0768461517319739 -0.0156103701447519 0.00622950907245532 0.0786627070177064 0.161531463671463 -3.64708406283603   9.0183713745373 1785404741.14437
  0.011769265033419 -0.0220821476087389 0.00964574700204192 0.0268174808225604 0.109696561046364 -3.61987153849123  9.04199893350951 1785404741.16385
-0.0571278831355252 -0.0347759171074908 0.00135991257764101 0.0668940117232636 0.103737193229858 -3.72807125098867  9.08517545218857 1785404741.18604
 -0.0710575618474535  -0.0383596139004086 -0.00151895671613241 0.0807647466646097 0.180646895345211 -3.83631551762248  9.13777336891431 1785404741.20671
-0.0499689877983292 -0.0280041600956637 0.00438947992141121 0.057449110160503 0.110674666501473 -3.86110365288658  9.08576359126785 1785404741.22612
 -0.0165672416181627 -0.00960014861848996  0.00782112088062567 0.0206834784347564 0.204178947909103 -3.66314321088175   8.9869945113559 1785404741.24433
  0.0418273482700231 -0.00151985973486139 -0.00440317890270444 0.0420859242664894 0.114091950656929 -3.71276515277328   9.1125292282853 1785404741.26424
 0.0630789147164308  0.0110166108213616 -0.0175850056056153 0.0664044246864741 0.0910972074713827  -3.78552455090444   9.13641788224947 1785404741.28525
  0.0903249264260424   0.0214897735651961 -0.00176442628853942 0.0928628876456093 0.216901024359202 -3.71236506976385  9.09762068983155 1785404741.30647
  0.123566689517474  0.0145925025121181 0.00948844814544855 0.124786612006588 0.0647726802896186  -3.72489810299178   9.16434608112676 1785404741.32625
    0.179500414796227 -7.22889888245386e-05   0.00800726890192889 0.179678937254714 0.0623683361668894  -3.74087008662468   9.14694001644642 1785404741.34464
  0.249641168889206 -0.0313598243987372 0.00765726639527597 0.251719656601023 -0.00697752578761165    -3.70202841610305     9.22997362555381 1785404741.36404
   0.367058797251445   -0.102019793276113 -0.00918584025897023 0.381083427245324 0.102966753348934 -3.71783372925706  9.42724552624615 1785404741.38489
  0.542098601130235  -0.143324111748422 -0.0479966100324229 0.562775593758682 0.218970381235285 -3.64262671842608  9.43733491321536 1785404741.40654
  0.742923056064862  -0.164078289549148 -0.0749835785656312 0.764512190477455 0.0767700321233965  -3.70882311946947   9.38942121589052 1785404741.42614
  0.890505943584855   -0.13476958687351 -0.0868093517987187 0.904820170346419  0.13868504629772 -3.36364234287807  9.43095519643722 1785404741.44495
  1.01364171359803 -0.106221811169466 -0.120248975828332 1.02626137650301 0.191711130488619 -3.12734902581511  9.54953925389229 1785404741.46415
   1.04152612649889 -0.0853327125071852   -0.10033586478451 1.04982171332359 0.375264077741485 -2.79121501832437  9.53133624980604 1785404741.48619
   1.02532122473526 -0.0804559537370134 -0.0977125462802639 1.03310431036024 0.305675424276384 -2.67988338393781  9.48355815965291 1785404741.50671
  0.985583129289044 -0.0635490729160051 -0.0502646023425746 0.988908044085154   0.4278292737709 -2.42590078910909  9.51984152853302 1785404741.52613
  0.911439600199238 -0.0140376256447648 -0.0294570369692776 0.912023528628565 0.415300274374823 -2.13490519252362  9.62871383337215 1785404741.54492
  0.839102501856262   0.029194879767467 -0.0227752576787098 0.839919080619321 0.348095632474878 -2.04198170162624   9.6630292336786 1785404741.56417
  0.815056845100724  0.0516237885720525 -0.0247119368067577 0.817063862934116 0.374691339977858 -2.01669705623356  9.69381250538907 1785404741.58443
  0.875321543047431  0.0823434476168448 -0.0269854448537793 0.879600171283704 0.277104465579466 -1.94907105987025  9.76328224207767 1785404741.60642
  0.934220473122213    0.10335833359187 -0.0221704748524798 0.940182092723939 0.464228796478545  -1.6991347341292  9.69969925479961 1785404741.62612
  0.949127032702001   0.119856100575375 -0.0112448716706412 0.956730921518548 0.387447188947103  -1.5739347974363  9.71326261425288 1785404741.64443
   0.972038107367326    0.132530348304459 -0.00435865693648097 0.981040964122418 0.326814592787773 -1.30242686457869  9.74747854248686 1785404741.66282
   0.963260065504775    0.111065154330176 -0.00428298521441066 0.9696513632564 0.289241479567308  -1.0315824250816  9.72465864996615 1785404741.68399
 0.929953163314871 0.0817436047091895 -0.015738698171341 0.933671574746878  0.256346424915015 -0.784262285647161   9.77971572825702 1785404741.70676
   0.887701921257132   0.0275271670109822 -0.00205302383679388 0.888130993060217 0.0470572249263891 -0.741387011509079   9.85116164715386 1785404741.72619
   0.835736450284025 -0.00955586629365956   0.0142652687351835 0.835912810528737  0.270481801874886 -0.540309167020484     9.714843008882 1785404741.74467
   0.83106409250734 -0.0324147998050162  0.0137494352650449 0.831809648941124  0.321645922186294 -0.296173888453151   9.75406279820254 1785404741.76252
     0.8321497040219  -0.0646996132742019 1.76397903517606e-05 0.834661110974226  0.291690215234407 -0.237449387301217   9.71649239644555 1785404741.78274
 0.819787150528892  -0.05518947919973 -0.013617222346072 0.821755608153081   0.188222643807068 -0.0715959999214429    9.83609369793209 1785404741.80669
   0.816117438571133  -0.0329562200804254 -0.00374957659404225 0.816791188313471  0.220608396074269 0.0688953549335062   9.94019607824821 1785404741.82609
  0.820084662619975 -0.0178675701498366 -0.0087721177638289 0.820326187548368 0.292202578930067 0.198547161643469  9.81608029609936 1785404741.84416
   0.834483659063679 -0.00259158809157184  -0.0103126436629297 0.834551402965965 0.523730534071637 0.341500431764125  9.66627279226176 1785404741.86211
    0.837860414697621   0.00901507030553632 -0.000690130867126586 0.837909196924402 0.260535727495613 0.526539963157063   9.8546079167492 1785404741.88232
   0.904267370263182    0.021979601952538 -0.00356707465926509 0.904541488184101 0.231009855281956 0.682887139269224  9.86573664586051 1785404741.90645
   0.915289503137479   0.0351879550645036 -0.00550477379921115 0.915982188292903 0.357545794692712  0.83024195490072   9.7452033331822 1785404741.92609
  0.92551782624572  0.031075168667026 0.0240800796644593 0.926352396792351 0.312928097255778  1.12705211541393  9.72259262943327 1785404741.94407
   0.928059083784345   0.0148642712842809 -0.00026007162766681 0.928178149491089 0.262976582617357  1.22780620293281  9.78869393598569 1785404741.9619
   0.892686367573662   0.0373650874829231 -0.00625573402168744 0.893489918702285 0.256664563342067  1.44486148260341  9.73502756215232 1785404741.98252
 0.803666870804343 0.0721058215843335 0.0109742148318848 0.806969715742774 0.184791890809516  1.64812993851891  9.61719034308735 1785404742.00631
 0.718162454754088  0.100427115119674 0.0206847291464233 0.725445225285506 0.284612476908121  1.94967114944218  9.36005571081604 1785404742.02617
   0.633163229707905   0.0938077771678404 -0.00559758995177713 0.640099138825061 0.299706838699626  2.02435274864943  9.55947178216882 1785404742.04398
  0.533665964359724  0.0553026334010364 -0.0254984152864993 0.537129325171515 0.271651234638413  2.10284448606159  9.68989028080637 1785404742.06097
    0.4318709392585 -0.0340704155058761 -0.0500085642039934 0.436089621388204 0.0835081734262458   2.20528250706229   9.67241401720476 1785404742.08216
  0.444755375668809  -0.100724148385762 -0.0627927377766719 0.460321220640359 0.160896440615845  2.26725912971576  9.56207728902677 1785404742.10623
  0.492156205577382  -0.115618775139168 -0.0743714786299514 0.510995644488887 0.159659334399385  2.21281514381008  9.45139108473443 1785404742.12611
  0.527438933153547 -0.0940320869084458 -0.0437848128687106 0.537541599704113 0.0144263929374476   2.21936485925205   9.47832261421656 1785404742.14299
  0.553716606340491 -0.0725637525662259 -0.0231328618508239 0.558929966651576 0.139290169120483  2.43572450941569  9.42721315330353 1785404742.16054
   0.591129912594458  -0.0617446719608004 -0.00120085857582403 0.594347053614971 0.220036353433324   2.7077478020535  9.62731849677017 1785404742.18202
    0.6331795703412 -0.0637580289117512 0.00147674973246174 0.636383245645225 0.366449497945052  2.68185960270842    9.528059127968 1785404742.2059
   0.63895717887763 -0.0430589632617723  0.0123092120730959 0.640524681381053 0.277410254217522  2.75024764366618  9.48326738737441 1785404742.22608
  0.609983139148356 -0.0222938517732542  0.0244533044450504 0.610880029114107 0.272404375806455  2.95494510090485  9.44086088214127 1785404742.24291
  0.602990124389491 -0.0103153695838678  0.0122963171242022 0.603203693934084 0.308182122558485  3.10379424805814   9.1964822751017 1785404742.26035
    0.611025045808876    0.0234270409051389 -0.000110346585629125 0.611473993745996 0.204697638977834  3.15639918832642  9.08297407185106 1785404742.28169
  0.654936576971414  0.0547237704613222 -0.0061350144563008 0.657247479501379 0.319200672280385   3.2527539729669  9.17935862103061 1785404742.30493
   0.662204003692606   0.0896818246123832 -0.00533963951930464 0.668270517023248 0.315695775563445  3.28865331557393  9.12849228321653 1785404742.32619
 0.627480092144115 0.0786834471047188 0.0262341177143336 0.632938053696977 0.197469408389666  3.43934651716808  9.00763043027938 1785404742.3429
 0.579442084206183 0.0737090081166623  0.023573284409885 0.584586902491508 0.220785431908922  3.59517707108179  8.87282220120886 1785404742.36019
  0.552567744229749  0.0603146945365437 0.00324222447709909 0.555859232503832 0.151333593101311  3.75150103663303    8.853094477846 1785404742.38041
   0.541740707659704   0.0784573205562699 -0.00281888799585084 0.547399754853836 0.224548471260399   3.6728340770935  8.79167020779402 1785404742.40421
  0.509789037317358   0.108600902084935 0.00776060552453778 0.521286145510052 0.221421427244652  3.96731544266324  8.80358610398043 1785404742.4261
   0.47790054935794  0.0942698228771975 -0.0041491410087682 0.487127242055943 0.207740553839073  4.07974609600505  8.86170185975399 1785404742.4427
    0.41770998729301   0.0672105648969819 -0.00491434441292307 0.4231111488712 -0.0159423515098282    4.18714047487768    8.86902775708088 1785404742.46029
   0.353566558229229   0.0240922763397776 -0.00629721195662688 0.354442384254087 -0.0521792524203874    4.18768039852862    8.70774508468476 1785404742.4805
   0.359882952674042   0.0198175617759657 -0.00784768095008407 0.360513607893551 0.12642604742913 4.20287810472972 8.75584648820954 1785404742.50588
   0.40770384791914    0.02819234510538 -0.0160521481158767 0.408992551753389 0.0724057173250239   4.21145664087106   8.61567565251146 1785404742.52622
  0.401163458552703  0.0682264817462478 0.00252278141734884 0.406931613069711 0.0151183790686956   4.32493984434267   8.76122016446154 1785404742.54396
   0.399499013683757   0.0637374249536352 -0.00014249713380202 0.404551531426403 0.176379816898701  4.43237332508753  8.88773922771019 1785404742.56045
   0.401385962877724   0.0318121184289953 -0.00505455648497124 0.402676359643173 0.185996496819813  4.59351025123727  8.85733555847899 1785404742.58064
  0.442726552691144  0.0168009221668484 -0.0132269924366857 0.443242625175379 0.233150076027511  4.52187735003018  8.54575799653648 1785404742.60468
   0.45974809080278  0.0441154525113577 -0.0322937000842656 0.462987433103984 0.171517314161391  4.56426221761231  8.45558473613904 1785404742.62579
  0.435817163568801  0.0576856111023156 -0.0373696287310411 0.441203715919187 0.178260716523499  4.68166899744216  8.35968482828363 1785404742.64288
 0.351660391496318 0.0950206942088566 -0.023463956645682 0.365026739481846 0.077766552683806  4.97836295966043  8.57530837711837 1785404742.66016
  0.312604711837446  0.0886527804857115 -0.0213962968317557 0.325636028210843 0.165657049623388  5.02931438990405  8.53191510047356 1785404742.68014
  0.347422126198972  0.0459460776320438 -0.0167819144598794 0.350848697411467 0.116880333099701  4.86539604714837  8.54857393158894 1785404742.70412
  0.356909025002226  0.0634979335459262 -0.0426983760048052 0.365019439216722 -0.082374270581378   4.91412525084206    8.5340725907193 1785404742.72461
  0.310121930811756  0.0875715693093113 -0.0263259686631906 0.323322514446121 -0.0429794578857825    5.07313321026414    8.30276593069367 1785404742.74286
  0.226181191224211  0.0913678022428217 -0.0286309707148056 0.245612986290136 -0.00978394656096541     5.18472852441836     8.18577418453975 1785404742.76022
  0.155126950070131  0.0689600254158872 -0.0201287730358235 0.170953277966081 -0.0977786128277071    5.08499511126182    8.00643169797835 1785404742.78018
   0.014064317519399   0.0578654522726655 -0.00585756396879182 0.0598375020338842 -0.0704654875425992    5.11049977469275    8.08710459042244 1785404742.80434
  -0.131574368224334   0.0224144785285214 -0.00485498873464114 0.133558205052897 -0.0447245653235728    5.22475194261318    8.23011085268249 1785404742.82628
 -0.226334144556068 -0.0300480523854058 0.00991487551711417 0.228535194665073 -0.0876742932771384    5.23968307231273    8.15649054060331 1785404742.84389
 -0.286679931695415 -0.0408206617154736  0.0319273674896135 0.291326391620454 -0.13798368949605  5.13028217827416  8.22936069899554 1785404742.86033
 -0.296683641689091 -0.0577949365635017  0.0287906347632135 0.303628619514611 -0.182381838941648   4.99507580424918   8.52335997820995 1785404742.88007
  -0.32503447512865 -0.0646404317647222  0.0505833484411145 0.335237931297164 -0.076854147540749   4.91341010506399   8.53573788800717 1785404742.90405
 -0.317230100675176 -0.0476202103991014    0.07819031772821 0.330176236272805 0.101204683625301  4.89157553291713   8.4975525642554 1785404742.92616
 -0.308847754305909 -0.0363489528955517   0.061506004948864 0.317003423264128 -0.00637272939999751     4.82301315283273     8.53951704906642 1785404742.94396
-0.328762683809352  -0.02506949587954 0.0398250426671381 0.332113558760586 0.0332805371645137    4.7371211281006   8.44484844771315 1785404742.96046
 -0.388327753570558 -0.0118183732697261 0.00976542715765449 0.388630263499216 -0.00387015072726979     4.72221853784438     8.43029894713794 1785404742.98088
  -0.49176845928713 0.00254132240549942   0.010359938924021 0.49188413697101 0.235076815657813  4.74266841292973  8.49699407376915 1785404743.00414
-0.587059274550263 0.0188318653759259 0.0255333872471914 0.587915967510096 0.0423521339710957   4.50213614811445   8.57391979870566 1785404743.02623
-0.656796055613929  0.044149943218121 0.0233404918717505 0.658691927016716 -0.0564636574862276    4.41378427477335    8.61650129345231 1785404743.04401
-0.708675377506682 0.0552900744856189 0.0408590857380265 0.712002280830765 -0.0409620314093734     4.2260726596673    8.51573722857399 1785404743.0608
-0.789563468873186 0.0400865562661383 0.0384082992099505 0.791512855751907 0.169991445308381  4.19220837708377  8.74116091604072 1785404743.0801
 -0.851502737873805 -0.0228105820176318   0.026259373994845 0.852212878323937 0.0442501974455289   4.16606535568707   9.02616237277003 1785404743.10304
 -0.839414177136885 -0.0316921742459043  0.0137738662060406 0.840125153817625 -0.164626651331792   3.89268689593299   9.20305997461734 1785404743.12609
    -0.7884379777568  -0.0260444445776047 -0.00577201723190404 0.788889139261984 -0.136972967684418   3.62901426229906   9.05229279147801 1785404743.14394
-0.752385928222316 -0.011018658407936 0.0107677278253375 0.752543646430284 0.0594874288667598   3.51714134580986   8.96998009490066 1785404743.16096
 -0.720172364814934 -0.0103332575882701  0.0135155654105767 0.720373293344421 -0.0247183346347527    3.38002785197756    9.05109981543364 1785404743.18022
 -0.709514762834021 -0.0401438423496403 0.00257514583968731 0.710654176188464 0.0621305641816324   3.25928534523763   9.20939731522059 1785404743.20289
 -0.704790020506297 -0.0345947203443679 -0.0135337463500593 0.705768325990363 0.187308445806531  3.33417310311811  9.36966875859126 1785404743.22625
 -0.693340515117484 -0.0372943140750311 -0.0241751409159732 0.694763537618385 0.159622095554096  3.06909195854161  9.30170645430117 1785404743.24418
  -0.68562303666485 -0.0163289016858319  -0.022513602824982 0.686186886895951 0.035380734370679  2.86117319714345   9.1657671700341 1785404743.26239
 -0.679679082356319 -0.0074799323478693  -0.012557924833875 0.679836234586529 0.00753603340385505    2.66453525820366    9.27504677406888 1785404743.28032
 -0.663637831404475 -0.0211795059069795 -0.0447281467974605 0.665480540555195 -0.0214463188567619    2.67971173555453    9.28068198801128 1785404743.30386
 -0.700862663407535 -0.0351486923165859 -0.0650122124409989 0.704748530538903 0.12783415324491 2.66053953648506 9.47814508248187 1785404743.32628
 -0.729980166782468 -0.0404828398314388   -0.10412203882844 0.738479047222309 0.219058642812681  2.57551993524351  9.70635740535101 1785404743.34437
 -0.784664184791076 -0.0627548700593885  -0.114987110058102 0.795523784741555 0.149788795724165  2.30249239959034  9.51191972654445 1785404743.36231
 -0.813114115953704 -0.0645994045936638 -0.0785072702145148 0.819445568731423 0.0413873824291465   2.20088731913757   9.29553100089704 1785404743.38015
 -0.881721322336106 -0.0721754750518607 -0.0879394897682026 0.889030451290498 0.191739886227393  2.02915010807747  8.95700399897479 1785404743.40255
  -1.04341819772013 -0.0416783616342472  -0.081639665658165 1.04743670747727 -0.0541953264894709    1.70749941018689    9.57012065798051 1785404743.4261
  -1.12133411087808 -0.0272829078185708  -0.106607275430967 1.12672075353771 0.172031316691457  1.88210758697312  9.69057609543482 1785404743.44417
  -1.16902630861458 -0.0449386067677188  -0.159591602484213 1.18072497568009 0.131342179319183  1.48435809354871  9.60586167285069 1785404743.46228
  -1.20629842846228 -0.0699023676048846  -0.158776419981176 1.21870923154351 0.0203028495063855   1.20087132030217    9.5085705254301 1785404743.48027
 -1.21572592621205 -0.102598398749043 -0.144464170344502 1.22857065551939 0.214324625490328 0.910758128512243  9.68705628693932 1785404743.50246
 -1.13879091107966 -0.149064909292003 -0.155286210118744 1.15895594972066 0.363717307058398  0.57076688366072  10.2103925780314 1785404743.52619
-0.987318978488593 -0.162341435230705 -0.148055292728702 1.01147114471027  0.497545615626674 0.0723719317174675   10.0959087257904 1785404743.54429
-0.751542634404944  -0.16149066778645 -0.115069227360832 0.777262178544573  0.351572113678026 0.0135149042305826   10.3236893377832 1785404743.56289
  -0.49096504786445 -0.0895828224721212  -0.131165671092045 0.516019567051134   0.15087502090775 -0.248526568325877   10.2880203470293 1785404743.58108
 -0.226159963364868 -0.0307477302868235  -0.101519103680117 0.249799680462174 0.192248536603749 -0.39283576140791  10.3650178296209 1785404743.60221
 0.0326372815212805  0.0212614153780955 -0.0575590919806942 0.0695002805650542  0.474745876250217 -0.155959252573023   10.1331126422698 1785404743.62613
   0.17151360776995   0.052149258797345 -0.0449234756120556 0.184809581744139  0.394498651281996 0.0400879465496616   10.1695677642653 1785404743.64441
  0.264234726515257  0.0890993581044278 -0.0202123674481586 0.279584023343741  0.420058644502021 0.0417295280111413   9.96830051272564 1785404743.66367
0.253239218416926 0.105984720609147 0.016342961775873 0.27500900920992  0.17102230175886 0.197062469120613  9.88476949495416 1785404743.68188
 0.175142538732836  0.113298945374502 0.0447099479065087 0.213331993237208 0.140627694977149 0.314418301990197  9.61467175409545 1785404743.70216
0.0711281923719233  0.108281643312342 0.0487819554668084 0.138433425182231 0.115120892001798  0.41827874787751  9.57231268216324 1785404743.72629
0.0170543693657271 0.0687469500269072  0.116432588249802 0.136284783666456 0.152386241305457 0.319693756318331  9.75965239957408 1785404743.74468
0.00244003208814507  0.0173771630486013    0.18349348792789 0.184330625952801 0.179543636164345 0.234633131760876  9.75043848747075 1785404743.76293
  0.0036343677291499 -0.00929622082619138    0.247885006182325 0.248085881582269 0.111111836880819 0.269057303683537  9.75688414026599 1785404743.78094
  0.0248119932371742 -0.00675432429166893    0.350933885400535 0.351874761566319 -0.0110071704604088  0.0989322899245202    9.77743419188596 1785404743.80118
   0.118089487151113 -0.00752228524765665    0.552307291539946 0.564840735109598  0.108971050289706 0.0448622372864092     9.863925762895 1785404743.82624
0.166799105940505 -0.03316100592784 0.670575059653002 0.69180380505265 0.0635974709902065  0.230704288509347   10.1440961803066 1785404743.84454
  0.220124898067975 -0.0548374748513444   0.734666578025498 0.768893425817391 0.0372095836013802  0.444248305544309   10.0755215009093 1785404743.86305
  0.262435424277258 -0.0430217305850647   0.765619522605228 0.810491501875483 0.0912196593389679  0.389932937988984   9.96194899306462 1785404743.88213
 0.307634287275113 -0.077671916078002  0.761910313870853 0.825335754488606    0.268301353503 0.530057279114268  9.81989970033108 1785404743.90193
   0.31905483088688 -0.0384904408452749   0.760685665372454 0.825784584895996 0.132236349356785 0.365797437740706  9.87819190262994 1785404743.9263
  0.240298633330469 -0.0116080791087364   0.777387213818684 0.813762287704378 0.069800499081975 0.650218890285816  9.77332988837352 1785404743.94493
  0.194235534862789 -0.0422906919621767   0.759181177235881 0.784775130530608 0.078284524853687 0.711357131881097  9.86396776984171 1785404743.96411
  0.170511706394994 -0.0744911946520951   0.728087722292534 0.751488463951083 0.154817147740972  0.72254121367571  9.87538198742645 1785404743.98215
  0.192914305901108 -0.0997003038880016   0.707608764011887 0.740179872006187 0.250260963533049 0.501980071585219  9.82364545984854 1785404744.0023
 0.191974584942548 -0.103597560757424  0.749237256564873 0.780348103402328 0.356275851853478  0.62291350282156   9.7578223241244 1785404744.0261
 0.160124364776319 -0.117437412289298  0.751469335847634 0.777262838890109 0.270532605885646 0.639520491135231  9.87845520314608 1785404744.04464
 0.136993438040793 -0.133137490293136   0.75393324769174 0.777758404237978 0.287979856935938 0.630832239797922  9.81914066604258 1785404744.06416
 0.101116095684003 -0.122371961506353  0.745056044749718 0.761779411370104 0.219307229596546 0.761392814408081   9.9144711469405 1785404744.08238
0.0695073314838176 -0.115753238674266    0.7259409534673 0.738390377317172 0.365298462617586  0.65366113738373  9.80880283317313 1785404744.10269
0.0420768962883619 -0.108032711426102  0.797876210638514 0.806255529867679  0.60817030947111 0.513035933214081  9.56499405836627 1785404744.12624
 0.070390995157122 -0.113119040518926  0.845553023248393 0.855985236234615 0.474021887576345 0.656807646998367  9.80242427888256 1785404744.14508
  0.122027184115171 -0.0955179120378405   0.820343142421533 0.834851589506292  0.38379890687996 0.753348906757243  9.72374217965531 1785404744.16452
  0.128622572915738 -0.0921033528927518   0.782438481789889 0.798271114135553 0.663602847153598 0.694274635615585  9.23964138890925 1785404744.18366
  0.128841838478641 -0.0915233776659083   0.799193355555125 0.814669729132851 0.787086750657276 0.581836960929462  9.51718746371248 1785404744.20391
  0.158919378404798 -0.0871715033791071   0.847775923020392 0.86693613114636 0.671677967273919 0.563336043068971  9.64710033903881 1785404744.22629
   0.15355474986178 -0.0536551279647561   0.839073287368271 0.854694047912483 0.471964025676446 0.706539233927333  9.67054609428709 1785404744.24593
0.0832379333243165 0.0130851740487585  0.851217807014412 0.855378004336337 0.729363756596227  0.66074180768295  9.50208335125769 1785404744.26451
-0.0202644536546795  0.0304174846310909   0.846980698726051 0.847768939905016 0.865691109570228 0.824870510302077  9.63820616278432 1785404744.28336
 -0.0782690296847062 -0.00789413433119698    0.797799538713597 0.801668548925459 0.771770460630072 0.846611187567614  9.99519060610153 1785404744.30321
-0.0211891378883414 -0.0512251840032834   0.764935355763862 0.766941391201575  0.75422093106661 0.514534477875378  9.99977116130072 1785404744.32612
 0.0422723403261995 -0.0369950325478561   0.818484773768525 0.82041020720173 0.821008116961768 0.467161116908333   9.6462010631945 1785404744.34576
   0.103284707000926 -0.00433218994687046    0.827972947395657 0.834401402317286 0.726438878626663 0.584601070952947  9.62768687691477 1785404744.36441
 0.108863558507895 0.0236557255893818  0.813002689200777 0.820599927109342 0.850357734913918 0.661443258118888  9.76749334428593 1785404744.3841
  0.0765824963187262 -0.00235599788896605    0.827733607140879 0.831272129846125 0.984461707840664 0.692464163695239  10.0198006543211 1785404744.40396
  0.111330750553876 -0.0346427283968358   0.842124098868047 0.850157428094342 0.979743370435272 0.667301150351648  9.80784036302221 1785404744.4259
  0.140607043466477 -0.0354940178151881    0.83844300080657 0.85089178605424  1.03154531599778 0.639885166450688  9.68583223746073 1785404744.44589
  0.116031096657585 -0.0245946172393242   0.833805605761197 0.84219944121776 0.905093109305702 0.902929601922631  9.91508969203821 1785404744.46596
0.076666433998413 -0.02472141262244 0.760327470712296 0.76458273134033 1.1346234149253 1.0855013880258 9.9066835546225 1785404744.48429
 0.0576784717728065 -0.0645608403781128     0.6858073424834 0.691250041027498 1.28521299974259 1.03552981567786 9.76459261401561 1785404744.50469
 0.0327577898653487 -0.0930168892781569   0.618584198987327 0.626395742102898  1.26956543557003 0.973207615249536  9.52454718300651 1785404744.52629
-0.0209210640843353  -0.103100813623772    0.53700280430446 0.547210636339571 0.860056066045993 0.943824114678343  9.76974717205754 1785404744.54593
-0.0537504396596393 -0.0610863114889039   0.466044277036924 0.473093981544674 0.65739303988121 1.13927755825575  9.9979179511335 1785404744.56601
 -0.117344959750131 -0.0223080976579919   0.401062219899866 0.418471498468996 1.00758460892261 1.01774551196873 9.81159590001294 1785404744.58459
  -0.169461488410831 -0.00322185492260817    0.348864083847878 0.387857867526979  1.16948823950594 0.814189889599704  9.59202033572962 1785404744.60451
-0.178693750315745 0.0422842054953157  0.297543813235363 0.34964515044673 0.977897793342765 0.774801929578335  9.68335002693165 1785404744.6263
-0.124442809623804 0.0431345948284425  0.247688861112597 0.280528747292209 0.818629141024506 0.751965569065801  9.82669987619897 1785404744.64605
-0.0779789996816506  0.0263071389333171    0.22511504991396 0.239686411062397 0.849015063581341 0.682184184958025  9.99355869858288 1785404744.66515
-0.0446399275947622  0.0307513020967168   0.164072019637809 0.172794656585031 0.849851348434877  0.65850724581941  9.79018598497296 1785404744.68466
0.00440068944403852  0.0587509187126335   0.107517088648055 0.122600819200016 0.964988078149592 0.624723023330326   9.7893856428463 1785404744.70455
0.0447279773072106 0.0251958077928567 0.0260604756563399 0.0575722943416676 0.956737001608786 0.662499453074365  9.77816317132504 1785404744.72622
  0.0650419864067739 -0.00196427118240583  -0.0256854635634296 0.0699575685361152 0.873408708732757 0.603568269484741  9.76307850022327 1785404744.7461
 0.0695766459551011 0.00754704883115785 -0.0749671296449815 0.102556999447277 0.966304985190191 0.568513593449187   9.5925074244317 1785404744.76511
 0.0930583721500146  0.0166659502454632 -0.0856840568598427 0.127590642778989 0.821266220079295 0.594293436350219  9.84493627249439 1785404744.78447
 0.101464505928911 0.0496732637633339 -0.103025544930302 0.152894545371918 0.884033588683009 0.707933923969637  9.97416857335848 1785404744.80428
 0.103279189976054 0.0515686295464642  -0.16066027797263 0.197832352141031 0.961573524803002 0.768116016398761  9.74419900137122 1785404744.82618
 0.112602792257306  0.029477134431868 -0.203248530052341 0.23421839220457 0.982366046028724 0.737544586967466  9.62150011220685 1785404744.84606
0.0937142693903273 0.0380139097309995 -0.215436110092129 0.237991888836631 0.891024661478536 0.820807668925587  9.81728790876434 1785404744.86496
0.0854311607023533 0.0586050956174729 -0.271806717237661 0.290881302229618 0.910458971532325 0.925865497685436  9.99952073048827 1785404744.88447
0.0968556591954933 0.0558111606619999 -0.379065573181467 0.395204520652317 0.906049630562742 0.797967569274424  9.75186087787626 1785404744.90418
0.0820597916130913 0.0629587997888959 -0.472369045161986 0.483559856375287 0.779352108620456 0.637044657479744  9.54787649000349 1785404744.92612
0.0719582794431226 0.0886140206012609  -0.48706508073119 0.50026276245111 0.604519146720378 0.745948923738544   9.7624892563142 1785404744.94617
 0.113168048782908 0.0915086413666907 -0.495429752662472 0.51636370760667 0.715652113914082 0.881180753596953  9.73610294547334 1785404744.9646
 0.127824552702639 0.0908481951860435 -0.509017739888401 0.532627046218353 0.766700695796997 0.860575213277452  9.58933315716663 1785404744.98462
 0.139126095943271 0.0829904000054918 -0.519447145039668 0.544122057589426 0.702266351157698 0.951622933976013  9.72573006876034 1785404745.00426
 0.143782676216452 0.0655436900607162 -0.509004978216853 0.532968574248313 0.792818075095886 0.876182549161783  9.71355537102224 1785404745.02625
 0.123875310554481 0.0430575718494054 -0.500648565463436 0.517540368627542 0.62698747903159  1.1049806885996 9.80340149415933 1785404745.04652
0.0856066641796629 0.0375915389696724 -0.504660412621079 0.513248240933134 0.758223665008332  1.17841173294723  9.73026796210944 1785404745.06605
0.0582709235650431 0.0445786451226938  -0.53505329351402 0.540059980959799 0.720566665431937   1.2296779747789  9.67200984593628 1785404745.08499
0.0213848595369736 0.0544000239167344 -0.595944678922867 0.598804421456652 0.729173245207392  1.14800066218851  9.69249083310731 1785404745.10429
-0.0482312349675801  0.0417209681745217  -0.638010546532629 0.64118979148048 0.596319466019587  1.01271258321543  9.77345858886198 1785404745.1263
-0.113554809982419 0.0988506388830777 -0.675067754017196 0.691652091872465 0.500553796472014   1.1322004248378  9.79956781635795 1785404745.14706
 -0.12768393907814  0.141673906733051 -0.702369662665638 0.727803426194572 0.533506773264912  1.04393482110915  9.70512163353502 1785404745.16609
 -0.12918136710026  0.183693151684361 -0.709817079670951 0.744493979944917 0.671771578130193 0.958633628313869  9.76795615904135 1785404745.18459
 -0.10807660337674  0.193744308397806 -0.750773138543493 0.782865068062463 0.480352760341543 0.867960878640561  9.67445335398663 1785404745.20388
-0.0973381794175077   0.218041581973755  -0.780726255590839 0.816425341847511 0.395743641185539 0.845714900942767  9.91485731506341 1785404745.22612
-0.0221924129332736   0.244971471115843  -0.773599146098751 0.811762997245611  0.35609677043481 0.938856030113659  9.72330255987202 1785404745.24682
0.0620311639775538  0.259956511388894 -0.765247816977874 0.81057354663676 0.302419021274185 0.933164061561642  9.82390830804206 1785404745.26605
0.141999707161466 0.262317824839958 -0.80676448885686 0.860141557270186 0.189202991304563 0.942538923623685   9.6165527870666 1785404745.28458
 0.184272066508053  0.240266230459142 -0.869057332334148 0.920295986559726 0.0705741080919572    1.0104085685118   9.89041539200451 1785404745.3039
 0.228374130479889  0.211837005249938 -0.913801379810041 0.96543390349026 0.0880989879511056   1.13659191461933   9.65592290808747 1785404745.32626
 0.268142946339358  0.189602886883518 -0.949906006011755 1.00507279071882 0.116896845556246  1.40400422209559  9.70085574720434 1785404745.34826
0.291414855758588 0.126527919873589 -1.02658394251564 1.07461924591703 -0.0978564980788076     1.2931226801559    9.83463637939775 1785404745.3663
0.247275777257287 0.103019203990605 -1.04186574268061 1.0757520588781 -0.167997360993486   1.21041685067991    9.7617683947871 1785404745.38448
 0.227135128800197 0.0649406543634409  -1.05184302952156 1.07804518183484 0.0447779039156299   1.28676895013667   9.56148739896794 1785404745.40263
0.151933309440635 0.011280270414104 -1.05085441884809 1.06184084712859 -0.0614955594557312    1.33675961219242    9.67890394751222 1785404745.42584
   0.12460030576194 -0.0507823644973172   -1.00570623175695 1.01466699430634 -0.21601938024317  1.27055480314593  9.91365526084892 1785404745.44827
  0.125306663341961 -0.0752424685936228  -0.929614364782401 0.941034566935639 -0.128542165116464   1.30651500902222   9.52460870302072 1785404745.46619
 0.119118381739813 -0.132151250875261 -0.896224379911018 0.913712909574499 -0.110972878516431   1.26175669061144   9.43874708189173 1785404745.48426
 0.074701583545161 -0.204732093075359  -0.87701306561047 0.903685494943151 -0.208846196529528   1.37190754016939   9.63626771552672 1785404745.50231
-0.025478021267938 -0.251714451150862 -0.866184920702803 0.902377754235348 -0.315993896499107    1.4862091870902   9.73766958285922 1785404745.52628
-0.0636274293570373  -0.256394657009288  -0.829338805260934 0.870396187848458 -0.172910588056705   1.41664653125711   9.52968139262227 1785404745.54839
-0.0926131007917709   -0.31716757508842  -0.832836012300725 0.895984531401468 -0.0897034107243497    1.42688044760015    9.38238284669741 1785404745.56637
-0.157920721991808 -0.373822582282744 -0.859380193006321 0.950377079684971 -0.0878523642773568    1.50827702120907    9.68235147554843 1785404745.58464
-0.255790701032944 -0.403761724960182 -0.899607802984737 1.01869848947997 0.0309414862033368   1.38365113628551   9.73428581216339 1785404745.60241
-0.333478852266773 -0.426650048001746 -0.926046404066772 1.07275363008198 0.0408600341058893   1.32538819139249   9.93082024923842 1785404745.62626
-0.341175207368644  -0.37652769010257  -0.88432917179498 1.01990769563947 0.274531525668261  1.13329982524778  9.71765569522935 1785404745.64865
-0.324262207562664  -0.32740228212752 -0.913123668274699 1.02280646613089 0.280225267830659  1.09818231870461  9.82328839290037 1785404745.66675
-0.314691461695839 -0.291209538002098 -0.953117675415454 1.04511578988982 0.204505308019867  1.07242263181221  9.88029852425336 1785404745.68495
-0.304260897119352 -0.240617477566077  -0.99966518945542 1.07228818655951 0.348417667663546 0.961649892096714  9.63737270612991 1785404745.7038
-0.299015920963779 -0.208030154451076  -1.00826327545767 1.07204566077541 0.270189097503131  0.86054092060867  9.58855841208108 1785404745.72614
-0.196939486591533 -0.190810875401921  -1.01100213085481 1.04753007600906 0.338384829932139 0.980992903101684  9.77175700991684 1785404745.74889
-0.110931563665909 -0.179705138460278  -1.01138036667867 1.0331940740778 0.290602135399099 0.860147689872666  9.83413260019405 1785404745.76672
-0.0414502828115364  -0.188860703834845  -0.995015164271622 1.01362797343435  0.30573667195023 0.811618494482437  9.88947655792968 1785404745.7848
-0.0121761314262193  -0.173246899250118   -1.01254340552614 1.02732998318494 0.144667123196278 0.790768072554001  9.87302065007484 1785404745.80275
0.0292036049078594 -0.145315263429206 -0.995248234049482 1.0062248375506 0.204111185724396 0.667656415864946  10.1205726700512 1785404745.82509
0.0791324729282896 -0.150631177050994 -0.910871931204588 0.926627959230613 0.386056290238308 0.758825961138359  9.91824798866878 1785404745.85008
 0.107522631155429  -0.18096893108766 -0.843753399538668 0.869615242197752 0.654846077364868 0.931791669233719   9.7281079146128 1785404745.86798
0.0982623757990534 -0.229145865181046 -0.819606059742447 0.856689801032896   0.4385798274248 0.980717419904457  9.66128282261729 1785404745.88595
0.0412725205234508 -0.227343163292615  -0.84930625634329 0.880175807387425 0.265482257654154  1.06963521815384  9.54379549140255 1785404745.90259
-0.0484569462226488  -0.232031289985847  -0.922439140837812 0.952407771765499 0.262987184100916 0.989827151786346  9.85119264635777 1785404745.92466
-0.0820290522212472  -0.249488632367255  -0.882327343833733 0.920583991152078 0.554104233805388  0.94325926301508  9.64673869796097 1785404745.95011
-0.0782116520237264  -0.261618394874589  -0.827213561131591 0.871116251007319 0.637334136271283 0.844835932532054  9.51944365490801 1785404745.9683
-0.0992906002430763  -0.256221641636169  -0.797385695206966 0.843405062742726  0.52955058406146 0.969433114700016  9.76384783297576 1785404745.98627
-0.0726043090061626  -0.232613392251935  -0.796008783071799 0.832472437182554 0.391577343407257  1.00079182818325  9.80251273457354 1785404746.00379
-0.114313647504973 -0.171330881334977 -0.804430404564205 0.830379525694271 0.460552507572043  0.94883921054128  9.79252126109136 1785404746.02619
-0.159338624785004 -0.140575397677703  -0.83374995058519 0.860400615923436 0.566471328536777 0.990824383272237  9.85637522520909 1785404746.05048
-0.165241546908733 -0.104935395471759 -0.866813390673214 0.88864034361377  0.62683852129896 0.928829241294973  9.75672815127225 1785404746.06861
 -0.133674513961434 -0.0686537543642403  -0.900814697081427 0.913263013676255 0.634320331551426 0.774300512924541  9.75888621317426 1785404746.08634
-0.0958938747864608 -0.0330137562774307   -0.92729255527873 0.932822076497154 0.495498085133911 0.921969814570896  9.82252088050633 1785404746.10395
-0.0141802732725768  0.0236781986097662  -0.829919661672074 0.830378457132276 0.688829920024064  0.86574225298508   9.7805662943011 1785404746.12615
 0.0533308558364932 0.00737270562237982  -0.715613977628665 0.717636329870476 0.795316717445382  0.85838512288483  9.85739579815672 1785404746.15113
0.0564172778481052 0.0295361107557054 -0.706527543249273 0.709391612896725 0.669328842387894 0.977646367690985  9.72166611542017 1785404746.1688
0.0292878724288042 0.0633900469450189 -0.771692190086666 0.774845090172127 0.588320377202364 0.997751938409498  9.79973802365018 1785404746.18675
0.0413055167713922  0.111342544888182 -0.659750234576032 0.670353399365631 0.559810121273503 0.841805067019242  9.81640928737013 1785404746.20402
0.0371505090499885  0.101414134546906  -0.41995503282698 0.433621051847441 0.522221040941781 0.893214838185741  9.81590021817055 1785404746.2262
0.00610133908369225  0.0981157321234561  -0.240647299129099 0.259952006737525 0.426716249699366  1.02331983255499  9.78880390116896 1785404746.25229
-0.0141680785387804   0.084081103577607  -0.198949555395573 0.216451592787869 0.317248096221219  1.09935825058898  9.54836916946827 1785404746.27026
-0.0202193691302337  0.0640818047234201  -0.155947396689714 0.169808395313465  0.42015306769325 0.930935430347096  9.44996510237218 1785404746.28803
-0.0431801784196494  0.0481199441433967 -0.0757572536685067 0.0995952725590469 0.264569825232858 0.983633823281093  9.67711256612343 1785404746.30452
-0.0670808757805136  0.0085503059006019 0.00688583505493907 0.067973276740778 0.435644367260176  1.07214601440383  9.79941543377004 1785404746.32621
 -0.080528989558635 -0.0191864469486975   0.051028077989906 0.0972466073916918 0.489445387031608 0.957861873490653  9.55095950668838 1785404746.35246
 -0.0596076050792941 -0.00111581963254289   0.0669016713026749 0.0896110777740822 0.520423032268799  0.85648543768939  9.69342606393837 1785404746.37065
-0.0258904845668391  0.0144325664384037   0.106034469029902 0.110099613021835 0.389205781898855 0.878795341451225  9.90036171111081 1785404746.38853
0.0241856201611695 0.0178012097361189  0.145693853063546 0.148756600227189 0.474015829276982 0.923205442334878   9.8055016163875 1785404746.40492
0.0189927565569686 0.0116037592867305  0.209294316316533 0.210474423324122 0.410619106479277 0.950983924727267   9.8693509390243 1785404746.42617
-0.0294370811241185  0.0138449852644729   0.211786618621431 0.214270383369193 0.523782283822223  1.00301513857696  9.74093485715803 1785404746.45219
 -0.04783497497639 0.0181314700614403  0.234781910552964 0.240290408798355 0.440369046015974 0.930135271316374  9.79059161247475 1785404746.47043
-0.0385313883391567  0.0189799125956236   0.260232590392615 0.263753494899937  0.45266987144595 0.875911004173458  9.77440397061846 1785404746.48833
0.000645271260542565   0.0361773549087098     0.32789940506839 0.329889734953051 0.519560196766738  1.03177306033783  9.83107886948629 1785404746.50478
 0.020244424242576 0.0497348015400971   0.39579290439467 0.399418840775338 0.454962155013863  0.97506427369387  9.68966134604718 1785404746.52494
0.0344209371676101 0.0952374469259226   0.47958702217186 0.490161895752961 0.345917819909833 0.963130563295513  9.84760573232554 1785404746.55251
0.0146015055562842  0.134319785989346  0.537966090494232 0.554673348372159 0.333107695233066 0.984218553346889  9.91754700307423 1785404746.57071
0.0448549356836466  0.160206009895359  0.603588110143092 0.626096268610416 0.495382619381806 0.944054799638718  9.89377950385265 1785404746.58851
0.0611130034019836  0.165890050081106  0.672984735368366 0.695818052323704 0.679003035575795 0.790371152172029  9.74916078852294 1785404746.60507
0.0524229477705532  0.119608674301903  0.674696974706602 0.687219330417484 0.447781485244872 0.906333413640599   9.7941750183216 1785404746.62618
0.0320078345202893  0.124587403149568  0.646666684976716 0.659336275320118 0.250595346722101 0.998516809271047  9.75635499354348 1785404746.65275
0.00553291122769442   0.137125890759519   0.629317638143168 0.644107764819941 0.368282827489433   1.0209655841744  9.79863941880702 1785404746.67089
0.0185673154112416   0.11495252138297  0.634253730799242 0.644853954323488 0.411956867812519  1.00426634756828   9.6302538828428 1785404746.68853
0.0297448320956846  0.102821721641452  0.669151701640481 0.677658513770811 0.333179650211739 0.879049357269042  9.70537571014934 1785404746.706
0.0274210102582968 0.0653169339407645  0.713980033487112 0.717485680610606 0.163805225701238 0.659544817405216  9.83736966105804 1785404746.72616
-0.00915213944345426  -0.0247783643519499    0.818377015537262 0.818803192810107 0.287678877216308 0.971058103205925  9.69311117316434 1785404746.75244
-0.0125656496399611 -0.0526095002980021   0.862830345501094 0.864524065708998 0.402672902746145 0.750544201515709    9.729988971426 1785404746.77108
-0.0127791548961485 -0.0682132587000157   0.892361260302386 0.895055849850052 0.440533643873434 0.886107249659584  9.94981861724461 1785404746.7887
 0.0129543546442426 -0.0496359645314385   0.932074483988412 0.933485076464256 0.468929341379687 0.841458183430442  9.82595587938594 1785404746.80634
 0.0505282660990783 -0.0477168959220786    0.94819765542769 0.950741185386426 0.549621247945452  0.88488166755685  9.68879402478709 1785404746.82619
   0.110217218658716 0.000525225732475748    0.989469643359952 0.995589416517574 0.377779149157348  0.83380331389787  9.72471989968573 1785404746.85231
 0.167539640706842 0.0449935402260424   1.02561151202372 1.04017927467616 0.553424825916809 0.709122517547856  9.87335284559854 1785404746.87077
0.262592810703577 0.104537155616365  1.08533897960688 1.12153631318458 0.399712948888523 0.934199797018634  9.82851701534587 1785404746.88852
0.268160820469782  0.15827103595239  1.06223868317942 1.10693765248961 0.466824574379086  1.04754445645267  9.83060523121306 1785404746.90624
0.256507154657116 0.250023967348452  1.05050746772912 1.10989812343007 0.41676775255591 1.10634469842381 9.85429936688474 1785404746.92619
0.214280671778249 0.300529108419632 0.984168571253881 1.05110500329374 0.765920362975465 0.915421091933321  9.84479564545182 1785404746.95187
0.216586033882212  0.33677816352664  1.05338400808311 1.12691921182773 0.502849028563065  1.37990285066819  9.72608575729382 1785404746.97075
0.222360958088109 0.327623591160466  1.00196264099801 1.07736286696844 0.36396902075642 1.14658307893657 9.60121208258269 1785404746.98854
0.157253764477415  0.32141679059795 0.983080142319839 1.04617592494962 0.404914755718125  1.28878803825557  9.75626347992602 1785404747.0066
0.111190711458788 0.270378200437816  1.01071436225498 1.05214602962478 0.174278182989037  1.38439529771177   9.9216688029395 1785404747.02615
0.0343561674162783   0.24575455283723  0.979554783661069 1.01049652185104 0.194384300668674  1.34428760398621  9.78094829451482 1785404747.05055
-0.0263793886179367   0.221685968050559   0.952095173507897 0.977919096853826 0.234788711165852  1.28965061211644  9.42390932334849 1785404747.07044
-0.10227262202203 0.179847568267988 0.918195038182901 0.941215684724213 0.113223740145222  1.27730121525889  9.51870801827141 1785404747.08864
-0.144616001181347  0.146176347781166  0.948416599189109 0.970451110600508 -0.0486887310729307    1.09722807069236    9.77001935098676 1785404747.10657
-0.166087998983379 0.0875827921129023  0.964506338725988 0.982613070502935 -0.00102519143796596     1.25384863505983     9.74852542856558 1785404747.12631
-0.146616549974095 0.0131948593169596  0.979632627161685 0.990631415430787 0.0870132644586113   1.14407164702163   9.60934105633665 1785404747.15021
 -0.137783802786554 -0.0871064829380192   0.973565750022175 0.987118121248109 0.147181754495115  1.13363143481283  9.54853135567748 1785404747.17029
-0.164472573257921 -0.171807221782356  0.945066330284934 0.97453543673326 0.049095886591283 0.957248314215737    9.834100250664 1785404747.18871
-0.169848397884013 -0.191890174002639  0.992201403334183 1.02476043147696 0.102298558684862 0.777924086599106  9.87782295952177 1785404747.20664
 -0.14404234806923 -0.185002466774838   1.01870779188679 1.04534189431063 0.141531957110637 0.962050333754878  9.79883029624475 1785404747.2262
-0.0170828999317064  -0.159352330059333    1.00083422390978 1.01358479384535 0.364012403885259 0.985330004285713  9.50776445754706 1785404747.25008
0.0155612962166947 -0.152212702419143  0.977920769570305 0.989818110702497  0.35162249812911 0.764101004460937  9.70811306333938 1785404747.27001
0.0311584998616839 -0.159141957561835   1.01526616478554 1.02813539970598 0.291539129214169 0.606479557524597  9.83693453331709 1785404747.28866
0.0871490507010038 -0.135806779325318   1.09788154932036 1.10967668024829 0.347851463551462  0.68223504397396  10.0940839965563 1785404747.3066
  0.133191932657876 -0.0879842776693533    1.18227120931847 1.19299896748719   0.4247586065903 0.785797823994103  9.90210695816944 1785404747.3261
  0.192742076271966 -0.0422476665147088    1.18439275821622 1.20071669389852  0.52423374255065 0.948033917992468  9.73501938034051 1785404747.34857
   0.199197806589826 -0.00865640023863606     1.15322597330833 1.17033535575416 0.649902859275658 0.788775694743576  9.68117966955383 1785404747.36868
   0.139498449300204 -0.00416317170505214     1.12704766675896 1.13565557829063  0.69531704395695 0.908543555888935  9.86104842231482 1785404747.38823
 0.116970144074969 0.0179472543708176   1.12548855586759 1.13169280634512 0.722054837705114  1.01492856764064  9.78988450587853 1785404747.40633
0.101492750837788 0.071948347127476  1.09736937646797 1.1043988824409 0.676396987185354  1.03206085551852  9.65584347099658 1785404747.42627
0.0732932206514277  0.139676698492113   1.05546018736436 1.06718212288546 0.758483955456318 0.902022645179632  9.47385601257135 1785404747.44833
0.0141423590939683  0.142408005002809    1.0403031340444 1.05010030802405 0.70618939772608 1.01336800547758 9.64819321575398 1785404747.46863
-0.0281408936803572  0.0738716077934219   0.963440921990647 0.966678506278744 0.831943052057844  1.02753746999886  9.67010490630662 1785404747.48791
-0.0490136426467758  0.0466601072458726   0.939720612854767 0.942154091960461 0.704630365330182 0.947924095087207  9.69401324516063 1785404747.50659
-0.0500948903194828  0.0391110846616119   0.938602455807107 0.940751691482221 0.771371597298524 0.947230386120026   9.5835518658117 1785404747.52615
-0.0204974763755072  0.0504984320922605   0.926940199119467 0.92854099043886 0.626823267400845 0.903955034438614  9.57867134879756 1785404747.54799
-0.0536258650135699  0.0311590062258394   0.871572451370618 0.873776375885515 0.791708863688365   1.0339565774322  9.72389896946315 1785404747.56863
-0.0761609021016941  0.0134191885530836   0.772021044024255 0.775884688627549 0.76999068840474 1.08211764099602  9.8819540054436 1785404747.588
-0.0477798340850379  0.0264500896051769   0.685141034694429 0.687314161943043 0.666571270205439 0.981181093655842  9.83341900638447 1785404747.60685
-0.0298268399612445  0.0511292646595394   0.685796000120805 0.688345840307322 0.630350839029489 0.766571935373973  9.67094154467614 1785404747.62633
0.00255166764341146   0.030739999980928   0.632423266169578 0.633175051782038 0.740580379695753  1.14931377711107  9.64687683837117 1785404747.64727
0.0321647178328696 0.0276467540034872  0.549431828739815 0.551066462881361 0.764265838388148 0.871910140257905  9.64682063329125 1785404747.66857
0.0197819790485283 0.0246912744533503  0.532489682324994 0.533428765170927 0.706506329677921 0.670503606521363  9.74680063892167 1785404747.68671
-0.0118486472804047  0.0557848394871612   0.574309168064152 0.577133744708731 0.867873724029433 0.644794374452718  9.85143173691839 1785404747.70828
-0.0365252771596139   0.013271248370821   0.497456801808314 0.498972435681835  0.90865413609025 0.887614099331664  9.74787827811553 1785404747.72623
 -0.0901581463017594 -0.00626759275695094    0.417594745260325 0.427262384645047 0.808443078652518 0.804736707494173  9.61427733119317 1785404747.74695
