-0.0177590412703608 -0.0413950095288195  -0.189672478100065 0.194947632222997 1785404702.64343
0.320168000958811 0.168741862255354 0.202182246727235 0.414558832745171 1785404702.66131
 0.20523452867776 0.209102368441723 0.350248879306892 0.456639124150849 1785404702.67978
0.192319415683352 0.138655472283252 0.342668155643154 0.416693607504073 1785404702.70399
-0.0636397517545901 -0.0367268485812065   0.154731901485736 0.171291683240852 1785404702.72565
 -0.168205202099811 -0.0167645905703139 -0.0141778585016081 0.169632111294177 1785404702.74337
 -0.188192303842901  0.0291238544188691 -0.0780461898236831 0.20580512595148 1785404702.76141
 -0.105698052590221  0.0395508177626153 -0.0974245321440714 0.14909019072544 1785404702.77956
-0.0979902677017999  0.0607925819054216 -0.0673383309176091 0.133537565462933 1785404702.80457
  0.0030278000529765    0.109948296664275 -0.00773192860007197 0.110261408627012 1785404702.82585
 0.0397375823422658  0.0900391817735248 -0.0231962378364883 0.101114762298198 1785404702.84366
  0.004085276242627  0.0257537636168453 -0.0409328856154648 0.048532947027969 1785404702.8605
-0.0211495878962534 -0.0108055043735588 0.00599826759695213 0.0244957793734552 1785404702.8794
0.0191903663342986 -0.100232496637468  0.036618978718175 0.108424043203465 1785404702.90423
0.0494085468679809 -0.168812181399944  0.076218112634625 0.191697568545346 1785404702.92571
 0.0396370193993849 -0.0809072767123655  0.0600522501215113 0.108274435932657 1785404702.94354
0.00133099862849981 -0.0321911345616568  0.0363054192648299 0.0485399234621445 1785404702.96129
0.0124923189595254 0.0341753245899333 0.0348518716462324 0.0503851545701636 1785404702.97956
-0.00617169085012043   0.0800773289251301     0.03233898423562 0.086581050335074 1785404703.00426
-0.00312686480173556   0.0865364451332904   0.0185092622762398 0.0885490056963145 1785404703.02587
-0.00274920584110731   0.0917738865640278  -0.0224254960947945 0.0945140585464483 1785404703.04366
-0.0586470800428774  0.0214526422059674 -0.0397510858868303 0.0740259730388941 1785404703.06073
-0.0550311685773819 0.00430008001724989 -0.0559463733873031 0.0785933642131351 1785404703.07863
-0.0578590490575467 -0.0300456731136382 0.00273042398018798 0.0652523351751244 1785404703.1035
-0.0264332327432189  -0.050578803623805  0.0120463598390011 0.0583270602263076 1785404703.12564
0.00250911093298644  0.0390741341775138 -0.0326585383505081 0.0509868975972062 1785404703.14335
 -0.0192091036960799 -0.00168208583743072  -0.0388166970010219 0.0433423008577115 1785404703.16033
-0.0207829731966178  0.0186653194360792  -0.018974565344245 0.0337692205202494 1785404703.1781
-0.00348377722846131    -0.01266899671062   0.0315576037031878 0.0341836588579792 1785404703.20159
 0.0429564213061355 -0.0627458219947587  0.0293482120240003 0.0815083422615981 1785404703.22575
 0.0361742441290348 -0.0476012046452963 -0.0304990638051321 0.0671166411181304 1785404703.24357
-0.00501540298538802  -0.0568732107765236  -0.0454502962324844 0.0729756520954579 1785404703.26127
-0.0512483065632918 -0.0268191751704156 -0.0270382286768636 0.0638492199827762 1785404703.27847
 -0.0488501645164071 -0.00080368757358693  -0.0141101317508756 0.0508535181184453 1785404703.30193
  -0.041033744356101 0.000675281111134376 -0.00259207801363716 0.041121077914978 1785404703.32564
-0.0389432081452328  0.0480476099229778 -0.0241567648383918 0.0663980087608877 1785404703.34361
-0.0893107194022323 0.00269042273648169 -0.0402734384945656 0.098008126310122 1785404703.36144
-0.101025948831048 0.0345376745499357   -0.0412365853248 0.114453262381552 1785404703.37963
 -0.116472406728686  0.0367447628551876 -0.0133424744881378 0.122857725650132 1785404703.40359
-0.0831915803764176  0.0146408591345481 -0.0190180793663949 0.0865845317854761 1785404703.42584
-0.0658744125780954  0.0580434206123786 -0.0507414538067653 0.101405976368845 1785404703.4438
-0.0757117865502987 0.00345370461061402 -0.0556773356770471 0.0940434389326015 1785404703.4616
-0.0548533820009368  0.0340148011074097 -0.0417231788587043 0.0768552136513378 1785404703.47958
  -0.0270587295117154 -0.000529957985193233    0.0084651227943054 0.0283569039596518 1785404703.50175
-0.00914730424022755  -0.0256354413473184    0.013232191668806 0.030264499405989 1785404703.52576
 0.00139424307811644 -0.00238960438648474  -0.0495443598143474 0.049621544839901 1785404703.54378
-0.0175288030745539 -0.0570480244703302 -0.0486725585129848 0.0770113886733242 1785404703.5617
-0.00605433932602532  -0.0449174887203822  -0.0404320924464481 0.060737055552755 1785404703.5794
  0.0298519608228102  -0.0772906646939886 -0.00786183387616537 0.0832273683694347 1785404703.60069
 0.102187879021041  -0.11644645335428 0.0226340342588639 0.156570874125556 1785404703.62568
 0.0988145787237023  -0.041926882080745 -0.0216906133620557 0.109511036509466 1785404703.64405
 0.0790405767422824  -0.058047095243803 -0.0513866754538371 0.110713451992943 1785404703.66187
 0.0626745810648008 -0.0344881435651721 -0.0287942940935648 0.077114502725278 1785404703.67969
 0.0726048534336575 -0.0168564919448322  0.0290263660939245 0.0799883490980256 1785404703.70167
  0.058493441580037 -0.0208678876875513   0.059163260990794 0.0857743720203317 1785404703.72585
 0.065723562292124 0.0401501416652283 0.0382477438030723 0.0859913392274482 1785404703.74433
 0.0390502665643911   0.040828725985674 0.00688960668512651 0.056915506363723 1785404703.7619
 0.0140895384395334  0.0620266495471083 0.00440212206682006 0.0637589133076315 1785404703.77966
0.0217859542272671 0.0300132113646904   0.03730451260466 0.0526027310953091 1785404703.8015
0.0266086152410282 0.0233451412349502 0.0326003823457838 0.0481227488140083 1785404703.82562
  0.0430036747739928   0.0710712875373285 -0.00732394373424694 0.0833911512578126 1785404703.84427
 0.0412576260429752  0.0480242666491681 -0.0519115960077402 0.0818739011771347 1785404703.86179
 0.0398956612958003   0.055282325093611 -0.0144114098592148 0.069681331733221 1785404703.87937
0.0627884493951759 0.0162099373762491 0.0566173839592766 0.0860853042835107 1785404703.89969
  0.0586117782437543 -0.00628895123843432    0.085613710718595 0.103945172661272 1785404703.92454
 0.0792496016831267 -0.0109836379460929  0.0209636762948768 0.0827080128721605 1785404703.94397
 0.0321808941161078 -0.0394889479049593 -0.0200063247123319 0.0547287856730623 1785404703.96185
 0.0104923160629269 -0.0309782653852234 -0.0212988589061632 0.0390305394959682 1785404703.97952
  0.0195307332212688  -0.0479483271749942 -0.00241409912431588 0.0518297163181768 1785404704.00009
0.00216621329210916 -0.0405786635848807  0.0133152792388098 0.042762332485136 1785404704.02586
 0.0196018993484081  0.0230099643207691 -0.0215024996236242 0.0370951534054268 1785404704.04404
-0.0498168794661238  0.0654269694767558 -0.0536137490658924 0.0981674279155521 1785404704.06199
-0.0963947006033586  0.0859161912818207 -0.0870056103003141 0.155703264103601 1785404704.07983
 -0.116833928764285   0.069940202063564 -0.0606473606850488 0.14906341312761 1785404704.0999
-0.0964186935620771  0.0402430643477842 -0.0523017146079473 0.116839796504653 1785404704.1258
-0.0720394281347378  0.0340489132886029 -0.0729301671077833 0.108017669741964 1785404704.14431
-0.0752562521456721  0.0191665983513328 -0.0816147992667825 0.11265805536548 1785404704.162
-0.0926662900738757  0.0320346294631802 -0.0862171696794204 0.130562855163438 1785404704.17986
 -0.0521336858436604 -0.00702473962515714  -0.0621623695817789 0.0814335824980603 1785404704.19969
-0.0522869195174056 -0.0155353775188916 -0.0669757913993181 0.0863772339267652 1785404704.22565
-0.0713766368240015 -0.0117282959577631  -0.126102806651219 0.145375703113323 1785404704.24444
-0.111025901219628 0.0146763561927856 -0.185390011663991 0.216590864529192 1785404704.2625
-0.196025460499956 0.0391130664435293 -0.215678548003268 0.294063002092467 1785404704.28025
-0.251058689312653 0.0268375237305123 -0.203620935622006 0.324364306888033 1785404704.29974
-0.277432274705997  0.019065142644334 -0.231245032119663 0.361671690338927 1785404704.32569
-0.339980547631749 -0.015766208101365 -0.266104952371913 0.432026841484111 1785404704.34554
 -0.363875230951414 -0.0190209626978429  -0.271469784369636 0.454381804815724 1785404704.36363
 -0.342866998203666 0.00532690617622173  -0.262473829181136 0.431831755886029 1785404704.38161
 -0.290398944073257 -0.0199837652051889   -0.16315950369387 0.333694353018251 1785404704.40167
   -0.2096651624693 -0.0319301512000204  -0.067522779376703 0.222572102123535 1785404704.4258
-0.0635068300280789  0.0997781838410068  0.0527854882437067 0.129518767751826 1785404704.44555
0.00819591456750724   0.183532826755548  0.0619643653057274 0.193884125395097 1785404704.46358
0.0715948224031874  0.181793782222137 0.0581102579316062 0.203842095570202 1785404704.48083
0.128835398064273 0.124054887457068 0.119644212026357 0.215181115267519 1785404704.50129
 0.183846532346337 0.0215795219841767  0.180824340423508 0.25877145382448 1785404704.52573
 0.0830735778255335 -0.0792261348408619   0.135316269971385 0.177449972368345 1785404704.54552
 0.0343605011415551 -0.0800400935566456   0.048492169738828 0.0996922822551209 1785404704.56369
-0.0065168732452986 -0.0542060166656789  0.0255725982737433 0.0602886362602888 1785404704.58161
 0.0412773986032117 -0.0498895394446216  0.0404985986281769 0.076373596696051 1785404704.60133
 0.0266730708974353 -0.0410433409939073     0.0923740721747 0.104541751282339 1785404704.62578
0.0660887264370455 0.0324337634028358 0.0863257317908119 0.113453958678228 1785404704.6458
0.0476675957384073 0.0800339790167088 0.0274897603090938 0.0971253025868061 1785404704.66396
  0.0171709651644966   0.0677787873590375 -0.00111800169792872 0.0699289352724503 1785404704.68195
  0.06356446731088 0.0230795005037151 0.0420105566946008 0.0796115049588135 1785404704.70153
 0.0758128085226683 -0.0133748632971178   0.111772933552752 0.135719039118685 1785404704.72578
 0.0574027257394653 -0.0252331799880932  0.0887166123073223 0.108638959834488 1785404704.74599
 0.0104281040587474 0.00937419092501303  0.0362221059022903 0.0388414954109056 1785404704.76386
-0.0240117591439264  0.0126431422144638 0.00047184080014964 0.0271410437526226 1785404704.78206
 0.0209914420978833 -0.0181593476063306  0.0323927273404507 0.0426578402100846 1785404704.80138
 0.0416826812313544 -0.0510471157998552  0.0575694585221883 0.0875071225710027 1785404704.82523
 0.0860225918230442 -0.0429688264184437  0.0600457450530834 0.113365329120998 1785404704.84591
   0.0642669563825884 -0.000563929571098073  -0.00689557607532412 0.0646382910406306 1785404704.86388
-0.00153640387042876  0.00133832734430504  -0.0225582306061514 0.022650064569751 1785404704.88203
0.00463974071531155 -0.0196845335122225  0.0248516030486224 0.0320407588484641 1785404704.90052
0.00644403760390491 -0.0386088868991784  0.0907710140803959 0.0988511444820824 1785404704.92581
 0.0494301156482414 -0.0309046867708807   0.108946336555317 0.123562697632535 1785404704.94635
0.0495110459871407 0.0125601852591237 0.0367053174746605 0.062899779486099 1785404704.96457
-0.000178710609672506   -0.0224769370053528   0.00617757697489651 0.0233110937518037 1785404704.98223
 0.0276493258919961  -0.043843534542436 -0.0264217997076567 0.058179483009452 1785404705.00066
 0.0544605970570762 -0.0781468387489984  0.0192395704840841 0.0971753369466102 1785404705.02584
 0.0653551474495814 -0.0925589419789973  0.0203571973308043 0.115121103719488 1785404705.04751
  0.0311322382943978  -0.0217697757493599 -0.00314626565207609 0.0381187406002614 1785404705.06465
-0.00965537052408182  -0.0172539247163965  -0.0341231206740292 0.0394374373230658 1785404705.08253
  -0.018788881882484 -0.00947908484548014   0.0121777291954585 0.0243140334017141 1785404705.10148
-0.000656531881781582   -0.0251052242987607    0.0503461053134226 0.0562621866037316 1785404705.12576
 0.0117785917792948 -0.0269347026761988  0.0211181402358941 0.0361965368451374 1785404705.14646
-0.00661951661330386   0.0391603843326842  -0.0304348772413976 0.0500363413328381 1785404705.1652
-0.00843552504974305   0.0104963782856793  -0.0470548566991593 0.0489437593464105 1785404705.18214
-0.00111129233027999  0.00505336025422371  -0.0109531905005461 0.0121137856446101 1785404705.20031
 0.0159669137703724 -0.0275014935015378  0.0386136259782466 0.0500228606874252 1785404705.22586
  0.053634165019261 -0.0527768525259592   0.039038887460524 0.0847705995850898 1785404705.24746
  0.0438306647725061 -0.00286652922900552  -0.0390009423646235 0.0587402559540664 1785404705.26461
    0.01340080116034 -0.00363569656727938  -0.0528943147260496 0.0546864543704077 1785404705.28224
  0.0083281612065351 0.000169784672297101   -0.037897420180998 0.0388020818035849 1785404705.30021
 0.0277755587955736  -0.029402145726408 0.00882947698863452 0.0413996075297354 1785404705.32411
 0.0648370048320279 -0.0423274021069898  0.0459455990060352 0.0900357941750868 1785404705.34768
 0.0602109336098375 0.00718279349495378 0.00631930443874382 0.0609662419470721 1785404705.36556
 0.0126021190494533 -0.0176142731032216 -0.0362392107514702 0.0422179632073948 1785404705.38352
 0.00177477083734319 -0.00510362377113185  -0.0181675842156743 0.0189540999088842 1785404705.40175
-0.00790647959082332 -0.00909694306173933   0.0317325564754997 0.0339443947222426 1785404705.42573
-0.00663894201415678   -0.019192770565722   0.0390264355898682 0.0439943254057374 1785404705.44797
0.00265521539762251   0.033227149854027 -0.0110925895480578 0.0351303173784613 1785404705.46625
 -0.0150201570664151 -0.00928770680100699  -0.0111423552772971 0.0208810607260925 1785404705.48399
 0.0029845898750273  0.0218947416874939 -0.0222500115752412 0.0313584200077517 1785404705.50223
  0.0170399687936565 -0.00543178516445708   0.0483707635364281 0.0515712671131769 1785404705.52578
 0.0214087579284704 -0.0182919855253189  0.0575877619371954 0.0641036814499246 1785404705.54819
0.0201322738028114 0.0410970316278659 -0.027741236869615 0.0535149575366482 1785404705.56658
 -0.0144580052387547 -0.00824529032724365  -0.0293240524601822 0.0337182262397047 1785404705.5843
-0.0432813567744091  0.0197482330540521 -0.0423593948004905 0.0636991905824137 1785404705.60218
 -0.0495125963189038  -0.0107240757484595 -0.00637267081872566 0.0510599052903671 1785404705.62583
 -0.0327325207259986  -0.0240188517225904 0.000515037745197455 0.0406028128955211 1785404705.64941
-0.0118688078737064  0.0424945895102866 -0.0302317962680065 0.0534847664628067 1785404705.6678
-0.00604716794508589   0.0281711330717383  -0.0728108029311784 0.0783044954149157 1785404705.68559
-0.0379371831827663  0.0376684240128645 -0.0330564443889944 0.0628559348916106 1785404705.70347
-0.0107014633365063 -0.0150875963349158 0.00738060051818589 0.0199155754302255 1785404705.72559
 0.0362209468885414 -0.0715273777089798  0.0453220719787248 0.0920989303079591 1785404705.7496
 0.0528958000899414 -0.0259870708075214 0.00467064706336845 0.0591194423206167 1785404705.76789
 0.0248638318574464 -0.0485391890636258 -0.0137290426233511 0.0562383287531161 1785404705.78557
-0.00237152100428176 -0.00896651722643005  0.00736060541886512 0.0118406526499954 1785404705.8027
-0.00712270077687801  -0.0210356448477367   0.0543766134589414 0.0587371033655915 1785404705.82433
  0.008544707634227 -0.0461234528301755  0.0384837084347884 0.0606743829340328 1785404705.84962
 0.0288797861371022 -0.0212555321069575 -0.0394758213098233 0.0533308556143604 1785404705.86775
 0.0178428454204008 -0.0976669553194678 -0.0441053816798693 0.108639246992964 1785404705.88554
 0.0182300470392139 -0.0808232982350484 -0.0214395827300189 0.0855826843484174 1785404705.90339
0.0312900646119106 -0.103092416315826 0.0196215651110995 0.109508539679161 1785404705.92575
 0.0252222936083866 -0.0701899142416707  0.0336756969599703 0.0818342270804857 1785404705.94964
 0.0392833692367728  0.0536578432628315 -0.0119762227100471 0.0675705346479652 1785404705.96804
 0.0073622880814574  0.0515954931172095 -0.0310627779600186 0.0606728470602443 1785404705.98587
-0.0400469462319697  0.0812731935452148 -0.0455636306181952 0.101415651290398 1785404706.00369
 -0.0123321165898277   0.0259500791621669 -0.00287427252838129 0.028874714728898 1785404706.02578
 0.0458970806742508 -0.0332642623634198   0.039894133749955 0.0693151864504483 1785404706.0497
   0.0579417675982027 -0.000832687679180884    0.0138769457112539 0.0595861680547447 1785404706.06843
 0.0335538400419492 -0.0111199603330999 -0.0181766048587894 0.0397479894279321 1785404706.08603
-0.00692051885031345  0.00422300221559989  -0.0317121261102501 0.0327320373839288 1785404706.10385
 -0.009748942762618 0.00933869252411742  0.0093641862429218 0.016429882745806 1785404706.12531
0.00983415313241661 -0.0256780065263988  0.0337647420078483 0.0435445563745706 1785404706.14982
  0.0283142976983584   0.0156528426514377 -0.00994889032506464 0.0338480628090013 1785404706.16855
0.00208567228348949 -0.0253308296781857  -0.032457976280765 0.04122524936616 1785404706.18634
-0.0201400774201095 -0.0249968686713204 -0.0427235877512843 0.0534394153429932 1785404706.20396
-0.00106109871121018  -0.0361579096860628   0.0110932424580317 0.0378362312020249 1785404706.22574
 0.0121693622180464 -0.0444937740118659  0.0215386977565008 0.0509087890610148 1785404706.25021
0.0240882568892719 0.0261120682056412 0.0139613100046884 0.0381707008448447 1785404706.26868
-0.0127068762982656  0.0247670006408174 -0.0330047254255814 0.0431761615526403 1785404706.2874
-0.0584290366897375  0.0559102689907292 -0.0230439969907418 0.084088859573761 1785404706.30418
 -0.0558949060754079   0.0169585197557484 0.000845615660440974 0.0584170093665361 1785404706.32576
-0.0377929485928516 -0.0140132030777825  0.0172970510212173 0.0438618832002423 1785404706.35033
   0.0080733135960255 -0.000467665987939559  -0.00519499734141366 0.00961171687438517 1785404706.36932
-0.00810024668130515 -0.00884071836774188  -0.0158415032735894 0.01986770050919 1785404706.38661
-0.00915574968407234 -0.00113282444782938 -0.00700158512417878 0.0115815904675529 1785404706.40452
 0.0194855692246066 -0.0260397270113114  0.0439264764016466 0.0546561078004551 1785404706.4257
 0.0299218497878029 -0.0321093662580074   0.059745720319877 0.0741341998861232 1785404706.45129
 0.0425948373582946  0.0479783120722628 0.00649110615959798 0.0644854484210057 1785404706.46974
0.00364574323027915  0.0693690860148511 -0.0182414042269821 0.0718199858424456 1785404706.48769
-0.0494146528326297  0.0682098959106113 -0.0370291185626253 0.0920084422008694 1785404706.50554
-0.0437143600869463  0.0311351419632155  0.0322592836831937 0.0626179185747463 1785404706.52573
-0.00540158942739142 -0.00863119064681678   0.0499520819373621 0.0509792615697868 1785404706.55139
 0.0447326492678421 0.00365232603351318 -0.0174197235856839 0.0481434955708088 1785404706.57018
  0.029584764641716   0.013871490183388 -0.0502726412224902 0.0599584438949076 1785404706.58818
-0.00219564548367911   0.0275462580518084  -0.0536666064055377 0.060363249041397 1785404706.60585
   0.019817164397489 0.000292400220961505 -0.00512486130387713 0.0204711921008597 1785404706.62577
 0.0298808116355242 -0.0359268152870287  0.0253139497624807 0.0531450375222687 1785404706.65071
  0.075337105773549 -0.0174402250185416 0.00760074894399758 0.0777020742293406 1785404706.67058
0.0751154782870934 -0.021748978145657 -0.028977230132478 0.0833968404367315 1785404706.68832
 0.0198629125162635 -0.0294296364111669 -0.0440504059066724 0.0565780615916171 1785404706.70574
0.00910523963055549 -0.0467407389301833 -0.0142261915074683 0.0496989596397807 1785404706.72545
 0.0128306987236108 -0.0806964881786222  0.0290683288037529 0.0867266843223104 1785404706.75055
 0.0010500755305246 -0.0384475241079997  0.0147015293444489 0.0411758391987427 1785404706.77024
-0.0190305082419743 0.00486809648036505 -0.0173355908859399 0.0261988801030631 1785404706.78805
-0.0279039099537307  0.0279467989900332 -0.0405695474867222 0.0566174880030246 1785404706.80572
-0.0201479697188555  0.0276327266821567 0.00622315726571449 0.0347596886354943 1785404706.82577
-0.0275132718633431 -0.0126198930659433  0.0426092457137368 0.0522665251371819 1785404706.85024
 0.0318278361408223 -0.0153711103056932  0.0365129213771667 0.0508180638447784 1785404706.87025
 0.0428636713071897 -0.0243761602593821 0.00901920020651716 0.0501282104137692 1785404706.88803
  0.0357635256096397  -0.0180668805214837 -0.00363791211104466 0.0402327769404077 1785404706.90571
 0.0455652611089484 -0.0338673008161261  0.0546856658938648 0.0788270837894694 1785404706.92577
  0.026410056852629 -0.0343349207572876  0.0596481696908331 0.0737175829353808 1785404706.95029
 0.0428905532063369 -0.0158570757073613  0.0139931968101544 0.0478210828118971 1785404706.97035
  0.036531128586891 -0.0125615933273683 -0.0352231280163314 0.0522779660087212 1785404706.98826
 0.0365321753952852 0.00666076335592804 -0.0782682816792889 0.0866307654625311 1785404707.00576
 0.0443721770350797  0.0217569612796828 -0.0538360118532073 0.0730792147687477 1785404707.02571
 0.0254511598433813  0.0134834481751206 -0.0389581483783749 0.0484489652844721 1785404707.0501
 0.0253945649972121  0.0119042517296842 0.00228842487419977 0.0281395101067196 1785404707.07125
-0.00243411080976816    0.027806379583791  -0.0385489579589703 0.0475935058670251 1785404707.08832
-0.0471288986622631  0.0404608438787222  -0.036718644077776 0.0721558854107313 1785404707.10609
 -0.0449815930096648     0.01903085934488 -0.00449620412641438 0.0490482738599241 1785404707.12572
-0.0548743523490663  0.0150159309212773 0.00911838159485718 0.0576178584301038 1785404707.15145
 -0.0159026643940929   0.0248351825443866 -0.00333734206345638 0.0296785929399065 1785404707.17156
0.00575538863570941  0.0249595944729573 -0.0254387304002224 0.0361003443055289 1785404707.18926
-0.0246261588595497  -0.011595742023071 -0.0341907409558915 0.0437025823076196 1785404707.20644
-0.0126331003013751 -0.0485280473950098 -0.0115338926501875 0.051454808199652 1785404707.22574
0.000226126956881172  -0.0863127754495809   0.0469852186220784 0.0982728706621259 1785404707.25125
 0.0491533078928157 -0.0431257144771117  0.0423824773108017 0.0779239970032847 1785404707.27153
 0.0390722521927304  0.0248697024052783 -0.0228954455717765 0.0516656986507452 1785404707.28967
  0.018033463071535  0.0126651084226315 -0.0464270931074136 0.0513914947838052 1785404707.30654
-0.00154094678637891 -0.00980444827257866   -0.024274093022535 0.0262246699692256 1785404707.32569
0.00596536003148673 -0.0314019555593901  0.0167169451940226 0.03607110463902 1785404707.35061
 0.0222543271149906 -0.0369407610486386  0.0242222671749834 0.0494630481196812 1785404707.37178
  0.00527932129955759   0.00583863849793431 -0.000305313610398628 0.00787744560718877 1785404707.38971
-0.0275254113460801 0.00386416322847305  -0.040758545173722 0.0493339541482895 1785404707.40668
-0.0475898640373127  0.0177054132531139 -0.0295075194466128 0.0587279364650732 1785404707.42582
 -0.0541974275545131   0.0138542441493199 -0.00423638762892805 0.0561003405927111 1785404707.45152
-0.0216954224642449 0.00357497818173774  0.0380551530221966 0.043950728053637 1785404707.4719
 0.00567380326513502   0.0287083300109431 -0.00267172610350213 0.0293853428749914 1785404707.48974
-0.00243589155554366 -0.00949176169564378  -0.0214756265605565 0.0236057121037629 1785404707.50784
-0.0112329176292827 -0.0147777215479199 0.00298443205621778 0.018800700181437 1785404707.52572
0.00845667684603116 -0.0542736057577187  0.0283106072315301 0.0617950657175834 1785404707.55058
 0.0763708175689965 -0.0709461635780699   0.048454825638209 0.114950989687921 1785404707.57179
 0.0637735390976541 -0.0107631992395859 0.00795378594038858 0.0651626692032836 1785404707.58979
 0.0381967836302112 0.00969132504264887 -0.0231828237918511 0.0457204481576839 1785404707.60789
0.00358350229715979  0.0306445985799454 -0.0168913371024508 0.0351745672318562 1785404707.62579
0.0113217061957964 0.0120291915190743 0.0477429061681761 0.0505199719830659 1785404707.65044
 0.017702587928674 0.0228090038698408 0.0297248988688996 0.0414391347601896 1785404707.67206
0.00674043995154372  0.0428445919643745 -0.0286843630448908 0.0519988968596951 1785404707.68992
 -0.0196762791889916 -0.00812215585912606   -0.041002815609251 0.0461990937834209 1785404707.70786
-0.0306575373158575 0.00408062909810607 -0.0345959918127723 0.0464049434610033 1785404707.72543
-0.0241936874779172 -0.0283948727591623   0.007628092767102 0.0380761225973924 1785404707.74994
-0.000619971491591241     -0.04793280144682    0.0496305277176106 0.0690009210135572 1785404707.77197
 0.0139323458008394  0.0284407997996705 -0.0172378882854153 0.0360573729672527 1785404707.78974
 -0.0178337888626391 -0.00147914140590199  -0.0379635380779061 0.0419697761238784 1785404707.80777
-0.0207633020841655 0.00347244994959755 -0.0484102097095183 0.0527894025938001 1785404707.82577
-0.0152315173438675 -0.0132755569036615 -0.0122474584177307 0.0236270982008568 1785404707.84954
0.00703606877354363 -0.0569776190055604  0.0255862187309397 0.0628538775277733 1785404707.87174
  0.0316381778617808 -0.00935790885075302 -0.00481528788560456 0.0333426416753971 1785404707.88975
0.000720641186703014  -0.0500748382114605  -0.0107569217030524 0.0512222618609284 1785404707.90785
 -0.0120144745945886 -0.00178209724181058  -0.0323511083627721 0.0345560079098137 1785404707.92577
-0.0138879510077442  0.0024793530254803  0.0219591678969479 0.0261003338933587 1785404707.9485
  0.0192759576060934 -0.00856610948257304   0.0323716591835952 0.0386376123951543 1785404707.97173
  0.0356402436989841   0.0273387906546926 -0.00825462906279754 0.045670289536508 1785404707.98984
  0.0169768999909043  -0.0632477493277603 -0.00918594593178961 0.0661277137892286 1785404708.00802
-0.0233649689070917  -0.047984611801415  -0.018918407122705 0.056624648959815 1785404708.02572
-0.00623466610972805  -0.0529557448352741   0.0111878157985892 0.0544825586302774 1785404708.04821
 0.0136877838720349 -0.0480512097118642  0.0121637775586548 0.051422093175964 1785404708.07183
0.0114688216945483 0.0281339442859148 -0.020412303651809 0.0366021151372152 1785404708.09005
 -0.0152470684357739 -0.00342442438559907  -0.0290537236939659 0.0329896747292721 1785404708.10807
-0.0601892865422331  0.0184431080794978 -0.0188864847780073 0.0657236468659872 1785404708.12573
 -0.0579756329754358 0.000365989763268585  0.00715270377875466 0.0584163430792776 1785404708.14801
-0.0577395480696914 -0.0299157789241985  0.0258419838845331 0.0699758341931141 1785404708.17193
-0.00145552706747926   0.0144402788490033 -0.00947680207983598 0.017333493298857 1785404708.19009
 0.00694600104519848 -0.00513765955108722  -0.0222079976452382 0.0238293440025881 1785404708.20805
 0.0095077977948615  0.0192335405710253 -0.0172481454749524 0.0275286364379054 1785404708.2258
0.0130128691829773 0.0104595547682213 0.0410608126838879 0.044325245499422 1785404708.24768
 0.0291235798441924 -0.0202513238595747  0.0542857749862352 0.0648478556843832 1785404708.27166
  0.0294122219810184 -0.00594434970201194  -0.0136104144085714 0.032949316770057 1785404708.28991
-0.00400567641545714  -0.0263127526688423   -0.036245352894449 0.0449681220755343 1785404708.30814
 -0.0136002812149966 -0.00701583365865068  -0.0382906048152818 0.0412354215229204 1785404708.32573
-0.00169943431842747  -0.0216975194820151   0.0307664074152287 0.0376861016014514 1785404708.34621
-0.00648310554274663  -0.0300216256064019   0.0300383921024967 0.0429608386979665 1785404708.37178
 0.0282183916600931  0.0427108937956253 -0.0083469114577835 0.051866839190254 1785404708.38994
 0.0107188138040856 0.00351388063751118 -0.0168000553568754 0.0202356661984578 1785404708.40802
-0.000286427847948384    0.0193306207804347   -0.0160265102082701 0.0251118292867094 1785404708.42567
-0.00833801264457217  0.00725262080401786   0.0134978081847599 0.0174445919751793 1785404708.44586
-0.0282373372485559 -0.0131778315479183  0.0151072005866963 0.0346298999242082 1785404708.47146
0.00931864236466835  0.0173496075320521 -0.0282931442653417 0.0344724236086799 1785404708.48988
-0.00309287586960984 -0.00367961310401188  -0.0422042113206478 0.0424770630686483 1785404708.50807
 -0.0181843773572024 -0.00561414376945911   -0.022766972851331 0.0296736455958235 1785404708.52574
-0.0155642485858082  -0.012346977861742  0.0131113318847876 0.0238033762343123 1785404708.5459
-0.00708177939149875  -0.0274606379689607      0.0161506356969 0.0326355828877954 1785404708.57152
 0.0237693045227158 0.00619787318709357 -0.0132833362940582 0.0279256243016684 1785404708.58997
 0.0287130937484945 0.00397163717658511  -0.035868650991628 0.0461169792856328 1785404708.60795
-0.0208262750360687  0.0177303305496819 -0.0279263313228402 0.0390893634436787 1785404708.62573
 -0.0246319450705725 -0.00409793557935356 0.000899449678703753 0.024986692532161 1785404708.64557
 -0.0333526684482017 -0.00995045238261022   0.0108883853931972 0.0364687391022098 1785404708.67148
 0.0158133952341548  0.0258011899708404 -0.0264771657571727 0.0402095160288679 1785404708.69005
 0.0206967300514456  0.0271908551396509 -0.0357577019303833 0.0494601909154224 1785404708.7081
-0.0254395318846731  0.0175777917100062 -0.0408724200573525 0.0512513733011744 1785404708.72584
 -0.0294597590286225 -0.00331631869569507  -0.0109095664137635 0.0315894604425628 1785404708.74475
-0.0361550935042779 -0.0295215170929271  0.0185630628456809 0.050232440314838 1785404708.77032
0.00274906595124909  -0.014460804475175  0.0225511108749104 0.0269299987256973 1785404708.7899
0.00882161800955521 0.00999311017490314 -0.0151850541283578 0.0202056691093222 1785404708.8081
-0.0183405063478267 0.00614769150331696 -0.0278805203772913 0.0339336367108387 1785404708.82583
 -0.00447073137955472 -0.000851003631032109  -0.00294211888622572 0.00541919826070713 1785404708.84441
 -0.0116754042914994 -0.00453696989398732 -0.00204585293890453 0.0126919137814805 1785404708.86997
0.0468743975456988 0.0221241871177992 0.0191313908909688 0.0552512345411272 1785404708.8899
 0.0480842384438225  0.0430202679096348 0.00465389867621934 0.0646876820625662 1785404708.90813
-0.00496606330584731   0.0291501643562321  -0.0117739317010432 0.0318279646608742 1785404708.92578
-0.00697341931845001  0.00435813287843463  0.00597879348283583 0.010166999099411 1785404708.94407
-0.0130693189523138 -0.0205694733819758  0.0318569465811869 0.0401095422382968 1785404708.96985
0.00841316483587112 -0.0472600298673185  0.0252862259778329 0.0542557369300003 1785404708.98984
0.00861094729207788 -0.0169946653609002 -0.0281796620556652 0.0340155908013873 1785404709.00804
 -0.0105329940557652 -0.00836304607518354  -0.0441389764486581 0.0461425372662755 1785404709.0257
 -0.0139245321783854 -0.00472698775587283   -0.017968358196161 0.0232185035240562 1785404709.04391
-0.00638147456170695 -0.00683898152893903    0.028501043866678 0.0299967396132511 1785404709.07003
0.00654482000341984  0.0345311980791302  0.0395154816582296 0.0528839446367153 1785404709.0902
0.00242946551580472  0.0465858348774839  -0.023633853601669 0.0522943720680324 1785404709.10827
-0.00243278449675699   0.0186513127056626  -0.0644909450709084 0.0671779123089651 1785404709.12581
0.00508458297104593 0.00103014858880801 -0.0321355917573073 0.0325516581405124 1785404709.14539
 0.0224789323590512 -0.0453051559622774  0.0030406476613616 0.0506666072968145 1785404709.16977
 0.0439725828336042 -0.0558896671604011  0.0315757618215075 0.0778092004262168 1785404709.19023
 0.0222601624253044  -0.021945460667737 0.00375218506817306 0.0314832807678289 1785404709.20809
-0.00247352269188026  -0.0308866533164337 -0.00622106022478212 0.0316038804249917 1785404709.22575
 -0.0102077151852804 -0.00814319722857495   0.0178445013213513 0.0221118822766173 1785404709.24417
 -0.005963287882467 -0.0110091718663983  0.0363990211017147 0.0384922252502521 1785404709.26938
0.00995391435470972 0.00119139033279339  0.0279275523454081 0.0296723440582553 1785404709.2898
 0.0140929663606573  0.0382363786146996 -0.0358514434569099 0.0542766832843836 1785404709.308
-0.0257135246638223  0.0206522218934557  -0.034623415198936 0.0478171569607755 1785404709.32569
-0.0251936420197509  0.0242735453560628 -0.0372498000492823 0.0511025655528537 1785404709.34399
-0.0251765296286611 -0.0108961164892517  0.0203910300686174 0.034181531650139 1785404709.36839
0.00334891708244641 -0.0216244893249714  0.0286894366607794 0.0360820947299873 1785404709.39
  0.0106069176368464   0.0123477175258024 -0.00660887973277028 0.0175684410570225 1785404709.40813
-0.0110905124409923 -0.0052055672653393 -0.0210707887300778 0.0243736647729747 1785404709.42582
 -0.0263377320514198 -0.00948494222328547  -0.0114765252299638 0.0302547664004442 1785404709.44384
-0.0237106825652665 -0.0228794761838438  0.0199341486825751 0.0385102217840526 1785404709.46819
0.0175053786314369 -0.047246296637271 0.0265588088123423 0.0569563091544521 1785404709.48996
  0.0246737746586238  0.00475013825727465 0.000390399773614565 0.0251298901977508 1785404709.50808
  0.0148497341128157  -0.0333335444791558 -0.00933795697289141 0.0376674558630226 1785404709.52574
  0.0362285233506851  -0.0171602714958845 -0.00827388039731041 0.0409321135395254 1785404709.54384
0.0403054333693684  -0.02813765293393 0.0123660125946262 0.0506870174621998 1785404709.5679
 0.0483797511831846 -0.0345616742428238  0.0220675772007777 0.0634199307357412 1785404709.58983
  0.0515310474479035  -0.0125322988731674 -0.00440804410203181 0.0532159583107355 1785404709.60817
0.0210227222046351 -0.059368729375583   -0.0100235649943 0.0637736052905858 1785404709.62586
-0.00781082617516279  -0.0212530272342308 0.000304526972061894 0.0226449311951765 1785404709.64371
-0.0186887417150249 -0.0269448929631913  0.0343923440339862 0.0475197816897428 1785404709.66637
-0.0240311377694958 -0.0409190401521332  0.0269313369020996 0.0545633607542898 1785404709.68975
-0.0170757143492636  0.0263135244333369 -0.0155533274855276 0.0350126774827852 1785404709.70814
-0.0177266713460675 -0.0181351972259758 -0.0128063086172267 0.0284098890500506 1785404709.72581
-0.0429289138205815  0.0125717192701416 -0.0147999761723777 0.0471166537640897 1785404709.74286
-0.0178818160536998  -0.012326676060982  0.0233589064250442 0.0318958429495869 1785404709.76602
 0.0243956480233479 -0.0474047555197692  0.0181921845305874 0.0563321761195421 1785404709.78953
 0.0440243190842558 0.00207959477109236 -0.0297738106480097 0.0531878293009581 1785404709.80805
 0.0415344781923651 -0.0695412291221106 -0.0219075480181859 0.0839108818133563 1785404709.8257
 0.0211215546127084 -0.0612429591289717  -0.025984207953007 0.0697997075572358 1785404709.84349
 0.0340717133737627 -0.0769098551362741 0.00354370232777442 0.0841936179023944 1785404709.86584
 0.0388605871014606 -0.0718341623479519   0.019190888644028 0.0838962592554019 1785404709.88982
 0.0583587987775385  0.0415993147236502 -0.0126256583244185 0.0727712829923967 1785404709.90815
 0.0351007374224385  0.0467062945576311 -0.0226389526049128 0.0626582946939243 1785404709.92617
-0.0110794112125111  0.0789916350842146 -0.0399252178102624 0.0891989617837031 1785404709.9434
 -0.022190387306138  0.0711568336223265 -0.0232522542146536 0.0780792903785296 1785404709.96484
-0.0145497208889537  0.0307441592924758 0.00379668941399241 0.0342244438823175 1785404709.9898
0.00125267196061624   0.029032677099941 -0.0244781449681806 0.0379953300777032 1785404710.00802
0.00207678209518733 -0.0101445536665145 -0.0334856223301096 0.035050134033958 1785404710.02578
 -0.0134361235993503   0.0258841671312894 -0.00475725252092928 0.0295491281936613 1785404710.04254
-0.0321274937932293  0.0358494092611747  0.0380555048837787 0.0613643011348495 1785404710.06402
-0.045704132352413 0.0317978984005645 0.0389987609200901 0.0679770359024417 1785404710.0894
-0.00927602067545433   0.0816858747276572  -0.0169867282161663 0.0839474575260256 1785404710.10804
-0.0263994714421585  0.0220687185379342 -0.0208269084536423 0.0402208968829426 1785404710.12571
-0.0411772580119234  0.0224792932709938 -0.0386885349887893 0.0608086173409874 1785404710.14267
-0.0269450434789255 -0.0262409045519793 0.00126364550812641 0.0376326618744606 1785404710.16389
0.00458821601752282   -0.07250210195047  0.0185580512690143 0.074980049215529 1785404710.1888
 0.0532203649824398 -0.0209265040094387 -0.0102208537043721 0.0580929571408389 1785404710.20818
 0.0527460576904439 -0.0293724218845059 -0.0205078426464594 0.0637609392908932 1785404710.22584
  0.0186270585169066 -0.00516750812241502  -0.0062739765823137 0.0203232190201973 1785404710.24342
   0.013699372772282  0.00528227450660055 -0.00194222358994326 0.0148103838839632 1785404710.26391
0.00635730415479337 -0.0106864797589148  0.0171876936074789 0.0212139807037439 1785404710.28964
  0.0212630178878739   0.0113166313795243 -0.00405383814537634 0.0244257175777701 1785404710.30814
  0.018661110824792 -0.0143877639109241 -0.0229175971000105 0.0328703675733946 1785404710.32576
 -0.0338170554385993     0.01005565384684 -0.00245757264006641 0.0353659310086129 1785404710.34355
  -0.0329425639043188 -0.000309245618092626    0.0126008199582046 0.035271643186298 1785404710.36292
 -0.0338441183123723 -0.00978532496817719  0.00242714349707864 0.0353138493318145 1785404710.38843
-0.00919381768658821   0.0306904218985944  -0.0271897607695627 0.0420203685213968 1785404710.40801
 0.0127214642854235  0.0100474733290674 -0.0368164282702961 0.040227313661808 1785404710.42568
-0.0161084648934862  0.0186736835226603 -0.0242570756081109 0.0345918316165358 1785404710.44334
-0.00834690745351958 -0.00969439534607249    0.028152674430266 0.030922891888375 1785404710.46228
-0.00913829242164937  -0.0240944832185561   0.0325970908356754 0.0415526514304699 1785404710.4882
-0.00430394116489149 -0.00587420440988796  0.00635231426680233 0.00966344056453057 1785404710.50823
   0.016671721860502 -0.00835588922937612  -0.0344656285902772 0.039187328930797 1785404710.52579
-0.0105422645656709 0.00367186984051486 -0.0409827489233997 0.0424759659056354 1785404710.54355
-0.0128252516261786 -0.0147504975918356 0.00197050080342524 0.0196455372005411 1785404710.56226
 -0.0326933588163752 -0.00551751443269403    0.031921125998895 0.0460245256493597 1785404710.58805
  0.0180050271776434 0.000248993475829352   0.0262369656833736 0.0318217122369179 1785404710.60802
   0.031661528424601  0.00672613275039678 -0.00608839216663641 0.0329357216883513 1785404710.62574
 -0.0115334441433907 -0.00343925118755068  -0.0137337357166092 0.0182610043336463 1785404710.64264
-0.00859647536821658 -0.00312166706087058 0.000270112079782722 0.00914970789320202 1785404710.66185
-0.0075825057180622 -0.0187536181048392  0.0117510523557739 0.0233940124060568 1785404710.68778
0.00224208090965621 -0.0174521543724096  0.0336567008550668 0.0379786536292601 1785404710.70792
0.00552764573527892 0.00324891988841105 -0.0122087970645732 0.0137900353001721 1785404710.72571
-0.0154590118614903 0.00785138567238194 -0.0324496704703534 0.0367913905464948 1785404710.74239
-0.0381168682571994  0.0123363265494492 -0.0121517448903227 0.0418658034958225 1785404710.76176
-0.0397994913209135 -0.0095579335253975  0.0379784456637373 0.0558365107945763 1785404710.78793
0.000155869288870466   0.0117430225408602   0.0147653096475018 0.0188662991234893 1785404710.80807
 0.0108969485080163   0.023870297347101 -0.0118807407663682 0.0288042806433873 1785404710.82582
  0.0215637846997373 -0.00149001476981227  -0.0468365269626504 0.0515836913424579 1785404710.84269
 0.0175969681577662 -0.0102450304691819 -0.0285733984379037 0.0350863653853046 1785404710.86219
 0.0132297350283369   -0.03269375229334 0.00618404057739675 0.0358071178091894 1785404710.88769
 0.0589840670051418 -0.0371279894596954  0.0247851114841817 0.0739723564114976 1785404710.90801
  0.0429506542433254 -0.00508859469211245 -0.00895046573077273 0.0441674465264635 1785404710.92572
 0.0159626185228051 -0.0152016436876143  -0.019412598200033 0.0293725063585951 1785404710.94338
 -0.0106261058559483  -0.0082089576931638 -0.00381205657412291 0.0139582551701237 1785404710.96198
-0.0015795731063211 -0.0267461228744696  0.0109513634884028 0.0289444727412603 1785404710.98662
 0.0266924156899597 -0.0167513034469777  0.0128502139552231 0.0340326199584067 1785404711.00788
0.00441620110470352  0.0283808375408882  -0.018627060526661 0.0342336407000974 1785404711.0257
-0.0311962004934036  0.0271628238052994 -0.0314340485143645 0.0519530685167469 1785404711.04274
-0.0320154767885471  0.0231780103691703 -0.0204174191925864 0.0444868736275899 1785404711.06181
-0.0283806641220495 0.00565021015438881 0.00916170238305209 0.0303533154919354 1785404711.08603
  0.0215422672047622 -0.00833589196820037  0.00905514681324991 0.0248103215423821 1785404711.10811
 0.0308178319807922  0.0183623141592413 -0.0221463662916914 0.0421589241941108 1785404711.12582
 0.00170883403526119 -0.00929128284127436  -0.0371437013091413 0.0383262651133571 1785404711.14346
-0.0125754160894379 -0.0108463605835691 -0.0117707292757408 0.0203552129788434 1785404711.16177
-0.000562810857350197   -0.0393475215014887    0.0269257883522294 0.0476816765934287 1785404711.18586
0.00893751269528891 -0.0306264053386463 0.00390717371866075 0.032142212798955 1785404711.20811
0.00841620090675026  0.0401110259160883 -0.0235482131118592 0.0472678027679036 1785404711.22577
-0.0153568175928079   0.043322919792613 -0.0266852856670506 0.053148957629177 1785404711.24354
-0.0182123421355872  0.0471039837852283 -0.0411660082617646 0.0651545465083628 1785404711.26186
 -0.0203333557868155   0.0253721016645361 -0.00147704235309097 0.0325479731249367 1785404711.28561
-0.00102747348812778   -0.011021780315449   0.0199284387190457 0.0227964473738691 1785404711.30804
-0.00768519740025162  0.00823429635038356 -0.00253328348338002 0.0115448438999382 1785404711.3258
 -0.0346288832426998   -0.027907796671415 -0.00614751645436483 0.0448976238596907 1785404711.34367
-0.0363836111342605  0.0129068980730342 -0.0152602889727891 0.0415118247800529 1785404711.36089
 -0.0384455731837107   0.0160845217767218 0.000942809093789834 0.0416852831008406 1785404711.3844
-0.00722266962628793   0.0129353408437898   0.0248666071335157 0.0289454340027599 1785404711.40787
  0.020807497878048  0.0607362223272203 -0.0164904165177358 0.0662855527807901 1785404711.42579
  0.0153505840899762 -0.00188586251708684  -0.0230586334528101 0.0277650407175613 1785404711.44347
-0.00956792300272703   0.0153115802501097  -0.0242970777080665 0.0302710691171205 1785404711.46038
-0.0041931650804545 -0.0142534645491243  0.0227754888807104 0.0271931384507278 1785404711.48385
 0.0224839219564676 -0.0328478139689418 0.00909650138526761 0.0408319968472631 1785404711.50665
 0.0169949579500133  0.0362229227664024 -0.0380331736939523 0.0552037229785983 1785404711.5257
  0.016192430189436 -0.0166010660472649 -0.0360830901383468 0.0428926518564366 1785404711.54343
-0.00696353626464956 -0.00117196229522177  -0.0362133984794532 0.0368954544945875 1785404711.5605
-0.0130854995485951 -0.0238258460496693  0.0154120636963615 0.0312479270640395 1785404711.5835
-0.0176520093038995 -0.0487009447092145  0.0349359558933707 0.0624811688608533 1785404711.60802
  0.0122440397012775   0.0379778062873262 -0.00685052662566274 0.0404865408951302 1785404711.62586
0.00982165308175073  0.0223150671029009 -0.0201303646379697 0.0316173792323597 1785404711.64352
0.00329179867523966  0.0362970527723864 -0.0264937330497296 0.0450580721890101 1785404711.66144
0.00616862595427001  0.0286391450103708 0.00720055430729869 0.0301678729018321 1785404711.68264
 0.00455400902055166 -0.00972617360606606   0.0231782432523699 0.0255454185998318 1785404711.70795
-0.000421012191224457    0.0183122756040578  -0.00817085835286534 0.0200569094151297 1785404711.72581
-0.0147794770299108 -0.0201726252915129 -0.0214185865238419 0.0329260322709668 1785404711.74345
-0.0110617481680014 0.00463182263841518 -0.0418638666555925 0.04354766796102 1785404711.76032
-0.00995040234536606  -0.0148606010773991   0.0125778864540631 0.0218643819685708 1785404711.78193
-0.00298650463678559  -0.0385747762113138   0.0153060128119705 0.0416077708835583 1785404711.80652
 0.0291345434350336  0.0364650038017345 -0.0390432917774064 0.0608514318339681 1785404711.82573
 0.0182816157705353 -0.0112380338074612  -0.037091621836474 0.0428520628383176 1785404711.84351
-0.0168845510149073   0.022699574653437 -0.0218669663552632 0.0357564395599475 1785404711.86039
 -0.015836098627888 -0.0177968780709488  0.0140120011159602 0.0276377832703364 1785404711.88179
-0.0247678418520072 -0.0491371994286599  0.0260406348224712 0.060877130514301 1785404711.90686
-0.00564441163081954  0.00192228034242307  0.00470139932027564 0.0075932667503312 1785404711.92591
-0.0219753117541764 -0.0048950968543671 0.00450830672321526 0.022960860816125 1785404711.94355
-0.0458126776622722  0.0346031773275497 -0.0104614736837563 0.0583577222600834 1785404711.96084
-0.0308656994049987  0.0334893133656936 -0.0173484446796998 0.0487359625150665 1785404711.98177
-0.0203420819220833 0.00861517165370342  0.0102909963150329 0.0243705987760568 1785404712.00761
   0.0124317684972343 -0.000129060385627476    0.0124397080807204 0.0175872641899047 1785404712.0258
 0.0157105253579847 -0.0440594359229656 0.00580593733007465 0.0471355853804166 1785404712.0434
-0.0172616543772866 -0.0338484150283615  0.0141349762331636 0.0405398256642183 1785404712.06055
-0.00827146395701519  -0.0622453796790737   0.0278826222309166 0.0687047671552437 1785404712.08138
-0.0107605768084979 -0.0706316130776759  0.0132615344462372 0.0726669324732704 1785404712.10613
 0.0336730747399256 -0.0199901662628147 -0.0105385860411417 0.0405529839272295 1785404712.12577
 0.0319595380356414  0.0181715364454091 -0.0285811753431448 0.0465671600189879 1785404712.14346
-0.0150891552533326  0.0630470463793838 -0.0250047744108363 0.0694827417907509 1785404712.16043
-0.0141807315439729    0.04942546484839  0.0112912080669013 0.0526446683170454 1785404712.18002
-0.00608525025313766   0.0194214677636674   0.0148477891345534 0.0251928665086497 1785404712.20588
0.00503637019762547  0.0236989911782381 -0.0268373677981266 0.0361559333715182 1785404712.22581
   0.0199852551061623 -0.000508680589943497   -0.0491462332883456 0.0530567754771571 1785404712.24354
 0.0122088480727365  0.0100832740259616 -0.0461113131867112 0.0487542981710204 1785404712.26044
   0.0141265702269088  -0.00910152749179929 -0.000844713794221069 0.0168259124701726 1785404712.28002
 0.00407703975034427 -0.00977406003825898   0.0287196714859169 0.0306100315748998 1785404712.30583
  0.0195786411634847 -0.00516321793553214  0.00848063298119424 0.0219522924775527 1785404712.32585
 0.0262014074965218  0.0282058261760787 -0.0433139818202833 0.0579498352560366 1785404712.34357
 0.0131832924786171  0.0301252472063401 -0.0510985304099102 0.0607650354222918 1785404712.36049
 0.0137638220888982  0.0249465599235999 -0.0251777240595391 0.0380222492671712 1785404712.37989
  0.0117315296637103 -0.00268844719517919  -0.0293049883719995 0.0316802601008074 1785404712.40582
  0.028305671535312 0.00134600197815116  -0.016500445095695 0.0327915759112947 1785404712.42576
  0.033620570383128  0.0263866736535182 -0.0551161329102204 0.0697451604511827 1785404712.44363
0.0166827742014235 0.0396811209134227 -0.053943062892478 0.0690127549531476 1785404712.46055
 0.0191232745915068  0.0331212473463324 -0.0187524915778828 0.0425954527767656 1785404712.48024
 0.0045364225351071 0.00763070161615099   0.028657329592075 0.030000821254102 1785404712.50572
 0.0141982981619543 -0.0196706863829796  0.0173230549447811 0.0298096596104886 1785404712.52587
0.00582825888643106 -0.0140112655417974 -0.0218474914616874 0.026600696361158 1785404712.54362
-0.00183235002527493  -0.0107891736764913  -0.0287446797570221 0.0307574444577304 1785404712.56056
-0.00628162363488835 -0.00655504727062445  -0.0213659882421272 0.023214928252597 1785404712.58007
-0.0185326013838475 0.00124119888946915  0.0221563170558649 0.0289119399939855 1785404712.60558
0.0291245358151156 0.0282919980578483 0.0267912486496164 0.0486461380250973 1785404712.62582
0.0273482030679896 0.0420371878787418 -0.016667627628931 0.0528475088019988 1785404712.64293
0.000608899733850354  0.00975430149966904  -0.0298246659152665 0.0313851533943931 1785404712.6614
 0.00285621240809441  -0.0158587107010818 -0.00693526658041131 0.0175429352436281 1785404712.68006
 -0.0220531006183531  -0.0195254119820877 -0.00273103267146317 0.0295810665697851 1785404712.70444
-0.00775034530546567 -0.00378894574984728   0.0202070548486922 0.0219715504211081 1785404712.72577
-0.00536567600234023   0.0214771298221324  -0.0288255103159161 0.0363451183700343 1785404712.74347
-0.0385394697998796   0.024460316855031  -0.039789683045129 0.0605542460107974 1785404712.76132
-0.0285390702744875 0.00821820909321012 -0.0128220153508842 0.0323484400008743 1785404712.77977
 -0.040789048069556 0.00152105585119733  0.0220483857780661 0.0463917165961925 1785404712.804
-0.0292826307846325 0.00778174558313516 -0.0162160618893261 0.0343655160471686 1785404712.82587
-0.0512423735062758  0.0880869314226329 -0.0729804532666864 0.125344464931736 1785404712.84343
-0.0964117395568529   0.076834819729636  -0.105465242082933 0.162239731061401 1785404712.86042
-0.118680142312371 0.0768235554801963 -0.103930263074361 0.175466049247737 1785404712.87954
 -0.132338270735319  0.0574544945684778 -0.0725879520855433 0.161503707806685 1785404712.90373
 -0.127801619931964  0.0306624225296001 -0.0838082993253148 0.155875813545333 1785404712.92581
-0.109161541530891 0.0450307212141513  -0.11095750363446 0.162035723268847 1785404712.94372
-0.139586294945644 0.0236693427155314 -0.138664902038446 0.198172971362316 1785404712.9616
-0.172399915297658 0.0323294474666998 -0.142094294829582 0.225738150500215 1785404712.97977
-0.196190525123766 0.0262314590517911 -0.123943272518056 0.2335396034826 1785404713.00366
  -0.220990438037984 -0.00904296925763285   -0.145141765364539 0.264546179428752 1785404713.02576
 -0.248688463450505 0.00539161506836765  -0.172482882771298 0.30269682227522 1785404713.0439
 -0.359713209552464 -0.0553155786827951  -0.248884944243104 0.440904889791937 1785404713.0618
 -0.510172592720505 -0.0709816239355291  -0.282186905449717 0.58731926148133 1785404713.08
 -0.603890479035006 -0.0633637523261778  -0.316651883136347 0.684811719286241 1785404713.104
 -0.68736240487233 -0.125043948317169 -0.341774073949691 0.777761263027922 1785404713.12591
-0.655387982778489 -0.111929057360986 -0.316585139450077 0.73640184164137 1785404713.14394
-0.669969434936377 -0.166425338977123 -0.345097166057271 0.771782670978935 1785404713.16203
-0.650033293109188  -0.15666240933825 -0.295653695071246 0.731093359331982 1785404713.18048
-0.699968860054552 -0.131489790353386 -0.264818448630122 0.75985181499297 1785404713.20392
-0.756380106904914 -0.114903478682881 -0.300129827132905 0.821822114979722 1785404713.2258
 -0.716456701072346 -0.0424119918039341  -0.353065601405571 0.799852674219523 1785404713.24395
 -0.823899911209383 -0.0599463024796877  -0.402856043828859 0.919074325025596 1785404713.26363
 -0.789350478142047 -0.0751096443912412  -0.402987601406959 0.889446256336711 1785404713.28193
   -0.7601876245654 -0.0990882019323229  -0.438949979289361 0.883391634906453 1785404713.30403
-0.754318450050665  -0.16045744310642 -0.427673488235392 0.881843255728882 1785404713.32577
-0.675504694474816 -0.150807829208949 -0.385107551605926 0.79205897502152 1785404713.34384
 -0.69389497900998 -0.188397874523053 -0.381576424068471 0.813992978117715 1785404713.36432
-0.603011452951369 -0.169213011520172 -0.348152803716064 0.716565579967112 1785404713.38343
-0.519771855045918 -0.129078242833519  -0.34638848640118 0.63781577087915 1785404713.40436
-0.546362541290233 -0.135931750826854 -0.299727066109679 0.637828959492035 1785404713.42588
 -0.51301075459752 -0.110620272258644 -0.283826464859544 0.596635853030941 1785404713.44432
-0.557019487779284 -0.107034644597755 -0.280017229190691 0.632563651780353 1785404713.46476
 -0.509043763739727 -0.0803798388688431  -0.263411554058481 0.578767758872583 1785404713.48365
 -0.519949768868568 -0.0523746822456245  -0.264780279974349 0.58583228500152 1785404713.50458
 -0.534570719654745 -0.0689654575770116  -0.286301690629472 0.61032020014767 1785404713.52578
 -0.494078142978639 -0.0513082047249386  -0.294125562080179 0.577282937137673 1785404713.54444
 -0.493513735347103 -0.0651790165135839  -0.290152167910813 0.576187809410503 1785404713.56468
 -0.439789268884185 -0.0417457143681367  -0.218481261220192 0.492840103074169 1785404713.58359
 -0.382467147902327 -0.0340981929706265  -0.178719837236324 0.423538175623143 1785404713.60414
  -0.342214861024376 -0.00766648763884354   -0.128041651914974 0.365464705223041 1785404713.62578
-0.263793676087321 0.0243113483810353 -0.103196821183573 0.284302179214583 1785404713.64413
  -0.25547346638306  0.0337046860837746 -0.0832328917415243 0.270795886522374 1785404713.6642
 -0.160722248307253  0.0777501259871185 -0.0309040924327825 0.181195436258878 1785404713.68362
0.00571777514503591  0.0599821302942923  0.0225114036419997 0.0643219418331232 1785404713.70406
0.0783181123143074 0.0367928168822724 0.0459201149126219 0.0979596602903323 1785404713.72593
0.0985074210417607 0.0575906331006963 0.0214237817331869 0.116100695282108 1785404713.74462
0.0490439891594716 0.0337083646553456 0.0120649161944901 0.0607217335325021 1785404713.76486
 0.0464790414672737  0.0151243577310915 0.00208264885910412 0.0489222333787502 1785404713.78375
 0.0920690498307556 -0.0162437105377195  0.0273307856989671 0.097404003591712 1785404713.8039
 0.0811350631059449 -0.0569410784965395  0.0398445666989116 0.106830587291182 1785404713.82584
 0.0988682357700781 -0.0333218580196384 0.00567672438709165 0.104486838721131 1785404713.84452
  0.013348916938075 -0.0271850481120205   0.011729996331981 0.0324778884507719 1785404713.86552
  0.0186232119617008 -0.00767618132646367   0.0231479086834623 0.0306850690066862 1785404713.88389
 0.0724101728346632 0.00261254517119907  0.0412535621183069 0.0833781440766485 1785404713.9038
0.0904713702224584 0.0230895739411302 0.0656625439267447 0.114148004492605 1785404713.92579
 0.117822403346128 0.0598103657481356 0.0376257381322486 0.137386661474759 1785404713.9445
0.0885972561651688 0.0624978667188594 0.0264942997601803 0.111612745975481 1785404713.96479
0.0826925221670041 0.0691655681164339 0.0206270554701053 0.109760668969246 1785404713.98378
  0.15179966997347 0.0313698357151067 0.0580390653146714 0.165516583759598 1785404714.00385
 0.174938883524731 -0.013074823222755 0.0770640298761578 0.191607485949633 1785404714.02576
  0.203697807814641 -0.0349744363827555   0.071067473160013 0.218555699651442 1785404714.04438
 0.168488108475605 -0.018256104931116 0.0727169995507049 0.184416078714954 1785404714.06555
0.172055218581531 0.010043576760761 0.102666015616149 0.200609527285677 1785404714.08366
 0.248521628621268 0.0207297294299502  0.149673770816286 0.290852126079856 1785404714.10387
 0.278671096903578 0.0484328571933172  0.195765272408946 0.343987447135358 1785404714.12438
 0.322314732227237 0.0850037684293377  0.178769474681472 0.378247210612046 1785404714.14397
0.306329769784445 0.106655205061204 0.168823494387422 0.365670114830319 1785404714.16465
0.312945832083416 0.115780311091323 0.191000476595249 0.384475430052946 1785404714.18367
 0.443862271250972 0.0599260014308404  0.254635211297855 0.515212511804851 1785404714.20398
 0.527063506400421 0.0320978015353754    0.3268593295213 0.621017898242575 1785404714.22578
 0.549608026891333 0.0183172329669022    0.2782404479114 0.616297210038213 1785404714.24401
0.548286768387807 0.028390317418091 0.263533473797387 0.608994484641662 1785404714.26434
 0.565756262901688 0.0628246138777196  0.266576651103675 0.628562003333815 1785404714.28356
 0.620232386589531 0.0610513325778425  0.322649011666314 0.701796169349281 1785404714.30374
0.631826628393099 0.055549300060259 0.322613303204858 0.711596765372444 1785404714.32593
 0.568701982988228 0.0372774690233197  0.284586107207162 0.637024966203722 1785404714.34432
 0.503232662648779 0.0545219685550489   0.27248695509539 0.574860764454189 1785404714.36427
0.467063180544281 0.045999698917343 0.250673407074753 0.532072498758478 1785404714.3829
   0.558956106195872 -0.00033847425719269     0.29959851327357 0.634185550430004 1785404714.40341
   0.61163538094696 -0.0311683262898445   0.390581372933877 0.726376701631292 1785404714.42577
   0.59418009072305 -0.0127775499649273   0.344996368528892 0.687194106707036 1785404714.44479
 0.566640525139364 0.0273874252369142  0.315973712144701 0.649361950346511 1785404714.46415
 0.547932718238752 0.0436109850823713  0.294996316734378 0.623822898444112 1785404714.48272
 0.669655286577702 0.0230132971537723  0.355878071269619 0.758694283817887 1785404714.50297
  0.728714531599682 -0.0421761669945109   0.454794138314992 0.860024072844807 1785404714.52587
  0.711556539155612 -0.0657292810067618   0.417527332875999 0.827624383700314 1785404714.54586
 0.647941558019339 -0.027750019706177  0.326391256564071 0.726036898899564 1785404714.56401
  0.615475839235523 -0.0248090314972228   0.281979432826813 0.677449922329195 1785404714.58195
  0.671361389959977 -0.0258161372650115   0.289439897784879 0.731551804933868 1785404714.60181
  0.701567405546801 -0.0448113365745007   0.340945847436535 0.78131232634298 1785404714.62577
  0.694766749616559 -0.0306391509875791   0.336468911931045 0.772561274360849 1785404714.64572
 0.597600121078874 0.0348172639070521  0.282284087932983 0.66183264718478 1785404714.66366
 0.551327842773594 0.0554285775165633  0.240182618564449 0.603922517946939 1785404714.6807
 0.574162192184586 0.0849757406171083  0.267215545959508 0.638973588992592 1785404714.70051
0.599327041452948 0.100590175853744  0.33415814096969 0.693522133223843 1785404714.72576
0.686120097433381 0.150445104758838 0.321398939965562 0.772458281241697 1785404714.74582
0.675759430869236 0.189608634471764 0.272630990231415 0.752947474601995 1785404714.76362
 0.66267530772149 0.185220155929516 0.266659775939169 0.737938009408821 1785404714.78154
0.656763316225806 0.182871450065395 0.319491766131285 0.752897741671886 1785404714.80017
0.601862306559395 0.182149465799941 0.345808979983971 0.717635363249159 1785404714.82595
 0.661479464592282 0.0922180207912201  0.359854521295125 0.758653097227241 1785404714.84748
  0.570262584559361 0.00837334899971445   0.269415272926895 0.630756781658404 1785404714.86378
 0.494762874771552 -0.120488453233485  0.240426223486577 0.563127462085473 1785404714.88061
 0.455849019093185 -0.176155301519523  0.257233222291377 0.552266194069543 1785404714.89957
  0.45818033988534 -0.245732144486767  0.289009367981996 0.594844454855943 1785404714.92576
 0.489945475112095 -0.307592611101125  0.268619850598767 0.637821610736519 1785404714.94767
 0.462416773588396 -0.241872490918973  0.179178329905013 0.551757599192617 1785404714.96385
 0.499724440244553 -0.243507157602253   0.19154952420411 0.587972339659003 1785404714.98052
 0.516170334294868 -0.229476693782926   0.22545465180658 0.608211449264846 1785404714.9988
 0.467407670232095 -0.180888608160044  0.220059063352143 0.547372460137789 1785404715.02456
 0.569529354927747 -0.214595122515481  0.227274879172726 0.649668087129749 1785404715.04792
 0.549022605869358 -0.117844122654158  0.171328063034728 0.587082927858527 1785404715.06429
 0.521086243215283 -0.127892154896034   0.18087438137456 0.566217995113011 1785404715.08186
 0.471581598665513 -0.116969857279614  0.135460641224607 0.504401365018887 1785404715.0996
 0.465840763555081 -0.137640485804848  0.166107872807562 0.513365703695551 1785404715.12578
  0.44930442267166 -0.179386967950971  0.201046895562522 0.523902665309392 1785404715.14795
 0.415979120316737 -0.141678031589843  0.155683516013946 0.466206660541356 1785404715.16443
0.437602613684913 -0.15205979364864 0.172406980596368 0.494310019427779 1785404715.18186
 0.435993575698487 -0.117937376869061  0.191627242347749 0.490632879985545 1785404715.19976
  0.43399614124449 -0.111676911578812  0.207941000692464 0.494028180333746 1785404715.22592
 0.500272825423924 -0.128333758235403  0.233858788530929 0.566950073933863 1785404715.24841
 0.498395462398985 -0.129518151275783  0.201535344578988 0.552982353754952 1785404715.26461
 0.500201249153889 -0.182653875917182  0.229952780098883 0.580036213626257 1785404715.28186
 0.478543735020512 -0.188778775902433  0.204629813757687 0.553637871931742 1785404715.29859
0.474304183959745 -0.18811042715919 0.182986256500264 0.542064536559728 1785404715.3255
 0.411315023968506 -0.198054370806365  0.174706318630045 0.488802496420569 1785404715.34841
  0.36095679591192 -0.144246951825948  0.121634319755273 0.407298292862129 1785404715.36576
 0.308010827288766 -0.125772738921408 0.0918396793404031 0.345143416979451 1785404715.38243
 0.245625814294553 -0.100380725100479  0.057014141755878 0.271401810936698 1785404715.39976
  0.162904675456496 -0.0903144306108143  0.0199983425274551 0.187335430087283 1785404715.42434
  0.0424524876588475  -0.0560346233694883 -0.00958625238433381 0.0709506092952072 1785404715.44849
  0.0168873895222014 -0.00318407950364181   0.0166610717379119 0.0239356136043327 1785404715.46589
 -0.0284322800181522   0.0180636016015119 -0.00835684843020432 0.0347062698303083 1785404715.48359
-0.0961138564527788  0.0640065249112435 -0.0542641314236348 0.127590378134875 1785404715.50009
 -0.154243670531707   0.107412322474725 -0.0691739061901448 0.200283664376581 1785404715.52584
-0.202356405228426  0.118485271792444 -0.108868415519091 0.258532795340045 1785404715.54981
 -0.109319593985242  0.0849737900818251 -0.0978406071989771 0.169540859520745 1785404715.56657
 -0.109736311205097   0.046662390404478 -0.0747969810568363 0.140762299819158 1785404715.58388
-0.125277410368219 0.0240563671447924 -0.102681192188465 0.163757642807952 1785404715.60044
-0.171991585596233  0.045097969465756 -0.126305698839923 0.218101036048162 1785404715.62583
-0.207043099313951 0.0257587238421909 -0.124806697476873 0.243119453278812 1785404715.65139
 -0.147282681013893  -0.031604516058611 -0.0931036124420624 0.177085618308492 1785404715.668
 -0.156683248340693 -0.0556996952137565 -0.0854714586989705 0.186969159514682 1785404715.68437
  -0.23501874534431 -0.0683847233492957 -0.0939719753299551 0.26218507432382 1785404715.70179
 -0.302566653605883 -0.0512948060390772  -0.141197884366926 0.337808495379475 1785404715.72594
 -0.419799829165275 -0.0785685610608572  -0.169474890514114 0.459485205277753 1785404715.75173
 -0.482350868725321 -0.0887658986149656  -0.178000519044177 0.521752748049295 1785404715.76841
-0.562048537072052 -0.105201780260699 -0.203393350938732 0.606905946420811 1785404715.78576
-0.663475881967251 -0.066232833854562 -0.257985464515312 0.714943028593054 1785404715.80212
 -0.744380672231741 -0.0312794333262922  -0.285527805239658 0.79787662937723 1785404715.82576
 -0.773133454473251 -0.0142645211756666  -0.309134366193788 0.832768197851087 1785404715.85066
-0.675082272332505 0.0314774047877794 -0.285259949702659 0.733553093057453 1785404715.86836
-0.638586353654523 0.0310830338383567 -0.268658237101674 0.69349544658127 1785404715.88575
-0.639530459258238 0.0444701576120013 -0.260112053193058 0.691834578098983 1785404715.90227
-0.710976337730293 0.0592755707215198 -0.288485122543628 0.769561311414337 1785404715.92477
  -0.713801888104381 -0.00749245689694997   -0.287188170978676 0.769445461304315 1785404715.95178
 -0.573036457266506 -0.0685063029909765  -0.229505504252427 0.621077025326328 1785404715.96961
 -0.50728051521416 -0.100187847441771 -0.194376513023505 0.552406874238668 1785404715.986
  -0.49257221664182 -0.0727371405980613  -0.186403495294111 0.531661869318912 1785404716.00376
 -0.533874217680065 -0.0197575399467383  -0.153926646410305 0.555972529144536 1785404716.02593
 -0.550461782706709 0.00993543255354394  -0.189108834625401 0.582124590078491 1785404716.05171
-0.459814113281544  0.071260681195813 -0.203206779014247 0.50774018798469 1785404716.06978
-0.445547324848255 0.0317770738023679 -0.191099252018408 0.485840637679551 1785404716.08643
-0.508122729770981 0.0397750423213974 -0.245825360594823 0.565862943134782 1785404716.10393
-0.582334736691732 0.0735665750803715 -0.264897980993076 0.643969507710647 1785404716.12593
-0.612666132498841 0.0771707318362578 -0.265536097150945 0.672178942435262 1785404716.15042
-0.660382314513254  0.126375015246795 -0.300582068447402 0.736495095484436 1785404716.16899
-0.674774242432328 0.0798752442749811 -0.303671588830003 0.744255847649616 1785404716.18645
-0.721419975125219  0.134385616232255 -0.318683545596177 0.800040921824344 1785404716.20393
-0.797583433164707  0.166801091507255 -0.358144189967866 0.890072580071171 1785404716.22591
-0.847160437720087  0.161435842634618 -0.385924898065217 0.944817636092747 1785404716.24966
-0.813344845085543  0.112869163786485 -0.388257865184388 0.90830251295404 1785404716.26867
-0.806496599657494 0.0144715910535729 -0.387359231250663 0.894814710564051 1785404716.2864
  -0.86449296448529 -0.0376969501829254  -0.404260613558412 0.955089414333696 1785404716.30414
 -0.988505476660175 -0.0378591551305524  -0.441159338148638 1.08314262895064 1785404716.32595
   -1.09937040827824 -0.00809717664572927   -0.473226815950587 1.19692292074395 1785404716.3494
  -1.03684220420061 0.00340822853581198  -0.474840234409691 1.14040634014704 1785404716.36818
  -1.02971411979151 -0.0318065184776771  -0.480976427883489 1.13695257038068 1785404716.38653
 -1.00233942431518 -0.019923478233929 -0.483965946494786 1.11324045196355 1785404716.40439
  -1.02980641100511 0.00089032846422955  -0.473331378592889 1.13337753233098 1785404716.42577
   -1.04639748207004 -0.00604172835501757    -0.44187353395356 1.13588573940016 1785404716.44779
-0.934486976341748 0.0121830168507376  -0.40155949246755 1.01718452644676 1785404716.4676
 -0.886578644895858 0.00224110664300943  -0.386707328796207 0.967248300225469 1785404716.48626
  -0.903553324867529 -0.00157771242915048   -0.399841230153992 0.988070903015939 1785404716.50584
-0.889494985836741    -0.013742149303 -0.400321998780196 0.975524412407778 1785404716.52584
 -0.996669833227087 -0.0257707676731536  -0.414172702141347 1.07960822344517 1785404716.54678
 -0.990038608472775 -0.0496205964758143  -0.445840940116193 1.08692814562188 1785404716.56748
 -0.979751031067969 0.00399862013424495  -0.433275283017033 1.07128686294345 1785404716.58631
-0.970579706825661 0.0860041939316324  -0.37162899377333 1.042846967531 1785404716.60596
 -0.86641535120319  0.109122597544853 -0.282474622752594 0.917810010075453 1785404716.62585
-0.828069161477467  0.109307745143337 -0.240056609560756 0.869064954495417 1785404716.64755
-0.692632653676179 0.0915114504692647 -0.212511388030198 0.73025709756771 1785404716.66766
-0.627650694695389 0.0889650629663207 -0.224021242790874 0.672343434713074 1785404716.68772
-0.577079660883087 0.0825551961590411 -0.202613873757571 0.617161791799237 1785404716.70607
-0.466347004670332 0.0506429249129874 -0.168494450658222 0.498432156377725 1785404716.72597
-0.432571910918829 0.0503386742383703 -0.172664064979365 0.468471258003351 1785404716.7479
 -0.440495630640818 -0.0211743171616707  -0.175951818921455 0.474809219479449 1785404716.76783
 -0.494598230080779 -0.0236026195756531  -0.187587298931482 0.529503057186907 1785404716.78757
 -0.563178043986844 -0.0366228024393289  -0.198447423751195 0.59824085357057 1785404716.80627
 -0.568332079144707 -0.0674791027880445  -0.177465668334708 0.59920684653591 1785404716.8259
  -0.58541549052232 -0.0637199892179485  -0.206332002128325 0.62397470194849 1785404716.84835
 -0.595409436792959 -0.0721779041915856  -0.225499077454949 0.640758832329787 1785404716.86815
 -0.637774585611737 -0.0489943906252291  -0.238046273588329 0.682512198231101 1785404716.88657
 -0.666057236811483 -0.0467694416985522  -0.272170997650762 0.721038608777612 1785404716.90603
 -0.561080671855548 -0.0894131216924707  -0.233523988540115 0.614279805857518 1785404716.92555
-0.465417542266027 -0.127238495520356  -0.22479548680436 0.532293278446048 1785404716.94837
-0.398216932120867 -0.153107871448114 -0.151911569730536 0.452875115617013 1785404716.96809
 -0.390253605264537 -0.0999693573058649   -0.12561550706261 0.42198460213225 1785404716.9876
 -0.334004374344235 -0.0807980715947699 -0.0814304949139425 0.353154606307842 1785404717.00605
 -0.179069800950793 -0.0420557161164562 -0.0371567237747746 0.187657397915189 1785404717.02597
-0.0161926670251371  0.0371877000927875  -0.032985799603414 0.0522799242449208 1785404717.04834
 0.0299908442000052  0.0632159598926417 0.00935840075328928 0.0705924074220184 1785404717.06817
0.0127881633411802  0.123907701405031 0.0092158357876401 0.124906313765093 1785404717.08697
-0.0130368587896799   0.103301578038061  0.0221784539951475 0.10645684352765 1785404717.10615
0.0813459329860906 0.0435741651418131 0.0347072549809867 0.0985924045223504 1785404717.12593
  0.14594423221334 0.0205779709213894 0.0499588532177365 0.155624737167374 1785404717.14824
  0.132533940532877 -0.0396622490340301  0.0138517569141326 0.139033127567561 1785404717.16817
 0.0898458275352778  -0.031053026942962 -0.0192544552512956 0.0969912225659794 1785404717.18682
 0.0236372035069813 -0.0140145270678258 -0.0208580929585778 0.0344990492685516 1785404717.20621
  0.0421934781548621  -0.0234292173068867 0.000549632706367113 0.0482651004197656 1785404717.22585
  0.072217528093158 -0.0138371992443562  0.0392244534482739 0.0833390496413889 1785404717.24814
 0.0815876134718452 -0.0284811288284779  0.0424301779927267 0.0962706257166226 1785404717.26846
0.0619519315103502 0.0243152670234795 0.0101495338679918 0.0673222627815179 1785404717.28758
0.0145660543271934 0.0341620073599018 0.0135370831617882 0.0395280319020553 1785404717.30658
0.0942231657992127 0.0229625770426427 0.0386421260583939 0.104395875512292 1785404717.32583
 0.178530976966963 0.0348190663315877 0.0851248512039288 0.20082807923563 1785404717.348
 0.221255050976258 0.0200698902439962 0.0721009266678989 0.233570421293627 1785404717.3683
  0.22172859140627 0.0700891430753901 0.0532364399925136 0.238558535305546 1785404717.38769
 0.192254142488637 0.0825413441939875 0.0761243760656952 0.222642425060415 1785404717.40667
  0.27002707421479 0.0677674163732174  0.122191206995155 0.304035745592247 1785404717.4259
 0.357031486848133 0.0687800440531023  0.178244708425879 0.404936233427884 1785404717.44782
 0.362855246006481 0.0264839887785097   0.16728630462758 0.40043730961537 1785404717.4683
 0.355589165857426 0.0352468898909815  0.150156311563328 0.387598911278748 1785404717.48778
 0.329458322733671 0.0380113006189177  0.164088851556999 0.370017292296617 1785404717.50684
 0.471029846174467 0.0199903333294345  0.231856007758314 0.525381706711784 1785404717.52598
 0.680915919749868 0.0377457734812801  0.327368216761804 0.756466246788521 1785404717.54705
 0.756145398062553 0.0772318503954022  0.348248947058206 0.836060973167522 1785404717.56821
0.743800267668431  0.13219886110431 0.305937088529044 0.815053911835613 1785404717.58782
0.716192681311061 0.121816105755388 0.304258429424489 0.787619395559042 1785404717.60766
 0.780646920418438 0.0530546259100822  0.311405169470831 0.842138698352241 1785404717.62595
 0.926930158363984 0.0500537070098134  0.381754845587977 1.00371393046027 1785404717.64663
 0.964114736406419 0.0635814478011643  0.443087148977302 1.06296098096278 1785404717.66792
 0.924820597306681 0.0544659210859793  0.418963768386705 1.01675479491528 1785404717.68615
 0.893480658405922 0.0432774633813795  0.437816985559889 0.995923861862419 1785404717.70772
   0.803845941895476 -0.00471200843146654    0.397982589155659 0.896984193058231 1785404717.72589
  0.776423835263937 0.00977524924242683   0.419859210906307 0.882729451443974 1785404717.74627
   0.681906583232852 -0.00990402883079048    0.385537517008218 0.783411676619799 1785404717.76797
 0.609357529449494 0.0344705784181721  0.285706082365398 0.673893749024175 1785404717.78629
 0.569091852046912 0.0898805873090003  0.277321820899079 0.63941492662275 1785404717.80661
0.659837361366566 0.141867430408873 0.329508279585167 0.751057532803703 1785404717.82586
0.815811297153827 0.146393969829888 0.385004130992973 0.913896847487734 1785404717.84621
0.897796507776989 0.196192145352017 0.422777438831616 1.01156843073487 1785404717.86832
0.931229068751181 0.315965589937304   0.3737706163939 1.05201060174843 1785404717.88788
0.882704402591154 0.336822960380447 0.345845767694492 1.00609446078658 1785404717.90663
 0.93255808518373 0.314173403015409 0.348506446211569 1.04394743759197 1785404717.92591
  1.1275150945618 0.187458258913483  0.48447865779236 1.24143081045859 1785404717.94788
 1.17164880233221 0.132292046154231 0.516468654295532 1.28724588651586 1785404717.97002
 1.08887353965711 0.100849438419505 0.405563777633542 1.16631821229171 1785404717.98841
  1.06494943218336 0.0845126787203069  0.410676894143308 1.14451526741906 1785404718.00775
  1.01650871838005 0.0335693623827533   0.43129188160574 1.10473053898788 1785404718.0259
   1.15555970322265 -0.0444188971410038   0.526499873499475 1.27062716125943 1785404718.04796
    1.1668884509574 -0.0916126841594784   0.563367968944975 1.29900154322843 1785404718.07167
  0.988410975865427 -0.0698651639693929    0.43310934732289 1.08139775526222 1785404718.08987
 0.929422494984119 -0.135367441354105  0.405913478373725 1.02318926415728 1785404718.10823
0.823405543014957 -0.21639981901474 0.391578471713001 0.93710152568783 1785404718.12586
 0.901175902258839 -0.299241341001091  0.441311586415809 1.04710042654991 1785404718.14823
 0.934931862685421 -0.340153878173975  0.429969805911578 1.08382483949062 1785404718.17367
 0.822103469204715 -0.186324607028047  0.297906909133793 0.894046698876649 1785404718.19082
 0.826978078815927 -0.127844481843301  0.290183980277132 0.885688261630096 1785404718.20857
  0.805545737119729 -0.0994945752914698   0.268899790720244 0.855049824602981 1785404718.22597
  0.851774134805514 -0.0933611667152957   0.327410567221498 0.917296660684223 1785404718.24812
  0.898501803987804 -0.0831645547506723   0.394036792452646 0.984625222479389 1785404718.27392
 0.812970193069042 0.0118562142989338   0.31706319556313 0.872691339831513 1785404718.29185
  0.760637586590106 -0.0143036891501262   0.298778967682892 0.817338978139779 1785404718.30881
 0.749258254337691 -0.051550506799864  0.304988569271119 0.810594481741969 1785404718.32596
  0.797390435063518 -0.0674427532261531   0.372134698915553 0.882532869093543 1785404718.34809
  0.857774104197588 -0.0872579201901148   0.365797905786142 0.93658873917286 1785404718.37422
  0.848864511659717 -0.0918885617478488    0.31036089987059 0.908481345490297 1785404718.39183
 0.845636938723894 -0.177076872121069  0.346954582218474 0.93104002754817 1785404718.40879
  0.86929486784971 -0.301835797458449  0.346620905440836 0.98332317575955 1785404718.42592
 0.915789610268098 -0.382213790031961  0.385439211318741 1.06457567940828 1785404718.44673
 0.954929935846851 -0.482894547300894  0.411691637529404 1.14654626186694 1785404718.47433
 0.803017432906699 -0.337085208984689  0.308258255755835 0.923843378452184 1785404718.49202
0.697546096132318 -0.24122170274665 0.246582546614965 0.778178269036441 1785404718.50863
 0.605964272299909 -0.163811926869458  0.235989412910522 0.670610206971603 1785404718.5259
 0.596482491367083 -0.116556203355402  0.241285002865183 0.653907610948029 1785404718.54667
  0.568145968826395 -0.0413698975930738   0.238603736133038 0.617602666135104 1785404718.57368
0.510684348035604 0.104027287477868 0.164658997005785 0.546564511438041 1785404718.59175
0.457073905698048 0.183851284577378 0.119041852035988 0.506841999687258 1785404718.60846
0.428920558334271 0.204908858968132 0.119571390089249 0.490160997197125 1785404718.6259
0.435608762598508 0.207353211853715 0.145609777694918 0.503937055473219 1785404718.64663
0.379253362027091 0.198171731264497 0.158697915096504 0.45638818558021 1785404718.67338
 0.395051287414903 0.0859599244920376  0.151710771854951 0.431822633269348 1785404718.69203
  0.335743679866242 0.00385769429656265   0.155981680514552 0.370228287724689 1785404718.70899
  0.309520288845659 -0.0643601336778342   0.145534068310548 0.3480304599502 1785404718.72596
 0.309108867678748 -0.111797664412323   0.15726836178235 0.364390377841391 1785404718.74597
0.227042908772406 -0.13552723172169 0.151025955545217 0.30450772110133 1785404718.77255
 0.189610756717079 -0.137178892742917 0.0668949328418528 0.243403409419244 1785404718.79189
  0.104571795997178 -0.0920987135579003 0.00682240046891408 0.139513363894839 1785404718.80863
 0.0487185764197648 -0.0639568504588866 -0.0422884994846824 0.0908421465931692 1785404718.82557
 0.0171657745002157 -0.0318393858455605 -0.0510607552090675 0.0625748434095927 1785404718.84557
-0.0463540003222869  0.0430621003310451 -0.0458706592328091 0.0781482898677384 1785404718.87205
 -0.013206142545573  0.0634269689176199 -0.0276336087302743 0.0704343589341779 1785404718.89187
 0.0255052308791846  0.0759990047891052 -0.0296482201017628 0.0854715302679057 1785404718.90868
  0.024834391424431  0.0581820372748439 -0.0356360178769318 0.0726073152581624 1785404718.92596
-0.00840660849858037   0.0563295331558066  -0.0190065051561623 0.0600411076700851 1785404718.9458
-0.0936103850913711  0.0409821217489901 -0.0236852190053993 0.104897226366275 1785404718.97161
-0.0498834323561758 -0.0221078565832128 -0.0191692524360701 0.0578322953486619 1785404718.99183
-0.0167511343353017 -0.0498689412700257 -0.0256196032006071 0.0585138947009097 1785404719.0086
0.00574414129738754 -0.0581764430436825 -0.0134043570691209 0.0599764159724111 1785404719.02594
-0.00300400674268252  -0.0705391200802746 -0.00375804978492366 0.0707030017495399 1785404719.04482
-0.0501086955539354  -0.040552226761353 0.00994285147281389 0.0652244184399648 1785404719.0715
-0.0240791089500525 -0.0277552729457341   0.011033275640037 0.0383652425441275 1785404719.0919
 0.0414684687875195  0.0381018619438208 -0.0080151279900267 0.0568825813748284 1785404719.10877
 0.0425901320045184  0.0466076773973996 -0.0228766192467488 0.0671530687660892 1785404719.1259
 0.0242532844481558  0.0430685595308893 0.00184226743875025 0.0494622742694347 1785404719.14426
 -0.0493130214302817   0.0386357810624574 -0.00669668482353522 0.06300272413567 1785404719.1714
-0.0666840538006521 0.00347440307000525 -0.0347752781189038 0.0752871468195484 1785404719.19205
-0.0650053944232478  0.0267982733889799 -0.0553606746874101 0.089491078117306 1785404719.20875
 -0.117084533074943  0.0419805831927782 -0.0769849303671871 0.146279994374568 1785404719.22597
 -0.142969819225419   0.057453324905157 -0.0784413640652358 0.17289968579619 1785404719.24413
-0.288290156872745 0.0979597933548695  -0.10834996239281 0.323182688296208 1785404719.27013
-0.385642089373084 0.0813289946656573 -0.186971192807254 0.4362252324306 1785404719.29194
-0.491589503737829 0.0419813577986941 -0.229366221052488 0.544087803527818 1785404719.3084
-0.609258083578216 0.0575368797137879 -0.283322139243876 0.674371811034777 1785404719.32587
-0.694269989306507 0.0840058786114271 -0.312626110477104 0.766030606859137 1785404719.34363
-0.858888673774725  0.103756810084654 -0.409932240287473 0.957339893248242 1785404719.36952
-0.990914388902085  0.117783326627392 -0.453196465444236 1.09597959582091 1785404719.39173
-0.932748564191534 0.0711547322152158 -0.418415600720234 1.02477045958793 1785404719.40852
 -0.98178978143724  0.097008385299457 -0.420757809398463 1.07254787115671 1785404719.42592
  -1.0072336941417  0.123462039497909 -0.458734129188559 1.11364248800668 1785404719.4428
-1.10986770560173 0.223530839134625 -0.53277863435508 1.25124954873404 1785404719.47089
  -1.0388120689177  0.224299863607009 -0.518294784236596 1.18240028193081 1785404719.49245
-0.825690856675998  0.162907232656885 -0.400946685288458 0.932235164373276 1785404719.50886
 -0.82956683330959  0.104090027429096 -0.391018871199321 0.922990586285409 1785404719.52596
-0.890391279679613   0.07449856249285 -0.417417403338299 0.986196712300689 1785404719.54381
-0.941712713241504 0.0710515758449718 -0.441242311606586 1.04238473619996 1785404719.56978
-0.964888940838314 -0.026536986710987 -0.421959395856283 1.05345365895571 1785404719.59212
-0.849448761213699   -0.1419595665969 -0.348846670388823 0.929198426557663 1785404719.60878
-0.887551689660693 -0.215493722448367 -0.350465829937622 0.978269821771106 1785404719.62587
 -1.00234825396015 -0.210832484318343 -0.381094023727327 1.09287923101388 1785404719.64379
 -1.10942703373467 -0.163932475145105  -0.40027464636265 1.19076529681934 1785404719.66822
 -1.18068423834645 -0.151284468204466 -0.439031416889313 1.26872016064043 1785404719.69052
  -1.09424570989798 -0.0810731399467996  -0.421380655145989 1.17537576297209 1785404719.70858
   -1.0929570044991 -0.0934702312455622  -0.420008158526285 1.17460570024216 1785404719.72595
  -1.21010506723648 -0.0515581599964225  -0.439434836261967 1.28845469184377 1785404719.74391
  -1.33699972940915 0.00455207341501094  -0.444795874323702 1.4090537135354 1785404719.76673
   -1.40587163261264 -0.00390726829181605   -0.471905399308797 1.48296494227855 1785404719.78972
 -1.25787051257893 0.0272713267077453  -0.47269990650227 1.34403391076387 1785404719.80803
    -1.2546160278588 0.000523398335434597    -0.47522154934811 1.3416024643205 1785404719.82595
  -1.3396256822931 0.0190716526775129  -0.46589635727765 1.41845694764405 1785404719.84383
 -1.47821533698935 0.0477133005209001 -0.474018285192729 1.55309062074761 1785404719.86557
 -1.43193664185809 0.0306226460813355 -0.463836236088132 1.50549803940664 1785404719.88778
 -1.19418422753025 0.0711163744396872 -0.449988779342533 1.2781327824329 1785404719.9059
 -1.20681002022032 0.0451063357198017 -0.436675194358552 1.28417686935808 1785404719.92589
 -1.12231389504546 0.0771355634422267 -0.435174431987585 1.20619864052957 1785404719.94389
 -1.09168199700112 0.0628524558741059 -0.387314715835275 1.16005719811065 1785404719.96441
 -1.05635256382743 0.0195160408900012 -0.339970368272602 1.10988353725073 1785404719.98594
  -0.892484849512337 -0.00925708505322527    -0.34342206233826 0.95632296486773 1785404720.0041
  -0.91028692191206 -0.0947303882832335  -0.378389068643687 0.990340554525291 1785404720.02582
-0.885790903394273 -0.134444793418577 -0.397016063335089 0.979960551022079 1785404720.04399
-0.867759251930346 -0.164649724437261  -0.35967444687633 0.95366732082198 1785404720.06453
-0.870885799840761 -0.149053750835444 -0.337435938512754 0.945791789773193 1785404720.0861
-0.772454928198746 -0.110057465702139 -0.335486965856254 0.849323711028217 1785404720.10568
-0.812227790280284 -0.100296223440537  -0.32902813657135 0.882061693078008 1785404720.12595
-0.868789833285289 -0.123801664525298 -0.332809853410011 0.938554753376652 1785404720.14443
-0.915243434069961 -0.166175376199217 -0.321842503973023 0.98431061999084 1785404720.16472
-0.944706721867579 -0.179060923370547 -0.331212217280308 1.0169735185814 1785404720.18602
-0.895748825172508 -0.175025296626418 -0.330581577902864 0.970713135743945 1785404720.20591
-0.968061458199434 -0.107803973090841 -0.339091925708455 1.03138160617012 1785404720.2259
  -1.00082113100966 -0.0795106961058499  -0.325817420702178 1.05551971971333 1785404720.24423
  -1.07072064292793 -0.0569201371448992  -0.358736205373738 1.1306521402494 1785404720.26427
  -1.15257908248339 -0.0739524422988201  -0.396980240178501 1.22127016511188 1785404720.28614
  -1.08719224788633 -0.0753509134489296  -0.377667817350612 1.15338533209162 1785404720.30598
  -1.05194361587806 -0.0376203314179285  -0.393205218202335 1.12365964773331 1785404720.32595
 -0.976209431222219 -0.0182390074925786  -0.333009957542446 1.03160706997575 1785404720.34412
 -0.800547269139259 -0.0451397618980251  -0.265056313116798 0.844492970576786 1785404720.36393
 -0.665766693475185 -0.0797736752312775  -0.224475194337996 0.707105538285388 1785404720.38658
 -0.585671722529835 -0.0977594097433097   -0.19701584136299 0.625606514122408 1785404720.40631
 -0.548914129971857 -0.0972219247238109   -0.19402537222559 0.590258138272605 1785404720.42596
 -0.482388155603773 -0.0901627500792888  -0.134476274487473 0.508833491987999 1785404720.44441
 -0.287595126742812 -0.0522398324320108 -0.0813779347389627 0.303417740551072 1785404720.46385
  -0.18296710369264 -0.0144943157770583  -0.108670263072671 0.213298552034002 1785404720.48783
  -0.150682199926022 -0.00475301545831575   -0.077833981437114 0.169663918370542 1785404720.50614
  -0.20394619170659  0.0164832764757658 -0.0874314758682924 0.222508450373251 1785404720.52593
 -0.215753456506192  0.0359362139648357 -0.0682739051957966 0.229133785372608 1785404720.54451
-0.0864338539786878  0.0158530922288691 -0.0405983412739941 0.096800604135645 1785404720.56389
-0.00539447932346989  -0.0283977421461767  -0.0197971601100002 0.0350351211585327 1785404720.58794
 0.0201736510840934 -0.0802131778737959 -0.0220793377064128 0.0856074018775817 1785404720.60681
-0.0120077579552646 -0.0652231873151384 -0.0301185301901575 0.072838013945146 1785404720.62595
-0.0464024098751941 -0.0446895321553561  -0.015879261724563 0.0663512537892638 1785404720.64437
0.00133679048696885 -0.0280675019083981 0.00133728952574135 0.0281311218308058 1785404720.66369
 0.0376210664724882 -0.0289201260975886  0.0163043119976998 0.0501751823688379 1785404720.68806
 0.0345312940559606 -0.0443870947601952  0.0218792482934792 0.0603434002714255 1785404720.70783
-0.00202567330422037  -0.0267089545914301   0.0169385442925768 0.031692047747883 1785404720.72597
 -0.0330391827004585 -0.00729766183674872   0.0106245599314719 0.0354644150598209 1785404720.74426
  0.0262140023864134 -0.00663436810912739   0.0108257223580782 0.0291270497286712 1785404720.76357
   0.078853907378581 9.06117669961899e-05  -0.0141961096568953 0.0801216353349877 1785404720.78685
 0.0618497368839934 -0.0060762664727683  -0.031407608810044 0.0696329581307017 1785404720.80623
 0.0117975214908557  0.0137037957209848 -0.0294001950719446 0.0345158949001482 1785404720.82596
-0.0398720265970046  0.0245484498217288 -0.0307817237573385 0.0560349838143573 1785404720.84421
 0.0253216569662026 -0.0189570136036937  0.0237098527594779 0.0395311496691 1785404720.86389
  0.100537738058251 -0.0210309307682492  0.0543543799915543 0.116209016204057 1785404720.88637
  0.107272522523981 -0.0185208736083988  0.0520674186013331 0.120670762522173 1785404720.90618
0.0907883395183578 0.0222910365274514 0.0440612792724474 0.103348000624557 1785404720.9259
 0.090277187194313 0.0638793840637558 0.0439743783405723 0.119013831912604 1785404720.94419
 0.233445147017204 0.0404766801558798 0.0878824679061061 0.252702050778368 1785404720.96387
 0.438365662337725 0.0246581553094817   0.15350030882381 0.465118074631661 1785404720.98632
   0.58418299917513 -0.0785182556900626   0.153748092737251 0.609157917967256 1785404721.00651
 0.711391155424049 -0.127129698703069  0.140023406223182 0.736101820808941 1785404721.02603
 0.830621700390367 -0.158044855774485  0.183211919330605 0.865145764007988 1785404721.04558
   1.13518858942082 -0.0926998582511699   0.321140212458708 1.18337544056357 1785404721.06436
     1.43297495272536 -0.000921070497491116     0.477007781835463 1.5102829163573 1785404721.08601
  1.40636494802438 0.0704654947783529  0.521369284643233 1.5015504267108 1785404721.10645
 1.29812486148071 0.182833965358361 0.495755826615359 1.40154566622213 1785404721.1259
 1.18137566484552 0.233671137918929 0.528273667973293 1.31503753956283 1785404721.14571
  1.1467401815653 0.214777203518073 0.546884259451484 1.28849706418108 1785404721.16438
 1.22075683744749 0.264605505179939 0.624677861765949 1.39659792371563 1785404721.186
 1.13817536374806 0.249724172243699 0.579397695969732 1.3013481513188 1785404721.20637
 1.08407935551217 0.234061453371821 0.522343911446085 1.22591026377423 1785404721.22602
0.995362263992801 0.169942776983234 0.513690230509933 1.1329184599745 1785404721.24587
 0.993293466322714 0.0588801435491315   0.46609795089042 1.09879301115725 1785404721.26417
  1.18208803127288 0.0252395778135544  0.548506919138986 1.30339134196531 1785404721.28585
  1.23578328328262 0.0078765301050397  0.524967670135226 1.34268887597034 1785404721.30624
   1.25982726848908 -0.0154354414664042    0.50632746121476 1.35785510908274 1785404721.32596
   1.23055404661031 -0.0498793044543246   0.526035015975235 1.33920276458567 1785404721.34575
   1.18941250297945 -0.0537023559256551   0.480027291585669 1.28374929247999 1785404721.36394
   1.32813034577455 -0.0750920415416207   0.534602323975542 1.43365570304386 1785404721.38572
   1.38116099997233 -0.0692384740923478   0.476080342436273 1.46254988516407 1785404721.4069
   1.37379013067647 -0.0868865140279434   0.406946042218214 1.43542804443172 1785404721.42593
  1.35459840250457 -0.106594750655148  0.388703910004058 1.41329048768737 1785404721.44384
 1.34561077995593 -0.13165097564226 0.417977283323384 1.4151697282996 1785404721.46197
  1.52476590502717 -0.218518375829233   0.52318764261044 1.62677185096394 1785404721.48429
 1.61070227489273 -0.20394447988047  0.54644709956642 1.71305563302622 1785404721.50783
   1.42671714731505 -0.0668982072471009   0.423131102954051 1.48964328577777 1785404721.52591
   1.35147859921569 -0.0412438273754717   0.391949426831677 1.40777122098311 1785404721.54273
   1.33667578950001 -0.0125215608822492   0.421213846316982 1.40152775928683 1785404721.55999
   1.53869781677237 -0.0650431775893249   0.507128836346245 1.62141951479093 1785404721.5838
  1.57479704650324 -0.109759665401216   0.55671127768998 1.67390572271306 1785404721.60809
   1.38000446821077 -0.0562263881097541   0.473583776761812 1.46008744005745 1785404721.62594
    1.2732801167943 -0.0692069815557096   0.431637614255936 1.34623285213232 1785404721.64261
   1.18474518955166 -0.0564265953097126   0.438861726344773 1.26467574487469 1785404721.65968
    1.2392383293889 -0.0783464116151679   0.507527161955873 1.3414296915465 1785404721.68168
  1.36459766102551 -0.100837547799734  0.538867105474534 1.47060285083535 1785404721.70824
   1.23784847463725 -0.0710205345661728   0.416449548702962 1.30795374119528 1785404721.72585
   1.17939890297142 -0.0835848148887977   0.393829858450721 1.24622235215771 1785404721.74217
 1.14668010422203 -0.18570789250538 0.368738000427532 1.21874131616054 1785404721.75874
  1.18219785313932 -0.247190089129834   0.42000042599606 1.27870835688522 1785404721.78063
  1.27059147146199 -0.337209907128416  0.467680350461673 1.3952914100737 1785404721.80805
   1.0363109936787 -0.301678525038652  0.387005465460322 1.14661398839583 1785404721.82585
  0.88212029088964 -0.267687686107306  0.316968958499522 0.974813944065727 1785404721.84209
 0.786478570488632 -0.245891448942415  0.310721286316758 0.880658199457192 1785404721.85841
 0.816846209583073 -0.260264229154377  0.326420748878119 0.917347101366602 1785404721.88005
  0.87593546538799 -0.225141904047514  0.357039428106559 0.972331717936463 1785404721.90834
  0.730259120603543 -0.0112883229672497   0.324089186999785 0.799024161455869 1785404721.92598
 0.573023638514371 0.0686800032350413  0.259277905428457 0.632691129528447 1785404721.94227
0.544375322760821 0.124360874997745  0.27040658809663 0.620427144914867 1785404721.95883
0.564521023943251  0.14975019584275 0.286359462018488 0.650469714219192 1785404721.98001
0.634413221415454 0.235303703227207 0.295261213548402 0.738259542766124 1785404722.00677
0.688626623089282 0.270731866314036 0.221843780374051 0.772474615994519 1785404722.02588
0.581734954427932 0.278465157896266 0.186814719355739 0.671459708942706 1785404722.04222
0.560369221842088 0.255116028171602 0.151115401630641 0.633982426592371 1785404722.05983
0.556945056596891 0.258580232040225 0.147936428103631 0.631614375414106 1785404722.08055
0.500907892448549 0.307659238971692 0.203571634692993 0.622096724387346 1785404722.10595
0.547564300078659 0.196060215148477  0.24245320246742 0.630118898360783 1785404722.12586
0.462188358265249 0.104500250038823 0.243944624091892 0.532960937027693 1785404722.1422
 0.421520839466608 0.0371988494219348  0.226139395563722 0.479794329613091 1785404722.15961
  0.389282979259729 -0.0089809459385376   0.211442711606246 0.443091317476075 1785404722.17999
   0.219066058497481 -0.00727499518210134    0.206373347629581 0.301052856077403 1785404722.20596
  0.234014321871346 -0.0244991489324898   0.139816888382434 0.273699969704544 1785404722.22585
   0.11983009879253 0.00641132657796421  0.0713075463370381 0.139589125112688 1785404722.24211
0.0758762915032181 0.0125307943541769 0.0308171119242017 0.0828488189823897 1785404722.25885
0.0524336785599363 0.0312380894187225  0.015793574239356 0.0630439994377964 1785404722.27856
-0.0543169669683021  0.0840133176643242 -0.0171452899110622 0.101501386255246 1785404722.30563
-0.0105796776172345  0.0896393915710769 -0.0175130465098412 0.0919448579191535 1785404722.32591
0.0525635606554176  0.144473410658809 -0.014022165650593 0.154376537808364 1785404722.34275
  0.084556729877022   0.145379255233216 -0.0109967458437771 0.168540490205805 1785404722.35987
 0.0733764007760603   0.131383114396208 -0.0225234240899914 0.152160847697539 1785404722.37978
-0.0577321427067477   0.126008547318248 -0.0356282152799214 0.143110181408591 1785404722.40427
-0.0272560361378759  0.0434207145292932 -0.0288367632281289 0.0588201400003327 1785404722.42586
 -0.0154930910576581  0.00847002334230199 -0.00233578557151512 0.0178110375940349 1785404722.4423
0.00490725551737251 -0.0155642354599525  0.0185678087833189 0.0247202367541155 1785404722.45992
0.00842060695389842 -0.0125428416238792  0.0220404971328643 0.0267210218992006 1785404722.47979
 -0.106743714635517  0.0315736926188335 -0.0215152598417426 0.113375592990003 1785404722.50557
-0.0759905665266316  0.0774924042728857 -0.0298492458725273 0.112563832558195 1785404722.52597
-0.00137537433998317    0.153265836620794  -0.0215209716769091 0.154775516641248 1785404722.54253
  0.0151032759004727    0.191943803717344 -0.00819788194576996 0.192711540901952 1785404722.55984
   0.020337920230354     0.18338624516745 -0.00401367519432861 0.184554207496003 1785404722.57878
-0.125855499357492  0.182656482934428 -0.065936340316801 0.231410022364788 1785404722.60426
 -0.112284176910686   0.124994592408012 -0.0761770619199845 0.184483953986564 1785404722.6259
 -0.065597582893157  0.0732892450172828 -0.0811351255540796 0.127503979997897 1785404722.64218
-0.0550135964962397  0.0659546354969551  -0.081354666129684 0.118300851408854 1785404722.65981
-0.0672791403942085  0.0355207648912048 -0.0813501644712128 0.111382479457647 1785404722.67822
-0.254374304660244 0.0128532672539318 -0.154298605523037 0.29779112313304 1785404722.70261
-0.358430989907073 0.0365160717083984 -0.192973618076289 0.408711408321606 1785404722.72586
-0.368367748530155 0.0693862676069508 -0.186746912091396 0.41878832536888 1785404722.74222
-0.425764769839232 0.0942983433305205 -0.230765683013105 0.493376749804487 1785404722.76001
-0.456150756231548 0.0883282845662656 -0.268725409396234 0.536738990497435 1785404722.77832
-0.686241060745423  0.100469277057938 -0.356723291502538 0.779918185315584 1785404722.80368
-0.816743191966511  0.120868538457842 -0.433232342617031 0.932399543061889 1785404722.82598
-0.809128494602604  0.103966999494722 -0.394630745995175 0.906218231689541 1785404722.84232
-0.882998440313672  0.116225889452292 -0.423243127059835 0.986067668863928 1785404722.85985
-0.909920035784312  0.124028819773378 -0.438394811220373 1.01760878050509 1785404722.87771
 -1.06715892233549  0.159842780811368 -0.517804550862785 1.19687068348755 1785404722.90368
 -1.06611114257685  0.184478881166598 -0.525579787330249 1.20285474550051 1785404722.92594
-0.822414901461816   0.21840843949826 -0.387281320580707 0.93490926718118 1785404722.94222
   -0.821416217082  0.197544002742182 -0.389925074030775 0.930478263079053 1785404722.95967
-0.845292179141579  0.164574271819148 -0.389819742558192 0.94528460833278 1785404722.97624
 -1.00647263893562  0.154006593255832 -0.437922094908864 1.1083686051588 1785404723.00235
  -1.1050048387672  0.114601774837666 -0.502836780179617 1.21943187099414 1785404723.02585
-0.952074735397269 0.0682099069111723  -0.45290416704627 1.05651364293628 1785404723.0423
-0.943242682708655 0.0339071410474077  -0.45101252013201 1.04607301179853 1785404723.05998
 -1.00116315378731 0.0212484202346257 -0.458869102046438 1.10151713952926 1785404723.07777
 -1.07460990920467 0.0324191285349505 -0.474672986917059 1.17522419195854 1785404723.10217
  -1.0843578922227 0.0116558447093142 -0.452632052342512 1.17509304820909 1785404723.12595
-0.885259762589453   0.04594252281317 -0.370203849126594 0.960648974688736 1785404723.14359
 -0.86180766153091 0.0242771531119124 -0.352376135672488 0.931381107081344 1785404723.1603
-0.982361906234136 0.0508485190973324 -0.360403505229114 1.0476216746974 1785404723.1781
 -1.08434016971422  0.106111886094404 -0.402562214383107 1.16151180470773 1785404723.20231
 -1.18738286002621 0.0768838359036148 -0.495124160202585 1.28877349232656 1785404723.2259
 -1.10373931775769 0.0351728598872058 -0.494918799678177 1.21013314553059 1785404723.24379
  -1.17253867489791 -0.0368336869110284   -0.52147977309868 1.283800926302 1785404723.26182
  -1.26082241107917 -0.0419680185256147  -0.565505214866158 1.38247264526257 1785404723.27959
 -1.39386315535036 0.0252393764788225  -0.61390946614101 1.52327816060818 1785404723.30214
 -1.49384628420981 0.0337811407705753 -0.681882614160743 1.64246211092187 1785404723.32592
 -1.33984532297861 0.0887411679901769 -0.606164655386549 1.47326035507774 1785404723.3442
 -1.31815502416245 0.0660496460128109 -0.572150045078786 1.43848910233855 1785404723.36237
 -1.36128391195136 0.0551343990525848 -0.589133166354348 1.48432192552532 1785404723.38169
 -1.45309924125417 0.0689950253595667 -0.596548032024376 1.57229999458436 1785404723.404
 -1.40298867105907 0.0134808935131563 -0.594187706435581 1.52368565527446 1785404723.42597
   -1.208350409378 0.0478859777018872 -0.575385727130787 1.33920592654389 1785404723.444
   -1.23870684908469 0.000406107891449689   -0.601662889108704 1.37709587720811 1785404723.46455
 -1.16493906973226 0.0186071222411056 -0.631420889825593 1.32518738346503 1785404723.48276
 -1.21664270405868 0.0201198678120721  -0.65219108282566 1.38057143492733 1785404723.50423
  -1.24652057540384 -0.0135849212009188  -0.642066169221664 1.40222931813884 1785404723.52587
 -1.13148639589885 0.0478943267796464 -0.627544565611701 1.29474611892472 1785404723.54429
 -1.14094420030424 0.0683044323629088 -0.595906264897637 1.28900094655999 1785404723.56481
-0.994552383566195  0.130809238266416 -0.520428146603982 1.13008449075753 1785404723.58381
-0.956929647347213  0.148507528104503 -0.458655184257702 1.07150987579314 1785404723.60459
-0.959184765959467  0.135546671384894 -0.423966875224869 1.05742906459969 1785404723.62599
-0.897319412030446  0.139258631420049 -0.406100899786025 0.994732644703424 1785404723.64541
-0.950183816496568  0.131998906481943  -0.39317694114825 1.03675508366012 1785404723.6656
-0.939242577326101  0.101502299596587 -0.396164984789623 1.02441497014586 1785404723.68383
-0.989854428500715  0.107992610035201 -0.405150542072351 1.07499821171303 1785404723.70419
 -1.03424946530094 0.0881684958449386 -0.462314566134735 1.13630119167199 1785404723.72595
-0.968444497234294 0.0763776429466936 -0.444078255503093 1.06814033983187 1785404723.74448
-0.984224690843954 0.0857625746408659 -0.438052185530779 1.08071419835412 1785404723.76452
-0.896300569942725 0.0614409190819184 -0.384535355596119 0.977239549916354 1785404723.78368
-0.837309808032408 0.0444283907293823 -0.374230628029071 0.9182103024281 1785404723.80373
-0.860743377104866 0.0254676095881879 -0.398290832725328 0.948769385994859 1785404723.82589
-0.770624988634984 0.0749722202520325  -0.36033211483791 0.85400406316466 1785404723.8445
-0.752657266713076  0.147046359541597 -0.357921944652975 0.84630001267553 1785404723.86423
-0.629882225835562   0.15658461360788 -0.320881048737147 0.724040749599732 1785404723.8835
-0.525654253756945  0.112527761820706 -0.259958875471163 0.597121016720547 1785404723.90372
-0.487376784967004 0.0442661694651629 -0.252517001719935 0.550690893733969 1785404723.92587
    -0.4182839047998 -0.00731085977597529   -0.238502763394782 0.481558347277025 1785404723.9445
  -0.400293269391043 0.000123853154651972     -0.2423862497032 0.467959197905711 1785404723.96449
 -0.333405359096565 -0.0370803896415884  -0.179462869262242 0.380448433055149 1785404723.98371
 -0.233078380038145 -0.0836562040678612  -0.115480699701321 0.273239242649654 1785404724.00387
 -0.183027994344981 -0.0959909468431776  -0.114029950508933 0.236043085479888 1785404724.02595
 -0.161393601680685 -0.0911202290619258  -0.122788360141046 0.222323575434295 1785404724.04476
 -0.154422792924192 -0.0619495065923876  -0.127433064992997 0.209578926409736 1785404724.06433
 -0.105853417214837 -0.0901439761080584 -0.0723340951764664 0.156726206135498 1785404724.08274
 -0.055542851631678 -0.0993381197448518 -0.0199776520687727 0.115551620430014 1785404724.10254
 -0.0527251829796814  -0.0837251551171319 -0.00752945317214547 0.0992297293390455 1785404724.12595
-0.0775184825959906 -0.0358554050242084 -0.0115672828945727 0.0861889044308953 1785404724.14468
-0.0894107028587005  0.0462178443139641 -0.0435235545282561 0.109657023110655 1785404724.16426
-0.0979331685055729  0.0510477854507748 -0.0342339847404567 0.115623300438013 1785404724.18275
-0.0559015921143557 0.00993778019545896 -0.0188579078027072 0.0598278209767702 1785404724.20228
-0.0251680047226985 -0.0120669523520906 -0.0044031770515604 0.0282564641973617 1785404724.22584
-0.0312362977875081 -0.0344075561803295  -0.017814721112964 0.0497689713587201 1785404724.24463
-0.0519490807422188  0.0147422490778893 -0.0511649073126199 0.0743901111583058 1785404724.26416
-0.0506710102931983 0.00118353964241736 -0.0383866034253355 0.0635805266787918 1785404724.28365
 0.0248585941840137 -0.0119082380610224 -0.0138158383100357 0.0308323405976989 1785404724.3027
 0.0729019060291733 -0.0040877506092657 -0.0028570009142331 0.0730722933946505 1785404724.32598
  0.0535660463486612 -0.00585218371350544  0.00991813566663892 0.0547899515490331 1785404724.34442
-0.00264665764951379   0.0455853951391041   0.0112695062951184 0.0470322742256602 1785404724.36408
-0.0248293961093718  0.0415840115414633  0.0304015212891154 0.0571837513960843 1785404724.38293
0.0350843547824888 0.0355264195061601  0.024728931130937 0.0557185648443124 1785404724.40247
 0.101880700607318 0.0452432901613486 0.0304323441693237 0.115554143294397 1785404724.4259
   0.108682802047505 -0.00929608952245911   0.0293217474490831 0.112951908415814 1785404724.44459
0.0623814755464855 0.0310112121721804 0.0128654141945549 0.0708425201001646 1785404724.464
 0.0435549054696574  0.0389457474650389 0.00843074340454022 0.0590328592432602 1785404724.48361
  0.054786481959729 0.00640471513504182  0.0130676303738361 0.0566863470782159 1785404724.50343
  0.101476242328695 -0.0103128709065223  0.0275921364222817 0.105665079642389 1785404724.52603
  0.145025812785599 -0.0440785879268463  0.0504622850712035 0.159755596153486 1785404724.54572
   0.184408647057817 0.000179690565233986   0.0637045767908207 0.195102164269112 1785404724.56483
 0.212165053754241 0.0117022877420425  0.117992996674054 0.243049996579018 1785404724.58397
  0.379045431235835 -0.0248036859187234   0.193515930698911 0.426308664244794 1785404724.60386
   0.546498262070891 -0.00591898254188505    0.268861283001236 0.609082731899293 1785404724.62591
  0.606735913247584 -0.0344006087320717   0.302763995688665 0.678953538462598 1785404724.64497
 0.638146327817357 0.0157018296675746  0.306444086378664 0.708085631289141 1785404724.66452
 0.607556513171997 0.0137472509580559  0.347958855574299 0.700277993927551 1785404724.68409
  0.703213414115842 -0.0168186429797825   0.393780331352537 0.80613579619333 1785404724.70383
  0.809833781011877 -0.0019127205169575   0.429918481958668 0.91687747954534 1785404724.72591
  0.801768980463554 -0.0154813009171275   0.434971875991876 0.912290360365353 1785404724.74569
 0.799561240451282 0.0329795941307647   0.42775106612519 0.907390106532058 1785404724.76447
 0.769870343697862 0.0239785156825948  0.436339378458212 0.885249890433828 1785404724.78414
0.851422341178101 -0.10634546674328 0.463464076557287 0.975206804535912 1785404724.80381
 0.997238040679572 -0.151906132277013  0.547945812618855 1.14795635647368 1785404724.82587
  1.06070061712117 -0.161150685903039  0.536830019309004 1.19968404688883 1785404724.84583
   1.03474023872699 -0.0192833452719237   0.538381301287669 1.16658203081561 1785404724.86428
 1.05041686011196 0.125027085144404 0.593768023459144 1.21308195012116 1785404724.88441
 1.16468827960891 0.191625081101346 0.601441557901139 1.32474560121406 1785404724.90383
 1.26244123533762 0.245229693398727 0.658059252895386 1.4446236380201 1785404724.92594
 1.20187241912889 0.252803251954797 0.584181029679894 1.36002730542424 1785404724.9457
 1.17178330679033 0.262397394851054 0.538373520788764 1.31596905692481 1785404724.96435
 1.12488547623556 0.256694862415625 0.575195110431277 1.28922806442473 1785404724.98442
 1.14190396695974 0.141321700681299 0.592282853431464 1.29410798286339 1785404725.00274
 1.31305630190768 0.063265246221555 0.701668473156823 1.49012012588958 1785404725.02592
   1.20830833720715 -0.0177115153255252   0.615051371791161 1.35595388029299 1785404725.04601
   1.12314152158078 -0.0438429430325901   0.526848973853856 1.24134560957189 1785404725.06453
     1.042903951929 -0.0606587868329255   0.507427700202394 1.16138323231475 1785404725.08417
   1.0410690564598 -0.126706377601922  0.502100324581344 1.16274847769747 1785404725.10236
  1.18758205767191 -0.199963592307786  0.609266466733373 1.34964521613595 1785404725.12588
  1.11745771836603 -0.189697215179384  0.537466804774371 1.2544191293252 1785404725.1464
   1.01183064355652 -0.0543561084879675   0.430587610171539 1.10098207424244 1785404725.16487
  0.989176783944982 -0.0188164607082789   0.427461260745209 1.07775131571583 1785404725.1838
   1.03832874713164 -0.0268455844405107   0.462890797249878 1.13715221615338 1785404725.2017
  1.19233521223487 -0.104092185407461  0.594622416137359 1.33644089250932 1785404725.22453
  1.30882207197929 -0.114858369076309  0.632328099551015 1.45809687144881 1785404725.24776
   1.23152440087833 -0.0701668620253564   0.561092573984993 1.35513859625734 1785404725.26569
  1.18946036791743 -0.133344978468434  0.543281552561703 1.31443968879628 1785404725.2836
 1.17500452793913 -0.19112435914788 0.559603123365185 1.31541621436609 1785404725.30062
  1.36108760488564 -0.340316120348669  0.700344861447803 1.56807444175933 1785404725.32594
  1.44854095538444 -0.354355939122282  0.752986846985451 1.67057721244795 1785404725.34944
  1.25464208683586 -0.226739095552065  0.615701421903903 1.41584802307526 1785404725.36614
   1.2910181949167 -0.201894249234943    0.6157466690741 1.44451833770152 1785404725.38399
  1.31190672251936 -0.232897005982255   0.63704176980361 1.47687591911491 1785404725.4018
   1.4062992652166 -0.268080249465656   0.72779061575106 1.60599620917287 1785404725.42597
 1.44939500335346 -0.26268473791514 0.773349711314561 1.6636763276761 1785404725.44971
  1.25651071147107 -0.156303927197976  0.648891383528091 1.42278252495455 1785404725.46645
  1.19571520684461 -0.179565433214877  0.630746479763078 1.36375207512898 1785404725.48409
  1.11488706003697 -0.248517081545889  0.570166100258356 1.27664532206161 1785404725.50069
  1.17310413291731 -0.344495102132183  0.625589378138753 1.37339442699494 1785404725.52497
  1.15131274820054 -0.409483914683403  0.636899697305535 1.3779837970678 1785404725.54979
 0.954063847220948 -0.264381041678067  0.504883163769039 1.11132451103638 1785404725.56679
0.852370814124665 -0.19416308889376 0.438041003469192 0.977811449401471 1785404725.58421
 0.817330276819739 -0.173222897604839  0.413592145387444 0.93225179881137 1785404725.60156
 0.860744643016122 -0.180772223890799   0.42201031521395 0.975526854350178 1785404725.62605
 0.844615293345401 -0.148354146336485  0.417012218312408 0.953563388931224 1785404725.65046
  0.696937167380678 -0.0333229150762454   0.307912843873632 0.762654673733879 1785404725.6682
0.602838130204389 0.053625015085243 0.275705579627099 0.665058659148748 1785404725.68482
 0.550456144495444 0.0917595979466114  0.282772585064753 0.625605407339415 1785404725.70207
0.529394420641699 0.117018776594696  0.30671558850896 0.622917569921316 1785404725.72589
0.504016342396868 0.143438921712565 0.319768501434555 0.613888501419338 1785404725.75046
0.464690139809914 0.152865516242706 0.274878441394572 0.561126500564904 1785404725.76835
0.474950767375832 0.174444988389525 0.261266947083694 0.569446839523714 1785404725.78602
0.492980017726102 0.149257747068086  0.26751886036088 0.580408057822988 1785404725.80397
0.464625533170717 0.121108791029804 0.258520416187813 0.545322868514419 1785404725.82598
 0.423441097851423 0.0954279112595514  0.262348310676025 0.507183877613971 1785404725.85176
 0.367570779787698 0.0776342523474092  0.221974273771763 0.436357575284055 1785404725.86865
0.321051244291038 0.046553711835771 0.204963958197246 0.383733467013752 1785404725.88627
   0.307523207883255 -0.00628500443697797    0.214244181605238 0.374847427654611 1785404725.90392
  0.226206402797241 -0.0532919370293526    0.17043212481918 0.288195205354268 1785404725.92592
  0.102755665286192 -0.0617759978924658   0.124185079877616 0.172617886466692 1785404725.9505
  0.104487523383241 -0.0374957695725415  0.0828411788352167 0.138514389827948 1785404725.96844
   0.048666828264151 -0.00130651189664491   0.0497455884086563 0.0696045308349383 1785404725.98617
0.0159912880101266 0.0179966542386256 0.0419717541116448 0.0483862480382167 1785404726.00387
-0.0660175172650128   0.028605286792257 0.00349045642016936 0.0720330362009311 1785404726.0259
 -0.173274599872474  0.0603498842477275 -0.0397201585904722 0.187733551844448 1785404726.05161
-0.0785574396564294  0.0640914884829749 -0.0366358385561834 0.107801553272908 1785404726.06898
-0.0307825261851503  0.0958792261448898 -0.0332194528510149 0.106037361209166 1785404726.08667
-0.000321202918447374    0.0669130060876103   -0.0122216640872473 0.0680207514517217 1785404726.104
-0.0455592976203374  0.0518595309176179 -0.0307487437726809 0.0755681532806766 1785404726.12572
  -0.11498787965851  0.0298255632508139 -0.0419698285339326 0.125989059837575 1785404726.15084
 -0.0363538428510039  -0.0172687901780594 -0.00838239896608454 0.0411105535924286 1785404726.16982
-0.000200840431194444  -0.00557951875787495   0.00339051432253755 0.00653199462795348 1785404726.18762
0.00435919349153904 -0.0339634022533401  0.0155567234794694 0.0376101968345758 1785404726.20403
-0.0176537471007692 -0.0463996798617956  -0.017505452634583 0.052640535235849 1785404726.2247
  -0.12399917467716 -0.0446079502458363 -0.0485054218180042 0.140422364641443 1785404726.25023
-0.0672450458277075 -0.0349297625326767 -0.0286339792696559 0.0810054891212612 1785404726.26958
0.00439711986626877  0.0180091045451831 -0.0201669882902998 0.0273928809426602 1785404726.28644
0.00601825486104085  0.0197465677603519 0.00536777392439528 0.0213297755916472 1785404726.30388
-0.0427775435235506  0.0178710228808035 -0.0152493690687802 0.0488040464071509 1785404726.32591
  -0.113139633434433 -0.00321023066535157   -0.072397098658873 0.134358558078097 1785404726.34998
-0.0358203290996619 -0.0199728848034026 -0.0311988476804918 0.0515303813373102 1785404726.36972
 0.00430186958938917 -0.00662558374621806   -0.016684639236557 0.0184602716230373 1785404726.38685
0.00648518704493985 -0.0159950274790997  0.0209697906019709 0.027159357005561 1785404726.40407
 -0.0560287417776334  -0.0175994138376608 -0.00148653364192295 0.0587466514354864 1785404726.42589
 -0.162153590614025 -0.0212778290893443 -0.0592198846344851 0.173935412426273 1785404726.45167
  -0.11074791426249 -0.0127979769136057 -0.0567626763396867 0.125103517743575 1785404726.47021
-0.0650140838584476  0.0373896459538307 -0.0533844186183082 0.0920582037393781 1785404726.48799
-0.0726249012910782  0.0178689370847839 -0.0396516571712031 0.0846518110645096 1785404726.50452
 -0.106492057945241  0.0157530394769693 -0.0533528961128399 0.120146777658841 1785404726.5259
 -0.227092157261824  0.0156746746477483 -0.0930448489877188 0.245914390059405 1785404726.55062
  -0.147244941293877 -0.00113124091586513   -0.064616503820206 0.160803124996356 1785404726.57003
 -0.132490926246549  0.0189205854844602 -0.0522677253248514 0.143679327682786 1785404726.58787
 -0.152133052140002  0.0170108761769091 -0.0501847323638008 0.161097308556553 1785404726.60477
-0.212690774426249  0.014959452893353 -0.100374871323253 0.23566133656174 1785404726.62586
 -0.367905623384687 -0.0213158760518566  -0.160646337806367 0.402015124268392 1785404726.65063
-0.362892353526714  -0.02865007559417 -0.161010029587181 0.398040094346505 1785404726.67024
 -0.421313325313329 -0.0568441021599204  -0.189134912702044 0.46530440062367 1785404726.68805
 -0.506818726071907 -0.0772105980647498  -0.234839396522309 0.563893819534875 1785404726.70473
 -0.601422533305476 -0.0517054062624009  -0.317337235720828 0.681971725058505 1785404726.7259
  -0.81631725674424 -0.0440764061098274  -0.392953859953856 0.907044281877481 1785404726.75193
 -0.847012481713073 0.00424073187085676  -0.383603430615583 0.92983854510586 1785404726.77192
-0.816897301020069 0.0242965394285462 -0.321910953570279 0.878372463292538 1785404726.78862
-0.864508020932502 0.0606052114732014 -0.345356867980752 0.93290861083807 1785404726.80587
-0.966047301417271  0.114206387526153 -0.428850071952424 1.06310999983114 1785404726.82598
-1.13870843253099 0.145714924996903 -0.54357308605218 1.27018165376623 1785404726.85214
-1.20396824374077 0.194913036027972  -0.5990008375475 1.35879822892602 1785404726.87212
 -1.15519857673057   0.15862242516803 -0.551545363844765 1.28990197837866 1785404726.88976
 -1.16089805224224 0.0969547968510354 -0.586822249319808 1.3043944467181 1785404726.9062
 -1.26918929284401  0.120880010524763 -0.647273837820598 1.42983105965052 1785404726.92593
 -1.38128057215258  0.122375025636051 -0.723859978284427 1.56425219644005 1785404726.95227
 -1.31188901139809  0.126046244664241 -0.683371131107074 1.4845661106369 1785404726.97221
 -1.15089161961084  0.141508807041825 -0.627297481743218 1.3183620114226 1785404726.98974
 -1.06373727159008  0.179875994910598 -0.555596347569389 1.2134989319927 1785404727.00663
-1.12043874045145 0.209651079356173 -0.55551934477017 1.26804506567926 1785404727.02568
 -1.17946777626365   0.22214202829619 -0.602209449194131 1.34281329181631 1785404727.05409
-0.997058255095775   0.11545877009853 -0.533242854293565 1.13657548508775 1785404727.0724
-0.937671705602993  -0.05218214220515 -0.509097523371728 1.06823756335226 1785404727.08999
 -0.91354967485114 -0.123535383622954 -0.518635230168194 1.05774122610358 1785404727.1068
-0.979620092334798  -0.11371578274014 -0.545135817671446 1.12683621891496 1785404727.12608
  -1.02470658805228 -0.0732015157408901  -0.550270572488796 1.16540969467894 1785404727.15189
   -1.0926163478142 -0.0799934598434539  -0.568603718305864 1.23430937191606 1785404727.1718
  -1.00170386422581 -0.0109586492862492  -0.532702437417886 1.13459358822005 1785404727.18885
-0.977839523802351  0.115041709580267 -0.534604865323073 1.12036025066952 1785404727.2066
-0.962452822026566  0.189526694530646  -0.57104513412131 1.13504552673901 1785404727.22609
-0.988522139400298  0.289705726062822  -0.61021403561497 1.19727465397862 1785404727.24991
-0.763519137171053  0.412624602269109 -0.558092864309022 1.0318372838858 1785404727.27005
-0.646761443193458  0.439935554251727 -0.521548209159027 0.94013626181179 1785404727.2884
-0.571481003699941  0.395177482657821 -0.466421982848011 0.836842426310673 1785404727.30683
-0.423379462493961  0.317252744459609 -0.352744947240383 0.635868281118386 1785404727.32604
-0.360855176198809  0.219447223812962 -0.301631035828423 0.518994050065718 1785404727.34879
-0.108971144293139 0.0813882503277421 -0.159717451114651 0.209781843281367 1785404727.36966
 0.0468912410111869  -0.107320279118323 -0.0790180938885735 0.141280890269659 1785404727.38812
  0.137168944563315  -0.183415007606897 -0.0175991544436398 0.229708760401477 1785404727.4066
 0.227897837272041 -0.204668287681048  0.063927625098232 0.312910967315411 1785404727.4259
0.242788187748542 -0.19333413924454 0.121734474012432 0.333381876638086 1785404727.44846
 0.272177636867215 -0.128919893310994  0.128420703606086 0.327403240693524 1785404727.46991
  0.231133773367789 -0.0278302691950157  0.0511532909010065 0.23835688419826 1785404727.4882
  0.178938297061898 -0.0206529954762517  0.0483229872313062 0.18649549987201 1785404727.50692
  0.171933510654168 -0.0330441178853946   0.032333484163576 0.178040725708606 1785404727.526
0.158110014889821 -0.02881595391223 0.100324428232291 0.189457454085257 1785404727.54896
   0.121432420859975 -0.00851036275746396   0.0885909650289654 0.150554369564424 1785404727.57063
0.0569678469006045 0.0548022847967397  0.034424301468875 0.0862186669524278 1785404727.58962
-0.0118466268292582   0.071367558304631  -0.018422303833747 0.0746528782039882 1785404727.60809
-0.00904164118240256   0.0788205468461586  -0.0247750995861936 0.0831157953695001 1785404727.62603
-0.0104398479821061   0.100527098721213  0.0123490552514137 0.101819385034464 1785404727.64853
 0.035684964203345 0.0971075035572497 0.0192439008807359 0.105231229387587 1785404727.67018
0.0571856100883078  0.115666352345503 -0.013504001527863 0.129735334906689 1785404727.68854
 0.0331870903878508  0.0613911226763154 -0.0145178998606419 0.0712812901695347 1785404727.70789
 0.0557113172145126  0.0112985951401586 -0.0283343201375488 0.0635156895229389 1785404727.72592
 0.0954238630115497 -0.0487051138785202 0.00592508126030898 0.107298687493873 1785404727.74818
  0.109531983290649 -0.0782298284725788  0.0265361635330044 0.137190850283401 1785404727.77027
  0.075370908557983 -0.0377805268109629 -0.0235871264171742 0.087547099298546 1785404727.78859
 0.0444994540195647 -0.0321013308318633 -0.0346782907963213 0.0649097889518239 1785404727.80798
 0.0246749288536379  0.0243441962429687 -0.0247552985495437 0.0425947979326737 1785404727.82593
 0.0120425894059125  0.0473518680686469 0.00546055128675313 0.0491634110853305 1785404727.84873
0.00513551840314149  0.0553287409650342 0.00110898226984238 0.0555776301016847 1785404727.87066
0.0171425191915085 0.0724181867445026 -0.051381139082582 0.0904338497965033 1785404727.88897
0.00450920001085111  0.0453495168370108  -0.062358019075769 0.0772362227529425 1785404727.90815
-0.0134684907548674   0.037079354165327 -0.0494908703124338 0.063290007053356 1785404727.92609
-0.0162111861893764  0.0423565043068243  0.0176622149005364 0.048670626151236 1785404727.94859
0.0198760225576827 0.0353730262667047 0.0417113116928304 0.0581905557897065 1785404727.97061
0.0272198290554697 0.0468263778405001 0.0153561849166469 0.0562977901046261 1785404727.98959
 0.00800901341770558  0.00364332682232593 0.000736037269247376 0.00882948906341634 1785404728.00806
0.000973644309063223 -0.00539143381090073 0.000434107193086028 0.00549581575682663 1785404728.02587
-0.00122885953623894 -0.00283159392642652   0.0280462597053669 0.0282156109872685 1785404728.04653
 0.0311130756010836 -0.0185231764053682  0.0431831146501227 0.0563552386951629 1785404728.07041
  0.0546739055224553  0.00300881301807286 -0.00476634140788355 0.0549636872059417 1785404728.08951
 0.00449837812376322 -0.00532063407486392  -0.0255465785323401 0.0264796568597853 1785404728.10695
-0.0203734434554031 0.00692461849079692 -0.0184402474702774 0.0283384944243456 1785404728.12595
-0.00341766232477409 -0.00831314982034573  0.00520555921424142 0.0103868533461616 1785404728.14701
 0.00499378376746655 -0.00722327534451344    0.022068121243232 0.0237511169889935 1785404728.17062
0.0153509042853924 0.0321306118784342 -0.016382928079113 0.0391972807029677 1785404728.18889
-0.00876028842178771   0.0147936902109056  -0.0161512079852376 0.023589350196043 1785404728.20809
-0.0427513957278691  0.0291696468556316 -0.0276482436370377 0.0586768737287197 1785404728.22605
-0.0278964545187176  0.0239473483133257 0.00850167336820678 0.037735475563643 1785404728.24672
0.0050357258243403 0.0338455600343568 0.0247074081826987 0.0422058821460192 1785404728.27057
 0.0381031348580239  0.0505875295007224 0.00708267664298595 0.0637268494076423 1785404728.28875
  0.0312004461958342   0.0147932662323337 -0.00048479836854602 0.0345332245540146 1785404728.30827
 0.0312217236808522  0.0133726205710207 -0.0154718399282774 0.0373229264836804 1785404728.32599
  0.0504742037135431 0.000549427817102381   0.0432386000786343 0.0664644540201944 1785404728.34641
 0.0566765065424684 -0.0206406375387954  0.0449995051748032 0.0752543538796496 1785404728.37021
0.0697270938381404 0.0161048847634769 0.0302259057503454 0.0776842346090021 1785404728.38992
   0.0301462806294256    0.0454688622646499 -0.000756988248142336 0.0545599551194611 1785404728.40829
-0.00481374502818809    0.058599801808992   0.0141420045687625 0.0604740043859546 1785404728.42603
0.00346252311000615  0.0700097922921556  0.0509361697225696 0.0866478705398149 1785404728.4463
-0.00537594628241086     0.10727125766173   0.0351417322199849 0.11300869374602 1785404728.47058
0.0455219810892738  0.190480467982489 -0.014241916792511 0.196361634845112 1785404728.48991
 0.0176750408183361   0.262553347833082 -0.0574002588718758 0.269335213525539 1785404728.50841
 0.0106574354336176   0.299056316529829 -0.0590264012495158 0.305012093909208 1785404728.52606
  0.0420440634107362    0.319964930328051 -0.00584618390738159 0.322768396492283 1785404728.54599
0.0358826572892514  0.351665176253964 0.0250974255675803 0.354380927892557 1785404728.57011
 0.100624441350156  0.408967546523634 0.0182575820840936 0.421560282296789 1785404728.58891
  0.0893232615720626    0.485024663754736 -0.00308931701387282 0.493190747467831 1785404728.60812
  0.0291340985787841    0.479286701561865 -0.00301694287839191 0.480180840869752 1785404728.62598
0.0282519322021585  0.450628120413003 0.0504804970837331 0.454326045000649 1785404728.64572
 0.016323545985934  0.428381416715628 0.0863180771295929 0.437296131677601 1785404728.66997
0.0410483852303598  0.359484303006337 0.0551320018150329 0.365996545970183 1785404728.68952
0.0210522749151343    0.2934300057002 0.0235045041354891 0.295121717667434 1785404728.70796
-0.0298874560674306   0.264611134062436  0.0517235675468663 0.271270418106667 1785404728.72596
0.00179033514789648   0.255089070831384  0.0833288147069845 0.268360449243237 1785404728.74456
-0.0404472354318937   0.305637116479598   0.132508942907752 0.335572117099404 1785404728.76956
0.0169268378650025  0.395542360968285  0.120325360736341 0.413785535751075 1785404728.78863
0.0271970417000609  0.557630211303714 0.0552366712782944 0.561018913664919 1785404728.80703
0.0624309852468063  0.623440163152597 0.0565610103103942 0.629106042601688 1785404728.82611
0.0832564073771236  0.658783698444532  0.104712298832519 0.672229318188661 1785404728.84481
0.0185105899496711  0.775954394373704   0.12560936686553 0.786273220409105 1785404728.86871
0.0890521428323583  0.824678294266409  0.104812198822497 0.83606828082352 1785404728.88857
0.0743985488014013  0.891956259690853 0.0332729447210831 0.895671927725695 1785404728.90783
0.0248164977274095  0.848981263929683 -0.012591111651401 0.84943721436944 1785404728.92601
0.0278968536647666  0.774411723995909 0.0263217097465207 0.77536093860259 1785404728.94435
0.00661776038612642   0.737525819265496  0.0188329050755467 0.737795911583518 1785404728.96812
 0.007079312275013  0.627326702473635 0.0400960585182235 0.628646643359708 1785404728.98815
-0.000307326638140773     0.567432167238772   -0.0373809691625551 0.568662198253484 1785404729.00627
 -0.056290278969484   0.543151961443451 -0.0998548798386032 0.555115884977103 1785404729.02598
-0.0524922918169534   0.473371297625233 -0.0956687086800805 0.485786298629456 1785404729.04559
-0.0890939371000375   0.426938780832596  -0.113993488796527 0.450787053601601 1785404729.06797
-0.0772450490544326   0.426589098173286  -0.101041914322106 0.44514550961859 1785404729.08804
-0.10732423964285  0.56967272031549 -0.12734721729957 0.593517324465353 1785404729.10624
-0.0878357179921703   0.665328215872839  -0.127675459171263 0.683138178603954 1785404729.12605
-0.0106745656470617   0.648038251496804 -0.0813505022592313 0.653211624186693 1785404729.14581
 0.0190622810876568    0.61358395694746 -0.0580519907714476 0.616618744781649 1785404729.16683
   0.0847424392970847     0.608205823112345 -0.000925991179127146 0.614081803789568 1785404729.188
 0.119358402437082  0.587237620427081 0.0406979661294328 0.600625320415536 1785404729.20623
 0.100235253899512  0.542881173260572 0.0526260284686155 0.554559801353699 1785404729.22597
 0.115629548233201  0.383773911698842 0.0971140019548909 0.412412096210744 1785404729.2449
 0.11097133384998 0.263134127879419 0.119367490886097 0.309520280549996 1785404729.26688
0.0986259891714647  0.116087365687942  0.106820491531104 0.186048326042892 1785404729.28825
0.0549382101342075  0.074130694180633  0.054297731368068 0.107059844872724 1785404729.30682
 0.0193968041217289  0.0663081857592144 0.00599460000054265 0.0693465697636279 1785404729.32609
0.0469971570411788 0.0787095469413323 0.0131485873460847 0.0926110733058452 1785404729.34581
 0.019664111723882  0.110998414795014 0.0333593469773096 0.11755922510653 1785404729.36705
0.0109046264522735  0.154887714519473 0.0229494641634719 0.156957933512517 1785404729.38829
0.00658965223728258   0.212406249220024  0.0101055366168248 0.212748584236514 1785404729.40663
-0.0392421034757149   0.220922459145618  -0.016934584204532 0.225018789842818 1785404729.42602
 -0.0233976310974786    0.167478804192083 -0.00549438150849183 0.169194524801321 1785404729.44487
-0.0180514295181529  0.0717100969145378 0.00773487600965736 0.0743506584639707 1785404729.46681
  0.0156990982102485 -0.00141820828947678   -0.017090974114469 0.0232502558168468 1785404729.48828
 0.00684317291149308 0.000733943565107783  -0.0141193127374981 0.0157074084696563 1785404729.50676
0.00198457731328154   0.010862134962121 -0.0470654970110324 0.0483434124979115 1785404729.52598
 0.0502301357565177 -0.0182988759673411 -0.0297594801737786 0.061184491989391 1785404729.54469
  0.037193006864406 -0.0618910993654717  0.0177651398829648 0.0743601246323845 1785404729.56598
0.0344086754648463 -0.123764596909893 0.0137955652124519 0.12919732975199 1785404729.58799
   0.039700256880207   -0.122038594350561 -0.00749410748435003 0.128552287239093 1785404729.60649
-0.0058462324032846  -0.118872423413865 -0.0303494646398531 0.122824759252864 1785404729.62596
0.000180434461340767   -0.144323129648087 -0.00749118166401022 0.144517528731765 1785404729.64441
 0.00605231938038669   -0.145183744493531 -0.00878329447628681 0.145575054514509 1785404729.6654
-0.0300571916934675  -0.140332832116386  -0.018992621504143 0.144766909941131 1785404729.68801
-0.0110810127330296 -0.0993957478835688 -0.0367133529036511 0.106537194547029 1785404729.70627
-0.0465554876646405 -0.0900883579880857 -0.0530199459626657 0.114430941386349 1785404729.726
 -0.03407984574284 -0.164022820976401 -0.017774441291653 0.168466175982429 1785404729.74431
 -0.010730346911446  -0.239356755981365 -0.0188767632621265 0.240339612153338 1785404729.76565
-0.0300233108276557  -0.284788689723767 -0.0546299689686853 0.291531182718339 1785404729.78789
-0.0108147398577689  -0.266059600404843 -0.0609370459379893 0.273162942460035 1785404729.80635
-0.0566587875679291  -0.274337694562965 -0.0727128254225883 0.289410683713864 1785404729.82604
-0.0248985904371773  -0.374648043180194 -0.0347165558464744 0.37707603386366 1785404729.84412
  0.0176793299872089   -0.534589115360131 -0.00120866706470319 0.534882736538017 1785404729.86504
0.0356715250721225 -0.690361023690197 0.0219932012135882 0.691631767366978 1785404729.88663
0.0943711587443373 -0.745441000145546 0.0347293445309386 0.752193012246385 1785404729.9063
0.0984844470757614 -0.732230963601843  0.027598371287104 0.739339597526606 1785404729.92599
 0.104944771918446  -0.71656594896448 0.0590743533412254 0.726615402803343 1785404729.94417
0.0970102646572056 -0.702594784720356 0.0902232721079503 0.714975986865972 1785404729.96447
0.0677713590679555 -0.723650627741703  0.078274324459392 0.73101987524995 1785404729.98668
0.0717240974115933 -0.651564554491815 0.0501415951468676 0.657415313468965 1785404730.00684
 0.0198071151358187  -0.561203202834698 0.00891758477212022 0.56162343255966 1785404730.02612
-0.0172312630258292  -0.532830666636805  0.0021337174818484 0.533113485558544 1785404730.04412
  -0.0275705200961046    -0.559250705542486 -0.000344311345246568 0.559929998998483 1785404730.06433
-0.0840522345202381  -0.642953377611426 -0.0477865645726707 0.650182574100109 1785404730.08802
-0.0890015159724257  -0.608830942442492 -0.0683818875475218 0.619090032923617 1785404730.10667
 -0.129567701337988   -0.53923839891564 -0.0834716423433338 0.560832733683231 1785404730.12597
-0.154224194033886 -0.504518183581148 -0.035455361054321 0.528753990260986 1785404730.14398
-0.136058839135371 -0.553731960523842 0.0160753590466051 0.570429232228608 1785404730.16404
-0.149434451257377 -0.655154024711188 0.0541757576285447 0.67416056250161 1785404730.18826
-0.110303888519387 -0.627200184074892  0.024861851122047 0.637310858504145 1785404730.2068
 -0.0773137176006731   -0.611119596512139 -0.00207153801478547 0.615994207310542 1785404730.22609
-0.0447754848258825  -0.603788531401497  0.0114311740897656 0.605554379419751 1785404730.24397
0.0152519321130659 -0.669577315489387 0.0744989002773609 0.673881658003608 1785404730.26382
0.0525046121273765 -0.786472078137662  0.122442482936668 0.797676140806854 1785404730.28806
0.0780239766892915  -0.75856946522668 0.0947550616168903 0.768436006583972 1785404730.30686
0.0592521523022975 -0.733728902393165 0.0607640231703512 0.738621138521894 1785404730.32599
0.0522816298079626 -0.715448887380391 0.0477081216792213 0.718941266129143 1785404730.344
0.0935797952550301  -0.78008278598522 0.0760706144174125 0.789349776365509 1785404730.36397
 0.110565462857942 -0.888581884609178  0.068973586130393 0.898086767977503 1785404730.38819
0.0648312665101594 -0.825365654298694 0.0320994096838001 0.828529980456514 1785404730.40802
-0.0105401683126247   -0.71228285168975 -0.0292679470938743 0.712961828351583 1785404730.42605
  -0.046020676928638   -0.671946386534533 -0.00906757807583554 0.673581524430375 1785404730.4441
-0.0471529066465658  -0.673490170292468  0.0248800367614414 0.675597085780458 1785404730.46414
-0.0526844164027029  -0.673580059221622  0.0360112439744606 0.676596300318946 1785404730.48851
-0.0225418519983504  -0.569265097103142  0.0103216083577469 0.56980472222548 1785404730.50824
  -0.06723874069988  -0.511827649723141 0.00229248503253834 0.516230420219154 1785404730.52606
-0.0826788753376057  -0.508156273280629 -0.0117302248967081 0.514972030966416 1785404730.54413
-0.0749936423959262  -0.547432775460595  0.0397213622004093 0.553971548604578 1785404730.56408
-0.0385459337470804  -0.633219508758598  0.0462433757993092 0.636074826640884 1785404730.58833
-0.0154293601689962  -0.674679311726979  0.0145152294614911 0.675011800425692 1785404730.60831
-0.011178707229256  -0.69868144332451 0.0210845339785122 0.699088892998901 1785404730.62602
-0.0191659034577276  -0.773091550135372  0.0321906817782923 0.773998783422439 1785404730.64385
0.0297247255319403 -0.792823859031963 0.0296905675438649 0.793936244643964 1785404730.66317
0.0538775735412496 -0.866081907831007  0.040465701322458 0.868699106127322 1785404730.68809
0.0718655353292988 -0.863520910003935 0.0297074106629419 0.867015309801671 1785404730.70844
0.0590550897696038 -0.826752497859074 0.0296474153301318 0.829389031504318 1785404730.72574
0.0591884925039074 -0.805919159897409 0.0269874060473712 0.808540221646268 1785404730.74262
0.0464148296374795 -0.822954295440882 0.0977294394032573 0.830035633042913 1785404730.76274
0.0407961985691622 -0.830542507829671  0.110490865715347 0.838852441455719 1785404730.78795
0.0541582388132482 -0.670572377576216 0.0841188237991366 0.677994398883149 1785404730.80874
0.0288795817027445 -0.576248391592227 0.0786906954927501 0.582313029743528 1785404730.82614
0.0107549847834443  -0.49592445706386 0.0748348441481492 0.50165425415365 1785404730.84268
0.0192732101783849 -0.440870453331586 0.0667300830825155 0.446308320827181 1785404730.86237
0.0126568412036673 -0.427843007928455  0.043485030716989 0.430233405210451 1785404730.88685
 0.0220423526091062  -0.358164612820892 0.00336443911322488 0.35885801459105 1785404730.90863
  0.0272062082693775   -0.317905127600688 -0.00168280781005588 0.319071590345069 1785404730.92603
 0.0429453536222264  -0.314888655611482 0.00312893863732616 0.317819066589059 1785404730.9424
  0.054234599538256  -0.329211427100269 0.00073058300309684 0.333649650489844 1785404730.96216
 0.050472385862436 -0.345158655265276 0.0144218033082959 0.349127408620181 1785404730.98627
0.00796220444277062  -0.449120019712107 -0.0307917412957016 0.45024473360364 1785404731.00849
 0.0184949727801163  -0.471385773393536 -0.0244164564266019 0.472379905076827 1785404731.02596
 0.0151000472051475  -0.453313817216677 -0.0190273046477588 0.453964168880443 1785404731.04223
 0.0113967758362033  -0.431079278944276 -0.0192622739532799 0.431659896715492 1785404731.06202
0.00769994458731842  -0.430706185758152  -0.014007883187791 0.431002701138155 1785404731.08601
 0.0521485424925118  -0.311605415334919 -0.0248085776800165 0.316911455893671 1785404731.10831
0.0556481999264894 -0.227660167600812 -0.020449593715118 0.235253182656902 1785404731.12595
 0.0764508569096148  -0.144459219954904 -0.0187536880121487 0.164514134852452 1785404731.14216
 0.0675007543113207 -0.0136029367431894   0.033178904915456 0.0764344912459379 1785404731.161
  0.0714872350671585 -0.00196015464274243   0.0569521612649687 0.0914210897797748 1785404731.18513
 0.0590339059699672 -0.0648595151531945  0.0429057227453759 0.0976353409595187 1785404731.20809
0.0270505144297869 -0.138066720861007    0.0525231974373 0.150176016757886 1785404731.22604
0.0146653191025097 -0.166609774848065 0.0548724609981333 0.176025213067029 1785404731.2422
-0.0396178224067184  -0.170918608923297 0.00195015620285909 0.175460952458776 1785404731.262
 -0.071994248929981  -0.145326233190848 -0.0337930872818911 0.165664898757927 1785404731.28571
  0.033233115675792 0.00410676534630095  -0.058699636309368 0.0675792335113548 1785404731.30785
 0.0384733318949813  0.0843356730738691 -0.0756791674497157 0.119666367061953 1785404731.32599
0.0340326831372856  0.130346860122589 -0.075104805181898 0.154237671230966 1785404731.34229
-0.0444730583580462   0.231119144513504  0.0231232475462644 0.236492275682438 1785404731.3622
-0.0283985454236121   0.261155511743457  0.0246118065549338 0.263845446650234 1785404731.38454
-0.0012036234853318   0.239059881423868 -0.0175676346122463 0.239707524708253 1785404731.40797
-0.00598661925071692    0.174646276461689  -0.0220924424451171 0.176139823734374 1785404731.42611
 0.0065435950814683   0.139621533484036 -0.0199950586718782 0.141197711101546 1785404731.4426
-0.0444268706755828   0.100273023954738  0.0100183575852766 0.110130802502111 1785404731.46205
 -0.040979254293999    0.11763117142588 -0.0059274525209918 0.124705759557871 1785404731.48432
  0.0146737657132445   0.0901187116431978 -0.00284126592882845 0.0913497366198466 1785404731.50674
 0.00828660534729741   0.0268720877782803 -0.00438921065845174 0.0284612385526303 1785404731.52603
  0.0153777342480582   0.0276035101006568 -0.00349598499118834 0.0317907280750154 1785404731.54227
-0.0107973392882158  0.0959240635075388   0.030930974085997 0.10136436086422 1785404731.561
-0.00691724194511855    0.164587895289861  0.00806037268158977 0.164930267446093 1785404731.58386
  0.0149468204116397    0.162843417805645 -0.00218321020425868 0.163542509977796 1785404731.60616
0.0650849066185699  0.252677768817455 0.0152904051623141 0.261373098107175 1785404731.62601
0.0597202741842345  0.245885840512175 0.0167691184490146 0.253589355152333 1785404731.64243
-0.0406707043352545   0.275464503044556  0.0145275817177634 0.278829426817322 1785404731.66073
-0.052808363946623  0.333806423336493 0.0167074552927522 0.338370493137006 1785404731.68386
-0.0694666245913144   0.376357828158002 0.00559125005222224 0.382755912854479 1785404731.70648
-0.0731032138311003   0.410421782895682 -0.0162632103783742 0.417198527992989 1785404731.72611
-0.0696598670087374   0.424112025344382 -0.0153710426713397 0.430069501436911 1785404731.74361
-0.0708899965099832   0.504528719109263 -0.0302745048255903 0.510383351661919 1785404731.76071
 -0.0653121610325615    0.587818958641256 -0.00519775849860626 0.59145906300457 1785404731.78366
 -0.0526053996407371    0.599289965738592 -0.00643516960228314 0.601628791294212 1785404731.80634
 0.0490844614422079   0.605543766888743 -0.0128045983888275 0.60766478893612 1785404731.82604
0.0634690928465221  0.570458146977845 -0.004758124939896 0.573997790024579 1785404731.84378
0.0365190941125747  0.586717367350532 -0.060673343163836 0.590975606904565 1785404731.86054
 0.0339136615664446   0.652807982231048 -0.0818362103099393 0.658790986143032 1785404731.8825
0.0255171163142686  0.697815445672118 -0.103374651296218 0.705892228299893 1785404731.90609
 0.0869843056220611   0.636744650028014 -0.0710445582046812 0.6465735441652 1785404731.92596
  0.102380847674121   0.538525097319549 -0.0589344203540472 0.551329651221453 1785404731.94291
 0.0939642502485486   0.541718766476939 -0.0726610069340928 0.554588247447369 1785404731.96046
  0.111310589241219   0.600734190472596 -0.0367399312483298 0.612063262602914 1785404731.98198
     0.1029497915213    0.665696030139979 -0.00810900987371765 0.673658385355322 1785404732.00601
  0.117267932967401   0.632980367600052 0.00170915461957503 0.643753706846848 1785404732.02597
 0.112412880237113  0.575008566743275 0.0061491243293656 0.585926035606352 1785404732.04367
 0.0485751146077926   0.639140784688946 -0.0339138427450902 0.641880544292862 1785404732.06098
 0.0170849315935473   0.746712087419294 -0.0328849579622024 0.747631096762174 1785404732.08209
0.00767650810390881   0.832477629703322 -0.0682851466091318 0.83530880157015 1785404732.10659
0.0476840661365285  0.779695880565812  -0.10465650031437 0.788132234712336 1785404732.12609
0.0304666854447407  0.665143571420518 -0.110679402343228 0.674977125262097 1785404732.14395
-0.0321952302808435   0.668991180409132  -0.113641999382995 0.679338086921236 1785404732.16224
-0.0728101348425052   0.701137439704312 -0.0803287196212153 0.709470033395974 1785404732.18208
 -0.110353305032388   0.769996758001935 -0.0654421430253092 0.780612281064554 1785404732.2069
-0.0880676076664502   0.699376326619832 -0.0796814631148485 0.709388670138214 1785404732.22614
-0.0571143913797224   0.610828738578804 -0.0815477905262124 0.618889201486143 1785404732.24414
-0.0547475896636071   0.602856590517861  -0.087965922453257 0.611695488636174 1785404732.26237
-0.0326635693930853   0.591084358793386 -0.0352841742597545 0.593036761869682 1785404732.2818
-0.0254892832892091   0.629723857401584 -0.0272109013026011 0.630826658673385 1785404732.30684
 0.0668656734557367   0.567782117637909 -0.0220228103058526 0.572129841530614 1785404732.32616
  0.130930131201251   0.524073308071978 -0.0247532478883726 0.540747866173235 1785404732.34456
 0.147444128438509  0.502668900084189 -0.014512297251329 0.524048090249693 1785404732.36228
 0.209955513674361  0.473388492508397 0.0090403631135958 0.517937940999559 1785404732.381
 0.187369089107677  0.537263426324948 0.0505660988656525 0.571240838153186 1785404732.4061
 0.214922647453737  0.581720086772273 0.0444226416450407 0.621742209306709 1785404732.42609
  0.143546348706417    0.71547751753847 0.00414103778988091 0.729747066129034 1785404732.4442
    0.094646912076962     0.774016899953392 -0.000584187325549307 0.779782367493646 1785404732.46271
 0.085711133483788  0.786925227904132 0.0384640961336857 0.792513217180904 1785404732.48215
 0.017141552029972  0.877117827938398 0.0603440730407566 0.879358245565775 1785404732.50602
0.0133562385106921  0.885984287448823 0.0178263401949589 0.886264252420292 1785404732.52603
-0.0339877719179503   0.891553662384334 -0.0495424003792444 0.893575710830483 1785404732.54433
-0.114873342375138  0.890079420322434 -0.102349042878801 0.90327879740873 1785404732.56304
 -0.128640210392609   0.861975435538498 -0.0829381790863522 0.875459134826862 1785404732.5826
 -0.178556454132657   0.840864030625608 -0.0785761060497729 0.863196924087613 1785404732.60575
 -0.155223474408695    0.74960827761187 -0.0391634447782854 0.766512017047771 1785404732.62603
 -0.161768561766566   0.627478308080415 -0.0319410279781257 0.648782185294712 1785404732.64444
 -0.195661749466437   0.543710167954457 -0.0371404978678204 0.579036858518696 1785404732.66372
-0.147016013818958  0.459931692443131 0.0379402210810554 0.484345259508647 1785404732.68258
-0.135250105898559  0.408058345036236 0.0590953027321292 0.433931398845815 1785404732.70564
-0.0219106854347925   0.398117410467582    0.10182336702162 0.411516158522669 1785404732.726
0.0743078341804247  0.422967589634825 0.0807209689675164 0.43696580064478 1785404732.74428
0.0849636853454142  0.478321550308117 0.0779780454304263 0.492027345668699 1785404732.76401
0.123346850283497 0.470992795844282 0.107827315616458 0.498673629947609 1785404732.78388
0.0764716462562247  0.460633299610847  0.109032706883837 0.479498780563549 1785404732.80511
0.0654355303613393  0.467155544556008 0.0841995973284634 0.479171872748563 1785404732.82611
0.0222794842880533  0.452530184825266 0.0154912989507563 0.453343053262441 1785404732.84429
 -0.035266119823528   0.423063675589978 -0.0433370773003929 0.426737243605535 1785404732.86393
-0.0569517745915467   0.356512267105797 -0.0321017784508647 0.362456929035369 1785404732.88396
-0.0866697151598545   0.287140800573804 -0.0576650853428838 0.305428782120575 1785404732.90499
-0.0984512344707558   0.228284399857448  -0.112471040354619 0.272866538266496 1785404732.92606
-0.112639209117647  0.208266994279006 -0.126215563347788 0.268315301031939 1785404732.94452
 -0.13597995544686  0.218154650843108 -0.136769250609324 0.291183495205419 1785404732.96392
-0.109989094675397  0.169731693696257 -0.108910654509003 0.229712819533636 1785404732.98373
 -0.119646741673695   0.138004736039697 -0.0868599870474831 0.202250605221362 1785404733.00434
-0.0940280162992152   0.108790543242438 -0.0716810235914415 0.160669907858526 1785404733.026
-0.0455828541557354   0.103365264321207 -0.0746607648975141 0.135411979810717 1785404733.04417
-0.0303660432225318  0.0744551683915739 -0.0835947643833861 0.115990315602313 1785404733.06375
0.00892574522598334  0.0224572124152813 -0.0354551503681739 0.0429076101051322 1785404733.08273
 0.0209066436069591 -0.0235313095053278 -0.0142416060393654 0.0345490031191122 1785404733.10479
 0.0328241426986212 -0.0388639359300952  0.0138516718774323 0.052722847738699 1785404733.12611
   0.0454978939163993  -0.00699874351894547 -0.000359926637673028 0.0460344469811077 1785404733.14423
 0.0211148963094524  0.0162027210402203 -0.0191824598452676 0.0328075262856166 1785404733.16366
  0.0337513405849731 -0.00538011049576855  -0.0190211925829924 0.0391139917102412 1785404733.18249
 0.0402289979343505 -0.0162324762653416 0.00171009024365653 0.0434141678389475 1785404733.20431
0.0399583517938614 -0.029553418529846 -0.012448346019489 0.051235102649484 1785404733.226
  0.0278463072607122   0.0229268432994075 -0.00112922187053508 0.0360878388625098 1785404733.24444
-0.00760213100397102   0.0661043966016341  -0.0356614177225434 0.0754938431916763 1785404733.2639
-0.0110503946839496  0.0398608525268508 -0.0176180217270398 0.0449599096575256 1785404733.28256
-0.0159901097231217  0.0143185255956573 0.00715534621654711 0.0226252682563018 1785404733.3039
 -0.039034500097473 -0.0352904497860688 0.00642117318627474 0.0530126353716809 1785404733.32603
-0.0353679304120696 -0.0325295333912017 0.00345636811584893 0.0481768359778282 1785404733.34453
-0.0407116826262158 -0.0273033156402303 -0.0372005564133054 0.061536928300552 1785404733.3639
-0.0246718724940093 -0.0665113742955535 -0.0104712560215523 0.0717085169677407 1785404733.38241
-0.00658894275493876  -0.0569741828954607 -0.00213715376793046 0.0573937201221619 1785404733.40367
 0.0305280079821434 -0.0331104801293776 -0.0166031953249754 0.0479992631272086 1785404733.4261
 0.0510553954883363  0.0402609539236303 -0.0131382572424649 0.0663340909539001 1785404733.44454
0.0148525245318493  0.077849626136846 -0.052451403393294 0.0950384737490135 1785404733.46412
0.00719564468634664  0.0434572659991286 -0.0204725752461999 0.0485740425307847 1785404733.48251
 0.0197389730223966  -0.011426577384355 0.00169996667697175 0.022871021258404 1785404733.5039
 0.0107638312973553 -0.0479722280452669  0.0132325944321063 0.0509145979384069 1785404733.52604
0.0271151946136994 -0.015655275591849 0.0241047995962257 0.0395140835192939 1785404733.54569
0.00218671519502606  0.0314098345686169  -0.013623906525167 0.0343070001600042 1785404733.56426
0.00689923408309264  0.0190935657726537 -0.0277094502288496 0.0343507979067889 1785404733.58298
0.000669130956444746  0.00556796496979566 -0.00443458429904688 0.00714951103552525 1785404733.60439
0.000828352932076478   0.0011203253327678  -0.0168374918191574 0.0168950415267768 1785404733.62616
  0.0092902460328122   0.0495854252276147 0.000174727353864235 0.0504485242202559 1785404733.64607
0.00275826269616641  0.0643541840846876 -0.0254310368921477 0.069251762863603 1785404733.66456
 0.0128389866814929  0.0374741914139373 -0.0155659259881329 0.0425611636706986 1785404733.68407
0.00975347215483862 0.00732413080879106  0.0205814513571288 0.0239242398237719 1785404733.7042
0.00390133177040363 -0.0154616406962165 0.00661045757197123 0.0172621224625621 1785404733.72617
0.0423391711319373 0.0158640645879775 0.0121781334736238 0.0468250028541632 1785404733.74585
 0.0188537554350303  0.0565600671337053 -0.0102547219218064 0.0604951618715643 1785404733.76421
  0.0097820340292432   0.0417577432222133 -0.00343712194753661 0.0430257029697808 1785404733.78371
0.0147579905376017 0.0421171615067484  0.011332153354283 0.0460442317531573 1785404733.80373
-0.010775896703608 0.0148209073868396 0.0473575431583881 0.0507790915587774 1785404733.82613
 0.0130821453316321 -0.0235719126217572    0.04053108459926 0.0486779869131631 1785404733.84471
0.00756163897486955 -0.0756820354046891 0.00241527771698775 0.0760971907065764 1785404733.86405
  0.00297609632783285    -0.152422432402178 -0.000283984296095919 0.15245174874638 1785404733.88279
0.0489130189852347 -0.231069362637361 0.0068985160433826 0.236290336872855 1785404733.9028
0.0412200891493034 -0.351366213837826 0.0328720829980161 0.355299712660782 1785404733.92602
0.0389429354728348 -0.438174048132025 0.0520098805545528 0.442965096091042 1785404733.9448
0.0296535070211132 -0.537323747338611 0.0197619951774251 0.53850410990637 1785404733.96425
 0.040477851717362 -0.636507985460733 0.0194941321779521 0.638091602533919 1785404733.98297
0.0557315061342787 -0.731186107011939  0.019640424545642 0.733569949043446 1785404734.00425
  -0.020322827725581   -0.815810056216019 -0.00539600674080176 0.816080989877043 1785404734.0261
-0.0279939706233015  -0.767824079302158 -0.0248580509046865 0.768736236847363 1785404734.04589
-0.0604948777413565  -0.691887194771653 -0.0501176568802843 0.696332750955388 1785404734.06468
-0.0943449509053309  -0.753184783773203 -0.0321371661020436 0.759750673388241 1785404734.08388
-0.050676050106929 -0.943547825522802 0.0138918644068535 0.945009812118344 1785404734.10408
-0.0203582949009131   -1.20810836965235  0.0425668774810602 1.20902945872043 1785404734.12618
0.0292747787636893   -1.2405058605462 0.0541723290267016 1.24203318955385 1785404734.14499
0.0666387655464211  -1.27949169534646 0.0425067909119312 1.28193079017852 1785404734.16404
0.0583768786548038   -1.2733220788353  0.058469175542582 1.27599985144966 1785404734.18227
0.0588904267505885  -1.31026109400197 0.0928278072367174 1.3148647149477 1785404734.20201
0.0516559816742316  -1.38896488502042 0.0780216249023675 1.39211320165241 1785404734.22609
0.0609547534136996  -1.13408219494112  0.031161254827019 1.13614652692714 1785404734.24465
0.00638659332012179  -0.816490847494273 -0.0154289063781248 0.81666158460416 1785404734.26301
   -0.05661430106321   -0.690516708190425 -0.00790664241616501 0.692878790532164 1785404734.28122
-0.0684243316115057  -0.732486862800967 0.00521644842617917 0.735694301097043 1785404734.30081
 -0.0646520108311759   -0.849134286005918 -0.00143323446124385 0.851593196506593 1785404734.32599
-0.0422614574021977   -0.78443759122093 -0.0350199781227767 0.786355367610582 1785404734.34495
-0.0788214370458718  -0.746737696108042 -0.0580304223167027 0.753125179263698 1785404734.36375
 -0.126470532793478  -0.789314681966912 -0.0601879574943154 0.801645216452347 1785404734.38188
 -0.135899098973584  -0.893841503241731 -0.0238484346726016 0.904427966095478 1785404734.40087
-0.0708424837856461   -1.07474690284151 -0.0143071605765753 1.07717420017382 1785404734.42605
 -0.057838556919691   -1.02612349638407 -0.0267115242764561 1.0280993308174 1785404734.44492
-0.0824653596815079  -0.920597195721509 -0.0490381936435008 0.925583317024202 1785404734.46381
 -0.103940072543581   -0.80225221469237 -0.0229873919301375 0.809283988997019 1785404734.48197
-0.0726364105499413  -0.731993184097354  0.0116481639796194 0.735680466932933 1785404734.50068
-0.0510756833995777  -0.774423735537468  0.0408862212577495 0.777182430763381 1785404734.52605
0.0168788617115568 -0.651433749584324 0.0490839817549214 0.653498326956609 1785404734.54617
0.0177042715188895 -0.564802051589411 0.0455416262266406 0.566911667218967 1785404734.56411
0.00108013195311233  -0.527384562280404   0.045071254410106 0.529308096660943 1785404734.58189
0.0152794036085335 -0.513987752870996 0.0642865038050847 0.51821773883908 1785404734.60159
0.0368716890369131 -0.552423346577096 0.0717438928319142 0.558281525267091 1785404734.62607
0.0762635226482092 -0.564753526123608 0.0566894519986249 0.572692207144175 1785404734.64626
0.0688173848463836 -0.557084247162436 0.0631949159480246 0.564864840732109 1785404734.66407
0.0574039693467522 -0.651339638519081 0.0661006175651865 0.657196950727428 1785404734.68185
0.0640734608971466 -0.731891386085644 0.0638893692373351 0.73746339632503 1785404734.70061
 0.104548229146691  -0.80796937798064 0.0933676996892385 0.820038032848106 1785404734.72607
 0.145711451062582 -0.812290582840434 0.0571682146996026 0.827233958873761 1785404734.74689
 0.120013666591412 -0.725035413069581 0.0453080332970782 0.736296440474176 1785404734.76424
 0.112067154266449 -0.660971165777717  0.041789184672065 0.67170548978737 1785404734.78197
 0.101911662617803 -0.620828860964634  0.051238950903836 0.631220953132812 1785404734.80198
 0.101428651078337 -0.591586259400932 0.0745085032013681 0.604825256269004 1785404734.82612
 0.089978195971663 -0.585179345489072 0.0519118260097053 0.594328006926307 1785404734.84784
0.0611927265590722 -0.539368300898257 0.0365893646771682 0.544060194652287 1785404734.86456
0.0404642595777011    -0.567868538088 0.0405366216789425 0.570749726719615 1785404734.88206
-0.00276438349198442    -0.61893875124694     0.06729977529312 0.622593028683839 1785404734.90211
-0.00359631472439574   -0.638644399290524   0.0621014022725428 0.641666725324734 1785404734.92602
-0.00304242470997024   -0.616859738821707   0.0236637649718891 0.617320959874153 1785404734.948
-0.0391419635011342  -0.524444035347859  0.0214240019196785 0.526338890237957 1785404734.96476
-0.0527502319736088  -0.463991842130799  0.0193586168520261 0.467381827399852 1785404734.98223
-0.0877971524677807  -0.386196214843856   0.011015953156776 0.396203492621058 1785404735.00227
-0.0967555251949298  -0.393115112429079  -0.015122379134732 0.405129373936979 1785404735.02617
-0.0452545228468341  -0.288003412476662  0.0189147404330582 0.292150140924058 1785404735.04797
-0.0619571524378587  -0.246670547052157 0.00610672693922754 0.254405856133716 1785404735.06579
-0.0652571394166865  -0.262202928579614 0.00893762329594508 0.27034931313165 1785404735.08231
-0.0901924293654953  -0.307802538736726   0.047012964083526 0.324171707524797 1785404735.10224
-0.0923336361982658  -0.315748246718665  0.0240776821680176 0.329851770433461 1785404735.12612
0.0178366638767886 -0.298440863197949 0.0050395826240571 0.299015873822135 1785404735.14798
 0.0261282850611453  -0.248663102432408 0.00273408415162886 0.250046997597841 1785404735.16609
  0.0389042000932095   -0.198240501239471 0.000949966847060153 0.202024096467673 1785404735.18299
 0.0550037778610787 -0.0764458308893547 0.00871982917255988 0.0945802096643549 1785404735.2025
  0.0287527847268274  -0.0650683503915244 -0.00835257879696382 0.0716266600141383 1785404735.22607
 0.0697414744801498  0.0900309865124701 -0.0138924256433102 0.114727726750463 1785404735.24862
 0.0415897883648945   0.131648090229887 -0.0151553376783557 0.138890656336408 1785404735.26627
-0.00588416699477522    0.129053341437182  -0.0176449089160239 0.13038685197511 1785404735.2837
-0.0966064368042245   0.120704746518421  0.0328957880346679 0.15806508891753 1785404735.30227
-0.104302219427372  0.130330715269649 0.0128980002620876 0.167425824563998 1785404735.32477
 -0.0310953327740896    0.117275770586995 -0.00286485352584606 0.121361993526925 1785404735.3485
-0.0117360516534109  0.0617318807904338 0.00601623818097643 0.0631249169202312 1785404735.36616
0.00333546427515071  0.0532489416948469 0.00133239228582817 0.0533699389427733 1785404735.38365
-0.00754933765173191   0.0662259767898226  0.00614411708749112 0.0669374534586638 1785404735.40195
-0.0146277475447911  0.0894255902863947  0.0131132355935642 0.0915579824157162 1785404735.42607
 0.0523814536174835   0.129159954238237 -0.0319114990052316 0.14298410481821 1785404735.44833
 0.0562880919651818   0.104695878209076 -0.0213502233690237 0.120770063546218 1785404735.46617
 0.0718454135826238   0.088369367529447 -0.0192830240968461 0.115510794252019 1785404735.48302
0.0352074258515159  0.103441110518278 0.0110495397136087 0.109825855372163 1785404735.50198
 0.061226656850878  0.148921937535045 0.0188205636539841 0.16211311052651 1785404735.52596
   0.0228561839238728     0.203505420586199 -0.000737236229034542 0.204786241893309 1785404735.54844
-0.0224414164594758   0.241014635716217 0.00476808535727125 0.242104123137344 1785404735.56641
-0.0212786992264972   0.275269119420183 0.00242702703587314 0.276100998924972 1785404735.58401
-0.0801603991476108   0.353868282662715  0.0513927110833715 0.366455538665555 1785404735.60272
-0.0685463032882888   0.442469712333042 0.00643727201285234 0.447794015700905 1785404735.626
-0.0263952483277218   0.458990075497519 -0.0203696050749205 0.46019943432213 1785404735.64826
-0.0443079410267081   0.405758314610328 -0.0251027106918213 0.408941498991625 1785404735.66659
-0.0393773536377711    0.42031738790475 -0.0237826756752934 0.422827267589097 1785404735.68417
-0.0696847327294152   0.523116644282801  0.0258383676516424 0.528369763275843 1785404735.70274
-0.0448675471245859    0.61480750390609 -0.0134461552525627 0.616589136082765 1785404735.72609
 0.0137773865002119   0.629278116008356 -0.0219822713380712 0.629812657795144 1785404735.74875
 0.0868245857062819   0.702498464288411 -0.0152680069081604 0.708008271876531 1785404735.7679
  0.116140359292312   0.731661298996695 -0.0104564947395056 0.740895524205886 1785404735.78488
 0.111933819959959  0.892345735854691 0.0161202178032971 0.899483159248078 1785404735.80261
 0.146351780354085   1.01898024767505 0.0215579828791729 1.02966224335484 1785404735.82606
  0.134950589611867     1.1148559683246 -0.0307195228358267 1.1234140736295 1785404735.8488
  0.134033240641431    1.09629028652391 -0.0755553251957382 1.10703473707421 1785404735.86817
  0.102622584546082    1.05509340804675 -0.0805388759096492 1.06312746418076 1785404735.88588
 0.0107245856625664    1.05844328344191 -0.0623644935987275 1.0603332169949 1785404735.90309
-0.0315437852601647    1.14901148621661  -0.048273206738224 1.15045760823032 1785404735.92602
-0.0356642983399199    1.15529284190223 -0.0754894042150356 1.15830572081612 1785404735.94991
-0.0189806593982518   0.959237198529812  -0.117725333004872 0.966620671466126 1785404735.96826
-0.0475158237358056   0.838349035010772  -0.119333904923941 0.84813173438634 1785404735.98625
-0.0948449104641984   0.843423348297979 -0.0957687795364827 0.854125377581677 1785404736.00422
 -0.105696186400479   0.905140650501213 -0.0772518955455468 0.914559531345415 1785404736.02605
-0.0455628680426448   0.966909949381602   -0.04176432072209 0.968883421079534 1785404736.05009
 0.0596712067043937   0.905134983890356 -0.0795472865663766 0.910581002861265 1785404736.06842
 0.0845363056344443   0.866191142443548 -0.0620401436333692 0.872515020867852 1785404736.087
  0.104837593575832   0.905136693102012 -0.0889926596928139 0.915523373653353 1785404736.1052
0.0921199700421198  0.996314121957568 -0.063493759691696 1.00257636916717 1785404736.12607
 0.0391078001929389    1.11768211908934 -0.0563716979547532 1.11978592047689 1785404736.15025
 0.0377332165060875    1.04801005712628 -0.0593365237728556 1.05036645915565 1785404736.16873
-0.0148549443305479    1.04764795429184 -0.0803641031139758 1.05083076400163 1785404736.18805
-0.0978372065642589   0.977192503958747 -0.0597089017291021 0.98389148879699 1785404736.20582
-0.0970618678941183   0.979917226023436 -0.0344357186367861 0.985314464916959 1785404736.22602
 -0.108927096406126    1.05309047481989 -0.0290438191053188 1.05910726742671 1785404736.24884
-0.0493584775548836    1.02855201868829 -0.0360187803446182 1.03036540459771 1785404736.26858
-0.0545413065491849    1.02837213627456 -0.0590426436845625 1.03150862262962 1785404736.28786
-0.0751026084346242   0.965220491599386 -0.0721256663488628 0.970820843896191 1785404736.30598
-0.0575380215594867   0.940431267008077 -0.0398241634740145 0.943031047149458 1785404736.32608
-0.0895701459742586   0.941415243432467 -0.0467096208492038 0.946819550018237 1785404736.34817
-0.0154293927691102   0.879907734905724 -0.0546776925267752 0.881739949286748 1785404736.368
 0.0351622358461073   0.782955887393183 -0.0753645666807876 0.787360224004443 1785404736.38623
 0.0151090492213966   0.710851195406563 -0.0620476335219892 0.71371395825288 1785404736.40497
0.00352208405019615   0.680789556118342 -0.0538650431460947 0.68292625346299 1785404736.42606
-0.0991045180369033   0.633919919481263 -0.0606459166607429 0.644479710323047 1785404736.44679
 -0.119508936496753    0.59735385475767 -0.0791325793819167 0.614309351073275 1785404736.46691
-0.0906121581905232   0.553566038719855  -0.107209391072695 0.571086487294276 1785404736.48634
 -0.061992123183981   0.515331198223099 -0.0648634280575994 0.523083675427074 1785404736.50583
 0.00625218686693109    0.492713316887643 -0.00389996132524216 0.492768416375664 1785404736.52614
-0.0308350273814548   0.482297179707171 -0.0188180266304259 0.483648102026018 1785404736.54802
-0.0166868164216267   0.515202715373425 -0.0231499148315468 0.515992447936156 1785404736.56815
-0.0339597444202818    0.52858788874471 -0.0470304421938568 0.531761490577901 1785404736.58657
0.00626000031986965   0.516988554793553  -0.035086427210831 0.518215602588297 1785404736.6059
0.0875922906253981     0.476906205489 0.0402863986790096 0.486554141005341 1785404736.62606
 0.105085657010335  0.451894163399114 0.0667449838824568 0.468728304134653 1785404736.64827
 0.11550770931721 0.461128714049289 0.070022232100073 0.480504770861577 1785404736.66825
0.0800631436566621  0.462527996706168 0.0421593226757289 0.471295727964603 1785404736.6866
0.0352603617058288  0.451751215742836 0.0429416236405648 0.455155398818518 1785404736.70573
0.0586326977498025  0.441920915780629  0.066094502929158 0.450666586699371 1785404736.7259
0.0399537233753568  0.437529403713714 0.0494272125648283 0.442121395622923 1785404736.74794
  0.069595569219971   0.437389116661434 0.00494757575152871 0.44291902322517 1785404736.76803
 0.0725338002028256   0.476077981699355 -0.0493184795640074 0.484090600257121 1785404736.78632
 0.0583300202831125   0.482275936520306 -0.0427591001755488 0.487668751162701 1785404736.80481
 0.0783569768615938   0.484424847501726 -0.0094171655661141 0.490811503234447 1785404736.82485
 0.0578285518575972   0.488942228455257 -0.0232255366844699 0.492897626014795 1785404736.84803
 0.0792814685573131   0.440711056328239 -0.0336968279399443 0.449051514461059 1785404736.86812
  0.062440596370524   0.408223258052205 -0.0373008514122084 0.414652155433852 1785404736.88652
0.0358294450027207  0.342948412821439 -0.030560793058063 0.346166614592287 1785404736.90504
 0.0171271402445899   0.302105009829711 -0.0120742136644598 0.302830914096931 1785404736.92621
0.00124427409322248   0.248784844946183 -0.0411068874867085 0.252161106223303 1785404736.94834
-0.0198512431679962   0.144253626689644 -0.0651288360755975 0.159514720189054 1785404736.9685
 -0.043155080934645  0.0870761245031878 -0.0786946298112914 0.125049818992698 1785404736.9869
-0.0425796969480602  0.0400317067359781 -0.0611309414603523 0.0845728096979935 1785404737.00582
-0.0270757276855194  0.0274871743802849 -0.0285178236167851 0.0479781830517857 1785404737.02613
-0.0180569691973777  0.0473614145107618 -0.0552115536106988 0.0749498056912913 1785404737.04799
-0.0169531455805464  0.0870961799555551 -0.0417808585188461 0.0980754497644414 1785404737.06854
-0.00962996780980259     0.11868041750291  -0.0236077267679062 0.121388230656151 1785404737.088
  -0.014186130839199    0.109739475816181 -0.00679484744569007 0.110861033787382 1785404737.10603
0.0363024501858062 0.0611427053090583 0.0122720899167184 0.0721588698146479 1785404737.12621
 0.033070115763015 0.0138092802572358 0.0336795939547367 0.0491797095025788 1785404737.14791
 0.0467222813761337 -0.0309290998378358 0.00479552825886929 0.0562368018743157 1785404737.16842
  0.0258033505165879  -0.0444588995711901 -0.00732043921401048 0.0519229764097657 1785404737.18802
-0.00990233234833202  -0.0533433914784313  -0.0170931955318977 0.0568836613963068 1785404737.2059
 0.0101987461035662 -0.0540231543463038 -0.0190332168296083 0.0581788532930346 1785404737.22603
  0.00411850584837799   -0.0475179037638575 -0.000559584309729645 0.0476993333615266 1785404737.24745
 0.0117345727085956 -0.0354034412249459 -0.0146781375233029 0.0400818109418038 1785404737.26857
 0.0104090563966117 0.00928928832529619  -0.011450371142131 0.0180485548438337 1785404737.28799
-0.0163080299665584 0.00669384813421918 -0.0122166039763151 0.0214477238174188 1785404737.30613
  0.0129913897818687 -0.00597566972622443  -0.0119261382261647 0.0186203547262383 1785404737.32611
 0.0200064922271286 -0.0131898313529837 -0.0197397437740219 0.0310465596583316 1785404737.34808
 0.0147816859210359 -0.0258612191410513 -0.0365033764978292 0.0471147258282578 1785404737.36842
 0.0136994118593817 -0.0249889709464851 -0.0374224846553256 0.0470379093076566 1785404737.38804
-0.0320728157914503  -0.011213535549302 -0.0227887944999291 0.0409113437455648 1785404737.40609
-0.0174495901069017 -0.0237878965736566  0.0130403082461907 0.0322552609267625 1785404737.42607
-0.00201763269398449  -0.0233451830218625   0.0292202267725544 0.0374551740705019 1785404737.44691
0.00399463551517776 -0.0343227037275267  0.0138937848309958 0.0372430176139998 1785404737.46825
  0.0216365946815861 -0.00631781637009667 -0.00550517729551689 0.0232026724787593 1785404737.48801
  -0.0168159299894668 -0.000910906459117589    -0.024795499156889 0.0299736889692809 1785404737.5063
0.00396252729353875 -0.0355909455956379 -0.0134857283993655 0.038265936567725 1785404737.52608
 0.0026820839725451 -0.0637582396408038 0.00539231389913218 0.064042046701497 1785404737.54695
0.0125837444356861 -0.107524218627827 -0.026041891390771 0.111346254192749 1785404737.56849
0.00303313316377701  -0.127380194044822 -0.0327438153943203 0.131556342219838 1785404737.58825
-0.0372621302510328  -0.172729455615693 -0.0440393101180575 0.182108187690211 1785404737.60656
 -0.0363006403175157   -0.254578663733528 -0.00753447939625245 0.257264068411396 1785404737.6261
-0.0119287290937254  -0.360466969096785  0.0342190987440067 0.362283973019048 1785404737.64838
-0.0167301042819177  -0.468383407444573 0.00734662306326826 0.468739677890731 1785404737.66862
 -0.0360043689370677   -0.560446876277478 -0.00976212520779966 0.561687025664927 1785404737.68835
-0.0657771707362855   -0.64482825302142 -0.0549513577952598 0.65049962629372 1785404737.70655
-0.0937658195235073  -0.763341768974513 -0.0858984012814812 0.773861241124511 1785404737.72619
-0.0781016485005479  -0.881112901713339 -0.0874799231721539 0.888882753810878 1785404737.74631
-0.0994107796285099   -1.00535719510164  -0.128754935546389 1.01843184665276 1785404737.76831
-0.112519465871353 -0.965748697272394 -0.127557211340143 0.980613083049668 1785404737.78813
-0.124371772001975 -0.841775554612115 -0.129332955388351 0.86068660693828 1785404737.80646
-0.0978858222908699  -0.822055049426651 -0.0763018102961207 0.831371219581168 1785404737.82607
-0.0907965410773811  -0.818183211180376 -0.0218692768245661 0.823496232048379 1785404737.84619
-0.0548586482668619  -0.881395147718111 -0.0188028349653502 0.883300868511648 1785404737.8686
 0.0308715427518796  -0.844809373503732 -0.0440863222370186 0.846522021875412 1785404737.88819
0.0630459370705412 -0.842178564927069 -0.071683065312499 0.847571818347162 1785404737.90656
 0.0832118859302322  -0.991276628575658 -0.0460092665637549 0.995826503428245 1785404737.92607
 0.158084965684671  -1.22260335115854 0.0249261429981765 1.23303330175806 1785404737.94684
 0.193891376984344  -1.38612343514154 0.0815535217513565 1.40199251796417 1785404737.9686
0.205167775380115 -1.27983093053265 0.132750346257982 1.30295191056083 1785404737.98825
0.184672357106045 -1.07457721779599 0.110679341718524 1.09593338901985 1785404738.00688
0.168100262148878 -1.01605638400518 0.138053528730361 1.03907990568921 1785404738.02605
0.163893252871922 -1.00619293983508 0.185414815311576 1.03617753510097 1785404738.04675
 0.109822139286127 -0.966285037535249  0.164284046176557 0.986284403136347 1785404738.06993
0.0862000478237688 -0.745481259252702  0.106403695059174 0.757954155911859 1785404738.08852
0.0194873813059147 -0.605108302956039 0.0265534490874154 0.606004044536782 1785404738.10798
-0.0344765265154672  -0.597814107326195   0.013857810964383 0.598967759335602 1785404738.12608
-0.0131094659411384  -0.721378521888413  0.0787026548711929 0.72577747128369 1785404738.14628
-0.0368346690078372  -0.880607908793853   0.100207565213707 0.887056163947503 1785404738.17036
-0.064728598807183 -0.791259568052747 0.0709249099748063 0.797064513319654 1785404738.18959
-0.110036958568364 -0.745533251583964 0.0532766109887757 0.755490806526978 1785404738.20819
-0.0807131264059734  -0.683556481315179  0.0410151100384868 0.689526149738851 1785404738.22604
-0.0668735028672417  -0.750342985493386  0.0624074529444046 0.75589771229173 1785404738.24602
-0.0171741230466517  -0.889563752606472  0.0636193354872269 0.892001143666064 1785404738.27055
-0.0263274363879758  -0.824031271221945  0.0361950013175516 0.82524587122796 1785404738.28988
-0.0428291823487029  -0.799063599353161  0.0289844963935846 0.800735334366529 1785404738.30714
-0.0649837587038459  -0.832601536274604  0.0394041324993346 0.836062732550695 1785404738.32611
-0.0460601707810066  -0.874197896954932  0.0725683443334039 0.878413152777264 1785404738.34595
0.0165002296967216 -0.956662809584838 0.0832749567333983 0.960422150536809 1785404738.37067
0.000251347081877865   -0.779594980639463   0.0410119195635153 0.780673026663459 1785404738.3898
-0.00343069560099713   -0.746360310061646   0.0389834282328857 0.747385569692386 1785404738.4083
-0.0172178353011689  -0.711925890403945 0.00609227750804609 0.712160124638514 1785404738.42615
-0.0426610529441159  -0.753361895015958  0.0325096181299351 0.75526881676082 1785404738.44703
-0.0265878793003623  -0.787358728108061  0.0587679953413097 0.789996429947674 1785404738.47048
-0.0655733570664104  -0.692588300007999  0.0632245970464752 0.698552623741847 1785404738.4902
-0.0762248981886125  -0.642717751312138  0.0592896833543397 0.649932003757204 1785404738.50838
-0.0996465004494537  -0.559102419772438  0.0488553513636487 0.570010338681751 1785404738.52604
-0.102337893939949 -0.549710998053021 0.0437595534550084 0.560865513679611 1785404738.54701
-0.105087277745322 -0.557834614492399  0.010372675879518 0.567741477676863 1785404738.57074
-0.0768936103866649  -0.469735026428067 -0.0180422932299581 0.476328822051185 1785404738.59044
-0.0561644005658974   -0.43163910885026 -0.0153367894143507 0.435547904701095 1785404738.6084
-0.0620848689576471  -0.428155027677331 -0.0178231006053854 0.432999909461947 1785404738.62606
-0.0642115501963787  -0.451489423390316  0.0259625852794177 0.45677114449835 1785404738.64773
-0.052488609291587 -0.485365039292057  0.049291580760757 0.490677017401711 1785404738.67081
0.0696602545329937 -0.491264337538297 0.0591728730126531 0.499694535990854 1785404738.69085
 0.109452682093588 -0.496667688822882 0.0676902154260266 0.51306982760884 1785404738.70856
0.0933703529969427 -0.535405533901488 0.0645752676874091 0.5473089381218 1785404738.72617
 0.097602008842672 -0.560830326824351 0.0831360355526509 0.575298538172526 1785404738.74676
0.0989979974106235 -0.579204202738384  0.061744082002676 0.590838762796987 1785404738.77028
0.0969160925792524 -0.626615155090169 0.0739194818490662 0.638359907408307 1785404738.79097
0.0693278535459446 -0.606300806270376 0.0667148552487466 0.613887522981415 1785404738.80858
-0.011078265613437 -0.628125333393544 0.0607603541738958 0.631154484305618 1785404738.82607
 -0.0728695998586239   -0.675625221249992 -0.00435940780438796 0.679557519720782 1785404738.84646
-0.0870943277875208  -0.674764651643087  -0.031957988559352 0.681112376977938 1785404738.87014
-0.140397460617903 -0.764334746149099 -0.107424460630704 0.784511992171286 1785404738.89101
-0.175011257812621 -0.727938487391579 -0.111413943121755 0.756925655866568 1785404738.90859
-0.221035808129799 -0.657000827348874 -0.120631807680264 0.703604255698405 1785404738.92605
 -0.211811068414321   -0.58884190903247 -0.0325022717063105 0.626621991476433 1785404738.94644
 -0.234917135479889  -0.577082171212088 -0.0212519525182732 0.623427251857643 1785404738.97068
 -0.104455328081167  -0.295600270839235 0.00722679624825458 0.313596336504091 1785404738.9917
-0.0536073080539171  -0.147498452826337  0.0105240008560842 0.157290469059539 1785404739.0087
-0.0386398984724328 -0.0320707821238112 0.00766544291486305 0.0507970061625083 1785404739.02608
-0.0425460827841717  0.0709085513099594  -0.013743003809685 0.0838275728079237 1785404739.04648
-0.0365823007721201  0.0489031348323975 -0.0326431191804678 0.0692484985833464 1785404739.06891
 0.0368369426157972 -0.0851928522881719  -0.032503667611757 0.0983426196035543 1785404739.09045
 0.0373316282152332  -0.149047813981668 -0.0358155078106909 0.157770884251981 1785404739.10855
 0.0509029101098501  -0.206309173671024 -0.0342950581845062 0.215245748887989 1785404739.12568
 0.0768033001722078  -0.246534704315919 0.00853753204028699 0.258362142743125 1785404739.14596
0.0641351020791854 -0.256592109972304 0.0212682532050973 0.265339708323392 1785404739.16997
  0.15800657779113  -0.23765792648671 0.0176544724720112 0.285935393131896 1785404739.19033
   0.13742966078545  -0.178969736091352 0.00774062636765848 0.225780857020199 1785404739.20879
   0.10521402528042  -0.118157082221637 0.00450459531058457 0.158276272933601 1785404739.22624
   0.088296864955875 -0.00317597026466139   0.0720825838681692 0.114027724897367 1785404739.246
0.0590774129761009 0.0111052011381275 0.0671424362842169 0.0901197701198088 1785404739.27012
 0.063541299147664 0.0582978099264931 0.0344351514868413 0.092854245985416 1785404739.29192
 0.055658195901969 0.0749728570402819 0.0292174738324412 0.0978387696212187 1785404739.30902
0.0392635397329435  0.110696863549682 0.0268126596082013 0.120475474132135 1785404739.32612
  0.0620571238703084    0.287519730545871 -0.00138915297582496 0.294143862458857 1785404739.34515
0.0557715286168622  0.323045868605048 -0.013990249197981 0.328123183727808 1785404739.36996
 0.0774381918518303   0.520814106546837 -0.0249201261748919 0.527129035269386 1785404739.391
 0.0796317223646721   0.540510983752171 -0.0203995872017161 0.546726145269736 1785404739.40879
 0.0914540319948772   0.603034221323555 -0.0262101467203294 0.610492492866642 1785404739.42607
 0.0933369503060719   0.801321855220304 -0.0172491803039601 0.806923810633512 1785404739.44463
 0.0879543438341463   0.866344905455624 -0.0265406967840212 0.871202542692565 1785404739.46866
  0.111531509186477   0.993613211347484 -0.0358310726910756 1.00049505599771 1785404739.49073
 0.0780144844930448   0.907214542762009 -0.0217231249175286 0.910821816024287 1785404739.50877
0.0698694296252158  0.894853093762201 -0.022037790385303 0.897847125526948 1785404739.52617
 0.0320015285781139   0.901797752749242 -0.0280828179915799 0.902802264818419 1785404739.54418
0.0170034819707832  0.927263401950325 -0.010452409748852 0.927478187271905 1785404739.56836
 0.0122805502654085    0.80156773147553 -0.0277323358394105 0.802141335743744 1785404739.59069
 0.0271687319477182   0.569324813779061 -0.0443223251255887 0.571693407417601 1785404739.60866
 0.0303865310399642   0.501432902541015 -0.0408681112573505 0.504012400181874 1785404739.62614
-0.0537543919090569   0.484028048689905  0.0069033637702006 0.487052710699174 1785404739.64408
-0.0902723682575281   0.538249871285636  0.0321186944936154 0.546711656127616 1785404739.6683
-0.106136165578509  0.619526133627164 0.0154989872355496 0.628742979679343 1785404739.69025
 -0.106647122422379   0.645735720664998 -0.0178188122718894 0.654725698086228 1785404739.7085
-0.0997992995557936   0.694258993569133 -0.0143886582685929 0.701542930853289 1785404739.72608
 -0.101501078147078   0.784164281708054 -0.0462817354742115 0.792059397147861 1785404739.74389
 -0.130364682281773   0.853962321584703 -0.0531137689856968 0.865486955146425 1785404739.76678
-0.0895637531891006    0.93924436385838 -0.0468917020093048 0.94466950445242 1785404739.79006
-0.0323932344168716   0.846130588538965 -0.0672211744964951 0.849414492929082 1785404739.8082
-0.0350813535239463   0.822269982845524 -0.0675925070941881 0.825788939783725 1785404739.82607
-0.0690386181774545   0.844215271020659 -0.0795787665060438 0.85076350104066 1785404739.84405
-0.0918122530443574     0.9045873111406 -0.0546932650045324 0.910878173260573 1785404739.86605
 -0.061911614085346   0.865036431778114 -0.0491010538319712 0.868638008464673 1785404739.88873
-0.00795044877456722    0.691576554732559  -0.0619169218657193 0.694388253000293 1785404739.90713
-0.0151865951120397   0.643475284010299 -0.0630707595320436 0.646737191223128 1785404739.92607
-0.0294528309666567   0.625747357964614 -0.0478745219789373 0.628266818403102 1785404739.94397
 -0.0191284481859429    0.629354423637432 -0.00180959298378929 0.629647649649209 1785404739.96424
0.0257672879933184  0.626513848426714 0.0271518103938484 0.627631082889181 1785404739.98861
0.0579143456108985  0.554454775259342 0.0104708385845297 0.557569554133015 1785404740.00682
0.0572086920901165  0.523750935671765 0.0219222664512301 0.527321972644863 1785404740.02607
0.0547953174415108  0.541433207083876 0.0420560550080966 0.545821542548013 1785404740.04409
0.0677067736699511   0.57474441566585 0.0524198882628356 0.581087941042801 1785404740.06447
0.0436405623535299  0.670099729810788 0.0274201018543814 0.672078870788784 1785404740.08846
0.0533020274492633  0.677939231622239 -0.010386568338838 0.680110717975104 1785404740.10694
0.0196674482544047  0.740360757094578  -0.03639529835113 0.741515661944213 1785404740.12605
-0.00182484532031678     0.76627502244531  -0.0459247473849479 0.767652149418195 1785404740.14412
0.00226202156149019   0.808094254830404 -0.0209190195147207 0.808368138170295 1785404740.1643
 -0.020960075166965   0.893781223178339 0.00197065475688184 0.8940291287969 1785404740.18818
0.0425019454535864  0.851958755920897 -0.015737627721223 0.853163413470078 1785404740.20696
  0.021133043633607   0.896588926570282 -0.0588556738293468 0.898767099488837 1785404740.2262
-0.0387584740994351   0.856119364172216 -0.0489601209309913 0.858393661711649 1785404740.2442
-0.0273104833937495   0.865894829933574 -0.0293082719884941 0.866821027557502 1785404740.26416
-0.0859471060606524   0.963037570644837 -0.0388689556387965 0.967646145668013 1785404740.28786
-0.0378793855379458   0.900010576626649 -0.0349352726392755 0.901484530739683 1785404740.30645
-0.0351925832011638   0.812587540950033 -0.0582301542795789 0.815431039688222 1785404740.3261
-0.0569506399308608   0.698676922206804 -0.0786810074778225 0.705396000804252 1785404740.34416
-0.00965975553160158    0.593151770924744  -0.0010952110133812 0.593231433519208 1785404740.36413
-0.0102609087749028   0.555638482140852  0.0281551317878823 0.556445972696964 1785404740.38656
0.0801642178054439  0.596690389423711 0.0238824628780557 0.602524766860334 1785404740.40625
   0.102697303236709    0.672172747038275 -0.00805513640517577 0.680020457909598 1785404740.42607
0.0885435283723746  0.658519862056925 0.0106665867855958 0.664531520105522 1785404740.44436
 0.138138964349692  0.662949232925985 0.0557348472785381 0.679478058593447 1785404740.46573
 0.107151082111524  0.628239505932601 0.0569280001494614 0.639849223187093 1785404740.48702
 0.151342207498322    0.6612058449036 0.0633299379732798 0.681254955320582 1785404740.50679
  0.140187450899451   0.730912446634852 0.00257793105689586 0.744239324252599 1785404740.52616
 0.0632556963047612    0.72921924262652 -0.0207791812287809 0.732252525638754 1785404740.54452
0.0403487500064629  0.780923322945126 -0.025023272431387 0.78236527409511 1785404740.56574
 0.0143593433523218   0.767073107545554 -0.0445159650781773 0.768497894732279 1785404740.58661
-0.00731043006805815    0.693808823575235  -0.0533064707670032 0.695892021713329 1785404740.60677
-0.0606900364492654   0.581187459761882 -0.0711448015642872 0.588662659507382 1785404740.62613
 -0.105988411223935   0.465566505822447 -0.0983260498243975 0.487497412025507 1785404740.64426
 -0.076361887818576   0.359354205959507 -0.0553441465178129 0.371523293759341 1785404740.6649
-0.0649516521767459   0.265709816676961  -0.054203214917986 0.278851954101883 1785404740.68654
-0.0435162481369059   0.193465136839667 -0.0441282401701125 0.203149512932753 1785404740.70701
-0.0153897434364533   0.141021535733445 -0.0485075760940936 0.149922989171719 1785404740.72622
 -0.0268833241679261    0.101795315338194 -0.00836586672914606 0.105617172227105 1785404740.74441
0.0226127566637865 0.0810088611996054 0.0339908573668924 0.0907146666274477 1785404740.76446
0.0325426516566275 0.0591127122132485 0.0275982880551737 0.0729040631626748 1785404740.78669
0.0518028216732453 0.0437643561067852 0.0233008008535272 0.0717061958213326 1785404740.80711
 0.0164381331213597   0.078707364413772 0.00710069063639702 0.0807185309640337 1785404740.82613
0.00666183718974064  0.0468392284809385 0.00375906503396844 0.0474597089051521 1785404740.8444
0.0192406414797883 0.0349957348074794 0.0119691820287031 0.0416913067401995 1785404740.8644
 0.0138490632478017 0.00988790406987314 0.00429538798862539 0.0175504289893282 1785404740.88609
 0.0343584587411818 -0.0176261620770174 0.00553862181752234 0.0390110446959872 1785404740.90686
   0.0168148874320501 -0.000676258725171819  -0.00849112795647224 0.0188493241043034 1785404740.92625
-0.0181069024642694 -0.0158991629156151 -0.0303823800283942 0.0387779874988066 1785404740.94436
-0.0126029620299173 -0.0261018749489451 -0.0234390431777614 0.0372764171141336 1785404740.96428
 -0.0355004598815849  -0.0377115618869562 -0.00867204550666718 0.0525133214054058 1785404740.98616
 -0.0100609320946848  -0.0391698632544727 -0.00132459477163106 0.0404630089501137 1785404741.00691
-0.0146758782984248  -0.016350378966989 0.00423588462196649 0.0223754109398005 1785404741.02623
 -0.0318253729448963   0.0129321295378184 -0.00517537902237631 0.0347401624275119 1785404741.04424
-0.0204923222368856  0.0209074177639624  0.0235506207885687 0.0375724250979914 1785404741.06399
-0.0317478314874286  0.0108331006439643  0.0285550940430726 0.0440530846766165 1785404741.08607
-0.0192048277033296 -0.0183899274284051 -0.0214609053907586 0.0341699472947746 1785404741.10666
-0.0552063637383669 -0.0436105530595509 -0.0223528764692356 0.073819198192758 1785404741.12611
 -0.100834086846015 -0.0618661115271057  -0.018901719942932 0.119800683814222 1785404741.14437
-0.0795026756210842 -0.0791959185519407    0.01412632985843 0.113102706163319 1785404741.16385
-0.0512261859203743  -0.066157415912338 0.00988826432643547 0.0842538045166881 1785404741.18604
 -0.0215261570400005  -0.0221193036825641 -0.00761485325477867 0.0317903290703961 1785404741.20671
 -0.0112326079338767    0.069738636584085 -0.00967580076268169 0.0712970548760773 1785404741.22612
-0.0348011198279057  0.0997373954097861  -0.046707586204439 0.115500063175088 1785404741.24433
-0.0172324546810134  0.0590766744965365 -0.0168076121196012 0.0637926860154506 1785404741.26424
 -0.00332478634855496 -7.50268839464637e-05    0.0266253951867344 0.0268322846985982 1785404741.28525
 0.0260760327685884 -0.0609866464476768 0.00438625316585214 0.0664723231632337 1785404741.30647
  0.0317626302867819  -0.0867519444048648 3.64498855727501e-05 0.0923837965736076 1785404741.32625
-0.0132508245460484  -0.106202840213694 -0.0125774797430428 0.107762797928099 1785404741.34464
 0.00163813440333279   -0.168050461151343 0.000737780180771818 0.168060064551628 1785404741.36404
-0.0155118911342804  -0.236540574649863  0.0152025098163808 0.237535636330565 1785404741.38489
-0.0558713172833489   -0.34599788612631  -0.049013555382587 0.353890477280887 1785404741.40654
-0.117730751248312 -0.491112618784761 -0.105369445930436 0.515901981247218 1785404741.42614
-0.176438079113777 -0.653518327918647 -0.155459465817344 0.694538873065545 1785404741.44495
-0.151613463250118 -0.838695240680072 -0.131881533610047 0.862432077259095 1785404741.46415
-0.0703443894381171   -1.09211443862832  -0.121030304833227 1.10104977856312 1785404741.48619
-0.0426276698026631   -1.17490041365665  -0.112192070227229 1.18101446259783 1785404741.50671
-0.0213200878046274    -1.1082085387961 -0.0739043378636064 1.11087468364332 1785404741.52613
-0.0187283203507902  -0.974636851739801 -0.0868535653518626 0.978678335596922 1785404741.54492
-0.00136272046516336   -0.929919360671516  -0.0157325255993453 0.930053432185765 1785404741.56417
0.00461478951060129  -0.903027376477043  0.0271483137522855 0.903447159433705 1785404741.58443
0.0396021609494871 -0.912349454572023 0.0456730943185982 0.914349982202861 1785404741.60642
 0.110321539703205 -0.831035424444374 0.0631235813613185 0.84069929542483 1785404741.62612
 0.116314796377408 -0.790588391949851 0.0328419416009534 0.799773549494036 1785404741.64443
 0.087669866047197 -0.854259350483964 0.0643907504105604 0.861156903264703 1785404741.66282
0.102737815127406 -1.00544067114009 0.109806098009571 1.01662351979475 1785404741.68399
0.0816137598554337  -1.11881294271046  0.107971944464196 1.12696989638835 1785404741.70676
0.0780220243418874 -0.986202338487059 0.0516638403469321 0.99063194028819 1785404741.72619
 0.00405115703378237   -0.828663984783115 -0.00964598603942319 0.828730026363602 1785404741.74467
-0.0570190768688485  -0.770246025280778 -0.0125768022599647 0.772456012043986 1785404741.76252
-0.0568984204989964  -0.825195060078008 0.00294684760372399 0.827159598471315 1785404741.78274
 -0.0560069954905305   -0.937768956716558 -0.00836324178631264 0.939477164990354 1785404741.80669
-0.0426511641578649  -0.845161504771631 -0.0271323255907371 0.846671869170005 1785404741.82609
-0.0557648144614371  -0.774884687463042 -0.0381597469123202 0.777825275804937 1785404741.84416
-0.0489932590255101  -0.745341317819443 -0.0187973052540102 0.747186294148639 1785404741.86211
-0.0111111726467317  -0.826901553364672  0.0137871080552562 0.82709112041118 1785404741.88232
0.0435116712120193 -0.949536645455776 0.0261461889303329 0.950892596348637 1785404741.90645
  0.03676834571967 -0.918700225155797  0.030860352506602 0.919953464206263 1785404741.92609
0.00679907789331432  -0.880103406529718  0.0178124766533225 0.880309898825373 1785404741.94407
-0.0243615979629226  -0.878663485984961  0.0227056594167685 0.87929435118628 1785404741.9619
-0.00403940210580038   -0.943567471392274   0.0309445495599843 0.944083394084681 1785404741.98252
0.0383407777030127  -1.00278514687417 0.0411859710072653 1.00436265872151 1785404742.00631
0.0720708376631725  -0.84853763553428 0.0271320142584374 0.852024923788793 1785404742.02617
0.0852283413740182 -0.732252327135636 0.0311819820643024 0.737854766722002 1785404742.04398
0.0722494367584417 -0.544703473037135 0.0490081096696344 0.551655372006853 1785404742.06097
0.0558778556963624 -0.507903492140124 0.0552293564831618 0.513944135001948 1785404742.08216
0.0615237429548961 -0.483329917775401 0.0100996975352544 0.487334571166729 1785404742.10623
-0.00786927449242872   -0.417551270487063  -0.0823140712774175 0.425660187587072 1785404742.12611
-0.0548038092509154  -0.402893362697821 -0.0994120708891224 0.418580074839729 1785404742.14299
-0.102962313072214 -0.499403387771788 -0.125094169298055 0.525027173414376 1785404742.16054
 -0.114469731066274  -0.564511916306735 -0.0979866578369465 0.584275969124816 1785404742.18202
-0.0840370019577211  -0.643978274830129 -0.0645705710140609 0.652640478971626 1785404742.2059
-0.0289096254935232  -0.638743652498635 -0.0431394126329148 0.640851175372088 1785404742.22608
-0.00259110634582621   -0.608924759520358  -0.0376461786474801 0.610092871090771 1785404742.24291
-0.0355473946288411  -0.603335812978418 -0.0194886253431971 0.604696227047098 1785404742.26035
-0.0290351762267362  -0.617442033492005  0.0310724413653151 0.618904841468914 1785404742.28169
-0.0156692859235116  -0.645838048681465  0.0357592704059711 0.647017029965984 1785404742.30493
0.0736877903098283 -0.675586564271557 0.0341452562345757 0.680450582179424 1785404742.32619
0.0841720179802359 -0.626373827666871 0.0410842533832528 0.633337995443958 1785404742.3429
0.0607132625160633 -0.598738270988151 0.0311868631961085 0.60261616127286 1785404742.36019
0.0537509706600721 -0.597525965690663 0.0723207017425748 0.604281995778459 1785404742.38041
0.0462544592080852 -0.603104333022755 0.0665732531934796 0.608527985838135 1785404742.40421
0.0857028212064575 -0.577114187531478 0.0403861625294311 0.584839124150153 1785404742.4261
 0.101036258455101  -0.47841417269503 0.0380240640845004 0.490442938176887 1785404742.4427
 0.083701031221962 -0.429206710203654 0.0331829818980537 0.438549168280034 1785404742.46029
 0.063610152172474  -0.39619344634929 0.0556029192033062 0.405101447804698 1785404742.4805
0.0633014246534442 -0.400229144175375 0.0454881460599278 0.407749444686903 1785404742.50588
 0.0266116016800109  -0.367506354973814 0.00695254561097852 0.368534172337637 1785404742.52622
  0.0135464965379357   -0.348501861952516 -0.00314093187954177 0.348779186314056 1785404742.54396
 0.0188301673278981  -0.375989766142594 0.00312422712213553 0.376473956922216 1785404742.56045
0.0122577538473192 -0.402900417786048 0.0233298342891355 0.403761415132145 1785404742.58064
0.00718885017271612  -0.419744510691116  0.0131631702432556 0.420012384190018 1785404742.60468
  0.0606908457683885    -0.47286749581712 -0.00319005179215345 0.476756986095509 1785404742.62579
 0.0536499724456266  -0.444788822848528 -0.0034724327185437 0.448026198188655 1785404742.64288
  0.0547265235847713   -0.431678440349944 -0.00582241250119862 0.435172573508452 1785404742.66016
  0.056787201672249  -0.388369446396354 0.00441484430403741 0.392524017122779 1785404742.68014
0.0575626186551997  -0.38437463725818 0.0211134247553406 0.389233983021396 1785404742.70412
 0.113042924481693 -0.343869667940754 0.0140860751002737 0.362247800292546 1785404742.72461
0.0860130188773073 -0.299286141992187 0.0087904244094988 0.311524807625741 1785404742.74286
 0.0837680147331326  -0.293983200408068 0.00255890106007379 0.305695519085799 1785404742.76022
0.0843264351698622 -0.228195096303478 0.0302206162105839 0.245147374633215 1785404742.78018
0.0648959963018293  -0.22318723919437 0.0323621666970723 0.234672844420783 1785404742.80434
    0.064025819775477 -0.000740300699959217    0.0108400290097371 0.0649412031916577 1785404742.82628
0.0290671235328817 0.0827444068016903  0.016471214685959 0.089234721048874 1785404742.84389
-0.0155776680585183   0.166508023487401   0.020832370421035 0.168527663263873 1785404742.86033
-0.0639980969821813   0.364893858825121 0.00746708100156741 0.370538853461162 1785404742.88007
-0.0620410486745839   0.391227503191621 -0.0191767285798102 0.396580127960562 1785404742.90405
-0.0521759261807027   0.361409924037086 -0.0370606786253508 0.367032633924394 1785404742.92616
-0.0730082879246764   0.301195935796212 -0.0148237952608978 0.310272375102562 1785404742.94396
-0.0579084202322657   0.274531756197163 -0.0126485098495269 0.280857713256924 1785404742.96046
-0.0727840629183262   0.334230801753042  0.0177801157001275 0.342525737966784 1785404742.98088
-0.0826023336082929   0.355673239480042   0.027692812347546 0.366187780592799 1785404743.00414
 0.0483955149873096    0.53476859424198 -0.0162955878909934 0.537201192704506 1785404743.02623
  0.0313144835734983    0.538071539808469 -0.00801392155449124 0.539041558483215 1785404743.04401
 0.0381631088853796   0.594193097653164 -0.0082124571354987 0.595474016755275 1785404743.0608
-0.00339230908261947      0.7634390130439  0.00838355531504033 0.763492579137529 1785404743.0801
-0.0310690654275244   0.817196835475536  0.0213580614516213 0.818066086283218 1785404743.10304
0.00052043635860726   0.925856495322261 -0.0168022239146447 0.926009090405111 1785404743.12609
-0.0133821172706273   0.836902223480589 -0.0289424610399757 0.837509449964864 1785404743.14394
-0.0165871349931469   0.782576687788773 -0.0291095447078213 0.783293540705414 1785404743.16096
-0.0482568357520174   0.769350108410549 -0.0260811144878426 0.771303141469714 1785404743.18022
-0.0470548062488025   0.796742300013432 -0.0482023325677127 0.799584837454272 1785404743.20289
-0.00940759279908647    0.780331664426187  -0.0546030757091852 0.782296302679055 1785404743.22625
-0.0166275965973168   0.643745959410579  -0.040251154130058 0.645217399513413 1785404743.24418
-0.0125771019328361   0.625919183849052 -0.0360550473456568 0.627082908906302 1785404743.26239
-0.0292279081668124   0.643519317051854 -0.0666328020511374 0.647619728192308 1785404743.28032
-0.0639779269861154   0.697450762251089 -0.0464107722704973 0.701915023837508 1785404743.30386
-0.00578138179528435    0.726071528506224  -0.0513339519236922 0.727906905794231 1785404743.32628
 0.0268797977203943   0.674483554268424 -0.0581924142297974 0.677522653184341 1785404743.34437
 0.0292190628783714   0.703105492529081 -0.0556065097944931 0.705905922337798 1785404743.36231
  0.01472415212546  0.771161563029028 -0.129865882342441 0.782158618405352 1785404743.38015
-0.0253664401084813   0.883066713554584  -0.132010287280876 0.893239605492194 1785404743.40255
-0.029035477741922  0.953469765780306 -0.145983401264952 0.965017516250217 1785404743.4261
-0.0125866453369973   0.978036378689725  -0.144871007399541 0.988787737821575 1785404743.44417
0.000835213360189443     1.04140646069444   -0.137321379348548 1.05042147502023 1785404743.46228
0.0371110351456143   1.17030840401895 -0.154292317353477 1.18101867412894 1785404743.48027
0.00828135358854355    1.31365712118866  -0.137539919727693 1.32086367289953 1785404743.50246
-0.0459277023229707    1.35899936366488  -0.211006291721043 1.37604951924997 1785404743.52619
-0.0383430383481269    1.16897027711324  -0.246954683952993 1.19538626112663 1785404743.54429
-0.0731941455378436   0.938233991138727  -0.257346831459988 0.975637123489884 1785404743.56289
-0.0801563999217773   0.752317687448025  -0.232308885890555 0.79143816546795 1785404743.58108
-0.00698698547455321    0.531572289364398   -0.168728028055302 0.557751794472738 1785404743.60221
0.0636755234212856  0.228340382698963  -0.10641521569183 0.259842453776942 1785404743.62613
 0.0772462305726692 -0.0777070963445422 -0.0687240091654949 0.129338170683542 1785404743.64441
 0.0933093419878254  -0.261471675586173 -0.0565738036333779 0.283327841366834 1785404743.66367
0.0903687730837957 -0.293050854173066  0.040411785272656 0.309319302128331 1785404743.68188
 0.104311395111949 -0.309882439974271  0.123174299598228 0.3493993443556 1785404743.70216
0.081870271712498  -0.2789967589997 0.147906172248628 0.326217977297168 1785404743.72629
 0.0711371646132796 -0.0911065068505251   0.132360483594493 0.175727599986711 1785404743.74468
 -0.0197312704855736 -0.00207829224623142   0.0929774362984348 0.0950707420517223 1785404743.76293
-0.107838597450169  0.048664105393132  0.129522559922489 0.175423635188101 1785404743.78094
-0.147037303198506 0.0458208598990702  0.202909250590307 0.254738461385201 1785404743.80118
  -0.205790488530452 -0.00270524062503686    0.346680455116672 0.403167932078364 1785404743.82624
 -0.257809065662068 -0.0643888553144414    0.43283815939792 0.507897933897384 1785404743.84454
-0.287324773304574  -0.15802324814657  0.416388323523653 0.530005762493348 1785404743.86305
-0.41901330725206 -0.20688397646256 0.580428337304469 0.74516453627189 1785404743.88213
-0.439691075035952 -0.261315776310056   0.66710565306369 0.840621275464957 1785404743.90193
 -0.47879579944903 -0.315552763448036   0.77732910843201 0.965950054042875 1785404743.9263
-0.421085390112573 -0.306544100225895  0.689237455476878 0.863904196761309 1785404743.94493
-0.444839104934287  -0.26474797247139  0.654579202693508 0.834534151970618 1785404743.96411
-0.426717777624658  -0.17519980188174  0.602684745913116 0.758954501453601 1785404743.98215
 -0.43326639258651 -0.142051485401489  0.595637943329139 0.750121957406304 1785404744.0023
-0.473769767178365 -0.145898272651467  0.658141969425031 0.823950817812315 1785404744.0261
-0.440800139832435 -0.126070195856923  0.587648465760831 0.745338296930163 1785404744.04464
-0.484990554104152 -0.133531245960212  0.562226656787301 0.754417155703769 1785404744.06416
-0.498986677690936 -0.102133939784638  0.559215256629402 0.756399860798544 1785404744.08238
 -0.499232843275454 -0.0765350108569635   0.620712903646473 0.800234683355455 1785404744.10269
 -0.506770974108424 -0.0549407013825923   0.654109529063401 0.829273523560686 1785404744.12624
 -0.452007751463409 -0.0244415794770191   0.599004678082416 0.750809564773223 1785404744.14508
 -0.475723644152102 -0.0240877492063449   0.569819355986616 0.742689237652052 1785404744.16452
 -0.502858242560389 -0.0414000346556578   0.585691718964514 0.773055731913308 1785404744.18366
  -0.48494467861826 -0.0917431447519849   0.653130355938235 0.818637531375856 1785404744.20391
-0.501143576722359 -0.144868768324671  0.751374576513784 0.914710663957327 1785404744.22629
 -0.47792652551025 -0.136323963057295    0.6969004585562 0.855960417207354 1785404744.24593
-0.461201772347653 -0.120373886518884  0.672038302586485 0.823912876168107 1785404744.26451
 -0.421930796937689 -0.0519446953629658   0.682453012797572 0.804031071201423 1785404744.28336
-0.410672059731837 0.0361974085136316  0.719430130609669 0.829181226184323 1785404744.30321
-0.431923969113323 0.0930819857084224  0.759829709611118 0.878956061908526 1785404744.32612
-0.410396982045308 0.0877708678506939  0.685773636365946 0.8039993087371 1785404744.34576
-0.414753149133907 0.0258617139993631  0.653337603783472 0.774299055588347 1785404744.36441
-0.452051462325972 -0.040592356300636  0.660779733701719 0.801640892452476 1785404744.3841
-0.413761593117084  -0.11751769373612  0.679749201510648 0.804405396074769 1785404744.40396
-0.416427818631083 -0.104508245460181  0.747044503150114 0.861631934868833 1785404744.4259
 -0.400910638491537 -0.0926766294455589   0.731986643244872 0.839715870750325 1785404744.44589
 -0.447510367316764 -0.0820652901435076   0.713737883337939 0.846417158860833 1785404744.46596
 -0.466201302083155 -0.0842921093150337   0.684942172035625 0.832823266239414 1785404744.48429
 -0.450221020297989 -0.0658338645399923   0.665240324618796 0.805963866644996 1785404744.50469
 -0.431116508036151 -0.0356303358399784   0.677408943435354 0.803749862195669 1785404744.52629
  -0.37566948285404 -0.0214454096884376   0.524014367738174 0.645118999519132 1785404744.54593
-0.382603038811703 0.0401323779038138  0.475491859187118 0.611627502011956 1785404744.56601
-0.323769558746641 0.0913798228543769  0.358241259884261 0.491440535038935 1785404744.58459
-0.231495908101797  0.135422842496388  0.304207852944007 0.405551623755201 1785404744.60451
-0.181580506321065  0.187468958933583  0.300815636371935 0.398253861155555 1785404744.6263
-0.0796857014141867   0.201805971301686   0.237765110754081 0.32188151384444 1785404744.64605
-0.0661709708052065   0.168882397465974   0.225293436351747 0.289235188063862 1785404744.66515
-0.10709035648884 0.113752635197545 0.195157545674869 0.249988947957967 1785404744.68466
-0.0429381969050471   0.030514778325572   0.168134160845991 0.176192895694183 1785404744.70455
-0.00378215032366404 -0.00612737704017137     0.16030005808194 0.160461702694246 1785404744.72622
 0.0197046903456312 -0.0592986709060308  0.0487945264384615 0.0792812273062967 1785404744.7461
0.00378421285711559 -0.0771073809000933 0.00843292742319154 0.0776594020138247 1785404744.76511
-0.00744876506832149  -0.0954189314320242  -0.0430111236940596 0.10492956369917 1785404744.78447
 0.0610901409172565  -0.116863623888237 -0.0954633675174845 0.162795474271737 1785404744.80428
  0.110332186981195  -0.114871823288502 -0.0862784561815867 0.181142759366076 1785404744.82618
 0.149859979382039 -0.127659981063015 -0.128791260429205 0.235249384586523 1785404744.84606
 0.148206152748035 -0.106584231187219 -0.152011359730854 0.23755571038678 1785404744.86496
  0.109904785664823 -0.0920739465211211  -0.156185564666831 0.21201557525404 1785404744.88447
 0.189952591549455 -0.118459205503849 -0.212226278672688 0.308471333780328 1785404744.90418
 0.233633823099947 -0.116117861896023 -0.232055988157275 0.349167728731122 1785404744.92612
  0.28703620027452 -0.102278288250869  -0.32952982606563 0.448821272649154 1785404744.94617
  0.310537409719195 -0.0975224203816868  -0.394520255458488 0.511459027957509 1785404744.9646
  0.288718304228647 -0.0966107263669014  -0.418017791637496 0.517137086052911 1785404744.98462
 0.346811595975601 -0.153006094371835 -0.440434062821979 0.581094924871954 1785404745.00426
 0.374121603192719 -0.175210823567829 -0.413400717970541 0.584436446749658 1785404745.02625
 0.347382534726323 -0.170242897693128  -0.42594193986899 0.57539882324106 1785404745.04652
 0.284371797445065 -0.136917379247103 -0.425931370159726 0.530123778006772 1785404745.06605
 0.239527319606004 -0.106072696851819 -0.418893135662558 0.494060940532912 1785404745.08499
  0.295391428709538 -0.0964638250323742   -0.45022930831636 0.54705374120096 1785404745.10429
  0.330850442031098 -0.0525729429990182  -0.481894527990405 0.586897150644681 1785404745.1263
 0.403656448528564   0.00704283204422 -0.533203868352405 0.668800788836157 1785404745.14706
 0.393156777009485   0.11195960302298 -0.571701468794716 0.702815604152031 1785404745.16609
 0.381263403007562  0.117017691711903 -0.555305136933331 0.683680274507781 1785404745.18459
 0.495179243008935 0.0876758045919572 -0.561284795759586 0.75361140607652 1785404745.20388
 0.568030206580054 0.0742728546456249 -0.558298762510814 0.799920171483189 1785404745.22612
 0.639467988822981 0.0596140040168908 -0.573447251223817 0.860996450713001 1785404745.24682
 0.640531761637663 0.0164837275185148 -0.582446508507182 0.865907954814921 1785404745.26605
  0.595489785090192 -0.0711718719972932  -0.588403471885777 0.840173889880898 1785404745.28458
 0.608376069906126 -0.165500708928968 -0.585528984875757 0.860439491899372 1785404745.3039
 0.679459428315533 -0.236666785419003 -0.613651386255647 0.945644915336043 1785404745.32626
 0.710681168640729 -0.317251754984254 -0.680158815767293 1.03360167093862 1785404745.34826
  0.61919589658074 -0.282232423933944 -0.692425780215883 0.970830654939177 1785404745.3663
 0.535988928837941 -0.315255876269772 -0.728193617874034 0.957567932040302 1785404745.38448
 0.535485849985086 -0.306949204440571 -0.827984726580788 1.03272533477784 1785404745.40263
 0.588991661844258 -0.308817022367387 -0.896023766551264 1.11585739288255 1785404745.42584
 0.578184357787835 -0.261740234446636 -0.972573700443921 1.16133746375199 1785404745.44827
  0.46828707884868 -0.106782157393707 -0.893665143645916 1.01456030196433 1785404745.46619
 0.389761021563011 -0.124608975301202 -0.924408269984609 1.01092615965331 1785404745.48426
 0.255600536528866 -0.109109340262168 -0.821797909810012 0.86751846491841 1785404745.50231
 0.241554958323589 -0.103731030500226 -0.859166698283331 0.898485581419329 1785404745.52628
  0.209793442529484 -0.0466218445223881  -0.893285674199787 0.918774281663135 1785404745.54839
 0.166333146208183 0.0445512852732749 -0.841873533023705 0.859303542499872 1785404745.56637
 0.118206611358205 0.0741884895661327 -0.861815570292967 0.873042273977776 1785404745.58464
0.0517827345601294  0.133090017163804 -0.879912476981898 0.89142603249827 1785404745.60241
0.0502521857358439  0.189772918569434 -0.986478753969388 1.00582273529016 1785404745.62626
0.0757211324914701  0.287887168501978  -1.03203447131854 1.07410793763179 1785404745.64865
 0.118619935903423  0.338928959644571 -0.959124303547627 1.02414010688734 1785404745.66675
 0.148141665363871  0.313865242428784 -0.944846331539114 1.00657435574556 1785404745.68495
 0.202106666967327  0.306680426118375 -0.958845956865756 1.02678408518763 1785404745.7038
0.256843968315908 0.291789647714302 -1.01716161683362 1.08891128074471 1785404745.72614
0.355676126271618 0.241669501405146 -1.01083407193254 1.09849678000835 1785404745.74889
 0.372983041729591  0.166704425513485 -0.943457845885682 1.02811449842267 1785404745.76672
 0.357861285237902 0.0575704763403534 -0.948096296558033 1.01502002283957 1785404745.7848
    0.32592418995865 -0.00499639142464813   -0.930927456816612 0.986345513186184 1785404745.80275
    0.3671910930811 -0.0552663545586998  -0.996341733686683 1.06328759941518 1785404745.82509
 0.411824761663785 -0.100541742552357  -1.00947348434175 1.09487213495639 1785404745.85008
  0.346662122418851 -0.0968650342106106  -0.858610256798876 0.931004315270771 1785404745.86798
 0.306765540084259 -0.151933465983284 -0.875460807182262 0.940010903969256 1785404745.88595
 0.188568943661983 -0.146830322331026 -0.765507241022818 0.801946834975982 1785404745.90259
 0.174202723428864 -0.122359333307207 -0.829013876794013 0.855910277549263 1785404745.92466
  0.197077212791085 -0.0672480258074237  -0.941632197575106 0.964382144321752 1785404745.95011
 0.228862253060928 0.0781847264743043 -0.866487568507212 0.899606296502824 1785404745.9683
 0.224569769400169 0.0704538569803783 -0.868508156319408 0.899834287458082 1785404745.98627
 0.156545091262878 0.0838196786454428 -0.807821342966257 0.827107868587003 1785404746.00379
 0.166655855988545 0.0736303400843603 -0.844702709959395 0.864128618626278 1785404746.02619
 0.224521321027962 0.0461164794718717 -0.888721595047358 0.917803152521574 1785404746.05048
 0.299998866400832  0.127455251915332 -0.758561524337769 0.825626881398749 1785404746.06861
 0.332193177655521  0.117281572801074 -0.745000747898177 0.824095497480971 1785404746.08634
0.376703907879601 0.125932096919759 -0.75999788328122 0.857532220874706 1785404746.10395
 0.445885357402682 0.0818377402315901 -0.797393157559045 0.917249701768453 1785404746.12615
     0.49950035101768 -0.000184226948867695    -0.801942384348363 0.944781573921027 1785404746.15113
  0.408368847309233 -0.0748102086159978  -0.633594242012087 0.75749808334854 1785404746.1688
  0.420922459178781 -0.0961816703809081  -0.630185899718857 0.763911577712264 1785404746.18675
  0.388053910638392 -0.0726034107005092  -0.534919169574156 0.664827504534071 1785404746.20402
  0.399117734146428 -0.0749985847952734   -0.48636929078758 0.633620423007881 1785404746.2262
 0.354137453518212  -0.07393198287068 -0.376957843954071 0.522471520940669 1785404746.25229
 0.261263736687439 0.0135179725421747 -0.226431914602995 0.345995502341161 1785404746.27026
 0.237777064274475 0.0270615178464451 -0.236207968701068 0.336250594826278 1785404746.28803
 0.0787036374749569  0.0371798798940358 -0.0813477094094617 0.11913880915508 1785404746.30452
0.0211553212066363 0.0566726112496032 0.0137427716939536 0.0620338315359993 1785404746.32621
-0.0159227384391075  0.0627429506844768  0.0453027229695402 0.0790097979269016 1785404746.35246
-0.0299173185803937  0.0804856523469335   0.062873593347336 0.106424033588088 1785404746.37065
-0.0302797203432673  0.0403105797828669  0.0601839225418224 0.0785105651426446 1785404746.38853
-0.0581851221485073  0.0234985179252933  0.0730713407085109 0.0963177533846245 1785404746.40492
-0.101018079976231 0.0200907272318466  0.125585566912944 0.162419285861114 1785404746.42617
   -0.121449301793323 -0.000175275429947746      0.18733074518113 0.223254947801117 1785404746.45219
-0.0694822553425639  0.0124164346883745   0.195772407924498 0.208107634080098 1785404746.47043
-0.0622586471294115  0.0131313684627742   0.199985550036269 0.209863746758221 1785404746.48833
-0.116551545299583 0.0475112615875561  0.239562243905137 0.270613472307323 1785404746.50478
-0.151025819045539 0.0425172907116359  0.280715038439226 0.321585837427226 1785404746.52494
 -0.17746767318568 0.0033592091399308  0.393335460963001 0.431530814847517 1785404746.55251
   -0.122110221722237 -0.000769625178232922     0.415511528564274 0.433083512664461 1785404746.57071
-0.0848429596301359 -0.0141950377819132   0.422906645197106 0.431566747384806 1785404746.58851
 -0.138726441308856 -0.0158664924029659   0.521860637359008 0.540217822664287 1785404746.60507
-0.194493317818729 -0.032366363698533  0.674053611549966 0.702298728048653 1785404746.62618
 -0.254782834698867 -0.0239748758495809   0.797315637912792 0.837377641204657 1785404746.65275
 -0.225869097274362 0.00776716787534438   0.661927174671619 0.699446039783692 1785404746.67089
   -0.21483503138443 -0.00636473713226436    0.639563624699181 0.674711961230173 1785404746.68853
 -0.219446356655226 0.00305767798355719   0.562844403910009 0.604119090789818 1785404746.706
  -0.260450360262846 -0.00296149735761714    0.610120047894875 0.663392518401354 1785404746.72616
-0.343231543009347 0.0221891778694413  0.755630301543494 0.830227320883751 1785404746.75244
-0.385845818942125 0.0218046573890237  0.679204539603603 0.781454570462745 1785404746.77108
-0.423204064925529 0.0345816594773672  0.661990937087135 0.786466510747408 1785404746.7887
-0.499918004329055 0.0617502138160685  0.695192724290363 0.858501033118151 1785404746.80634
-0.549319654956844 0.0443986005497182  0.782082555413288 0.956753072916131 1785404746.82619
-0.591945520675044 0.0333365349632937  0.915494911866879 1.0907069989987 1785404746.85231
 -0.488059324404495 -0.0587216341249656   0.807518860281046 0.94537656209686 1785404746.87077
-0.434699495900463  -0.15532365608304  0.824820223171158 0.945207644079986 1785404746.88852
-0.399388507361134  -0.21632521348223  0.866515067212621 0.97834356925713 1785404746.90624
-0.374298449307942 -0.236307042359637  0.998254523704506 1.09199470764267 1785404746.92619
 -0.40307384189371 -0.258221945868338   1.16849933350294 1.2627500891878 1785404746.95187
-0.219431980433296 -0.200154530223175   1.06355041935016 1.10424260219648 1785404746.97075
-0.196073579451352 -0.186787938709845   1.04334379768733 1.07791505360068 1785404746.98854
-0.214558028503256 -0.161580068867764   1.01654795058753 1.05143378397987 1785404747.0066
-0.213114457762361 -0.133838553440241   1.02014202264218 1.05072369196416 1785404747.02615
-0.252594405438721  -0.10469177447209    1.0982359663539 1.13176258070955 1785404747.05055
 -0.263810607278447 -0.0173687210141038   0.963634303897717 0.999244104626455 1785404747.07044
-0.302916528743503 0.0661680295823849  0.885148104832218 0.937882614730061 1785404747.08864
-0.362751167710921  0.152059292320604  0.835603693642907 0.923549658051125 1785404747.10657
-0.364655804637522  0.199014146624954  0.826747856908838 0.925252671066695 1785404747.12631
-0.419612435892066  0.249808729856686  0.923697140869565 1.04484228758148 1785404747.15021
-0.475831742939466  0.207407658351634  0.853756766106088 0.999166852934806 1785404747.17029
-0.527781425066636  0.184708996689063  0.780251535890354 0.959928698061739 1785404747.18871
-0.652467688901271  0.162027142330696  0.719083997348086 0.984402699688558 1785404747.20664
-0.693523007318238  0.168664384575698  0.705403866309953 1.0035020931264 1785404747.2262
-0.758655411297191  0.220464845767065   0.81716946488616 1.13663042175192 1785404747.25008
-0.661221299013184  0.119018861519366  0.807745108226224 1.05063373995386 1785404747.27001
 -0.608510197456153 0.00716509469966492   0.773041334785335 0.983833778784239 1785404747.28866
 -0.643045066835561 -0.0691096136958374   0.752469012640632 0.992216060982237 1785404747.3066
 -0.637639459854784 -0.0877093532096347   0.824907359200889 1.04630261524481 1785404747.3261
 -0.666950581577015 -0.0832593218660904   0.992903076058575 1.19900446679322 1785404747.34857
-0.603894294701641 -0.130110271544498   1.02818835438582 1.19949501625859 1785404747.36868
-0.578489940226121 -0.158158571397622  0.993814742721258 1.16074652164005 1785404747.38823
-0.595135481157187 -0.143631074255265  0.983706933693573 1.15866106252896 1785404747.40633
-0.547901672967795 -0.110766237871978   0.99641437976261 1.14250033649489 1785404747.42627
 -0.519199969763688 -0.0793263362617568    1.06071131294894 1.18362568645885 1785404747.44833
 -0.401435055938582 -0.0190704481838076    1.01350844878526 1.09028123064164 1785404747.46863
-0.366603817139967 0.0279527354544164  0.960829828603947 1.02877289704583 1785404747.48791
-0.432697662131267 0.0570551978033949  0.913696786137088 1.012583023464 1785404747.50659
-0.435836025917273 0.0914191666856998  0.827367374898479 0.93959953095522 1785404747.52615
-0.437632341424101  0.102148421843434  0.859876801414353 0.970229086327567 1785404747.54799
-0.410002300146226 0.0880544929707194  0.829790264239669 0.92973510339476 1785404747.56863
 -0.39435335699413 0.0871716173452728  0.773056171549499 0.872197973750168 1785404747.588
-0.446046574909021 0.0769117085537691  0.751605140880057 0.877372922820199 1785404747.60685
-0.359121531174036  0.066613332873151  0.641569260903947 0.738252481747329 1785404747.62633
-0.322851249406856 0.0521866389992399   0.64959268784519 0.72727369994765 1785404747.64727
-0.280415018098246  0.021443809397557   0.60872140577391 0.670547663618242 1785404747.66857
  -0.223155079629207 -0.00790326801766082    0.505970316756906 0.553052088549316 1785404747.68671
-0.275626049144085 -0.012361354187485  0.477792046417061 0.551731602922589 1785404747.70828
 -0.249130673945263 -0.0167815046884171   0.443751818546283 0.509179131606119 1785404747.72623
-0.269138012974386 0.0545020209160532  0.460318918447186 0.536003028902003 1785404747.74695
