 0.0186052556517 -0.0368803225103  0.0200823864189 0.045930555958  0.173664955615 -0.369033679663   9.85543502106 -0.0297343948899   0.331623553383   0.199264021261 1785404702.9
 0.0173557443315 -0.0279779966881  0.0246674824896 0.0411396992254  0.227620022287 -0.454534561159   9.85741767738 -0.108097109828  0.503826370074  0.196818717167 1785404702.93
 0.0143554451428 -0.0170725163111   0.027820264461 0.0356583332914  0.242359920292 -0.444096892011   9.84002149292 -0.227454071368   0.64791289772  0.106100954849 1785404702.94
 0.00926370592047 -0.00492747038269   0.0284421918052 0.03031591144  0.195622833116 -0.319064419135   9.80396436923  -0.338113597957   0.678801533683 -0.0515823850297 1785404702.96
0.00217754699749 0.00737600036506  0.0259624124409 0.0270775543959   0.10208025545 -0.138325800371   9.76778933823 -0.362652440894  0.546310320519 -0.185790605037 1785404702.98
-0.00631918907535   0.0185470617032   0.0204589131532 0.0283283034402   0.0215552410342 -0.00637528544693     9.73543794477 -0.375789590418  0.429780166248  -0.28801292363 1785404703
-0.0152235470723  0.0272771506175  0.0126258536186 0.0336929000069 -0.066391528176  0.112213662333   9.68776581916 -0.430613442958  0.353251845837 -0.427750697177 1785404703.03
-0.0232876607515  0.0324670728841 0.00360324896484 0.0401174446848 -0.168789160473  0.214658114129   9.64949179189 -0.402728791288    0.1764895727 -0.513681859716 1785404703.04
  -0.029264263041   0.0334302740478 -0.00528312444931 0.0447425046034 -0.236568250519  0.245567774062   9.65124362678 -0.254075216079 -0.069890686653 -0.469317929191 1785404703.06
-0.0321712286839  0.0300233923382 -0.0128061347216 0.0458300024987 -0.219426404021  0.183530197702   9.70314258019 -0.0526828556721  -0.251393993641  -0.299222980122 1785404703.08
-0.0315173909338  0.0226787152735 -0.0180802219886 0.0428318162688 -0.192653149272  0.121954207829   9.75234346935  0.100645923795 -0.376124921177   -0.1681653329 1785404703.1
-0.0274393414415  0.0123398076585 -0.0207124598203 0.0365266245853 -0.185386259665 0.0726500565624   9.80478213057   0.270983297147  -0.560963915176 -0.0691740217031 1785404703.13
 -0.0207176737536 0.000322165272099  -0.0208370703939 0.0293855287314   -0.135991491771 0.000576283169824     9.88356682885  0.425828808315 -0.697844573716 0.0482865777175 1785404703.14
 -0.012666772123 -0.0118693513684 -0.0190373340361 0.0257633209258 -0.0449143864441 -0.0668522605609    9.95664245101  0.454706426294 -0.663597164585  0.133940274238 1785404703.16
-0.00491880058732  -0.0227346617937  -0.0161832865849 0.0283365172662  0.0363765359326 -0.0915860925072    9.97840976505  0.327802184509 -0.462739204931  0.140802719817 1785404703.18
0.000855924557262  -0.0309585527407  -0.0132288539166 0.0336773985128  0.0825373078159 -0.0890392900121      9.972277028  0.171156328901 -0.269085877108  0.108429838347 1785404703.2
0.00323795798694 -0.0355584267657 -0.0110158702274 0.0373662345286   0.127677571579 -0.0915717997511    9.98299843586 0.0106395759689 -0.119798001961 0.0739331106615 1785404703.23
 0.0013025615726 -0.0359875334253 -0.0101252279847 0.0374074788034   0.158333853652 -0.0806524595252    9.96702654077   -0.23829133096  0.0949478397605 0.00607677347523 1785404703.24
-0.00522525936875  -0.0321862344073  -0.0108000459482 0.0343496435684   0.137754197551 -0.0473148797114    9.89481808281  -0.493639646931   0.326847711281 -0.0808315047187 1785404703.26
-0.0159286151442 -0.0245784606177 -0.0129467637968 0.0320224952113  0.0788228346235 -0.0127989415564    9.80725477549 -0.603658408272  0.446879131287 -0.132868426936 1785404703.28
-0.0297702404344 -0.0140159585265 -0.0162025268524 0.0366774615444  0.0261200951213 0.00675842135655    9.74507348467 -0.621717812714  0.485440892512 -0.150475142228 1785404703.3
  -0.045256775733 -0.00167886185951  -0.0200450952997 0.0495257526188 -0.0158626389049  0.0190892750644    9.68218238026 -0.741139413224  0.601506501426   -0.1850850211 1785404703.33
-0.0606597665881  0.0110538872757 -0.0239165796985 0.0661346995978 -0.0585525465148  0.0271570194351    9.62939884951 -0.810025100344  0.682427128549 -0.203634709681 1785404703.34
-0.0742512163815  0.0227482736296 -0.0273340972101 0.0823278808032 -0.0788051010452  0.0277442262678    9.63655074331 -0.662278178339  0.583128928172 -0.167980110144 1785404703.36
-0.0845145797038  0.0320577978059 -0.0299671099224 0.0952283794873 -0.0673124590271  0.0249672789204    9.69831817905 -0.380793598134  0.358334759892 -0.102876446358 1785404703.38
-0.0903024006931  0.0378527746098 -0.0316705377645 0.10290956748 -0.0479031203395  0.0273252094237    9.76395750697  -0.138744758478   0.157324409313 -0.0542195447713 1785404703.4
-0.0909263458839  0.0393281793178 -0.0324727400253 0.104253464734 -0.0301896822987  0.0414653431403    9.83520881062   0.102513702069 -0.0439670132278 -0.0212885989243 1785404703.43
-0.0861806171432  0.0360849864195 -0.0325264916036 0.0989302667141 -0.00378484489725    0.061162405453      9.9256220966  0.408635085663 -0.311684521193 0.0121596395606 1785404703.44
-0.0763121241311  0.0281812492831   -0.03203786873 0.0874308191275 0.0210153790187 0.0739327097818   9.99619863168  0.676989145388 -0.557175275875 0.0373069262226 1785404703.46
-0.0619574931174  0.0161488827115 -0.0311916248527 0.0712210279845 0.0316917090704 0.0700295370275   10.0125966593  0.803255177162 -0.677815342689 0.0484810231061 1785404703.48
 -0.0440666580896 0.000971375962029  -0.0300916712717 0.0533696787171 0.0298925539793 0.0534944638051   9.98923201141  0.825739662586 -0.695800273673 0.0532746005138 1785404703.5
 -0.023826205474 -0.0159820195328 -0.0287314921882 0.0406030991304 0.0276301803023 0.0354933865217    9.9778769995  0.986924621159 -0.809860129601 0.0735098732523 1785404703.53
-0.00258565086188  -0.0330675092469  -0.0270020091857 0.0427697820691   0.0220397213229 -0.00331870576525     9.93969519414   1.16988121086 -0.905337768912  0.111206143884 1785404703.54
  0.018219524461 -0.0485200131157 -0.0247347244399 0.0574277749652 0.0134442061179 -0.061831619073    9.8510812787  1.11585516795 -0.77405276758 0.146943803465 1785404703.56
 0.0371589530357 -0.0606377724197 -0.0217681549798 0.0743745911314 0.0099097259328   -0.1143686804   9.75705119962 0.890036283095 -0.49911156696 0.172261265037 1785404703.58
  0.052920996603 -0.0679797884817 -0.0180184594928 0.0880144783882 0.0125842580168 -0.140596853918   9.69259575863  0.589624240333 -0.192594380508  0.177933151952 1785404703.6
 0.0644478327959 -0.0695513898267 -0.0135330858344 0.0957813311199 0.0233684970922 -0.183461215371   9.62039666287  0.418658598346 0.0698440254391  0.219247159005 1785404703.63
  0.0710775248468  -0.0649507690717 -0.00851007425816 0.0966593932592 0.0419734720046 -0.234674065338   9.53004068592 0.227073385024  0.41719278886 0.283440396527 1785404703.64
  0.0726663298847  -0.0544518759829 -0.00327449003525 0.0908632190821 0.0527953024377 -0.223191321079   9.50099154041 -0.0398207523892   0.728079546126   0.288905754047 1785404703.66
 0.0696585600242 -0.0390065263834  0.0017847362978 0.0798561792775 0.0475295068838 -0.159812429712   9.53748723581 -0.240976253435  0.861554739716  0.240605239127 1785404703.68
 0.0630748027494 -0.0201595938732 0.00630226969557 0.0665173554069  0.030753459445 -0.085314712995    9.5990273795 -0.330501126312  0.847529989863  0.178484394167 1785404703.7
  0.0544022397694 0.000116453604993   0.0100237856114 0.0553181121456 0.0107175506839 -0.024919588032   9.62580572689 -0.414544257924  0.933178049057   0.15386249555 1785404703.73
0.0453903455603 0.0196497797773 0.0128660434388 0.0511070678982 -0.0240090133151  0.0500230863337     9.6599531423 -0.461220199375   1.00471925691  0.136040944621 1785404703.74
0.0377768635584 0.0363330712971 0.0149275861984 0.0544978561037 -0.0651721652419   0.119181690061    9.73625496624 -0.351125665885  0.813655347987  0.101215867237 1785404703.76
0.0329876508812 0.0483902560102 0.0164412577281 0.0608285865615 -0.08938268753 0.146692775569  9.81868211888 -0.149268501697  0.461531027173 0.0694402226227 1785404703.78
 0.031865277079 0.0546114123338 0.0176776766496 0.0656528940119 -0.0928199773868   0.139850462058    9.88030957825 0.0325110315016  0.133431901839 0.0518826459847 1785404703.8
0.0344820112717 0.0545234157324 0.0188260289129 0.0672029116117 -0.0991118314795   0.142493228698    9.94683350275  0.192090983716 -0.143580381953 0.0517022779406 1785404703.83
0.0400819069152 0.0484698078325  0.019889224903 0.0659656183214 -0.09253190391 0.139012392956  10.0311639041  0.350913583233 -0.468329004202 0.0498831539122 1785404703.84
0.0471753942551 0.0375828363515 0.0206304218098 0.0637463859007 -0.0469081206082   0.101964096778    10.0798736756    0.3903822995  -0.70743917547 0.0201388163815 1785404703.86
0.0537817129922 0.0236434273136 0.0205959625788 0.0622549434347 0.0166520671119 0.0565378143222   10.0762060573   0.279978847056  -0.758496470115 -0.0372631712648 1785404703.88
0.0577848488853 0.0088405439552 0.0192183796893 0.0615352752168 0.0687809505521  0.023765873164   10.0253147408 0.0788383909718 -0.623924100551 -0.102225928202 1785404703.9
  0.0573431304799 -0.00454149852378   0.0159780447865 0.0597005673111  0.120274632139 0.0135290272479    9.9986170692  -0.14697526768 -0.526271811531 -0.195056479192 1785404703.92
 0.0512765661128 -0.0144635521608  0.0105809895811 0.054317933631  0.183441736318 0.0206763433046   9.97211877208 -0.482203066077 -0.399490699847 -0.345173532194 1785404703.94
 0.0393532242213 -0.0194455933896  0.0031004006487 0.0440047706854  0.206070075821 0.0410800268341   9.89534955151 -0.812003212244 -0.121942590173 -0.465429427428 1785404703.96
  0.0224082077398  -0.0187988581558 -0.00596596898472 0.0298515933913  0.173325453132 0.0625106724281    9.8011064792 -0.970234955108   0.17559383981 -0.493040782219 1785404703.98
0.00225518347599 -0.0127315625359   -0.01575157632 0.0203786823343  0.104223472675 0.0692731836169   9.73167808587 -0.885179409522  0.355915072783 -0.414861445535 1785404704
 -0.0186124734049 -0.00230516370451  -0.0251913360612 0.0314060720005 0.0508290331299 0.0816281812575    9.6654486367 -0.904356138289  0.534348536968 -0.398761487634 1785404704.03
-0.0374917731691  0.0107533536747 -0.0332773660942 0.0512703692671 -0.0195385118322  0.0912089928518    9.58656318119 -0.925155101491  0.737847653183 -0.391824598056 1785404704.04
-0.0520325474023  0.0243486623711 -0.0393455109016 0.0696298253375 -0.0971818664264  0.0635336584269    9.57346622363 -0.650689062789  0.715541879686 -0.280626081506 1785404704.06
-0.0607841016642  0.0363671797965 -0.0433227706485 0.0830309655377  -0.14845737055 0.0174753973865   9.61453531333 -0.305288669947  0.545075932995 -0.171974144824 1785404704.08
-0.0636071279724   0.045014431934  -0.045865663109 0.0904202679916   -0.14894758662 -0.0267926701606    9.70129503621 -0.023082286162  0.276551733145 -0.109060234484 1785404704.1
-0.0618452100164  0.0490804505624 -0.0483363436065 0.0925749574271  -0.158313084011 -0.0673586886636    9.77525689518  0.122013647424 0.0693379600411 -0.151545446696 1785404704.13
-0.0581889685176  0.0480934655643 -0.0525952168284 0.0920064906425 -0.173457522002 -0.115502211544   9.87787205297  0.155259661502 -0.185979845193 -0.339629314385 1785404704.14
-0.0562252102291  0.0423484592626   -0.06063004988 0.0929013951223 -0.136497788377 -0.125056839045   9.98999693691 -0.0434048897692   -0.42946297858  -0.604302473445 1785404704.16
-0.0597323899958  0.0328223201067 -0.0740834275302 0.100665869819 -0.0820214497148  -0.095550125253    10.0666691951 -0.414468992223 -0.566272145377 -0.879314443599 1785404704.18
-0.0718472068656  0.0210047599354 -0.0937728121568 0.119985671537 -0.0286244943604 -0.0366465595727    10.0665542414 -0.754300101604 -0.527257905246 -0.987794906461 1785404704.2
-0.0942696011785 0.00868071177002  -0.119311687764 0.1523068984 0.00595269967876  0.0236410771482    10.0838415171  -1.22553358258 -0.520923055393  -1.23274705666 1785404704.23
 -0.126682499549 -0.0023034289335  -0.148930864631 0.195535582226 0.0420957267476  0.112436833354   10.1099007693  -1.96097059959 -0.514159091265  -1.63508392009 1785404704.24
 -0.166532722494 -0.0102664059456  -0.179565659803 0.245117059653 0.0720425285126  0.195452170634   10.0405063788  -2.30578104453 -0.323757658837   -1.6277900436 1785404704.26
  -0.20925360381 -0.0138973430507  -0.207222792099 0.294824511222 0.0928522810027  0.242701245837    9.9231557914   -2.21222050797 -0.0580891711558   -1.28927865772 1785404704.28
 -0.248920096472 -0.0124297591244  -0.227580892712 0.337503742301 0.0942798231538  0.215396418569   9.79845666178  -1.53997078621  0.178806366902 -0.649205072104 1785404704.3
  -0.279232382642 -0.00577209073085   -0.236723727159 0.366117690842 0.110873542433 0.196340015042  9.69416308569 -0.998449670554  0.389860443923 -0.093620029412 1785404704.33
 -0.294645967419 0.00542462940617   -0.23186839714 0.374978167781 0.151200935137 0.176018819396  9.56063387351 -0.321297214637  0.673584388738  0.653100360014 1785404704.35
-0.291424168978 0.0197874117252 -0.211941501598 0.360886115037  0.167738814159 0.0879562193111   9.46536960655 0.727712118242  0.82967079168   1.4966544199 1785404704.36
-0.268394709919 0.0353539119437 -0.177878557503 0.323923448706   0.151247108151 -0.0253295973943    9.44602979855  1.68728145107 0.789740590113  2.08667029952 1785404704.38
-0.227246951729 0.0498258818273 -0.132573182191 0.267767518953  0.104496866802 -0.113902878468   9.50259711457  2.17487172289 0.578732319011  2.20453625913 1785404704.4
 -0.172299725524  0.0609247410548 -0.0804728690705 0.199687010455 0.0582475468124  -0.19014386822    9.5410341531  2.67716322205 0.386778544582  2.40857760776 1785404704.43
 -0.109781365247  0.0667965200774 -0.0268922961869 0.131289446812 -0.00823916896718   -0.273880861241     9.57472856617 3.32239272736 0.14450226964 2.73392024111 1785404704.45
-0.0467676921131  0.0663845602962  0.0228245419254 0.0843509726406 -0.103157503886 -0.305016112137   9.65720007649   3.39536202276 -0.201788092527   2.58006188465 1785404704.46
0.0100045418381 0.0596775826739 0.0641304139447 0.0881715074381 -0.183195534981  -0.25482594206   9.75965145102   2.70451901833 -0.494018355866   1.88580588464 1785404704.48
0.0552092717091 0.0477570366359 0.0939309964079 0.118961465681 -0.212083288982 -0.160900698571      9.83357319  1.68514608604 -0.60270724778  1.04262501886 1785404704.5
 0.085681161004 0.0326111774307  0.110952667006 0.143927914458  -0.247824826519 -0.0944534337996    9.88038339523   1.02883013226 -0.701161941559  0.493694547221 1785404704.53
 0.100716129335 0.0167434847903  0.115767922414 0.154357684782  -0.286812001877 -0.0299459776071    9.91847775701   0.427250744901  -0.789046025788 -0.0119876285663 1785404704.55
 0.101898399333 0.0026612063533  0.110497650293 0.150333284824 -0.256236315529 0.0350823433753   9.92502661774 -0.226739836128 -0.675433107445 -0.484701481626 1785404704.56
  0.0925327876139 -0.00763379280777   0.0982744024199 0.135197817095 -0.167345479147 0.0684359933075   9.90245601644 -0.665862239624 -0.416858283038 -0.741417120439 1785404704.58
 0.0768373453392 -0.0130280868926  0.0825929376041 0.113557483368 -0.0575458132225  0.0590673326908    9.86596918201 -0.757227922374 -0.131993635711 -0.715147675428 1785404704.6
0.0590850206608 -0.013464127686 0.0666853760805 0.0901069463684   0.03099391326 0.0334628653122   9.84392400735 -0.763763156897 0.0711986137232 -0.664543488911 1785404704.63
  0.0428700114896 -0.00986162480275   0.0530382643502 0.0689067994769   0.126275546069 -0.0103934228175    9.83339177964 -0.745544350629  0.252429021519 -0.617155824135 1785404704.65
  0.0306237860117 -0.00382762301972   0.0431253870457 0.053030802139   0.201275747271 -0.0687384193302    9.83198032027 -0.537621250445  0.349092519754 -0.433255961946 1785404704.66
  0.023434758413 0.00275822878924  0.0373758639887 0.0442012549237  0.225197985213 -0.111218079292   9.84270837156 -0.252020186611  0.319360499922 -0.207050939555 1785404704.68
 0.0211540657791 0.00817242597737  0.0353453972844 0.0419950015422  0.190554410074 -0.113763836177   9.85734596728 -0.0164396442459   0.192322921636 -0.0309259391576 1785404704.7
0.0227142571895  0.011187176416  0.036020471094 0.0440291350548  0.160781682772 -0.104145714468   9.88018238043  0.121546732679 0.0692613934504 0.0634806693504 1785404704.73
0.0265576348835 0.0112515603772 0.0381675396495 0.0478400111248   0.136774247346 -0.0817945074629    9.91816808501   0.219386185334 -0.0707548860793   0.121405217562 1785404704.75
 0.0310683211717 0.00849288258681   0.040643492155 0.0518581053415   0.081718989591 -0.0199462214911    9.94449039063  0.231915034318 -0.213153746442  0.123082867292 1785404704.76
 0.0349219506285 0.00356389475127  0.0426066824927 0.0552048310796 0.0198315135383 0.0550583332969   9.94752064851  0.166063537758 -0.295712687845 0.0788385119281 1785404704.78
  0.0373000827828 -0.00260414088329   0.0436020152525 0.0574387801004 -0.0260231571457   0.107769705442     9.9254422941  0.070206158772 -0.292582181218  0.021366507384 1785404704.8
  0.0379529663671 -0.00906777762087   0.0435291403125 0.0584588599221 -0.056349657038  0.145590566517   9.90759496097 -0.00390552805003    -0.28039539606  -0.0240678580664 1785404704.83
 0.0371262006792 -0.0150879178973  0.0425304649435 0.0584366365532 -0.0876259795486   0.184877123773    9.89643685506 -0.0663156429194  -0.289288407153 -0.0693304138178 1785404704.85
 0.0353897220924 -0.0202494056763  0.0408493685655 0.0577160443223 -0.105776760292  0.179155848289   9.86847339975 -0.102605881517  -0.25968873044 -0.105854701317 1785404704.86
 0.0334201070741 -0.0244677967986  0.0387070249435 0.0566904790684 -0.106829960171  0.124188966906   9.83209357805 -0.0982447637806  -0.208766786231  -0.126033747635 1785404704.88
 0.0317897364369 -0.0278992529237  0.0362311103893 0.0556924502645 -0.0862134501071  0.0393040003041    9.80008868208 -0.0596257847836  -0.144491735705  -0.120141606617 1785404704.9
 0.0308096280803 -0.0307937955625  0.0334471002064 0.0549199375438 -0.0759799653197 -0.0329904859827    9.77671890689 -0.0290674319254  -0.118813365337  -0.128999237974 1785404704.93
 0.0304578459797 -0.0333433660425  0.0303202733233 0.0543946634806 -0.0795915753279   -0.11795184558    9.74765048683 -0.0104490996078  -0.123297394969  -0.170959463987 1785404704.95
0.0304046464478 -0.035572502071 0.0268211280725 0.0539371703029 -0.0727531251584  -0.193019744883    9.72355686961 -0.00933450726252   -0.110336691877   -0.204448891101 1785404704.96
 0.0301228540391 -0.0373030718415  0.0229831178774 0.0531707552291 -0.0576207314747  -0.226826812489    9.71025937745 -0.0374703806281 -0.0728155290144  -0.218658578623 1785404704.98
 0.0290522817291 -0.0382005285485  0.0189293975319 0.0515910607177 -0.0348122411468   -0.18723076748    9.71989254685 -0.0767824092055 -0.0133312789645  -0.186289296654 1785404705
 0.0267748600757 -0.0378843643791  0.0148602229711 0.0487128773861 -0.0205984809507  -0.147281222676    9.72267218515 -0.125854902047 0.0455406329985 -0.169057563429 1785404705.03
0.0231553837181 -0.036066734284 0.0110082502956 0.0442511320942 -0.0120046021454  -0.119681605104    9.70538190009  -0.21544813785  0.134185121247 -0.187564049485 1785404705.05
 0.0184118764019 -0.0326757420654 0.00757960732363 0.038264236035 -0.00159856151163  -0.0513088006933     9.70195594358  -0.28718708284  0.232459222419 -0.180075555218 1785404705.06
 0.0130973749201 -0.0279254318231 0.00470155467132 0.0312005703254 0.00690372195121  0.0319250716016    9.72310172405 -0.282809582803  0.281452630243 -0.140831357677 1785404705.08
0.00799702545894 -0.0223108627624 0.00239329933591 0.0238213117839 0.0112783034056 0.0882953154276   9.75752415042  -0.211263455468   0.263657564095 -0.0956299582082 1785404705.1
   0.003965098547  -0.0165283175525 0.000567762549228 0.0170067528328 0.0154744533571   0.12805530983   9.78783901151  -0.139099296422   0.243889474324 -0.0740567191858 1785404705.13
  0.00174056441846   -0.0113411092587 -0.000937651936234 0.0115121464057 0.0239331121625  0.171921626844   9.82357099136 -0.0553056411452   0.230825124797 -0.0729931884429 1785404705.15
 0.00178396734516 -0.00742508917583 -0.00231092608972 0.00797840009963 0.0359274523763   0.19109611025   9.87081020415  0.0681366095766   0.171194164505 -0.0776717703169 1785404705.17
  0.0041721210537 -0.00523178991916 -0.00370948501772 0.007651045611 0.0491319710902  0.170257215829   9.91497483463   0.193351564349  0.0718871183735 -0.0826268969958 1785404705.18
 0.00857286284012 -0.00490101270552 -0.00521209407699 0.0111660121567 0.0511948852214  0.102507735824   9.92045925528   0.231755012523 -0.0230849157279 -0.0704556239759 1785404705.2
  0.0143036229897 -0.00624098003696 -0.00678955341816 0.0170188571318 0.0581511556817 0.0557560834426   9.92372698133   0.252118803247 -0.0822142676373 -0.0655135188431 1785404705.23
  0.0204592765927  -0.0087770933029 -0.00830079980353 0.0237596852446 0.0808249085087 0.0189574780853   9.94202074763  0.303947125179 -0.144879415485 -0.070359427942 1785404705.25
  0.0260806117334    -0.01185459867 -0.00951575847898 0.030187405941  0.0950872229135 -0.0266119723202    9.92595236452   0.283677041444  -0.172272330132 -0.0534669114349 1785404705.26
 0.0303275327053 -0.0147699204496 -0.0101607500233 0.0352299677989  0.0898392854592 -0.0605189577863    9.87177173861     0.1837223819   -0.14176253535 -0.0129694005763 1785404705.28
  0.0326218196326  -0.0169018781927 -0.00997751792614 0.0380710843889  0.0663425706502 -0.0680974186538    9.80601076096  0.0574296463126 -0.0727773201976  0.0328747549153 1785404705.3
  0.0327320502649  -0.0178170286175 -0.00878431937228 0.0382883518859  0.0435003906306 -0.0633683591466    9.75233848529  -0.0386753135949 -0.00904154643711   0.0726780940086 1785404705.32
  0.0307860187801  -0.0173310532172 -0.00652770732246 0.0359270833889  0.0269373591461 -0.0649723430231    9.68626720608 -0.133205840117 0.0554655464658  0.131933149453 1785404705.35
  0.0272110461466  -0.0155181390929 -0.00331606467086 0.0314999993365 0.000321044968367  -0.0564187008116     9.61547276042 -0.227927793864  0.130038458342  0.198068159787 1785404705.37
  0.0226174048412  -0.0126706564073 0.000570779015898 0.0259310301421  -0.032053110361 -0.0312262289281    9.58964628183 -0.264105663252  0.173999397892  0.221438558143 1785404705.38
  0.0176521719411 -0.00922051436267  0.00469854317765 0.0204619981268  -0.0545130888263 -0.00352447974962     9.62105047536 -0.231183651677   0.16653568069  0.188349026225 1785404705.4
  0.0128576311055 -0.00564009628485  0.00852222309927 0.0164243006031 -0.0715104733563  0.0175241282563    9.65926956237 -0.19654448818 0.148780818022 0.146152109449 1785404705.43
 0.00856768564704 -0.00234371351901   0.0114538424355 0.0144944381382 -0.0999633078351  0.0409629178123    9.68443640154 -0.197224945184  0.148839283153  0.109232793239 1785404705.45
 0.00486679097217 0.000390332148691   0.0129479400758 0.0138378887754 -0.122137571548 0.0649526253032   9.73777803571 -0.192874828571  0.133400729218 0.0316622318298 1785404705.47
0.00162009658343 0.00246154517782   0.012594355053 0.0129345157158 -0.117115923997 0.0781326226127   9.81426345479  -0.175156128607   0.098790824449 -0.0762609720681 1785404705.48
-0.0014354076373 0.00394487175528  0.0102040349898 0.0110337998135 -0.0807836920711  0.0730268283357    9.87754608887 -0.148023991726 0.0618292371018 -0.160880359114 1785404705.5
-0.00456572142066  0.00504534530091  0.00587127854153 0.00898739300402 -0.0397763134501  0.0663532059047    9.92073682344 -0.141042330423 0.0451556236228 -0.222114261103 1785404705.53
 -0.00791726886751   0.00602008197911 -3.63680209332e-06 0.00994608197141 0.00945714453777  0.0686446151863    9.97463171073 -0.168321163921 0.0499997254749 -0.309186831792 1785404705.55
 -0.0114329197855  0.00708524346358 -0.00674298371898 0.0150459349724 0.0854451179793 0.0639856144272   10.0198059716 -0.191458950421 0.0639458228252 -0.373007007662 1785404705.57
-0.0148314761401 0.00832937424389 -0.0134741366635 0.0217003114866  0.166975715832 0.0449036258566   10.0250163057 -0.174868612382 0.0721677096388 -0.351598738507 1785404705.58
  -0.01765706574 0.00965392832864 -0.0192575329918 0.0278535972479    0.2047265052 0.0168387251173   9.97917655517 -0.109625648017 0.0584447694307 -0.235128517135 1785404705.6
-0.0193846881305  0.0107568301336 -0.0232400080892 0.0321181180088    0.216904275028 -0.00698169539146     9.93374978941 -0.0401268027545  0.0320216576388   -0.11745640863 1785404705.63
  -0.01955239835  0.0111664259059 -0.0248054198465 0.0335006597325   0.254527538016 -0.0337463674508    9.91216843577  0.0357652067182 -0.0103448320329 -0.0107781855865 1785404705.65
-0.0178839459128  0.0103227511057  -0.023692271046 0.0314279878312  0.261584053171 -0.068471831596   9.87985671564   0.143245519628 -0.0960073548792   0.131363110933 1785404705.67
-0.0143696360644 0.00769278638609 -0.0200525746697 0.0258412684265   0.182292626952 -0.0962408842936    9.83005379027  0.241006473857 -0.208100778295  0.259432069136 1785404705.69
-0.00928585580874  0.00289859683357  -0.0144368337517 0.0174083643827 0.0504809495297 -0.105341461157   9.78416336482  0.280444814159 -0.296448353299  0.308665852309 1785404705.7
-0.00315078438406 -0.00416626729798 -0.00770477488525 0.00930853272355 -0.0746781704964  -0.103233890081    9.75294569755  0.274380224819 -0.350225322064  0.293975083039 1785404705.73
 0.00336984885016  -0.0132554399344 -0.00087732219993 0.0137051911103 -0.214934687723 -0.118867716432   9.71530573684  0.301043380802 -0.462826014244  0.301365621746 1785404705.75
0.00958191088814 -0.0237415942416 0.00504154963774 0.0260939367699 -0.389070463447 -0.138004949191   9.66872265211 0.319895425824 -0.59474455408 0.281153604298 1785404705.77
 0.0148784615496 -0.0346520720068 0.00923750808432 0.0388261029213 -0.496553402077 -0.129960579286   9.64366628388  0.265576202036 -0.604014458348  0.177431233263 1785404705.79
 0.0188279024343 -0.0447702577018  0.0112187886757 0.0498470370645  -0.472181693527 -0.0944364713745    9.65360997611  0.163631365533 -0.468074703811 0.0424824769543 1785404705.8
 0.0212209996401 -0.0527951806243   0.010884177275 0.0579320916058  -0.356770471481 -0.0500274853872    9.68535318727 0.0692078938859 -0.272196947446 -0.057618261757 1785404705.82
 0.0220750090413 -0.0575412359358 0.00851544621107 0.0622158555464  -0.293079269837 -0.0139776726102    9.69157395586 0.00879195352521  -0.123318606152  -0.142449365957 1785404705.85
 0.0216026861448 -0.0581488312793 0.00469999984098 0.0622097470363 -0.189368775455 0.0407611238776   9.69905656175 -0.0533554669685  0.0911467635696  -0.231424071961 1785404705.87
  0.0201587147289  -0.0542676440334 0.000203708763246 0.0578912123358 0.00429427777061    0.10320797971    9.74046201393 -0.0961496999114   0.336084226941  -0.249088023181 1785404705.89
  0.0181759794869  -0.0461710293814 -0.00417731946664 0.0497953831431 0.176338166687 0.143401437677  9.79080103386 -0.100918362553  0.484999562785 -0.197959160409 1785404705.9
  0.0161010030479  -0.0347668481286 -0.00775580600919 0.0390912848957 0.280462163218 0.160137867163    9.830566805 -0.083055301029  0.533632774914 -0.127146353102 1785404705.93
 0.0143342868648 -0.0214880402299 -0.0100584276028 0.0277196612296 0.40094541862 0.19603251408 9.86904651032 -0.0690906704962   0.631204588661  -0.073926129306 1785404705.95
   0.013179127561 -0.00807292257341  -0.0108821752209 0.0189019369294 0.511451766324 0.225819211522  9.91169932192  -0.0422894254342    0.696006457539 -0.00661915867287 1785404705.97
 0.0128022481987 0.00372650912479 -0.0102982229398 0.0168474871989 0.493100742108 0.195920507231  9.93254708536 0.000877842176061    0.575574576084   0.0637502882316 1785404705.99
  0.0132104268336   0.0124490641805 -0.00860917251195 0.0200901077009 0.360897438331 0.120122773162  9.92197217557 0.0362181802364  0.337029471891  0.100881117508 1785404706
  0.0142476063426   0.0171763370495 -0.00627236234155 0.0231810994191  0.208619828044 0.0409354792741   9.89639950902 0.0522751702567  0.113663948046  0.104407669266 1785404706.03
  0.0156153839857   0.0176782566145 -0.00380582190194 0.0238923681183  0.0929772490219 -0.0308565470832    9.87960280077  0.0625657261429 -0.0645404547567   0.107331230335 1785404706.05
  0.0169161529187   0.0144235645625 -0.00169448232837 0.0222949930392 -0.0454302143989   -0.11824432036    9.85443256714 0.0577600802812 -0.253807075998 0.0961625582531 1785404706.07
   0.0177137241901    0.0084578125096 -0.000312375196907 0.0196318158965 -0.183456149624 -0.185305700009   9.81398853698 0.0193832485619 -0.373864489822 0.0514477473587 1785404706.09
   0.017602789622  0.00117970195788 0.000128014634784 0.0176427403465 -0.255130045213 -0.197190152511   9.77973709283  -0.0365620188556   -0.366318168385 -0.00237354243757 1785404706.1
    0.016277212966  -0.00593472315847 -0.000405630997849 0.0173301222562 -0.259433221003 -0.166768080607   9.76361816203 -0.0873489065807  -0.278108441069 -0.0414499691242 1785404706.13
  0.0135876551704  -0.0116040045215 -0.00177730056106 0.0179565055412 -0.281404459233 -0.147409044578   9.75194797105  -0.154901661175  -0.208716745954 -0.0766243222417 1785404706.15
   0.009580399115  -0.0149581073149 -0.00371830575304 0.0181481354226 -0.299484034735 -0.113481720956    9.7483062308   -0.2485330368 -0.111119801667 -0.112260157581 1785404706.17
  0.0045106350557  -0.0156623650834 -0.00587730964462 0.017326230902  -0.242717528126 -0.0400699970904    9.76977965264 -0.303742566295 0.0290484050066 -0.117388074292 1785404706.19
-0.00117495826038  -0.0139295192548 -0.00787495296263 0.0160445292155 -0.141263194406  0.032927299887   9.80470210458  -0.289326581219   0.133003304431 -0.0882680713912 1785404706.2
-0.00688886138183  -0.0104220214943 -0.00935508054674 0.0156074493497 -0.0492082663029  0.0763437431219    9.83418888505  -0.233694949258   0.169970563309 -0.0465391644284 1785404706.23
 -0.0119845442407 -0.00606751186417  -0.0100276272114 0.0167629743295 0.0214055272716  0.114931817729   9.86251932983    -0.20896089952    0.200166157138 -0.00806312055928 1785404706.25
 -0.0158608246711  -0.0018276700261 -0.00970127938978 0.0186821026324 0.101253172228 0.143623092287  9.88890937759 -0.163701107871  0.204262314683 0.0462989208706 1785404706.27
 -0.0180725039142  0.00152889814654 -0.00830579425104 0.0199484121025 0.172050106301 0.134702476374    9.894268693 -0.0722183571804   0.152846693469   0.106968126184 1785404706.29
 -0.0184246660233  0.00359857737933 -0.00590377808963 0.0196792447253  0.204939746865 0.0902305463795   9.87246665697 0.0272863620544 0.0753581511284  0.146395318901 1785404706.3
 -0.0170258673837  0.00441944814673 -0.00269043635358 0.0177946657699  0.194312415964 0.0368018137559   9.83726187508 0.0897943285432 0.0181081817521  0.150034252284 1785404706.33
-0.0142801039111 0.00443438165816 0.00102122806214 0.0149875953761    0.215132846524 -0.00320396035594      9.8054145371   0.142690031929 -0.0016026057309   0.172668829942 1785404706.35
-0.0108097072474 0.00434963210055 0.00483172257336 0.0126140641036   0.248065425922 -0.0473078069998    9.76315596514  0.19191281645 0.013508783728 0.200732437802 1785404706.37
-0.00731903283867   0.0049243729228  0.00830220487197 0.0121138060127   0.220964441893 -0.0790098119669    9.72565486655  0.181355418488 0.0680463411663  0.175625269656 1785404706.39
-0.0044270558945 0.00674446582058  0.0110127061597 0.0136516057685   0.145410759214 -0.0821119832899    9.71272949827 0.123031006104 0.130815304767 0.110522229596 1785404706.4
-0.00250973154891    0.010037963666   0.0126225361297 0.0163213934868 0.0596579709323 -0.064473847577   9.72237786517  0.060537603451  0.167488813782 0.0408036220399 1785404706.43
-0.0015952589481  0.0145791715966  0.0129213970512 0.019546344858 -0.0158878124896 -0.0529410245618    9.72217829103 0.0264363417173  0.219472956178  -0.01730801594 1785404706.45
-0.00134524278567   0.0197054809813   0.0118601390367 0.0230386318349  -0.121969910276 -0.0376607275003    9.72163621093  0.0126722675396   0.270986616703 -0.0925140324089 1785404706.47
-0.00113399646325   0.0244429122249  0.00955394506678 0.0262682274307  -0.222495124047 -0.0103406200976     9.7456571595 0.0316505325569  0.223596473029 -0.156511362644 1785404706.49
-0.000212176986187    0.0277100703517   0.00625714730429 0.0284085358714 -0.282942690315 0.0122327751412   9.77583037578 0.0845807679776  0.108055921731 -0.190301060672 1785404706.51
 0.0020830461012  0.0285528358855 0.00231581485255 0.0287222303556 -0.269452027285 0.0220492584357   9.80254363856   0.138199431097 -0.0295058282181  -0.177714835464 1785404706.53
 0.00612381096384   0.0263573254774 -0.00189049156154 0.0271253318024  -0.27894766151 0.0280227258947   9.82113212443  0.219656682214 -0.170003566525 -0.187177328886 1785404706.55
  0.0118467954293   0.0209961697659 -0.00600422577051 0.0248442434759  -0.29282208809 0.0338614759748   9.84275588409  0.342025397789   -0.3663156199 -0.213076425715 1785404706.57
  0.0187080307623   0.0128793899024 -0.00973026191897 0.0247092512285 -0.213475163121 0.0322718001507   9.86162327855  0.389891963942 -0.507300661479 -0.192010554315 1785404706.59
 0.0257538863434  0.0029012176447 -0.0128530671991 0.0289288966613 -0.0882788651624  0.0295589604064    9.87605866755  0.348220130173 -0.547651126199 -0.146287538199 1785404706.61
  0.0317972196964 -0.00770617778785  -0.0152290400202 0.0360883917133 0.0336899605436  0.027439843726   9.88132859987   0.220900911983  -0.456699507008 -0.0870979185759 1785404706.63
 0.0356627387734 -0.0175847458542 -0.0167599791914 0.0431503317029  0.137550555904 0.0341518908388   9.89957527711   0.103821632964  -0.396923285111 -0.0475661354069 1785404706.65
 0.0364487798706  -0.025489682945 -0.0173601637059 0.0477452906012  0.264259196576 0.0513036717329   9.93962909604  -0.0509156433254   -0.343653949027 -0.00458707585115 1785404706.67
 0.0337474951967 -0.0305116377772  -0.016932526703 0.0485444531584  0.349448986505 0.0645762145946   9.97113501841 -0.246743326904 -0.191977150093 0.0566792704558 1785404706.69
 0.0277730920485 -0.0322397492754 -0.0153672763495 0.045242670762  0.346910777425 0.0634914532567   9.97708279532   -0.387312263354 -0.00864050653149    0.117514481248 1785404706.71
 0.0193668224089 -0.0308324546191 -0.0125692842691 0.038518839223  0.260763450447 0.0450515231656   9.95045687795 -0.399396520768  0.117384956914  0.152993749241 1785404706.73
 0.00987373072374  -0.0269790230331 -0.00851070585953 0.0299631499755  0.199885642224 0.0259791909396   9.93894093106 -0.412029899676  0.202670933496  0.207067214044 1785404706.75
0.000913661041871  -0.0217556389725  -0.0032955769056 0.0220227934364    0.137419235093 -0.00491903877237     9.93159286973 -0.420873063681   0.28205932473  0.301189799118 1785404706.77
-0.00590866799484  -0.0164020269996  0.00278366745597 0.0176546778977  0.0253636623349 -0.0528517084676    9.88555561388 -0.287792913493  0.273171840556  0.352729854178 1785404706.79
-0.00929751244487  -0.0120632354253  0.00921962262193 0.0178035622244 -0.0840774199901  -0.096963692881    9.81793359013 -0.0688929029295   0.181640483746   0.332140456302 1785404706.81
-0.00850707592591 -0.00955116060405   0.0153108851981 0.0199503938618 -0.146000003831 -0.117330042644   9.75820672213  0.130547218578 0.0647976270581   0.24745802759 1785404706.83
-0.00348475391503 -0.00917804979284   0.0202379635435 0.0224934496295 -0.195252380074 -0.141100490644   9.70264906865   0.306072414246 -0.0258069432904   0.177068839495 1785404706.85
0.00510778092356 -0.0106991171734  0.0231873444607 0.0260425320849 -0.251920485657 -0.174098209088   9.63206879698  0.515604666713 -0.111133060098 0.0863991220353 1785404706.87
 0.015996166577 -0.013376953425 0.0235023529791 0.031419433853 -0.253672578104 -0.169233184343   9.58988424199  0.631410734332 -0.153811482211 -0.066518161553 1785404706.89
 0.0274960971758 -0.0161529048898  0.0208287693583 0.0380892285202 -0.192992522114 -0.120524772685   9.60370525573  0.577219881722 -0.119508474428 -0.219464764523 1785404706.91
 0.0377798898975 -0.0178870883386  0.0152199637885 0.0444850009286   -0.10497269352 -0.0529186104532      9.662188083   0.396237933308 -0.0327881388621  -0.306308398887 1785404706.93
 0.0451620778792 -0.0176147402664 0.00717223168441 0.0490034004979 -0.0348780332615 0.00698172290513    9.71273612138  0.237302888987 0.0700305960781 -0.395759634917 1785404706.95
  0.0483598669903  -0.0147648250342 -0.00242469232838 0.0506216942279 0.0446383030525 0.0821886705825   9.77492786177  0.040267880232  0.219068143932 -0.515923881139 1785404706.97
  0.0466910519522 -0.00929670836735  -0.0124174321698 0.0492003632157 0.132228172408   0.1604325208  9.86549202567 -0.230910891891  0.368097362037 -0.540754435867 1785404706.99
  0.0401824482248 -0.00172912000006  -0.0215748304409 0.0456409061026 0.188523465163 0.203286761973  9.94390412509  -0.45709219436  0.433643213193 -0.437254296682 1785404707.01
 0.0295742226744 0.00694202189162 -0.0287913874455 0.0418541551793 0.192589755524 0.193830699861  9.97436485517 -0.540442761158  0.386731765444 -0.263655300844 1785404707.03
 0.0162187574009  0.0154188947851 -0.0332655303033 0.0400922176286 0.195925818967 0.184979858581  9.99376877196 -0.607968960041  0.338010169709 -0.127918318676 1785404707.05
0.00188638915009  0.0223355204475  -0.034616982739 0.0412403859298 0.212536469088 0.184634497124  10.0202499078  -0.725294006137   0.290146669478 0.00895595804953 1785404707.07
-0.0114962213526  0.0265059969974 -0.0329233046886 0.0438026822676 0.177452420454 0.132572952013  9.99092991892 -0.689532271099  0.137953507765  0.170543702584 1785404707.09
-0.0221378109167  0.0271419998675  -0.028675018595 0.0452661851763 0.0882477337543 0.0378670380922   9.90217381325  -0.458822228986 -0.0669715010787   0.274204144446 1785404707.11
-0.0286597859697  0.0240007354524  -0.022665910312 0.0437168402833 -0.0040839149652 -0.0467208013891    9.80870880228 -0.180280556674 -0.213987547476  0.282876592602 1785404707.13
-0.0303139344812  0.0174371894226  -0.015845936983 0.0383938005095 -0.0834274566246  -0.119634673923    9.73101115979 0.0339686916453 -0.341455670885  0.294532650191 1785404707.15
 -0.0271029599517  0.00835141112725 -0.00916712449526 0.0298052458045 -0.187713213736 -0.216195172617   9.63474003449  0.278521463781 -0.512924820349  0.327823357916 1785404707.17
 -0.0197812207208 -0.00195984461569 -0.00344879693488 0.0201750312124 -0.272451211605  -0.28027229202     9.564387118  0.497905110568 -0.583955448972  0.283410572861 1785404707.19
 -0.0097329816445  -0.0120205297621 0.000719971254783 0.01548361799  -0.29131936834 -0.274562552517   9.56010209214  0.576656334209 -0.506140742481  0.177681587325 1785404707.21
0.00125352366313 -0.0204223854894 0.00303251012688 0.0206843242171 -0.227971217258 -0.196565639707   9.62740131151  0.468993160565 -0.313280664625 0.0614142378693 1785404707.23
 0.0112798330489 -0.0260567868044 0.00347158067767 0.028604940912 -0.179929101665 -0.137177237022   9.68059874531   0.379917899832  -0.171810986025 -0.0164882723441 1785404707.25
 0.0186504008751 -0.0282898079742 0.00227749318892 0.0339608254206  -0.128027456638 -0.0720028066435    9.73916514974   0.282956072476 -0.0258676463084 -0.0932808267922 1785404707.27
   0.0221528160547   -0.0270507873086 -0.000112865613235 0.0349643402886 -0.0201487938945  0.0357582038577    9.83599843817 0.0744694506277  0.156171792801 -0.154863810054 1785404707.29
  0.0212576370093  -0.0228221062803 -0.00314441496347 0.0313468182078 0.104817012243 0.144367612745  9.93197225963 -0.165156454459  0.291880069421 -0.169745789708 1785404707.31
  0.0162034407342  -0.0165364898975 -0.00622756101132 0.0239747681095 0.177205759415 0.192925702457  9.97303171791 -0.301936899606  0.304495888342 -0.128705047938 1785404707.33
 0.00795185210711 -0.00940355161146 -0.00881620163787 0.0151454331784 0.232327531271 0.231437535013  10.0020744795  -0.394548940244   0.300281680694 -0.0920877128825 1785404707.35
-0.00198061710728 -0.00269704212934  -0.0104717196612 0.0109933522202 0.305167632395 0.290803647217  10.0437741192  -0.504740210406   0.303427471922 -0.0534926439291 1785404707.37
-0.0117858624434 0.00246188867666 -0.0109080154357 0.0162466073423 0.321091910351 0.301335126785  10.0393738442 -0.507170769005  0.228925084155 0.0130709051868 1785404707.39
-0.0196777077086 0.00529101278787 -0.0100156267484 0.0227050605846 0.237021145506 0.227915470117  9.96508415215 -0.343850059026 0.0833989171147 0.0842804109208 1785404707.41
 -0.0242011963079  0.00547315877168 -0.00786491739816 0.0260290279371 0.0973575184667   0.10846954765   9.86070931673  -0.107157002353 -0.0466170393563   0.118773630698 1785404707.43
 -0.0244829702611  0.00320055571457 -0.00468943744419 0.0251326523317 -0.0157156834774   0.020064019805    9.77753827019 0.0829646243324 -0.137694003467  0.152184839515 1785404707.45
  -0.0203778606037 -0.000872321653722 -0.000851642339904 0.0204142950534  -0.154288578732 -0.0787461063527    9.67474115186  0.313902519782 -0.234494584887  0.206558291441 1785404707.47
-0.0124854886428 -0.0057619224258 0.00320530423032 0.0141195308668 -0.287174782931 -0.177535134371   9.58119821872  0.510471703377 -0.263833302708  0.218899203177 1785404707.49
-0.00203495012933  -0.0103527113006  0.00701411879874 0.012669550735 -0.369470137206 -0.242740222485   9.52602370565  0.606550184793 -0.218429838954  0.192766170166 1785404707.51
0.00933933553273 -0.0136214416369  0.0101413960432 0.0193807836313 -0.336693126795 -0.229360341482   9.55542985995  0.512933485707 -0.105071288389  0.122263478724 1785404707.53
 0.0198870256695 -0.0148432940085  0.0122394688614 0.0276698710696 -0.293193044219 -0.206806848724   9.59029146088    0.405925450994 -0.00247744889364   0.0638955433005 1785404707.55
 0.0280412322182 -0.0137355832684  0.0130852071459 0.033855569676 -0.277640358186 -0.205762472297   9.60436905961   0.326052122898   0.110592310087 0.00921319817413 1785404707.57
 0.0326721777464 -0.0105067496228  0.0126007366818 0.0365601087423 -0.194750949733 -0.159380378071   9.67153943034   0.144298667443    0.21983780789 -0.0618048068484 1785404707.59
  0.0332503668288 -0.00579951044056    0.010854073871 0.0354546489927 -0.0719786260196 -0.0837542867789    9.77246873929 -0.0771498043615   0.276757464089  -0.126637909019 1785404707.61
   0.0298944342743 -0.000542223522199    0.0080411966025 0.0309617836975   0.0415447710794 -0.00708888671863     9.86634837345  -0.23379425746  0.236324561195 -0.150420741632 1785404707.63
 0.0233031812121 0.00425533137429 0.00445416031507 0.0241036437872  0.118889247884 0.0433924192397   9.93503064485 -0.330721638218  0.178439873428 -0.164268557167 1785404707.65
 0.0145943447529 0.00771289414214 0.00044168287325 0.0165129863615  0.209151683732 0.0926698864932   10.0234747437 -0.461375601542  0.126491569339 -0.204806032278 1785404707.67
  0.0050890758791  0.00924894343349 -0.00363113641988 0.0111636373839 0.276731549796 0.127152924215  10.0912458062 -0.516816513141 0.0268023508653 -0.219500467194 1785404707.69
-0.00391235847474  0.00867266059823 -0.00741841815179 0.0120645977373 0.296140477803 0.133490922268  10.1085249887  -0.462134224704 -0.0863017979768  -0.196833402345 1785404707.71
-0.0113220007221 0.00618423767981 -0.0106209845438 0.0167104101898 0.243558652714 0.104001029809  10.0485124698  -0.29662430562 -0.151640138567 -0.132769881415 1785404707.73
-0.0163933677981 0.00229212485862 -0.0130049533628 0.0210505381427  0.199895013711 0.0787817047496   9.99264296788  -0.160175552401   -0.18286719992 -0.0814905542279 1785404707.75
 -0.0187758870392 -0.00232562102773  -0.0144132070024 0.0237840909721  0.196890645902 0.0705718992217   9.96547119758 -0.0529141470053  -0.232950855156 -0.0444208181881 1785404707.77
-0.0184992587642 -0.0069789137804 -0.0147728246227 0.024681251178  0.165871332119 0.0543964563224   9.90322612757  0.0801678037654  -0.245223276402 0.00872497312543 1785404707.79
-0.0159056327792 -0.0111053695138 -0.0141008260951 0.0239823202111  0.101306234903 0.0319790912648   9.81583303037  0.192772556066 -0.204981325093 0.0628642764277 1785404707.81
-0.0115541127472 -0.0143639132979 -0.0125079712227 0.0222770929592 0.0241406714591 0.0101195275355    9.7399973592  0.234214088555 -0.133141136582  0.093442010946 1785404707.83
-0.00612150952251    -0.01666724369  -0.0101973540277 0.0204757397967  -0.0410307608101 -0.00609490573658     9.68404262456   0.244448960241 -0.0824147860101   0.109962864656 1785404707.85
-0.000316919633876    -0.018152478669  -0.00745303482931 0.0196255101348  -0.120178804101 -0.0247538524993    9.60808667203   0.281131909386 -0.0605578483649   0.138843281815 1785404707.87
 0.00518160049032  -0.0191020154088 -0.00461506031966 0.0203232565814   -0.20821029366 -0.0476749394379    9.54238207865   0.279329799725 -0.0466283925239    0.14989424817 1785404707.89
 0.00976919211162  -0.0198361485746 -0.00204061503544 0.0222052699715 -0.265500774204 -0.066481944241   9.52592998829   0.215433529862 -0.0417015553456   0.126568590402 1785404707.91
 0.0129426549574 -0.0206043258551 -5.539068716e-05 0.024332152174  -0.260635729022 -0.0710959449964    9.57085254157   0.112047549588 -0.0409750340052  0.0771675283095 1785404707.93
 0.0143249546324 -0.0215021602356 0.00109695410007 0.0258602112969 -0.224962354029 -0.066344865394   9.63281231204  0.0163289449582 -0.0398507364546  0.0294333640792 1785404707.95
 0.0136930818324 -0.0224357401748 0.00129727401235 0.0263162658279  -0.210302756193 -0.0658703298926     9.6736315113  -0.080187802163 -0.0397100529079 -0.0126119502908 1785404707.97
  0.0110103833385  -0.0231435794777 0.000575637799241 0.0256356230893  -0.159776391858 -0.0504255362656    9.74157665473  -0.199420958361 -0.0230359097483 -0.0602428432242 1785404707.99
    0.006456869875     -0.02327162386 -0.000888704763749 0.024167114884 -0.0565156540756 -0.0110264510536    9.83600895212  -0.294481478594  0.0184456351253 -0.0939257995682 1785404708.01
0.000444993623449  -0.0224817880314 -0.00279422668755 0.0226591375651 0.0511050858156 0.0354952359922   9.91360755711  -0.319677004746  0.0673546375436 -0.0964879570442 1785404708.03
-0.00639338196111  -0.0205641283507 -0.00476729011321 0.0220564222563  0.125622692662 0.0730786767819   9.95679891103  -0.297204698944   0.107590450846 -0.0787781234327 1785404708.05
 -0.0132593731535  -0.0175206989055 -0.00642675437421 0.022892991031 0.204653803133 0.121777840581  10.0102288452  -0.308083537299   0.166567174768 -0.0641520785725 1785404708.07
    -0.0192806826  -0.0135965335333 -0.00745080618299 0.0247411591972 0.272718135717  0.17261313983  10.0514060287  -0.286304006028   0.228242867769 -0.0332790208673 1785404708.09
 -0.0236366974534 -0.00924784834071 -0.00763297987107 0.0265043118595 0.267371276336 0.184557319656  10.0296019532 -0.179743045187  0.239393195836 0.0149793502944 1785404708.11
 -0.0256940958656 -0.00505474268808 -0.00691632784594 0.0270845449817  0.19030928697 0.148875913264  9.95446423436 -0.0372612262753   0.191507794326  0.0559368402711 1785404708.13
 -0.0251247020466 -0.00160010010256 -0.00539917589909 0.0257480499001 0.0958125604593 0.0947611984682   9.87191844001 0.0804516703883  0.123601307164  0.078015453229 1785404708.15
 -0.0219771489921 0.000655760151854 -0.00331193661866 0.0222349729787 0.0143606801828 0.0499447541225   9.79920273413  0.200616087782 0.0730744116232  0.105232646345 1785404708.17
 -0.0166820745522  0.00147512703167 -0.00097061763553 0.0167752707793 -0.0878241081265 -0.0146055027106    9.70793930197   0.332003822361 0.00662061635439   0.127205643664 1785404708.19
-0.00998550817047 0.000894890089501  0.00128260201786 0.010107238477  -0.174464201336 -0.0864870558677    9.63161495429   0.388182178487 -0.0631896006294   0.115107536675 1785404708.21
 -0.00282255039924 -0.000780972925188   0.00313914260889 0.00429312540989 -0.202828666831 -0.130596617913   9.60484280995   0.348846876261 -0.0994404345005  0.0779461293913 1785404708.23
  0.0038420159477 -0.00304671036602  0.00437221541967 0.00656961172923  -0.18139911569 -0.141509945615   9.61912284222   0.261545337871 -0.0986158195753  0.0376262884381 1785404708.25
 0.00917236892521 -0.00530366413256  0.00486474895297 0.011658772976 -0.167430901399 -0.162882342361   9.61605138815   0.207122352888 -0.0933590745998 0.00571369287231 1785404708.27
  0.0125877332791 -0.00698878646445  0.00461347543861 0.0151188068634 -0.125200577767 -0.174355109843   9.63000685792   0.127779164268 -0.0655255493392 -0.0316128651231 1785404708.29
  0.0138339901619 -0.00769415787305  0.00371145291871 0.0162589738896 -0.036240485885 -0.142680596238   9.69392880104   0.0113154285348 -0.00730371091226  -0.0641342526028 1785404708.31
  0.0129930358252 -0.00725039499478  0.00231627778543 0.0150582983871   0.056414715781 -0.0892768423411     9.7750579151 -0.0892539855138  0.0509408214501 -0.0813681626453 1785404708.33
  0.0104360090759 -0.00575479408111 0.000613692341658 0.011933338118   0.112740411047 -0.0332704272744    9.84284920294  -0.135860584176  0.0806146611953 -0.0766719466239 1785404708.35
 0.00673641943872 -0.00353794952512 -0.00121459881535 0.00770530232884   0.168667104842 0.00484859079837    9.90138925337 -0.180024387908  0.106957604958 -0.082946246116 1785404708.37
 0.00256336721343  -0.0010774338185 -0.00301362780701 0.00410044725162  0.232726013239 0.0451056814264   9.97077943325  -0.225227005268   0.128523444366 -0.0952736498979 1785404708.39
-0.00142604474192  0.00111987563117 -0.00466741635704 0.00500724479981  0.232822751234 0.0738970495967   10.0010602477  -0.202734521954   0.103977329138 -0.0864651716781 1785404708.41
-0.00468026562637   0.0026376394146 -0.00610299784143 0.00813072018135  0.189661637782 0.0855149054514   9.99367482065  -0.142640036018  0.0561097862141 -0.0693011026489 1785404708.43
-0.00682301782634  0.00324286307863 -0.00728951458527 0.0104979405644  0.115509777438 0.0765263662298   9.94697837208 -0.0658152714766 0.00638618291195  -0.046562871256 1785404708.45
-0.00769366163179   0.0029300350493 -0.00823490989004 0.0116443666892 0.0680999579105 0.0809543926354   9.92270896209 -0.0121036541055 -0.0303221586996 -0.0384210891014 1785404708.47
-0.00735587475275  0.00190794618939 -0.00898098257251 0.0117646589414 0.0173233867082 0.0962808174519   9.89862554535  0.0442141662981 -0.0654115576434 -0.0371763147533 1785404708.49
-0.00607496486925 0.000535294054388 -0.00959594833932 0.011369870818 -0.0427721968253  0.0961330784965     9.8478922181  0.0861336123723 -0.0748464517571 -0.0329620661929 1785404708.51
  -0.0042669127448 -0.000776230632411   -0.0101630828858 0.0110497661564 -0.0877242974516    0.08791759528    9.79748998826  0.0964592009884 -0.0581648097996  -0.030897357892 1785404708.53
-0.00242544231102 -0.00166536470375   -0.010764946252 0.0111597615481 -0.100711483926 0.0675942659089   9.76481258198  0.0705630171415 -0.0246535101424 -0.0284353002388 1785404708.55
 -0.0010367605152 -0.00190479052086  -0.0114647611897 0.0116680696103 -0.121476095593 0.0601803140553   9.73532084069  0.0438238106352 0.00500719533949 -0.0345789460676 1785404708.57
-0.000494367052386  -0.00144472503561   -0.0122886509745 0.0123831567859 -0.151686495461 0.0524536723608   9.69877884133 0.000253166059204   0.0410864720343  -0.0479961437496 1785404708.59
 -0.00102753698121 -0.000407897641479   -0.0132133923634 0.0132595607198 -0.143513028131 0.0235087161314   9.68947106756 -0.0604315411201  0.0672177308851 -0.0524161172059 1785404708.61
-0.00265591316945 0.000959552970539  -0.0141634973298 0.0144422738265  -0.111660488847 -0.0133020882086    9.70177882514  -0.110347096715   0.073711762678 -0.0479987470088 1785404708.63
-0.00517890745391  0.00236521415013  -0.0150191542456 0.0160620769094 -0.0611071352634 -0.0428065401719    9.73605111786  -0.121252748607  0.0566841880834 -0.0321390807339 1785404708.65
-0.0082029544432 0.00355272743034 -0.0156337881841 0.0180090440273 -0.0234007849139 -0.0743003759425     9.7572835843  -0.135455783824  0.0449882401767 -0.0188536157502 1785404708.67
-0.0112033463791 0.00436608039333 -0.0158576747827 0.0199008411281 0.0238536871114 -0.117041088881    9.7799374735  -0.147704380942  0.0334771590274 0.00193979737841 1785404708.69
-0.0136116278393 0.00477860183065 -0.0155627562323 0.021220528491  0.075382599283 -0.130938772437   9.81472277112  -0.10371852312 0.0143633608308 0.0333593012749 1785404708.71
-0.0149150826577 0.00488009665459 -0.0146638578535 0.0214779831733   0.11328422605 -0.119615072648   9.84476709354 -0.0311163185558 0.00135201577496  0.0662972213163 1785404708.73
-0.0147520613782 0.00482815409796 -0.0131329194704 0.0203324361726    0.11183206927 -0.0763106120819    9.85597210414   0.0433636934934 -0.00223536997097   0.0822508999427 1785404708.74
-0.0129861998368 0.00478066400972 -0.0110052131412 0.0176808045874   0.110293455239 -0.0415067710751    9.86241295299     0.11090348812 9.82681571568e-05    0.105292087079 1785404708.77
-0.00974460562944  0.00483259104991 -0.00837882673919 0.0137301133518    0.108834646776 -0.00253282766883     9.86840860169   0.200494522162 0.00524514219124   0.148081501796 1785404708.79
-0.00541026463184  0.00497885823944 -0.00540976918311 0.00912828545618 0.0689566764578  0.044759929363   9.85528707822   0.255438163587 0.00790772066075   0.169068062263 1785404708.81
-0.00056685508623  0.00511671103641 -0.00230430569472 0.00564020223517 0.00938157836976  0.0803294817962     9.8311723031   0.261820103977 0.00299454735291   0.168041371353 1785404708.83
 0.00409653706288  0.00508759155448 0.000691885998045 0.00656840239076 -0.0433251178289  0.0813509076805    9.80601168915    0.191935548332 -0.00843099063193    0.127200556429 1785404708.84
0.00790465017067 0.00474459038404 0.00330997572333 0.00979543625991 -0.0845524030304  0.0774261232745    9.78783803667   0.136753570961 -0.0234344318572    0.10091116337 1785404708.87
 0.0103171345804 0.00402161450093 0.00528209690028 0.0122685450159  -0.13278652715 0.0721698082785   9.76901715045 0.0818469124189 -0.046294145433 0.0802923773669 1785404708.89
 0.0110278182781 0.00297806805223 0.00637382486378 0.0130807992375 -0.147990829061 0.0407985011653   9.76131804063 -0.00822429535886  -0.0619321637006   0.0317719870538 1785404708.91
 0.0100220382893 0.00179942390428 0.00642210891745 0.0120383828152   -0.125293431033 -0.00231708020052     9.76715997609 -0.0959101579287 -0.0620349534926  -0.027863662277 1785404708.93
 0.00758019633395 0.000748136712467  0.00537222737311 0.00932093943495 -0.0633790095107 -0.0362904696795    9.78733437195  -0.131518829475 -0.0390932327793 -0.0707378569389 1785404708.94
 0.0042268180317 7.6827258311e-05 0.00330512967468 0.00536616951532 -0.0111647231778 -0.0619292228196    9.80502228912  -0.151752480413 -0.0178610089619  -0.107633010213 1785404708.97
 0.000635545183143 -6.92369219143e-05  0.000446616231846 0.000779857352162 0.0494334466753 -0.094860743962   9.82698046097  -0.175886318175 0.00515435055441  -0.161087703798 1785404708.99
-0.00249109945155 0.000273695906558 -0.00284755981765 0.00379329445758  0.109617973378 -0.108850825476   9.85220709904 -0.144450460137 0.0261005989708 -0.183453975746 1785404709.01
-0.00454438834276 0.000866719720427 -0.00613196716984 0.00768138593325  0.145752343859 -0.103218662773   9.87343684094 -0.0730802424869  0.0290156598481  -0.169650706895 1785404709.03
-0.00511254551814  0.00131451056165 -0.00893306477972 0.0103762086549   0.125422089904 -0.0701188171311    9.87482377036   0.011213334989 0.00687800092005  -0.105810738512 1785404709.04
-0.00404723301944  0.00117166332325  -0.0108232005957 0.0116144117884   0.106381811898 -0.0482513532977    9.88076258103  0.0784049430796 -0.0266517968076  -0.055350554959 1785404709.07
-0.00148367293519 8.09662094395e-05  -0.0114948944738 0.0115905323376  0.092132735695 -0.030879012985    9.9005388333    0.163053201612  -0.0855063187298 3.77804015623e-05 1785404709.09
 0.00218670909762 -0.00209746255918   -0.010821756154 0.0112379469709     0.048194121872 -0.000991566678235      9.90607827224  0.220929849264 -0.148501652233  0.073068078227 1785404709.11
   0.006384051673 -0.00520745501349 -0.00889280372391 0.0121225270283 -0.00198753565419   0.0305742711831     9.89463116497  0.222162173063 -0.180442805393   0.12961066033 1785404709.13
  0.0104347691875 -0.00879663677568 -0.00600979154297 0.0149125055222 -0.0334943801824  0.0515490874324    9.86931451873  0.165885846242 -0.159079493343  0.142172754885 1785404709.15
  0.0136761718404  -0.0122003770012 -0.00264307937044 0.0185168232626 -0.0500663553482  0.0731357063579    9.85025276134  0.114167872722 -0.131449330291  0.148523561881 1785404709.17
  0.0155537683063  -0.0146904928131 0.000649629923468 0.0214044926745 -0.061468612688  0.106301060523    9.8292011347  0.0527395891566 -0.0900277957872   0.155812353557 1785404709.19
 0.0156971185787 -0.0156501835536 0.00332754862905 0.0224142891213 -0.0554987812836   0.127460239328    9.79395410647  -0.0447074183784 -0.00108963930277     0.12168743024 1785404709.21
 0.0139656507833 -0.0147291994827 0.00497226691074 0.0208976591376 -0.0390950993368   0.125282487938    9.75344156751 -0.145090951952  0.102851739292 0.0566148754852 1785404709.23
 0.0104623231091  -0.011939353818 0.00537017974912 0.0167584965008 -0.0238976233963  0.0906998682066    9.72855526518 -0.193595894055  0.161842898908   -0.0096349707 1785404709.24
 0.00551853036117 -0.00766754942431  0.00455186668395 0.0104864189231 -0.0257078693827  0.0615846501851    9.70179304493  -0.236786854806   0.204531412465 -0.0567913489725 1785404709.27
-0.00034327208789 -0.00260571217648  0.00277854801266 0.00382464386991 -0.0501934368206  0.0295971341204    9.65491442928 -0.310254682776  0.260246349672 -0.105467342168 1785404709.29
-0.00646254235647  0.00238235671096 0.000479045334261 0.00690431471181 -0.0904734343767 -0.0243019057464    9.62892512744 -0.327685686804  0.251577311269 -0.128868519807 1785404709.31
 -0.0121043355696  0.00642372318661 -0.00184670998085 0.0138271290192  -0.133054540661 -0.0823322194815    9.63495080973 -0.279805014039  0.178117620539 -0.117066991163 1785404709.33
 -0.0165309902691   0.0087917057031 -0.00373346996632 0.0190920540131 -0.142889419115 -0.112205369537   9.68582221496 -0.163382746201 0.0608821932268 -0.070118432948 1785404709.34
 -0.0190801251618   0.0090231492566 -0.00484048653409 0.0216540690999 -0.14567143818 -0.13065258972  9.73308875002  -0.059003849422 -0.0393781598497 -0.0276531813298 1785404709.37
 -0.0192462367063  0.00697959667494 -0.00500601748343 0.0210758773991 -0.156779143415 -0.159731416709   9.78038367998 0.0583713545692 -0.155340634346 0.0146594353261 1785404709.39
 -0.0167601502814  0.00284912139231 -0.00425784592264 0.0175256777919 -0.127209332023 -0.157868576073   9.85173476044  0.211908276699 -0.275892699372 0.0620717600515 1785404709.41
 -0.0116563374802 -0.00290202672396 -0.00278279897155 0.0123302851822 -0.0518162819921  -0.111126337796    9.92482537084  0.348499307517 -0.348911388162  0.094932991074 1785404709.43
 -0.00431420936431  -0.00961153614328 -0.000867508058244 0.0105710264262  0.0337459224592 -0.0360747591258    9.95726089285  0.382315069591 -0.321386437268 0.0933522106853 1785404709.44
0.00454201836194 -0.0165188895886 0.00117245272425 0.0171720205401  0.100531016948 0.0272929725539   9.97379856709  0.394913092936 -0.287369953372 0.0851174943164 1785404709.47
 0.0138974594072 -0.0228637845476 0.00305773939715 0.0269303136267 0.177347412044 0.097331893505  10.0054870732  0.451654333915 -0.287182102721  0.085701479355 1785404709.49
 0.0225591788223 -0.0279750090975 0.00459121169385 0.0362297792977 0.228420447153 0.162894755491   10.002528386  0.431019257736 -0.237025963551 0.0732209395142 1785404709.51
 0.0293194109553 -0.0313446188953 0.00567759862903 0.0432937422574 0.213138909437  0.18682501021    9.947734634  0.296100973997 -0.131720281038 0.0482602515896 1785404709.53
 0.0331476570983 -0.0326852851748 0.00631698320568 0.0469787112945 0.129474822173 0.147484541805  9.86185251101 0.0962884929066 -0.014810030544 0.0213684173668 1785404709.54
 0.0333786157099 -0.0319689608554 0.00657842051079 0.046684280666  0.044929256579 0.0970795392307   9.79015983549 -0.0715305051141  0.0704959519053 0.00536323881246 1785404709.57
 0.0298578163788 -0.0294430257672 0.00656365001456 0.0424436387078 -0.0472826866403  0.0423362977808    9.71371758226   -0.257482432673    0.157730455783 -0.00514181233068 1785404709.59
 0.0230103888321 -0.0256175172477 0.00637137152398 0.0350189885525  -0.157670908608 -0.0436970018487    9.63739410339  -0.445377550532    0.22833114111 -0.0136917136539 1785404709.61
 0.0138108391416 -0.0212162424021 0.00607033683099 0.026033002299   -0.2402766789 -0.134275788429   9.59792875665  -0.544716787592   0.240008087006 -0.0192936277585 1785404709.63
0.00365083785707  -0.017087490451 0.00568566478868 0.0183749212531 -0.245787811987 -0.180174343248   9.62258589956  -0.486042676071    0.17624437122 -0.0215206170848 1785404709.64
-0.00587640247947  -0.0140774340393  0.00519864055977 0.0161162067157 -0.210835143373 -0.188794914976    9.6720540443  -0.366823643583  0.0913873478268 -0.0245146001727 1785404709.67
-0.0132378314767 -0.0128799898557 0.00455700532681 0.0190236857217 -0.189180166703 -0.208749325843   9.71398340751  -0.271561768446 0.00453628421017 -0.0360886600628 1785404709.69
 -0.017219856219 -0.0138879481247 0.00369117487973 0.0224281814534 -0.136900027459 -0.205518555077   9.78329804639  -0.108076483889  -0.116376465846 -0.0561405789268 1785404709.71
-0.0171360331304  -0.017077562864  0.0025320754833 0.0243248471952 -0.0401924058121  -0.145567674112    9.87518629963   0.123150001147  -0.232445557273 -0.0767089655136 1785404709.73
 -0.012943918908 -0.0219587773723 0.00102773415972 0.0255105699248   0.051897878415 -0.0523934651549    9.93674882005   0.295619444026  -0.262052183064 -0.0839337590569 1785404709.74
 -0.00525008899268   -0.0276138711888 -0.000842641544213 0.028121155048  0.105888122831 0.0191558506536   9.96046929316   0.380125708082  -0.232941937625 -0.0875398235985 1785404709.77
 0.00479535451407  -0.0328294462988 -0.00305747458339 0.0333184051244   0.16104122803 0.0821008299914   9.99274120986  0.498252813153 -0.206759655123 -0.111876698875 1785404709.79
   0.015692118567  -0.0363042458304 -0.00554496331155 0.0399372942068 0.204192760937 0.143854015982  10.0016772439  0.581635437792  -0.11238633212 -0.141618560899 1785404709.81
  0.0258325569807  -0.0368943534033 -0.00817968369428 0.0457757745816 0.192613220047 0.168814245746  9.94769721756  0.509509719364 0.0694139481771 -0.147874112595 1785404709.83
 0.0337488838194 -0.0338442508199 -0.0107855466342 0.0489974334921 0.132111839373   0.1450949628  9.85587009379  0.311120533905  0.247665039545 -0.123742752927 1785404709.84
 0.0383226143872 -0.0269517420216 -0.0131473856594 0.0486607944977 0.0679137520897  0.106496461669   9.77303491796   0.111722028812   0.371578601795 -0.0916727066666 1785404709.87
  0.038925202365 -0.0166282261194 -0.0150329375623 0.0449183536517 0.0172582035771 0.0855288231459   9.68586058682 -0.0673095985441   0.546228203341 -0.0727406912114 1785404709.89
  0.0354746811173 -0.00384030610616  -0.0162251136367 0.0391976436012 -0.0435480386253   0.060843038749    9.58217525704  -0.289323503665   0.734091528312 -0.0420479488441 1785404709.91
 0.0284096691873  0.0100525091946 -0.0165611804998 0.0343865517897 -0.0988803814905  0.0282502859146    9.51473917295  -0.478924283694   0.776465616195 0.00719396161042 1785404709.93
 0.0185958219454  0.0235248834108 -0.0159715748853 0.0339752253507  -0.122794116976 0.00400144035874    9.51543461974 -0.548825536169  0.648445309043 0.0530935179582 1785404709.94
0.00718825217001  0.0351259203413 -0.0145082153747 0.038678024283    -0.11280883483 -0.00539293662522     9.56959155046   -0.4982933732  0.434469907659 0.0780070526755 1785404709.96
-0.00452443153452   0.0436837996933  -0.0123521351574 0.0456214870352   -0.113431678721 -0.00624666175982     9.58378640239 -0.520134818227  0.308361511292  0.109170870009 1785404709.99
 -0.0152724035853   0.0484417021552 -0.00979395814011 0.0517278110402    -0.105321631795 -0.000853015840855      9.60392549017 -0.539554604687  0.150914034084  0.143534816016 1785404710.01
 -0.0239382419595   0.0491138644592 -0.00718758335242 0.0551078258025 -0.0594122200769 0.00905224688315    9.68376043695  -0.416853983866 -0.0744749509086   0.142172076808 1785404710.03
 -0.0296643524163   0.0458704428554 -0.00488544500648 0.0548446798235 0.00229795462464  0.0163788416589    9.78609488154 -0.209030264501 -0.257383743808  0.105056534516 1785404710.04
  -0.031931599893    0.039271460081 -0.00317020105788 0.0507141481577 0.0498035050603   0.01777981625   9.86505952206 -0.0201359382988  -0.335073061654  0.0573133771292 1785404710.06
-0.0306077540474  0.0301717220794 -0.0022002195818 0.04303496703 0.0991217177178 0.0209856795778    9.9414247082  0.135597409864 -0.446588863599 0.0269598048581 1785404710.09
 -0.0259627073704   0.0196129656356 -0.00198345141576 0.0325985379203  0.161903192458 0.0260770313353   10.0411018459   0.329425878893   -0.59097114221 -0.0051348978755 1785404710.11
  -0.018645371889  0.00871189423754 -0.00238668219651 0.0207181863587 0.192334686497  0.02817461439  10.1029195325   0.471925390532  -0.608192240812 -0.0344643795671 1785404710.13
-0.00961742734107 -0.00145195836967 -0.00317713572765 0.0102321690369 0.173253822831 0.027949768623  10.0948969364   0.487232229778  -0.488651559336 -0.0444677517161 1785404710.14
-4.3371203517e-05  -0.0099442949187 -0.00408441296503 0.0107505028608  0.125467273082 0.0265247585696   10.0383009743   0.400502571828  -0.316964661648 -0.0366113321741 1785404710.16
 0.00885553683746  -0.0160717816925 -0.00486581359229 0.0189841734444 0.0984652244881 0.0310502522879   10.0170984141   0.361418282891  -0.214663935007 -0.0287624996456 1785404710.19
  0.0159659363665  -0.0194530030345 -0.00535847054625 0.0257302090492 0.0705561989705 0.0375460807748   9.99890849923  0.312728901388 -0.107437387279 -0.017300380535 1785404710.21
  0.0204399085663  -0.0200515693818 -0.00550666910094 0.0291578240179 0.024136336674 0.031587238854  9.93182202294     0.166048913377    0.0366154776533 -4.78851091671e-05 1785404710.23
  0.0218166578956  -0.0181628593109 -0.00536015777463 0.028889224833 -0.0171696753673  0.0109707121282    9.84693582608 -0.00935104555857    0.149623848538   0.0120759473996 1785404710.24
  0.0200838610965  -0.0143545387814 -0.00504686912562 0.0251969273552 -0.0369939897889 -0.0157454201038    9.78180591066 -0.133073721556  0.190204222219 0.0136460556796 1785404710.26
  0.0156653474019 -0.00937070099146 -0.00472937113608 0.0188568315906 -0.0506946384119 -0.0503233709265    9.73034144364 -0.243028052183  0.233774006337 0.0110695395429 1785404710.29
 0.00933693597931 -0.00401683612575  -0.0045573638546 0.0111392509284 -0.0632039143901  -0.106353995223    9.67088500448  -0.37598446794  0.285905306382 0.0028018552792 1785404710.31
 0.00208732173687 0.000954272295591  -0.0046281870018 0.00516601031464 -0.055053216496  -0.14802151311   9.64924776063  -0.406198117337   0.252849209097 -0.0114825856617 1785404710.33
-0.00504805937553  0.00493750054666 -0.00496400518147 0.0086315214504 -0.0377871572247  -0.163399068153    9.66103488945  -0.356148259182   0.177171913976 -0.0237077285778 1785404710.34
 -0.0111478832007   0.0075383465686 -0.00550921516421 0.0145414380503 -0.0180531373798  -0.134628185067    9.70595926962   -0.23359810006  0.0815671638869 -0.0263424770152 1785404710.36
  -0.015531364919  0.00859803332121 -0.00614619046145 0.0187863016698 -0.006724264349 -0.111160885952   9.73697548486  -0.148211772884  0.0142682838313 -0.0269234278383 1785404710.39
 -0.0178307814626  0.00818170631905 -0.00672319787019 0.0207383334783 0.000662588982596  -0.0818550561644     9.76554971134 -0.0663676450397 -0.0553389231504 -0.0252312304994 1785404710.41
 -0.0180040530033   0.0065362471031 -0.00708624133972 0.0204226165577 0.00359115530855 -0.0121427156365    9.80943218897  0.0434725072643  -0.117558029831 -0.0108664128239 1785404710.43
 -0.0162947916502  0.00402809412716 -0.00710713476376 0.0182279220366 -0.000116197448656    0.0659513842939      9.84771863783  0.132454635041 -0.149278830456 0.0104760642073 1785404710.44
 -0.0131569878958  0.00107351482375 -0.00670287864903 0.0148049770939 -0.00769836106171    0.110779255454     9.86277039066   0.15894279017 -0.132741183469 0.0281341526053 1785404710.46
-0.00916528038926 -0.00192612223785 -0.00584515391139 0.0110398431029 -0.0184375121584   0.147253715645    9.87185830428  0.179062933988 -0.124206799438 0.0465988322868 1785404710.49
 -0.0049293563982 -0.00463357235793 -0.00456174306202 0.00815953718421 -0.0382566425094   0.198742968662    9.88441564203  0.216571742547 -0.129739921386 0.0774786193184 1785404710.51
-0.00102423950132 -0.00680311123179  -0.0029326935858 0.00747877534469 -0.0574270772413   0.197008074749    9.87530568917  0.197892281104 -0.103395572545 0.0984921798439 1785404710.53
 0.00206006604774 -0.00828543453025 -0.00108306542633 0.00860612155351 -0.0690799429628   0.146194525056     9.8512739306   0.136446197544 -0.0606416636062   0.103086005679 1785404710.54
 0.00395292058041 -0.00901514258791 0.000827583810603 0.00987842456867 -0.0634339784501   0.065156048835    9.82255241266  0.0532046813049 -0.0158314297513  0.0831996782655 1785404710.56
 0.00442790868284 -0.00899000287688  0.00261968667352 0.010358054127 -0.0628674594186 0.00205110419819    9.80178635413 -0.0115695375588  0.0166718639527  0.0717814323654 1785404710.59
 0.00342351330199 -0.00825225936319   0.0041122105778 0.00983516668707 -0.0706985977038   -0.06935903702    9.77887677247 -0.0893474590127  0.0559838599852  0.0669654240061 1785404710.61
 0.00106017539857 -0.00687982861185  0.00514378405483 0.00865531790328 -0.0642304851368  -0.139016969535    9.75928174689 -0.166843961042 0.0942483925106 0.0427964921115 1785404710.63
-0.00235159816062 -0.00498995985579  0.00559356183923 0.00785605800136 -0.0451747680969  -0.172160484535    9.75210120675  -0.204435917763   0.114332730231 0.00705556366443 1785404710.64
-0.00632160018884 -0.00275150044868  0.00539854646734 0.00875657967627 -0.0218732334523  -0.148701476506    9.76178234819  -0.174249734183   0.101744450985 -0.0227926760759 1785404710.66
  -0.0102184408275 -0.000396509014227   0.00456454221125 0.0111986069643 -0.00826134166156   -0.137964267182     9.76601450797  -0.152376556348  0.0983724480702 -0.0484008288354 1785404710.69
-0.0133412399123 0.00178029342248 0.00316883089374 0.0138274949395 0.00366740261138  -0.140477469185    9.76646164977  -0.126644475246   0.101263922026 -0.0846705311742 1785404710.71
-0.0150210104577 0.00344358772597 0.00135369451497 0.0154700206993 0.0165968455481 -0.112705317826   9.77923617538 -0.040524547606 0.0720494325436  -0.11191083402 1785404710.73
  -0.0147382209822   0.00426401500123 -0.000689011472772 0.0153581157197  0.0267662735376 -0.0637210107204    9.80253358152 0.0772827668455 0.0149712719586 -0.113563223613 1785404710.74
 -0.0122345182179  0.00398338896285 -0.00274091873761 0.0131553585728  0.0304634644588 -0.0173015705374    9.82513256682   0.156894657694 -0.0390764916675 -0.0855534840425 1785404710.76
-0.00759262495812  0.00248431881784 -0.00458545157087 0.00921119752541 0.0410099893328 0.0106977077896   9.84777252299   0.236977582879 -0.0893714597275 -0.0712025082956 1785404710.79
 -0.00126111568276 -0.000155015146217  -0.00603799762392 0.00617023968476 0.0664589981246 0.0392672664329   9.88412395536   0.358515659268   -0.16165112366 -0.0630386805903 1785404710.81
 0.00598955214254 -0.00363974894133 -0.00697363881412 0.00988706961308 0.0924007551621 0.0633150501563   9.91788402791   0.417114501841  -0.211689919816 -0.0378251958678 1785404710.83
  0.0131786122322 -0.00748332627182 -0.00734743552227 0.0168422326671  0.105348087989 0.0728721699497   9.93061799777    0.365352658113   -0.204579992067 -0.00628868041099 1785404710.84
  0.0192769199206  -0.0110800385746 -0.00720234936981 0.0233717935316 0.0946052371027 0.0647093235202   9.91303374645  0.226863790548 -0.140656769269 0.0152405664934 1785404710.86
  0.0233889064174   -0.013813763535 -0.00666151439282 0.0279684962128 0.0940419002965 0.0656801444858   9.90603974562   0.123110132457 -0.0894933897712  0.0283160711966 1785404710.89
   0.024917767214  -0.0151805828221 -0.00590492055239 0.0297693349687  0.101205787368 0.0773641339655   9.90601746507 0.00762940891576 -0.0284864473428   0.040142306668 1785404710.91
  0.0236790721541  -0.0148971752477 -0.00513480084042 0.0284427577445 0.0796928458939 0.0758670177233    9.8788436851 -0.140765167101 0.0625371818485 0.0386541963642 1785404710.93
  0.0199380485374  -0.0129682629787 -0.00453748692142 0.0242134345297  0.034939384563 0.0605386960191   9.83376860716 -0.256968273503  0.143475746963 0.0243818065985 1785404710.94
  0.0143616147235 -0.00969486312404 -0.00425073666407 0.0178413875763 -0.0149110810395  0.0335482081397    9.78905809635  -0.278540778918   0.169976025917 0.00447480589893 1785404710.96
 0.00789412489144 -0.00561860923781 -0.00434399920021 0.0106186772538 -0.0578097832826  0.0101485451373    9.75183655281 -0.278439851133  0.180446341938 -0.012300436197 1785404710.99
 0.00158159423357 -0.00141261495473 -0.00481531039873 0.0052615715871  -0.113602010887 -0.0174660977821    9.70192146318  -0.294696522626   0.201573492876 -0.0322408395074 1785404711.01
-0.00362054951321  0.00225746991774 -0.00560374521333 0.00704318888168  -0.163001219448 -0.0530636606716    9.65588364239  -0.246727765583   0.180265228011 -0.0515479083298 1785404711.03
-0.00701836875074   0.0048707244359 -0.00661206846732 0.0108028193481  -0.169734566974 -0.0785684370598    9.64491055267  -0.129476359517   0.107924092235 -0.0589288273108 1785404711.04
-0.00829614714311  0.00615478083801 -0.00773175905567 0.0129030028551  -0.130628088112 -0.0791865133324    9.67371847145 -0.0124572945551  0.0291395669725 -0.0519892139925 1785404711.06
-0.00755766160443   0.0061322150556 -0.00886275070425 0.0131632313837 -0.0927397824225 -0.0742179951436    9.69821065523  0.0650050986904 -0.0227887105305 -0.0473255151123 1785404711.09
-0.00528636884364  0.00509964873593 -0.00992296115006 0.0123457389721 -0.0565131212176 -0.0694088065911    9.71267811904   0.133756826142 -0.0649805072596 -0.0498650556722 1785404711.11
-0.00223532939966  0.00354656872677  -0.0108469364789 0.0116288812117 0.00399382450183 -0.0405371216669    9.74881342264   0.170142247399 -0.0866633274212 -0.0467900111707 1785404711.13
0.000728741856757  0.00203580353539  -0.0115771481681 0.0117773477674 0.0684976463848 0.0104423093817   9.80184618599    0.13992020149 -0.0687056863573 -0.0335793631211 1785404711.14
 0.0027952278857 0.00107639010087 -0.0120542168286 0.012420791357  0.101665494334 0.0556792855795   9.84433743318  0.0620719706646 -0.0239632062508 -0.0149909385846 1785404711.16
0.00336061576551 0.00101975496103 -0.0122127693624 0.012707689562   0.11588894667 0.0894128672222   9.87072703013 -0.0142640394559  0.0199692482082   0.001437225562 1785404711.19
0.00213423245838 0.00200176483736 -0.0119876158123 0.0123395682062 0.137335350045 0.133909782844   9.8995333422 -0.104698414038 0.0731509462041 0.0220978326375 1785404711.21
-0.000817456793457   0.00393890100357   -0.0113309379707 0.0120238651033 0.131631016197 0.159998893732  9.91236235054 -0.204004879619   0.12899781397 0.0494395276694 1785404711.23
-0.00509209471644  0.00657116734542  -0.0102363527887 0.0131868338618 0.0861670169087  0.137910594807   9.89284420335 -0.255302768928   0.15499883802 0.0711916644386 1785404711.24
 -0.0100308813852  0.00953253444476 -0.00876175693672 0.016378527984 0.0270465838157 0.0791769731055    9.8527816634 -0.231657588869  0.139134190787 0.0759272451386 1785404711.26
 -0.0148397317229   0.0124256251838 -0.00704150288926 0.0205960326703 -0.0190700276644  0.0213566164621    9.81618124261 -0.188346055682  0.115820681116 0.0753732379705 1785404711.29
 -0.0187298267202   0.0148818249836 -0.00528057080592 0.0244981540498  -0.064574587333 -0.0411504749626    9.77822079186 -0.154606155327  0.103828494532 0.0824377835396 1785404711.31
 -0.0210532027952   0.0165983914355 -0.00372840851595 0.0270674153965 -0.104813740477 -0.115454797908   9.73670300053 -0.0752514104246  0.0694333473591  0.0742258224415 1785404711.33
 -0.0214107106053   0.0173554363216 -0.00263622420674 0.0276871698915 -0.118061115589 -0.169280184211   9.71065805628 0.038143611946 0.012096273286 0.043366804584 1785404711.34
 -0.0197147173278   0.0170228579498 -0.00220663764157 0.0261403332377 -0.0930881467058  -0.166895650435    9.71793743295   0.128019004349 -0.0438942965309 0.00218474686025 1785404711.36
 -0.0161967407936   0.0155677053657 -0.00254724363519 0.0226092085847 -0.0587054551981  -0.138921939568    9.73876464366   0.177840350763 -0.0842104354681 -0.0304958949739 1785404711.38
-0.0113598794915  0.0130666999156 -0.0036393173236 0.0176926577802 -0.0290281552108  -0.125019161997    9.75394887541   0.249060022692  -0.141249721466 -0.0672160970488 1785404711.41
-0.00588596377787  0.00972014153014 -0.00532990695083 0.0125512401405 0.0187733052164 -0.083822771154   9.78745922601  0.304614340547 -0.202533439262 -0.104254283029 1785404711.43
-0.000515770371382   0.00585661679256  -0.00735071455909 0.00941270332371   0.0757228159901 -0.00953800833335     9.83914603589  0.287999725407 -0.225641672869 -0.116569685687 1785404711.44
 0.00407464379065   0.0019162168862 -0.00936152500834 0.0103881066445  0.109297503579 0.0580945579985   9.88109335738   0.195523317444  -0.184570890316 -0.0906470460394 1785404711.46
 0.00737866891719 -0.00159560786835   -0.011010674972 0.0133501192054  0.125960293034 0.0998631518655   9.90801195893   0.109200433603  -0.131810974944 -0.0570513511002 1785404711.48
 0.00912715399169 -0.00418244292258  -0.0120011897414 0.0156469269826 0.159478441869 0.147268640518  9.94797333193  0.0461509221535 -0.0920443718871 -0.0272080886119 1785404711.51
 0.00931032023212 -0.00544813396515  -0.0121494721551 0.0162472736228 0.185445162488 0.184488177991   9.9845257705  -0.026465522873 -0.0272687656721   0.015688347579 1785404711.53
 0.00815379939153 -0.00518533935637  -0.0114242003746 0.0149627719008 0.178337959555 0.185416743142  9.99310203601 -0.093465765171  0.057741526144 0.0630158193289 1785404711.54
 0.00605768439989 -0.00343871204901 -0.00995650330094 0.0121512237584 0.121424900276 0.131853974331  9.95045579747 -0.115791158554  0.116342082679 0.0849902026859 1785404711.56
  0.00351346133597 -0.000522922981376  -0.00801821258762 0.00876981140641 0.0616535690173 0.0739352153346   9.89983627044 -0.106100350333   0.13582425223 0.0838518298712 1785404711.58
 0.00101590518586   0.0030155163254 -0.00597195083174 0.00676680122304 0.0144927396897 0.0340296369614   9.86767872044 -0.106910332509  0.165593890602 0.0900732999122 1785404711.61
-0.00101470678441  0.00649077680565 -0.00420317398858 0.00779913360428 -0.0507192262126 -0.0173816954834    9.81983422088 -0.0931045536098   0.174446188784  0.0823568752533 1785404711.63
-0.00228946646943  0.00920865581668 -0.00304814022822 0.00996655193714  -0.112500076393 -0.0669459961892    9.75964739209 -0.0468657312787   0.115736277058  0.0413460551948 1785404711.64
-0.00268216339806   0.0106086090757 -0.00273210437541 0.0112783412492  -0.145514722486 -0.0932039268093    9.71394497048  0.00137751642765   0.0300620692221 -0.00718452328791 1785404711.66
-0.00223558957832    0.010384431871 -0.00332913853146 0.0111318214775  -0.142218854874 -0.0922967147864    9.69519911548   0.033015684896 -0.0441580159878 -0.0433790577399 1785404711.68
-0.00114628965361   0.0085543994606 -0.00475007722837 0.00985164776963  -0.15316058457 -0.099867956619   9.66259847358  0.0579868455768   -0.11398612204 -0.0794477564084 1785404711.71
0.000268157341506  0.00546275697866 -0.00675952129182 0.00869509920946 -0.158738941644 -0.106372657064   9.62148788689 0.0778115380879 -0.192797554331 -0.120216597923 1785404711.73
 0.00161591249697  0.00171035251991 -0.00901760044508 0.00931952770946  -0.109146407523 -0.0820142843226    9.62909095201 0.0643609104198 -0.215475198137 -0.126907682699 1785404711.74
 0.00248869333173 -0.00197142052666  -0.0111380031223 0.0115816754809  -0.031753772605 -0.0430627239207    9.67990316832 0.0236677448551 -0.171199606199 -0.097041886869 1785404711.76
 0.00252652420418 -0.00487651778094  -0.0127512674596 0.0138837520882   0.0360721884975 -0.00975412524784     9.74366223598 -0.0217762522654 -0.0975147306014 -0.0524637610344 1785404711.78
  0.0014825725608 -0.00647686043129  -0.0135619684151 0.0151021432167  0.102577879436 0.0140908569105   9.79629271506 -0.0741582383492 -0.0379637847962  -0.014587522323 1785404711.81
-0.00072205722466 -0.00653956222486  -0.0133902895718 0.0149193530539 0.184707684733 0.038415583672  9.86715436298 -0.147290349316 0.0349517053558   0.03703464172 1785404711.83
-0.00396558140094 -0.00518402439086  -0.0121920861998 0.0138292049893  0.239489946692 0.0546938055648   9.94663875065 -0.207881289724  0.106017005852 0.0962183392514 1785404711.84
-0.00792550901272 -0.00286588677583  -0.0100561551298 0.0131207185823  0.225065692484 0.0532746035242   9.99000132985 -0.212930576725  0.127882712249  0.130875015696 1785404711.86
  -0.0121167183547 -0.000288581389717   -0.0071820956519 0.0140883157566  0.164908594944 0.0410765800913   9.98730970994 -0.172988721546 0.0991747730133  0.133634296149 1785404711.88
 -0.0159647771708  0.00174304141119 -0.00384579683441 0.0165137051193  0.124953429991 0.0362078055429   10.0033836648 -0.153810394029 0.0632173081926  0.154602748073 1785404711.91
  -0.0189027342026    0.0025005256662 -0.000361121652177 0.0190708258287 0.0660908632857 0.0330566998106   10.0187124253  -0.122869843812 -0.0064629277371   0.185357754903 1785404711.93
-0.0204727834538 0.00150592123636 0.00295484600668 0.0207396667292 -0.0336097926185  0.0244254815755     9.9726846351 -0.0431938145047  -0.109830921804   0.176631327382 1785404711.94
 -0.020411617323 -0.0013361816473 0.00580911432896 0.0212641790912 -0.124256062523 0.0153874511044    9.8846664491 0.0463589649876 -0.188075846611  0.130765256564 1785404711.96
-0.0187008586927 -0.0056826829453 0.00795293420934 0.0211012834643  -0.165428583956 0.00955771118666    9.80072415136  0.103499665517 -0.202204815879  0.072458720274 1785404711.98
-0.0155711994876  -0.010792789959 0.00919782558899 0.0210605452006  -0.218817397966 0.00949050647847     9.7261619176  0.164481576559 -0.226732536944 0.0335598515076 1785404712.01
 -0.011459017429  -0.015665327058 0.00943051682095 0.0215788368496 -0.281973936098 0.0127042841275   9.63072280858   0.241573910791  -0.236222614761 -0.0159428929715 1785404712.03
-0.00692470133587  -0.0192477526461  0.00862719197148 0.0222003583717 -0.258670643111 0.0141602760205   9.57449036209   0.256375001153  -0.144044090928 -0.0738648889471 1785404712.04
-0.00254999005091  -0.0206708570198  0.00686371305712 0.0219293715396 -0.170241432187 0.0122032945701   9.58034024705    0.213005542503 -0.00538369360639   -0.113525266572 1785404712.06
0.00116460593624 -0.0194522090717 0.00431584516961 0.0199592400728 -0.0640705527677 0.00702343388017    9.63516228785  0.141117532108  0.110905938609 -0.123297010352 1785404712.08
0.00388233627151 -0.0156156156364 0.00124367000989 0.0161389808143  0.0236989061665 0.00103410205638     9.6727559477 0.0971705376661  0.219844478248 -0.143234672846 1785404712.11
 0.00547793302072 -0.00969347802853 -0.00204223423042 0.0113199817633    0.127767749378 -0.00899958214326     9.71747820744 0.0579001973845  0.348455903132 -0.173427919228 1785404712.13
 0.00604351087919 -0.00260919970407 -0.00522967606199 0.00840722656743   0.218950766011 -0.0220621363281    9.79432123642  0.010854134097  0.410333552994 -0.173591869906 1785404712.14
 0.00585419792413   0.0045309744523 -0.00805989787633 0.0109436427481   0.247399052298 -0.0315839755503    9.86796539212 -0.0202605310109   0.363561285164  -0.140765968836 1785404712.16
0.00530276535635   0.010682968903 -0.0103762223755 0.0158085779181   0.196528907271 -0.0310906688303    9.90009851295 -0.0228040079074   0.232218489164 -0.0900791693588 1785404712.18
0.00481787057465  0.0150841356489 -0.0121535426077 0.0199612530435   0.160516259099 -0.0319073180019    9.92155030157 -0.0113630010274   0.146524956075 -0.0681964019762 1785404712.21
0.00478238358947   0.017393248639 -0.0134993554343 0.0225306211223   0.12437158451 -0.033361431735   9.94552181628  0.0172185837559  0.0700218828366 -0.0655731995251 1785404712.23
 0.0054663861166  0.0177214187112 -0.0146232718044 0.0236171576736  0.0432544292406 -0.0232529881765    9.93242622118  0.0636015465026 -0.0242198479644 -0.0658505387293 1785404712.24
0.00698471184413   0.016554588914 -0.0157795594545 0.0239130740441  -0.0434325793245 -0.00464902311872     9.88768656872   0.104635869922  -0.085678678286 -0.0704966034567 1785404712.26
0.00928304836602  0.0145962325084 -0.0171946818316 0.024390204462 -0.0884863073719   0.011805182276    9.83821637851   0.113835309569  -0.087643351347 -0.0708921408127 1785404712.28
  0.012151385555  0.0125766966322 -0.0189971600534 0.0258209519417 -0.118724233615 0.0252830323442   9.80877329752   0.130403087603 -0.0767276561108 -0.0866985728291 1785404712.31
 0.0152600140731   0.011079455584 -0.0211684711504 0.0283500711885 -0.152442573191 0.0406547347693   9.78530804404   0.160566431414 -0.0570140380853  -0.120095359057 1785404712.33
 0.0182114676709  0.0104248785373 -0.0235297870242 0.031527551834 -0.146970609157 0.0437849838789   9.77329166331   0.154185297152 -0.0128843149197   -0.13284632498 1785404712.34
 0.0206012247055  0.0106331235334 -0.0257704676868 0.0346639694819 -0.104161575262 0.0279610125804   9.77771340747  0.106518613608 0.0286552435304 -0.109671250363 1785404712.36
 0.0220799158849  0.0114655541704 -0.0275127298942 0.0370935563697  -0.0495534246625 0.000593091825959     9.79110966777  0.0398990597702  0.0417325745804 -0.0579359596685 1785404712.38
 0.0224097178069  0.0125247238285 -0.0283965141146 0.0382808852174 -0.0191671775615 -0.0293471943588    9.79721737625 -0.0124795855262  0.0417551071129 -0.0141698911075 1785404712.41
 0.0215074705264  0.0133808835869 -0.0281627104868 0.0378781942016 0.000881275763739  -0.0765838295738     9.79474688657 -0.0778175737974  0.0308185981745  0.0445123425628 1785404712.43
0.0194672430241 0.0136900511902 -0.026713392435 0.0357770371598 0.0108258962758 -0.124600476173   9.78362621818   -0.142285747514 -0.00305766316084    0.115768533132 1785404712.44
 0.0165562921818   0.013274484767 -0.0241342630545 0.0321369788534 0.00582863192226  -0.146187727549    9.76786249467  -0.171696417708 -0.0420980222424   0.164930466016 1785404712.46
 0.0131812517105  0.0121487971229 -0.0206751099213 0.0273641889784 -0.00564831261476   -0.125513517981     9.76028259275  -0.148996234727 -0.0616280817847   0.164679899443 1785404712.48
0.00982605097007  0.0104907106898  -0.016695582151 0.0220306321245 -0.0166169153023  -0.112176918383    9.74983848482  -0.136147289325 -0.0784145255773   0.177129336906 1785404712.51
0.00696882140932 0.00857072533634 -0.0125926599123 0.0167510264847 -0.0273830713747 -0.0972883193268    9.73680398567 -0.127599962257 -0.100933284527  0.210195817114 1785404712.53
  0.0049905636995  0.00666577529115 -0.00873006883885 0.0120645094472 -0.0265314434595  -0.044332772503    9.74745170736 -0.0829371881656  -0.103371867071   0.207722950182 1785404712.54
 0.00409205475552   0.0049851596003 -0.00538756326591 0.00840372335973 -0.00999682933493   0.0276279792115     9.78425203273 -0.0207010245784 -0.0832515716159   0.164335934122 1785404712.56
 0.00423608233019  0.00363154094624 -0.00274058749048 0.0062163737778 0.0117367109982 0.0782381154737   9.82619887651  0.0230315204446 -0.0528149843486   0.100314722429 1785404712.58
  0.00512900208236   0.00260727243609 -0.000871097081432 0.0058192217729 0.0336104083394  0.121543532641   9.86454853769  0.0439988173137 -0.0387022272213  0.0642407623012 1785404712.61
 0.00624912884366  0.00186082554232 0.000198574297709 0.00652332083799 0.0636941061571  0.180426732068   9.91588891794  0.0479776139934 -0.0335356555661  0.0357124023649 1785404712.63
 0.00692082578994  0.00135481368103 0.000462656806805 0.00706734752548 0.0779431202605  0.191488590322   9.94300368182  0.00491970981767  -0.0205291493531 -0.00853057645191 1785404712.64
  0.00642417876219   0.00113037068728 -0.000104955131514 0.00652371261161 0.0679409978082  0.154542544055   9.93341583632  -0.0753579030942 -0.00028131536267  -0.0547132574969 1785404712.66
 0.00412270613291   0.0013443681403 -0.00156890504692 0.00461145254786 0.0364018002582 0.0854048058098   9.89014794729  -0.158865814691  0.0263640056422 -0.0911012046736 1785404712.68
-0.000413033039193   0.00226501561299  -0.00402573716334 0.00463761271851 0.000296366317418   0.0213125685554     9.84251572041 -0.250075606732 0.0629977396979 -0.131378021814 1785404712.7
 -0.0073092851484  0.00422425562865 -0.00757473832094 0.0113422504657 -0.0478233447756 -0.0484269071647    9.78504798787 -0.40813507617 0.135100987418  -0.2114160049 1785404712.73
-0.0163416026323 0.00753769518851 -0.0122768156512 0.0217849725242  -0.10377156623 -0.123811133615   9.71184396193 -0.552644287985  0.230339433985 -0.296619699789 1785404712.74
-0.0269517699373  0.0124111471368   -0.01811741119 0.0347660044329 -0.138624483176 -0.167932730412   9.65587372105  -0.60591356991  0.311787817881 -0.350228252757 1785404712.76
-0.0383362312428  0.0188555754938 -0.0249900815869 0.0494944798015 -0.129781800426 -0.155967921145   9.64842844992 -0.530656851503  0.333122761781 -0.341946054757 1785404712.78
-0.0496013563453  0.0266295497751 -0.0327124111268 0.0651116680346 -0.108567311641 -0.129437104028   9.65525006631 -0.469136054494  0.354951972665 -0.348880270756 1785404712.8
-0.0599670480788  0.0352216190599 -0.0410761725239 0.0807704231369 -0.0873693814781  -0.104921996036     9.6519555916 -0.491667409077  0.437435823557 -0.436478085882 1785404712.83
-0.0689863479367  0.0438763503661 -0.0499214509542 0.0957935362562 -0.0319832504024 -0.0425458629723    9.68588957554 -0.485516857631  0.475871312208 -0.525070230235 1785404712.84
-0.0767380435449  0.0516594326889 -0.0592134427592 0.109834676292 0.0434019864287 0.0441194561479   9.76671971023 -0.414199409088  0.378639503075 -0.530885589675 1785404712.86
-0.0839456248245  0.0575513413073 -0.0690949803157 0.123016832662 0.0926939742847  0.105509296293   9.84628703004 -0.351936213078  0.205405256699 -0.477356973891 1785404712.88
-0.0919825568487  0.0605567926424 -0.0798906975251 0.136053075859 0.122972251565 0.152007896375  9.91164734774 -0.406262422719 0.0489962205848  -0.49616191531 1785404712.9
 -0.102741987869  0.0598182276803 -0.0920506832493 0.150357789026 0.154375191324 0.217244449899  9.99590590125 -0.659981461619 -0.145849998169 -0.653851894857 1785404712.93
-0.118376597526 0.0547239457999 -0.106039603992 0.168083689574 0.147571223506 0.263322073736  10.0740368021  -1.06740977887 -0.413941377235 -0.842264241913 1785404712.94
-0.140945566147 0.0450028848563 -0.122196095567 0.191892673215 0.0862159768147  0.258483359885   10.1027371088  -1.48841755024  -0.66373557275 -0.958723205257 1785404712.96
-0.172032396819 0.0307970157062 -0.140600510554 0.224303600728 0.000439157273746    0.204361075248     10.0642084739  -1.69925694185 -0.768085758787 -0.922460019012 1785404712.98
-0.212411278823 0.0126994734083 -0.160992031044 0.266830024652 -0.0743450549631     0.1645042626    10.0265723645  -1.95297469487 -0.849293490957 -0.917002735826 1785404713
  -0.261835249575 -0.00825570654132   -0.182766679874 0.319420590887 -0.162644539911  0.162467489608     10.02298148 -2.64843322089 -1.07752933914 -1.09519115446 1785404713.03
 -0.318995728207 -0.0306649846423  -0.205067277211 0.380461829991 -0.242759183814  0.159751799849   9.99948149597 -3.32493979465 -1.23857412586 -1.22595782757 1785404713.04
 -0.381664719327 -0.0528934112569  -0.226949698362 0.447182106664 -0.265511747401  0.147962432608   9.95015682154 -3.54532775868 -1.18019916634 -1.17770738901 1785404713.06
 -0.446987660729 -0.0732720388678  -0.247584374339 0.516202269407 -0.210218803692  0.125094194015   9.89445376748  -3.08474248332 -0.887026468218 -0.935570925392 1785404713.08
 -0.511858776164 -0.0903310823246  -0.266436227592 0.584078226391 -0.146502243484  0.118810259965   9.86579078664  -2.75139359024 -0.648242398672  -0.77946938607 1785404713.1
-0.573293318936 -0.103030297785 -0.283366748118 0.647747779415 -0.088413019241  0.142638122438   9.86383007063  -2.92596397461 -0.515998157476 -0.805842967828 1785404713.13
-0.628718636864 -0.110939494912 -0.298620730813 0.704818442397 0.00369915236865   0.162123578075    9.87361710674  -2.84746298391 -0.312698868619 -0.811973932469 1785404713.14
-0.676136716197 -0.114324215968 -0.312693260236 0.753663028378 0.0991560919801   0.16012705614   9.88800511034   -2.33834158216 -0.0866731791832  -0.752378233555 1785404713.16
-0.714154464224 -0.114106266965 -0.326110323164 0.793337747625 0.151619243432 0.136132527263  9.89512514284  -1.57018587162 0.0627739490183 -0.632383734688 1785404713.18
-0.741919141881 -0.111694321819 -0.339186770834 0.823387697336  0.17452284898 0.121896444333  9.90199099105 -0.989917468144  0.119044153226 -0.567638671721 1785404713.2
-0.759020625756  -0.10871081292 -0.351837486445 0.843634973218  0.20302977072 0.136581669335  9.91990143142 -0.587081152897  0.125517594857 -0.607485325452 1785404713.23
-0.765421681607 -0.106669493063 -0.363506148017 0.854040661251 0.187517398179 0.149520035621   9.9173904233 -0.0643205525178  0.0538323257635  -0.565891324539 1785404713.24
-0.761453649586 -0.106674522399 -0.373243196185 0.854693861973 0.134473343756 0.160996225447  9.89052346682   0.461932710605 -0.0668987905926   -0.43217879974 1785404713.26
-0.747877660732 -0.109210282558 -0.379920127176 0.845923864347 0.0644227195841  0.166590564373   9.84463798625   0.87814869516 -0.183051373335 -0.229733029752 1785404713.28
-0.725974742576 -0.114070152192 -0.382524855253 0.828478479724 0.000937898764369    0.165509229024     9.79183351587    1.14680004018  -0.256107251066 -0.0122225595342 1785404713.3
-0.697605033142  -0.12043733523 -0.380455931294 0.80368193313 -0.054876313148  0.184856088504   9.72647925252    1.5273847486 -0.327120119524  0.220934479727 1785404713.33
-0.665174742144 -0.127091693376 -0.373730203823 0.773488203764 -0.0990335352341   0.174195968778      9.656280082   1.71577803259 -0.317754372471  0.451833073597 1785404713.34
-0.631470142937  -0.13268521936 -0.363039965973 0.740376880886 -0.120326620919  0.128831754914   9.59990754616    1.6622011685 -0.225336766934  0.608482370149 1785404713.36
-0.599354523707 -0.136014629723  -0.34963538108 0.70708607983 -0.126894975178 0.0619307077615   9.55400587036    1.50099771977 -0.0884302239935   0.698880896941 1785404713.38
-0.571365875571  -0.13622621996 -0.335054764041 0.676223514585  -0.115844108076 -0.0229558429122    9.53846197173  1.17962116368 0.073087701411  0.68018456797 1785404713.4
-0.549288100216  -0.13291258313 -0.320766444441 0.64982634886 -0.111343234446 -0.122371255096   9.50862705378 0.940437413612   0.2535470804 0.681795490471 1785404713.43
-0.533786756136 -0.126094683423 -0.307810766944 0.628948041146 -0.0983263280229  -0.225606401294    9.50593031868 0.645338688769 0.432013737959 0.623268908945 1785404713.44
-0.524196645704 -0.116115429569 -0.296533086439 0.61334883036 -0.0791331048842  -0.307763391274    9.53028541155 0.388084164966 0.574679910518 0.542413704975 1785404713.46
 -0.51852358879 -0.103492793327 -0.286477891508 0.601370977622 -0.0581774526412  -0.363022459654    9.56378470087 0.264007288709 0.686234268437 0.503637997425 1785404713.48
 -0.513682502356 -0.0887860118714  -0.276475601943 0.590077475931 -0.0330081746808  -0.369646916002    9.60822653222 0.298471483073 0.735160325052 0.511956890037 1785404713.5
 -0.505947563944 -0.0725169881385   -0.26490670989 0.575688471288 -0.00721548508839   -0.386839072475     9.62623024344  0.55531005237 0.843465501156 0.662087092348 1785404713.53
 -0.491547573241 -0.0551650662409  -0.250084488016 0.554260274996 0.0255033105325 -0.364297596604   9.64500455775 0.993270761191 0.907245909615 0.880153145713 1785404713.54
-0.467308958493 -0.037224781705 -0.230668422142 0.522466523362 0.0605708698996  -0.31113066361   9.66207661816  1.54069134573 0.916392258422  1.12582183953 1785404713.56
 -0.431235752244 -0.0192920239173  -0.206013126514 0.478307290867 0.0936151655633  -0.25044066207   9.67527433832  2.13870236172 0.889398355788  1.37606242358 1785404713.58
  -0.382922512339 -0.00213192923346   -0.176373341306 0.421594296809  0.112674005269 -0.182682635546   9.69690675397 2.54812860214 0.77278275041 1.49532836325 1785404713.6
-0.323721510316 0.0133143176606 -0.142920119641 0.354117279858  0.133688343947 -0.149919172791   9.71221480851  3.15829238418 0.703685284017  1.72062628977 1785404713.63
-0.256625575248 0.0260077377881 -0.107567225899 0.279470564432  0.138479084982 -0.128202347319   9.74386129886  3.58778125711 0.563662252167   1.8289922258 1785404713.64
 -0.185876524826  0.0349706030926 -0.0726489997591 0.202610223651  0.117289513087 -0.114158104116   9.79471919068  3.55218518626 0.341506524635  1.69788843395 1785404713.66
 -0.116358306327  0.0394930109417 -0.0405216860203 0.12938686333 0.0842691312138 -0.115305336018   9.85505451284  3.33693248359 0.109448930249  1.49221452955 1785404713.68
-0.0528751136238  0.0393329515216 -0.0131732269579 0.0672041116645 0.0401478143609 -0.116790937743   9.91377979771   2.76315504185 -0.109728692286   1.14860742774 1785404713.7
0.000560663830415   0.0348499976093  0.00808000137406 0.0357788079665 -0.00175185799628   -0.129846545294     9.97805037066  2.32189665107 -0.30345614831 0.885759236944 1785404713.73
0.0413043525181 0.0270243338955  0.022754441066 0.0543518973695 -0.0422917962202  -0.136873050854    10.0332145266   1.74297152565 -0.449783913121  0.593808883095 1785404713.74
0.0684165172574 0.0173394010027 0.0311976530063 0.0771671446528 -0.0703890936971  -0.127139128749    10.0581714298   1.05808006964 -0.497921756398   0.29862275403 1785404713.76
0.0827057351716 0.0075412628505 0.0344391852205 0.089906433331 -0.0820504538885  -0.106731894818    10.0592309967  0.462709525013 -0.461578812606  0.070245628645 1785404713.78
   0.0864783111267 -0.000678255684801    0.0339396801231 0.0929024230737 -0.0692921972291 -0.0706137867197    10.0185666958 0.00826735632095  -0.321836524655 -0.0745624003145 1785404713.8
  0.0830536840427 -0.00600389609633   0.0313010716555 0.0889590821006 -0.0479366926945 -0.0378777084065    9.98379000774 -0.254317697998  -0.17403131647 -0.146173347405 1785404713.83
   0.076147661171 -0.00774758914423   0.0280019664021 0.081502156792  -0.0117852336023 -0.00120998855708      9.9331099136  -0.347943417852 0.00100646679294  -0.153525084133 1785404713.84
 0.0692465411833 -0.0059639573302  0.0252088662555 0.0739333428892 0.0319872628698 0.0336878959491   9.87602110149 -0.280831264736  0.161248992266 -0.109503148654 1785404713.87
  0.0650903800622 -0.00139866842252   0.0236904553669 0.0692816824672 0.0763784583332 0.0640134745413   9.82310097917 -0.101649261815  0.279120341045 -0.035882310708 1785404713.88
 0.0653553336966 0.00472097182098  0.0238352653698 0.0697260861714  0.100731127128 0.0773817949959    9.7811158598  0.131013761731   0.29598256255 0.0491361962772 1785404713.9
0.0705799398418 0.0110031888279 0.0257492931808 0.0759317072886 0.120521479616 0.090088021926  9.74954401186 0.367859481146 0.282953680545 0.136588820878 1785404713.93
0.0803282518783 0.0162379844988 0.0293948155359 0.0870652362933   0.12414398403 0.0953061931135   9.72579714404   0.5885192499 0.222591435061 0.230181149486 1785404713.94
0.0935348767576 0.0196852707661 0.0347274086232 0.1016969811  0.102708701792 0.0864407574038   9.71367730195 0.728513285795  0.12715451181  0.31569393884 1785404713.96
 0.108942818861 0.0212323632786 0.0417946516614 0.118600775458 0.0673858768809 0.0690406712377   9.70567924073  0.819309248964 0.0434665770552  0.410903632336 1785404713.98
 0.125530744738  0.021382738313 0.0507741191778 0.137088294724 0.0216065805046   0.03838390092   9.70909229009    0.807311626966 -0.00355781631343    0.480015387771 1785404714
 0.142833591211 0.0210830068978  0.061945596709 0.157108831419 -0.0196252051645 0.00350064166827    9.70432664869   0.877111198177 0.00136710948914   0.612626239803 1785404714.03
 0.161086933036 0.0214381579707 0.0756086600936 0.179235220013 -0.0535731963639 -0.0421590640347    9.70538093463  0.963335989756 0.0580764838996  0.754522449698 1785404714.04
  0.18116556715 0.0233939206467 0.0919687004808 0.204515231981 -0.0720559883517   -0.09566055495    9.71387052761  1.10097076066 0.153597427379 0.901536599842 1785404714.07
 0.204332470989 0.0274713821149  0.111020531723 0.23416232404 -0.0718835327882  -0.155117479581    9.73106141884   1.3229569052 0.266922087895   1.0567228426 1785404714.08
 0.231856629885 0.0336214376955   0.13245860888 0.269134131913 -0.0474872584733  -0.197084021212    9.76439888881  1.47987148361 0.337937040435  1.09577619307 1785404714.1
 0.264588583081 0.0412312068118  0.155637387882 0.309725890455 -0.0139907448509  -0.243369957119    9.80247644909   1.7638640443 0.390259299341  1.17537963962 1785404714.12
 0.302594478921 0.0492723624314  0.179595930929 0.355310966309 0.0259856538786 -0.271187384217   9.84760534911  1.99562219939 0.380333397476  1.18001063402 1785404714.14
 0.344940098233 0.0565449093551  0.203149207688 0.404290240703 0.0633498984853 -0.285242971523   9.89508796201  2.19373632936 0.319311402389  1.14457648191 1785404714.16
0.389686925873 0.061949187354 0.225036198841 0.454241007395 0.0888161364213 -0.276765663987   9.93769393835  2.26690544598 0.207763189337  1.04105314509 1785404714.18
 0.434118040172 0.0647181190797  0.244103265606 0.502228346492 0.0885268688324 -0.228697889972   9.95668862251   2.02969735517 0.0619705685917  0.818200270918 1785404714.2
 0.475160800477 0.0645588693322  0.259491950177 0.545235459344 0.0777300629638 -0.192022809586   9.97522338977    1.89395599832 -0.0758809730426   0.666862642103 1785404714.23
0.509926781938 0.061680856812 0.270795553005 0.580654873881 0.0443120242415 -0.136929820058   9.97077833064  1.58473310259 -0.20342629928 0.483965008594 1785404714.24
 0.536258148473 0.0567160298167  0.278150599068 0.606759644014 -0.00654964289357  -0.0682208334232     9.93456798184   1.09309985856 -0.281177395857  0.289309698964 1785404714.26
 0.553162080866 0.0505594677948  0.282238598413 0.623059526792  -0.0623925451825 -0.00645982341154     9.88440585532   0.62881472855 -0.318426473041  0.153260966956 1785404714.28
 0.561034111789 0.0441696910356  0.284189242762 0.630455202134 -0.106542626715 0.0415395618704   9.82113956397  0.199488512028 -0.287730572426 0.0745094162758 1785404714.3
 0.561613902089 0.0383690547534  0.285395373004 0.631136180483 -0.149941512253  0.076620884447    9.7581506677 -0.082802333978 -0.258524578556  0.075886633152 1785404714.33
 0.557673990239 0.0336787547818  0.287268724935 0.628218002161 -0.180834266205 0.0950704583601   9.69477340087 -0.237717998647 -0.212714263351   0.14566281431 1785404714.34
0.552500565691   0.0302142804  0.29097961246 0.625171106735 -0.180670773696 0.0861531869285   9.65119735388 -0.217807729981 -0.156069875819  0.258221979523 1785404714.36
0.549271759853 0.027658146362 0.297229990143 0.625148067479 -0.160159758198 0.0565836464103   9.63147294269 -0.0520732336512  -0.125085477263   0.386411647567 1785404714.38
 0.550462159333 0.0253178102896  0.306105693633 0.630357260646 -0.117621227595 0.0114720859792   9.64884160532  0.189497956011 -0.125746016625  0.462037498265 1785404714.4
 0.557396584836 0.0222667194631  0.317040091992 0.641639446662 -0.0865712261151 -0.0384852315499    9.66598629985  0.473249659528 -0.187635448529  0.550917954738 1785404714.43
 0.570043278313 0.0175542293369  0.328900406324 0.658356261759 -0.0568650023858 -0.0973876099095    9.69661627828  0.773606951214 -0.307763141161  0.603078730335 1785404714.44
0.587084781514 0.010455899187 0.340184041165 0.678603749162 -0.0281540196573  -0.148577690894    9.74663323103  0.954373523223 -0.443732369695  0.537520716973 1785404714.46
  0.606246090368 0.00072186843025   0.349290495758 0.699670417845 -0.00856150238235   -0.180704898572     9.79801983174  0.971687643584 -0.558561457442  0.376985746218 1785404714.48
  0.624806650015 -0.0112280050868   0.354818998025 0.718613901453 0.00200104241752  -0.177779299387    9.83681000302  0.786640525048 -0.577936040971  0.151703159423 1785404714.5
  0.640185837218 -0.0242132859406    0.35583575584 0.732832364545 0.00901900978903  -0.174683395746    9.86263774239  0.598493471924 -0.585581804443 -0.064343234432 1785404714.53
  0.650477790343 -0.0363453261274   0.352059127989 0.740532219462 0.0222088053351 -0.169992480897   9.88279067949  0.383795700921 -0.551279602645 -0.312268689511 1785404714.55
  0.654823553198 -0.0452387279391   0.343926033101 0.741030056457 0.0481943461386  -0.13178121879   9.88745952534 0.0849616197466 -0.333110674779 -0.541207551546 1785404714.56
     0.653544168 -0.0483677326403    0.33252622891 0.734869450992  0.0857326011914 -0.0668345577618     9.8764935953 -0.180229845768 0.0454077167685 -0.648296016065 1785404714.58
  0.648010121267 -0.0435221288594   0.319417768345 0.723767230329    0.122346698322 -0.00202572440905     9.85981602045 -0.302724885936  0.435364290651 -0.597145411876 1785404714.6
  0.640279369863 -0.0292909414679   0.306360513057 0.710402980487  0.180022925838 0.0505880071569   9.85640144571 -0.351266178472  0.866233996738  -0.55564965725 1785404714.63
    0.63258618154 -0.00548618411642    0.295019442097 0.69801994707 0.276820690423 0.107467432325  9.86878493717 -0.355894200876   1.47478914876 -0.519130643956 1785404714.65
 0.626796081075 0.0265824274853  0.286692902925 0.689762838437 0.360081392942 0.148209188215   9.8892285043 -0.246822858459   1.98781823219 -0.368912859696 1785404714.66
 0.623951361916 0.0640553971957  0.282113441329 0.68775459993 0.371619184297 0.146231180299  9.90640999276 -0.0754988940653    2.06656253049  -0.144905618618 1785404714.68
0.624013930671 0.102735698987 0.281353099868 0.692175972079 0.295901937692 0.103204633478  9.90639948479 0.0425734683482   1.63140752674 0.0384219441344 1785404714.7
0.625869617463 0.137562599211 0.283844639429 0.700859490981  0.248679756424 0.0682618544248   9.91753073955 0.0790955553573   1.33634903646  0.157904976006 1785404714.73
0.627598261064 0.163294303635 0.288508794042 0.709775972494  0.199217514274 0.0260925744345    9.9395503102 0.0285368678198    0.9967185077   0.26714153772 1785404714.75
0.626950082135 0.175300417599 0.293959169014 0.714288901598  0.0699230553816 -0.0361045223312    9.93075305339 -0.159050959028  0.197045562953  0.286542015604 1785404714.76
0.621917019163 0.170332698848 0.298743969707 0.710663047061 -0.0890007323864 -0.0907430130766    9.89551926109 -0.429252038435 -0.770708101083  0.208500132736 1785404714.78
0.611261821883 0.147132655572 0.301579410858 0.697308521589 -0.200892930651 -0.105750058165   9.84437280071 -0.608982213946  -1.43183305604 0.0628281193545 1785404714.8
0.594875319181 0.106752516966 0.301533836332 0.675422386143 -0.289139934049  -0.10836701967   9.80601202586  -0.790355508118   -2.00012654679 -0.0728446790109 1785404714.83
 0.573872085557 0.0525116863559  0.298133311839 0.648822101514 -0.444276622412 -0.117787059952   9.76526190617  -1.17557433199  -3.09698526954 -0.268458155196 1785404714.85
  0.550397041625 -0.0104230343001     0.2913766255 0.622853017141  -0.538521394154 -0.0817744846182    9.72786521308  -1.40923007208  -3.87217887005 -0.497030067218 1785404714.86
  0.527185063189 -0.0757714840792    0.28166697726 0.602496219679   -0.464941692401 -0.00226548007007     9.72201473454  -1.21346016364  -3.53904940433 -0.606197155468 1785404714.88
 0.506975443639 -0.137061868514  0.269684896366 0.590372763244 -0.297403729167 0.0683774003574   9.74299204894 -0.781132080431  -2.49849465407 -0.563239240955 1785404714.9
 0.491918407169 -0.188573856098  0.256237776405 0.585834120355 -0.182185022227  0.132177961273   9.75673809691 -0.496010098646  -1.85144692298 -0.572909631269 1785404714.93
 0.483113103254 -0.226132346718  0.242123028839 0.585796611343 -0.0898870781616   0.243078631429    9.75580223213 -0.302735682832  -1.54974355033 -0.740320073691 1785404714.95
 0.480385186872 -0.247613919042  0.228034049576 0.586585124628 0.0530030898493  0.345343740591   9.75409202001 -0.0230757460517  -0.820750673912  -0.840297923518 1785404714.96
 0.482355179906 -0.253089919259  0.214523426488 0.585441139078  0.17039458085 0.350278350257  9.75042664556  0.182987732687  0.086064266888 -0.744335850781 1785404714.98
   0.4867804369 -0.244606053448    0.2020202081 0.581033114041 0.196471034056 0.266440408994  9.74552981156  0.198358703526  0.622676139074 -0.536861429388 1785404715
 0.491090086232 -0.225669807868  0.190882244063 0.573177429839 0.194624651773 0.198982938872  9.72943180926   0.12639919559  0.896664059171 -0.418731806611 1785404715.02
 0.492988345314 -0.200567732383  0.181454818475 0.562308434079   0.2194722182 0.164155497189  9.68074632334 -0.00260213894859     1.30908309209   -0.422215463728 1785404715.05
 0.490986692517 -0.173654536471  0.174105881992 0.549123563882  0.190283360486 0.0690324051411   9.63300632232 -0.242922017381   1.52671319062 -0.360529479352 1785404715.06
 0.484742337121 -0.148743325466  0.169216615151 0.534540899382 0.0931005406503 -0.063529690892   9.63318054678 -0.449265297478   1.27364261615 -0.197827659367 1785404715.08
 0.475124942317 -0.128687339728  0.167121383227 0.51984007055 -0.00463494420423   -0.150849452462     9.68160320866  -0.472421065698   0.764018781072 -0.0275060975424 1785404715.1
 0.463995161833 -0.115190140129  0.168008638055 0.506741730123 -0.0713152988406  -0.210882576175    9.72348899811 -0.442185784453  0.410706074391 0.0969335314446 1785404715.13
 0.453743003369 -0.108827605387  0.171808614079 0.497236724983 -0.155178489692  -0.32247786596    9.7566413465 -0.44779704245 0.154342481386 0.261095483878 1785404715.15
 0.446686722454 -0.109224429708  0.178100610369 0.493131657344  -0.22317696674 -0.387109866093    9.8210527572 -0.273671044273 -0.191114579603  0.420565172937 1785404715.16
  0.44446248214 -0.115308535505  0.186070495623 0.495444432537 -0.228007663691 -0.343472671196   9.88610332959 0.0240353161168 -0.462718498449  0.465313778923 1785404715.18
0.447535811319 -0.12557075621 0.194538619616 0.503886486969  -0.17056343486 -0.219708126406   9.91070211826  0.237769599774 -0.521326536382  0.362939143846 1785404715.2
 0.454939118963 -0.138279297087  0.202062370121 0.516642978647 -0.125984529175 -0.126725325181   9.91829243887 0.344401529286 -0.53558767923 0.258182440971 1785404715.23
 0.464292268571 -0.151629154007  0.207100187053 0.530517858773  -0.107227490196 -0.0542264785299    9.93917437198  0.443768180017 -0.660606656154  0.158894184272 1785404715.25
 0.472106433815 -0.163835078169  0.208209242773 0.541366332962 -0.0550692499972  0.0599665631784    9.91909316137    0.29969356422  -0.644694593501 -0.0854800475951 1785404715.26
 0.474317199155 -0.173194577223  0.204240827875 0.544690263145 0.0158353361546  0.168217226321   9.85340841028 -0.151701467371 -0.421311417781 -0.403513284853 1785404715.28
  0.46695156189 -0.178151395848  0.194497712228 0.536293801061 0.0639233703597  0.200628159582   9.78506358476  -0.630366115126 -0.0959552253829  -0.582451845358 1785404715.3
 0.446811843274 -0.177381481562  0.178826160262 0.512916961004 0.0956160301077  0.220994072487   9.73988490024  -1.10169625797  0.165454873005 -0.739953908694 1785404715.33
 0.412059597529 -0.169907614564  0.157629543447 0.472767154496 0.158056419142 0.310969395432  9.68100101193  -2.0912819431 0.550072033311 -1.16768870667 1785404715.35
   0.3626022128 -0.155231736134  0.131806850015 0.415872940141 0.221222506199 0.394280329879  9.64060232896 -3.28798959536  1.07149949809 -1.61681583681 1785404715.37
 0.300218827861 -0.133460623146  0.102633649343 0.344204515529 0.241039726337  0.40677373335  9.66335616286 -3.94726928227  1.46591351915 -1.77056142136 1785404715.38
 0.228403843335 -0.105393939424 0.0716117027388 0.261542413552 0.198715202461  0.33152902425    9.740135559  -3.5377389919  1.45346087312 -1.48694325501 1785404715.4
  0.15194904957 -0.072544789076 0.0403145389573 0.173137292743 0.161803549654 0.280393904479  9.81157056889 -3.12070224778  1.40198926146 -1.25914107883 1785404715.42
 0.0763234172505 -0.0370711366321     0.0102502858 0.0854669617511 0.164676267388 0.316024573548  9.89391377913 -3.48967564649   1.7070348138 -1.38522856244 1785404715.45
0.00693832595448 -0.0016103015587 -0.0172475431846 0.0186604175748 0.148618540566 0.349066407047  9.99982963267 -3.64433055117  1.93853387627   -1.462960399 1785404715.47
-0.0515977371834  0.0309741429821 -0.0411016924313 0.0728771098263 0.0899790925173  0.321140931565   10.0730972645 -3.01397966108  1.74043901932 -1.26637659754 1785404715.48
-0.0961288582049  0.0579064069443 -0.0605530344854 0.127516976636 0.0133009006676  0.220552978691   10.0475169896  -1.74714896051   1.08545686353 -0.807367132924 1785404715.5
-0.125411721602 0.0768327948898 -0.075211540141 0.165191265072 -0.0426985361661    0.14746057844    10.0025023481 -0.888710688359  0.567597957197 -0.493688106982 1785404715.53
 -0.140316868403  0.0861282170896 -0.0850999375345 0.185334542668 -0.115930030921  0.127108691842   9.99900158104  -0.45000630778  0.203701761344 -0.379967750197 1785404715.55
 -0.143736937746  0.0851279648487 -0.0906846369174 0.19008098549 -0.204043230778 0.0901064537613   9.95035379152 0.00319015861018  -0.348705079306  -0.228345193116 1785404715.57
 -0.140208175848  0.0742474141343 -0.0928799338872 0.183841489331 -0.252454406149 0.0373917449812   9.85181460284   0.249282313576  -0.890300845141 -0.0685672848123 1785404715.58
 -0.135292264492  0.0549681848512 -0.0930074182965 0.17313543264   -0.222003544163 0.000194034353399     9.76930486742   0.128900419981    -1.0621799641 0.00439926599607 1785404715.6
 -0.134800681924  0.0296879650379 -0.0926953805386 0.166267954484  -0.178985833478 -0.0101921649351    9.73286885994  -0.170288464116   -1.05044194185 -0.0138501803106 1785404715.63
 -0.143968267314 0.00144936724408 -0.0937130691701 0.171787956481    -0.18904047193 -0.00524225909648     9.69706858781 -0.756418255164  -1.33079789259 -0.119883865943 1785404715.65
 -0.166692924513 -0.0264213751824 -0.0977499456673 0.195037616954  -0.18177508225 0.0268066069218   9.68907134405   -1.8491484817  -1.58196075383 -0.377619037115 1785404715.67
 -0.204952679037 -0.0507232662118  -0.106166841845 0.236325725826 -0.101831604188 0.0786540136759    9.7590137206  -2.71639422826  -1.25365055075 -0.651293386226 1785404715.68
 -0.258489255421 -0.0687865516368   -0.11975939576 0.293070977286 -0.0157262257806   0.116722074581    9.84874084305  -2.88324371621 -0.675936426488 -0.779712757643 1785404715.7
 -0.324810345795 -0.0788222307566  -0.138579832585 0.361827410234 0.0394334885907  0.142770889432   9.91734839578  -2.82417612458 -0.227841498821  -0.84307326203 1785404715.73
 -0.399514779575 -0.0801638402257  -0.161858345484 0.438447744186 0.0948776950812  0.214191744135   10.0166840748 -3.58062496104 0.128613064215 -1.16472558084 1785404715.75
 -0.476893069308 -0.0733595460862  -0.188050145842 0.517852758906 0.152612860576 0.304361634956  10.1382399546 -4.44234694004 0.589815412776 -1.56172893053 1785404715.77
 -0.550709912959 -0.0600894918666  -0.215011738757 0.594240862839 0.155827555785 0.313575691573  10.1671266293 -4.09865130619  0.90344320506 -1.54969370309 1785404715.79
 -0.615044935997 -0.0429074885915  -0.240285152405 0.66170860682  0.10419174359 0.237634233611  10.0889379656 -2.85855812811 0.881295987987 -1.16080596676 1785404715.8
 -0.665060307438 -0.0248351645578  -0.261447254239 0.715036128232 0.0432956844964  0.146794586101   9.98779740419  -1.7005340253 0.701375884313 -0.74548735638 1785404715.83
 -0.697580944975 -0.0088659666795   -0.27646763992 0.750421305721 -0.0141060033822  0.0844648958021    9.92330423603  -1.08811416723  0.642664492801 -0.529810373637 1785404715.85
 -0.711411026366 0.00254060369138  -0.284015742411 0.766013736848 -0.0985099758833 -0.0196071820793    9.81914083835 -0.278632540819  0.477237598399 -0.205096720874 1785404715.87
 -0.707360477463 0.00788426853785  -0.283666189088 0.762159769076 -0.175118046396 -0.152799830315   9.68521718513 0.690297772864 0.128176219747 0.237319883471 1785404715.89
 -0.688005308095 0.00688663609422  -0.275969008739 0.741321538543 -0.193871581978  -0.23703707666   9.59976804014   1.28465022132 -0.188364646877  0.545794777744 1785404715.9
  -0.657245291925 0.000536019909256   -0.262374318275 0.707680679378 -0.161671889666 -0.248061681634   9.58606897184   1.37874426675 -0.322893124804  0.625011325349 1785404715.92
  -0.619744991376 -0.00909949526971   -0.245025292743 0.666486345872 -0.159358134055 -0.308053002621   9.52968863166   1.71470712426 -0.441381009401  0.800968129863 1785404715.95
 -0.580348663417 -0.0192578626904   -0.22645462805 0.623263295061  -0.14935477948 -0.397377819519   9.44321877227  2.22672511861 -0.52294724326  1.04592733992 1785404715.97
 -0.543549687173 -0.0269939915185   -0.20923517605 0.583055998083 -0.0651577352325  -0.340961247729     9.4840843951   1.97013198502 -0.306316797202  0.902356523483 1785404715.99
 -0.513075928085 -0.0297174506686  -0.195642483463 0.549914553535 0.0261483032475 -0.205802715416    9.5952671126   1.30014274842 0.0334931745369  0.547168783497 1785404716
   -0.4916283409 -0.0256564378422  -0.187383929398 0.526753657202   0.087207937421 -0.0793104566693    9.69998175748 0.673443260554 0.324304302815 0.212861612669 1785404716.03
 -0.480784464521 -0.0141671271429  -0.185435813633 0.515500581759  0.153140018561 0.0229055600132   9.77198398723   0.241130700056   0.679873440189 -0.0598406684899 1785404716.05
 -0.481054140558 0.00415775820261  -0.190008096363 0.517236357756 0.238869249906 0.160726372698  9.86230264337 -0.324577961135   1.20253946324 -0.437619607888 1785404716.07
-0.492054489624 0.0275875560487 -0.200630880942 0.532100971993 0.255777633622 0.274780707249  9.95040031488 -0.928431668629   1.44590008154 -0.770933107904 1785404716.09
-0.512757097817 0.0535305984829 -0.216332984015 0.559093307337 0.203550869213 0.304553093105  9.98654812713  -1.25805385753   1.29978782466 -0.891933147035 1785404716.1
-0.541753913409 0.0789356804084 -0.235866704271 0.596121838653 0.137683838954 0.287380618833  9.98570384865 -1.39228588388  1.01562157065 -0.89462652551 1785404716.13
-0.577490379549  0.100751157153 -0.257927969349 0.640447321418 0.0962910719917  0.312011322476   10.0028058256 -1.78091317531 0.869563998776  -1.0559745824 1785404716.15
-0.618425288181  0.116371905915 -0.281328225966 0.689302421491 0.047022300434 0.346778444648  10.0153353793 -2.37600388231   0.6455377789 -1.30902822808 1785404716.17
-0.663096228502  0.124009456521 -0.305091390925 0.740375384772 -0.0146198794177    0.31243936935    9.96998754174 -2.62314278943 0.187721966256 -1.34900370582 1785404716.19
-0.710094794613  0.122932120655 -0.328471105258 0.791984968679 -0.0527883637021   0.231024590234    9.88854919718  -2.40472248914 -0.265341391045  -1.16106091942 1785404716.2
-0.757981856065  0.113539606249 -0.350904574973 0.842948252888 -0.0603392793029   0.162891572668    9.81482178606   -2.0794420062 -0.561343780855 -0.950370015749 1785404716.23
-0.805193368131 0.0972603333903 -0.371934126849 0.892261692133 -0.0574108927739   0.144415796533    9.74699803545  -2.15213670399 -0.871293352823 -0.940919223451 1785404716.25
-0.849994681627 0.0762881792655 -0.391132798494 0.938773514298 -0.034864591785  0.147136377562   9.66650570557  -2.32336097554  -1.19942297628 -0.983671578401 1785404716.27
-0.890531643213 0.0532048943229 -0.408064903182 0.981016989431 0.0131716120093  0.144225311147   9.60801567753  -2.11444620043  -1.28915239686 -0.878576700636 1785404716.29
-0.924999652425  0.030558551403    -0.422298226 1.01729738707 0.059825682527 0.130987670203  9.60490353504  -1.55194647436  -1.08026153361 -0.642218701442 1785404716.3
-0.951912338733 0.0104797067143 -0.433465154557 1.04601097752 0.0873394172078  0.119601433077   9.63371046231  -1.00328693903 -0.798656108116 -0.420946232777 1785404716.33
   -0.97041004609 -0.00558991905147   -0.441350935049 1.06607577246 0.114335043079 0.133190052185  9.64883843194 -0.677397663322 -0.650887492401  -0.29621438745 1785404716.35
  -0.98051844509 -0.0170068906608  -0.445974114553 1.07731080304 0.127979976161   0.1524772582  9.68040358883 -0.346116890148 -0.492114997749 -0.168884180994 1785404716.37
 -0.983261736944 -0.0238626760177   -0.44762178558 1.08061942124 0.102488154713 0.150056838775  9.74434001744 -0.00112613441754   -0.269837320238  -0.0231538472199 1785404716.39
 -0.980559222217 -0.0267776519149  -0.446812511233 1.07789371049 0.0493013883515  0.125274718341   9.81046255911  0.213471411093 -0.070155159969 0.0876868584131 1785404716.4
 -0.974885143659 -0.0266155563164  -0.444180963478 1.07163713984 -0.00342499268176   0.0953669410514     9.85337047282  0.272341092628 0.0594421167924  0.149919095867 1785404716.43
 -0.968737202941 -0.0241973367531  -0.440304692585 1.064380337 -0.0479443561701  0.0758324928816    9.87720224194 0.259730641274 0.156043058727  0.20713291571 1785404716.45
 -0.964021028078 -0.0200885257849  -0.435516926283 1.05802414175 -0.0812370665194  0.0543355928084    9.87697740781 0.188211762365 0.251841489788 0.274100203555 1785404716.47
 -0.961497812658 -0.0145104882206  -0.429761683343 1.05327285282 -0.0822591598251  0.0251780936943    9.84111229426 0.0934796412831  0.332109499748  0.339296134726 1785404716.49
  -0.960446660452 -0.00738970251389   -0.422543308681 1.04931179493  -0.0493017712915 -0.00407973182955     9.78253088735 0.0717701190012  0.403932315877  0.423392007314 1785404716.51
 -0.958656715905 0.00147960357986  -0.413001258889 1.04383663857 0.00704179985921  -0.030711920464    9.71756729745 0.186924705309 0.478786287766 0.547917932695 1785404716.53
-0.952792661937 0.0122151406749 -0.400107734762 1.03346469012   0.075744653572 -0.0556703200455    9.65838201073 0.469987956543 0.556190882716 0.721704350383 1785404716.55
-0.939086845279 0.0246388855713  -0.38295014679 1.01446635853   0.153434104496 -0.0846043642365    9.60550477826 0.975768003076 0.656073736151 0.988591813262 1785404716.57
-0.914225167707 0.0381466325393 -0.361033375966 0.983670636649  0.218600502798 -0.112666607582   9.58580909634  1.63344449532 0.703165018385  1.25846864358 1785404716.59
 -0.87623533518 0.0516951971755 -0.334526919134 0.939344992883  0.245162002834 -0.133595647779   9.61526114105 2.25210981338 0.65161071378 1.43241896231 1785404716.61
-0.825171795141 0.0639127525206  -0.30439238148 0.881843553774  0.231595138147 -0.148230835575   9.68162430062  2.71273996362 0.519609507336  1.49509045879 1785404716.63
 -0.76342677583 0.0733030183206 -0.272353985858 0.81386145514  0.196387932644 -0.165999267447   9.76578249863 3.09965996484 0.34865177472 1.52310967122 1785404716.65
-0.695573423303 0.0784900619205 -0.240710385468 0.740219269337  0.141614345355 -0.187997269261   9.86587504214  3.37708437707 0.127955161292  1.50171740126 1785404716.67
-0.627746906266  0.078443825495 -0.212020041433 0.667212192675 0.0656050940711 -0.206229838561   9.97407584524   3.35584717556 -0.152361298734    1.3535838146 1785404716.69
-0.566669105852 0.0726375816997 -0.188716719307 0.601667760436 -0.019573121577 -0.207788616998   10.0632408633   2.85651775367 -0.453177287083   1.02752411888 1785404716.71
-0.518499491347 0.0611120770575 -0.172722419841 0.549917669115 -0.0857811580082  -0.179846200993    10.0936804797   1.8872957922 -0.67396981763 0.564110168997 1785404716.73
-0.487732403544 0.0444485955968 -0.165122645361 0.516840461969 -0.133602604662  -0.15670426629    10.108760264   1.00687491398 -0.894329583598  0.161637708484 1785404716.75
-0.476352083244 0.0236757744787 -0.165956325692 0.504988466745 -0.165093119258  -0.12677831555   10.1000229352    0.1090882885  -1.11675728143 -0.227654519301 1785404716.77
  -0.483404820154 0.000146312296281   -0.174153806542 0.513818829831  -0.168058581922 -0.0781309886701    10.0439303867 -0.746924943546  -1.25536141489 -0.563919003732 1785404716.79
 -0.505065294571 -0.0245826990254  -0.187634441633 0.539353265086  -0.144127773753 -0.0179870262423    9.94812982653  -1.35088678885   -1.2782769029 -0.767065491427 1785404716.81
 -0.535180229314 -0.0488461793128  -0.203553109281 0.574663114685 -0.0969008324187  0.0371910160118    9.83071471754  -1.45250059664  -1.10174971204 -0.737399211048 1785404716.83
-0.566186757824 -0.070944507546 -0.218664321335 0.611076634565 -0.0596921161799  0.0782283869236    9.72132441426  -1.30299117041 -0.955233529145 -0.620054199034 1785404716.85
 -0.590241751089 -0.0892122331736  -0.229755226806 0.639633966829 -0.0324868400496   0.105927805957    9.59962660644 -0.894400966409 -0.815380806785    -0.403511562 1785404716.87
 -0.60037112551 -0.102108692682  -0.23408669689 0.652432567495 -0.0139754478268  0.0893218466358    9.50502461821   -0.0320696340169    -0.505330812972 -0.000578265563215 1785404716.89
-0.591456386459 -0.108351605908 -0.229777128578 0.643706653999 -0.0138833037401  0.0277582685039     9.4527095267    1.0121890595 -0.127927627485    0.4622123972 1785404716.91
-0.560914058114 -0.107095556522 -0.216068772732 0.610556920661 -0.0300820626429 -0.0663924591812    9.45687404243  1.94797560213 0.241420265507 0.858439472586 1785404716.93
 -0.508982272177 -0.0981302650733  -0.193432199469 0.553270745753 -0.0604656783578  -0.186748666198    9.46826249225  2.87577556016 0.588867906528  1.23616546012 1785404716.95
 -0.438595495676 -0.0820485824845  -0.163489571451 0.475212393239 -0.106139416062 -0.348606350887   9.48552985543  3.92749330906 0.963664398051  1.64817979084 1785404716.97
  -0.35489130227 -0.0603219303224  -0.128767640533 0.38231881585 -0.150528440447 -0.505162458325   9.55436267976 4.58686436376  1.2331409588 1.87445623953 1785404716.99
 -0.264442888664 -0.0352290788417 -0.0923208132416 0.282301721423 -0.179486481963  -0.61402336582   9.66031637529 4.70539956534 1.32153968066 1.86290221542 1785404717.01
  -0.174342254026 -0.00961364758338  -0.0572869474924 0.183764626933 -0.175027250971 -0.615654485941   9.78125106006  4.0956787987 1.15272518987  1.5579211718 1785404717.03
-0.0912699462167  0.0135102932558 -0.0264489989023 0.0959806264263 -0.167893442231 -0.617548538244   9.89149651134   3.6418146501 0.972957736984  1.31332565547 1785404717.05
-0.0206790603946   0.031439455745 -0.0018723166318 0.0376771613304   -0.1527970838 -0.607405303675   10.0106003502  3.23718874013 0.743890211058  1.08129732281 1785404717.07
0.0338035217302 0.0422515672247 0.0153284867196 0.0562390924484 -0.104423802367 -0.487189764752     10.10663271  2.40524911133 0.361133901568  0.70906315888 1785404717.09
0.0706925633965 0.0451583636273 0.0250638755041 0.0875494956031 -0.0386623243451  -0.303099260714    10.1594484361    1.45927502358 -0.0409732240032   0.329989854739 1785404717.11
0.0906537162148 0.0406553391555 0.0281841767826 0.103272942663 0.0275983419276 -0.102045940393    10.155341494  0.606744428455 -0.350058533103 0.0284452359251 1785404717.13
0.0962266383122 0.0304265912534 0.0262609574236 0.104283178226 0.0872534013916 0.0702837576036   10.1401593692 0.0157479388498  -0.55955095996 -0.163402962253 1785404717.15
0.0913189189102 0.0170195598758 0.0212819344029 0.0952981169868 0.148766670472 0.232253025539  10.1202188815  -0.40623183873 -0.701666013328 -0.283663098501 1785404717.17
 0.0805549159972 0.00335752903222  0.0153177252914 0.0820670469836 0.185844437697 0.338447218798  10.0440743269  -0.59771843231 -0.652563357791  -0.29079376204 1785404717.19
  0.0685793333182 -0.00780654473563   0.0102189835483 0.0697745994173 0.193230976264 0.365543411794  9.94371626793 -0.541468950911  -0.45443181814 -0.203045354334 1785404717.21
 0.0594186311718 -0.0143812541902 0.00739183326297 0.0615794884796 0.170713352193 0.312821058887  9.84478672369  -0.300174855682  -0.178139063245 -0.0605432854333 1785404717.23
 0.0559933713875 -0.0152756962183 0.00768047816985 0.0585456597811  0.14204403324 0.230167292598   9.7669838695  0.010153893279 0.0904815025497 0.0931868241237 1785404717.25
 0.0598513217464 -0.0105255416822   0.011362828364 0.0618229861048 0.113578136113 0.128368155373  9.70335496493 0.384508800165 0.357120410227 0.267854525659 1785404717.27
  0.0711564412472 -0.00119268504592   0.0182432972343 0.0734675406051   0.0722845705106 -0.00587102238932     9.66876883336 0.762785657343 0.562838495003 0.431515627537 1785404717.29
0.0889269163001 0.0109285374846 0.0278111888032 0.0938130673032  0.031671613303 -0.134497693922   9.67112898822  1.05380624878 0.651420534418 0.553685152056 1785404717.31
  0.11147228676 0.0237289451493 0.0394258296769 0.120596557161 0.00298175082756  -0.216331169714    9.70943352785   1.1591438749 0.586800217985 0.595790099115 1785404717.33
 0.136942504849 0.0352357511422 0.0524907931906 0.150831333491 -0.00811175322323   -0.264226107109     9.75588513789  1.23406678657 0.477473893947 0.639610316382 1785404717.35
 0.163877780407 0.0440052019839 0.0665873210452 0.182280706704 -0.00439845274429   -0.298114855372     9.80573869299    1.378428552 0.356419061513 0.732237797071 1785404717.37
 0.191643485116 0.0493797356254 0.0815486106815 0.214046162269 0.0129928058322  -0.28780085207   9.85582603048  1.47975240994 0.196953232042 0.804891435255 1785404717.39
 0.220652548359   0.05156185401 0.0974691930101 0.246670661961 0.0370365180972 -0.245196268553   9.89156188444   1.58764171043 0.0553323553826  0.866283807765 1785404717.41
 0.252317360306 0.0514943364213  0.114654818012 0.281889063798 0.0546516816953 -0.181186990404   9.90017617582    1.65443681516 -0.0239625044011   0.876306626325 1785404717.43
 0.288727649465 0.0505758689939  0.133526576188 0.322103897273 0.0631082079579 -0.139312910796   9.89363042327    1.88193799028 -0.0287407479484   0.939719888187 1785404717.45
  0.33210951666 0.0502757594725  0.154497935391 0.369721510176 0.0613281025857 -0.129174320762   9.88053575401    2.3880776239 0.0289858299651   1.10888810088 1785404717.47
 0.384171521995 0.0517343404911  0.177845309168 0.426489336668 0.0380127530701 -0.139988291643    9.8581521557  2.94209663171 0.134059912978  1.27411029436 1785404717.49
 0.445475140428 0.0554413905035  0.203592280801 0.492921561024 -0.00600792192449    -0.16959597342     9.83668060553 3.42450929542 0.24443954131  1.4027911066 1785404717.51
 0.51497111071 0.061070741333 0.231425102349 0.567875389773 -0.0601647367749  -0.199979879603      9.825275684  3.58920857875 0.300264704507  1.41886419255 1785404717.53
 0.589817785939 0.0675167549888  0.260652941022 0.648369870119 -0.113058571351 -0.226656342895   9.82896373614 3.56503649612  0.2856030747 1.39205887149 1785404717.55
 0.665546861879 0.0731337026957    0.2902212214 0.729746203264 -0.169523722258 -0.258758940966   9.84789264605  3.59980660232 0.211322115277  1.42581538731 1785404717.57
 0.736576087189 0.0761320163293  0.318781131576 0.806202099958 -0.214479231091 -0.268117558715   9.87631195512   3.33267973246 0.0485061177522    1.3840381672 1785404717.59
 0.797000980355 0.0750469765358  0.344813180967 0.871629933597 -0.239645995694 -0.248700741988   9.90531618458   2.75294208642 -0.182461616634   1.25932475113 1785404717.61
 0.841540641833 0.0691750947057  0.366796838956 0.920606195206 -0.225539409766 -0.188991755468   9.91677092567   1.78285556418 -0.414968167841  0.990482098695 1785404717.63
 0.866475874804 0.0588763622473   0.38341060896 0.949342173672  -0.17652189359 -0.108597731163   9.90063580833  0.687683397269 -0.560048819797  0.641800844531 1785404717.65
 0.870407314819 0.0456660988485  0.393737514236 0.956411792269  -0.129972691935 -0.0395586191828    9.86906338914 -0.298452561284 -0.678475448488  0.355049122068 1785404717.67
 0.854680808575 0.0320625101059  0.397442413182 0.943115984859 -0.0557242172681  0.0269336040706    9.80392519163  -1.18167235532 -0.614577363153 0.0288107553029 1785404717.69
 0.823377121104 0.0212061101624  0.394884173373 0.913418355983 0.0258978653636  0.072205753151   9.71835881457  -1.80760454389 -0.396223372991 -0.259429084625 1785404717.71
 0.782837829937 0.0163146700055  0.387131442097 0.873482678648  0.110654792871 0.0914706034815   9.61946292773   -2.14288187542 -0.0294019564719  -0.493428011477 1785404717.73
 0.740786609675 0.0200729060181  0.375866572688 0.830929240726  0.170335498395 0.0705160702364   9.55639973209  -1.84538031195  0.422016888372 -0.569086041834 1785404717.75
  0.70518700366 0.0340725055436  0.363185157916 0.793947797211   0.23647477711 0.0340537763487   9.48684442528  -1.44283982302  0.957832626505 -0.613202207881 1785404717.77
 0.683034887813 0.0584115230653  0.351322279698 0.770308969316   0.283533600264 -0.0239947840724    9.45847219293 -0.670017848481   1.48729367186 -0.539192388596 1785404717.79
 0.679301173196 0.0915334103938  0.342353708739 0.766181774132   0.290769316632 -0.0869404523543    9.49852453001  0.333015830565   1.81779533272 -0.338568087322 1785404717.81
 0.69621211706 0.130340553529 0.337925351106 0.784788834499  0.279349673746 -0.144399817142   9.57702099055    1.35542338891    1.99533683187 -0.0832653778733 1785404717.83
0.732986785101 0.170564715041  0.33905573351 0.825421552648  0.227150510292 -0.174631913338   9.69921998183 2.11624161621 1.81334454314 0.19107023384 1785404717.85
0.786060093221 0.207328613889  0.34603750318 0.883525652089  0.175654084434 -0.200358051565   9.82335994041   2.8017582961  1.56562420076 0.465254005638 1785404717.87
 0.84972760476 0.235799554437 0.358441464978 0.95190268199  0.110259951977 -0.222845032088   9.95921772095  3.42015799209  1.16156648353 0.761485388954 1785404717.89
0.917075919625 0.251824684864  0.37520768706 1.02236232457 0.0145701150531 -0.214315646475   10.0719059524  3.45281269206   0.4378715603 0.956079658042 1785404717.91
0.981023763046 0.252449995344 0.394797212397 1.08719982649 -0.0831080002403  -0.180279228699    10.1165282749    2.8654593052 -0.377323476721  0.973594193441 1785404717.93
 1.03529726718 0.236257306259 0.415375634066 1.14026087522 -0.167710653039 -0.150494309303   10.1143684253  2.13460652874 -1.10968778164 0.911397364752 1785404717.95
 1.07519308993 0.203495515891 0.435004002365 1.17757338952 -0.270816827715 -0.145512492565   10.1131388117  1.54789441571 -1.97962590907 0.899176900834 1785404717.97
 1.09803448291 0.156021718832 0.451819886744 1.19756574452 -0.364734050663  -0.13837603987   10.0623646198 0.744705450021 -2.82055781022 0.773908879384 1785404717.99
  1.10328619425 0.0970934144879  0.464198770422 1.20089468982 -0.409876630474 -0.119464740622   9.96082303103 -0.15154872126 -3.33311471457 0.508680873607 1785404718.01
   1.0923527572 0.0310596379353  0.470890883671 1.18993170879  -0.385477497771 -0.0861127907495    9.84304803611 -0.87422700616 -3.33494229225 0.172362593416 1785404718.03
   1.06813185134 -0.0370110047321   0.471129800545 1.16800631646  -0.306078590081 -0.0427277374188    9.74827558799  -1.26588244868  -2.90209551377 -0.135129575328 1785404718.05
 1.03442396962 -0.10174485328 0.464707140092 1.13856826328  -0.260662797066 0.00432925285382    9.66012526981 -1.73762800484 -2.88488578693 -0.45634334406 1785404718.07
 0.995309635057 -0.157913623794  0.452004916732 1.10448468843 -0.178175084009 0.0804802154383   9.57244548374  -2.18346723031  -2.71258464954 -0.840562166944 1785404718.09
 0.954597320905 -0.200915813547  0.433976538828 1.06768855265 -0.0347121448749    0.17091738106    9.53574545622 -2.21976006121 -1.92716341818 -1.10960580781 1785404718.11
 0.915422058658 -0.227270856358  0.412070997614 1.02929689337 0.105818558748 0.236828549603   9.5638858738  -1.86359040454 -0.854042885984  -1.14665289594 1785404718.13
 0.880040002062 -0.235083808617  0.388101991848 0.990130273439 0.192768985571 0.260873897123  9.62680195595  -1.37181786154 0.0597524752142   -1.0037463856 1785404718.15
0.849822584545 -0.22441353028 0.364072471801 0.951371968527 0.305647776394 0.344826157047  9.64909432067 -1.28285407254 0.883458960326 -1.08327538161 1785404718.17
 0.825412241537 -0.197463485658  0.341972888472 0.915009646451 0.431947802467 0.449621030008  9.68362280154 -1.2279296419 1.88809643893 -1.1603725005 1785404718.19
 0.806968779689 -0.158520409386  0.323576359483 0.883758446637 0.428920742938 0.433082544317  9.76040425587 -0.881642792833   2.38581016619 -0.902283307388 1785404718.21
 0.794419719702 -0.113594741682  0.310254787521 0.86038624441 0.328697707735 0.333863725258  9.83144360795 -0.488870362451   2.24419533582 -0.524404577285 1785404718.23
  0.787634157703 -0.0697634058659     0.3028363739 0.846725674901  0.19019784417 0.203930316114  9.87435577739 -0.165842042302   1.65423993193 -0.182198458719 1785404718.25
  0.786467272584 -0.0342707331436   0.301518018558 0.842981832254 0.0911549315739  0.121557930333   9.91815391419 0.0693150809222   1.28669141814 0.0686453934281 1785404718.27
  0.790665324141 -0.0134960569726   0.305838254729 0.847862510321 -0.0479293501822  0.0103475339273    9.97023969931 0.378375767513  0.64016615918 0.378132511785 1785404718.29
  0.799668147583 -0.0119364449267   0.314710406786 0.859449978251 -0.206855816143 -0.129977225951   9.97265803587  0.636803351782 -0.524110563969  0.606171757485 1785404718.31
   0.81238475685 -0.0313718801672   0.326512936576 0.876107234178 -0.290686608122 -0.213879499515    9.9261555296 0.696687475795 -1.48758168848 0.624276360297 1785404718.33
  0.827035649292 -0.0703721077106   0.339233431744 0.896671355601 -0.294002538738 -0.227262643535   9.86576826161 0.595990151381 -1.92499980045 0.500418235922 1785404718.35
 0.841145520636 -0.124266812106  0.350661675685 0.919745420359 -0.343826265793 -0.268192309447   9.81202851089 0.564708985503 -2.63551387306 0.443347035123 1785404718.37
  0.85173307756 -0.185635750578  0.358623120732 0.942613605899 -0.402937871835 -0.304661111372   9.72349989496  0.42070388232 -3.50070573604 0.305870367544 1785404718.39
  0.85568974641 -0.245290308051  0.361235972406 0.960657954267 -0.325722034544 -0.219880263049   9.62790551471 -0.0425801557396   -3.16794099775 -0.0427919668734 1785404718.41
  0.85028158932 -0.293625705535  0.357164412196 0.96786427428  -0.184780208595 -0.0791542928226    9.56835842611 -0.580568313376   -2.0258106911 -0.406086794383 1785404718.43
 0.833665323006 -0.322141406139  0.345830675058 0.958317177214 -0.0460307605546  0.0484024925672    9.57324177911 -0.929252529791 -0.645473042213 -0.611816224145 1785404718.45
 0.805293207946 -0.324875324405  0.327544238196 0.928076696802 0.0581819393619  0.172401742659   9.52888115186  -1.49181875394   0.50010176751 -0.934380270528 1785404718.47
 0.766098727592 -0.299491085045  0.303511262238 0.876767504385 0.205167307492 0.368295023756   9.4390703995 -2.53297736741  2.24672874235 -1.51122501624 1785404718.49
 0.718402196565 -0.247803758258  0.275703320951 0.808406296252 0.311664352201 0.476853785448  9.47501637709 -2.96773003087  3.65567910778 -1.67991265494 1785404718.51
 0.665540726966 -0.175622748577  0.246589420948 0.731159457022 0.339925765521 0.471092187706  9.58073817096 -2.81553358346   4.0978166907 -1.49673666057 1785404718.53
  0.611292803896 -0.0919133580902   0.218764005561 0.655732146245 0.293551029606 0.371548091117  9.70225016236 -2.22549788825   3.5209831563 -1.08968750935 1785404718.55
   0.559216437087 -0.00740599324057    0.194529047747 0.592131254589 0.306804070604  0.35018726903  9.78560432292  -2.2017335917  3.52764843544 -0.95963299238 1785404718.57
 0.512039296269 0.0671120036565  0.175504030382 0.545426371419 0.357344134175 0.358154842498   9.8923585798  -2.52953297992   3.73519074099 -0.925384852686 1785404718.59
0.471225947659 0.122523627767 0.162339285153 0.513244558288 0.292070612701 0.246308837116  9.99149848553  -2.20323584972   2.51007838903 -0.612354601621 1785404718.61
0.436806399075 0.152822514138 0.154594235003 0.487907704998  0.17481360478 0.114743056042  10.0315935099  -1.66975977066  0.877321048335 -0.301955455631 1785404718.63
0.407492643882 0.156010222585 0.150813903407 0.461664681159 0.0591737628701 0.0223178850024   10.0078992878  -1.17441542796 -0.390271662454 -0.122063475871 1785404718.65
0.381049229689 0.134293769818  0.14879908472 0.43055139028 -0.0278457092146 -0.0226268895499    10.0081252616  -1.15995051202  -1.37567858698 -0.105481610227 1785404718.67
 0.354832937577 0.0935568423668  0.146025224444 0.394946404613  -0.144240213313 -0.0455743304228    10.0198409388  -1.53475198956  -2.58525392015 -0.243353943867 1785404718.69
 0.326385428563 0.0422138721449  0.140131461754 0.357695800301  -0.246866573058 -0.0228303021815    9.96444029148  -1.79402878336  -3.06154818049 -0.490448216467 1785404718.71
  0.293956722462 -0.0103297102628   0.129382999188 0.321336611785 -0.286215763307 0.0322294239435   9.88586360926  -1.88036401946  -2.63771166489 -0.733419561523 1785404718.73
  0.256856902396 -0.0553184155473   0.113012467428 0.286019952454 -0.246029254838 0.0804607351914   9.82461892839 -1.68257878574 -1.62618243726 -0.81599329038 1785404718.75
  0.215573650061 -0.0860855540884  0.0913698840215 0.249461774485 -0.237038128253  0.136838436483   9.79445917692  -1.85550646987 -0.951960460097  -1.02694242633 1785404718.77
  0.171645161613 -0.0990359715239  0.0658514613891 0.20882193402 -0.247882957632  0.228289700812   9.77867422969  -2.44582503628 -0.219809743327  -1.46190150327 1785404718.79
  0.127330316896 -0.0940161068162  0.0386256936184 0.162923240053 -0.176424557591  0.273409874082   9.79438555628 -2.56822281635 0.742290243082 -1.59262318688 1785404718.81
 0.0851591482733 -0.0740390267664   0.012219187231 0.113504037619 -0.0640930413275   0.244700764667    9.83547291185 -2.16185708755  1.34155398866 -1.34190031296 1785404718.83
 0.0474674966452 -0.0444567322994 -0.0109464747297 0.0659499021493 0.0254970134312  0.168675132084   9.87353665141  -1.48758880978   1.33964738775 -0.886147828426 1785404718.85
 0.0160157543646 -0.0117719766107 -0.0289691223068 0.0351325186745 0.0891697215257  0.128232556923   9.92021908381 -1.20296812711  1.34151325312 -0.64365754478 1785404718.87
-0.00823558490901   0.0176616401333  -0.0407508460192 0.0451706745828 0.163540579311 0.103622102216  10.0003956624  -1.12409014541   1.38043682451 -0.467824573477 1785404718.89
-0.0251635924405  0.0387982440884 -0.0461071698503 0.0653022299807  0.190822364278 0.0555403030097   10.0508955481 -0.795341018862  0.910703192613 -0.145074130927 1785404718.91
-0.0353505003539  0.0487095044801 -0.0456967405475 0.0755676240108  0.152593892271 0.0163091778719   10.0412099988 -0.395335372719  0.218868181412  0.142815880367 1785404718.93
-0.0398364089094  0.0469215056995 -0.0408065786407 0.0738494687338 0.0812635558218 0.0024479006544    9.9850833946 -0.098215579284  -0.29474122829  0.276970046688 1785404718.95
-0.0398335269115  0.0352561118138 -0.0330545092027 0.062628299235  0.0235628337153 0.00772107831328    9.95123434637 0.0729394585271 -0.644563490849  0.363382981632 1785404718.97
-0.0364790371638  0.0172525268486 -0.0240802170799 0.0469917725743 -0.0450318565257  0.0286019168444    9.92596416436  0.24725484761 -1.02543320065 0.480193465373 1785404718.99
 -0.0306862911726 -0.00267996633207  -0.0152896691176 0.034389019573  -0.11743659639 0.0525914217887   9.85765453568 0.391457470359 -1.09753473846 0.480216174848 1785404719.01
 -0.0231249957707   -0.020188384202 -0.00769829270206 0.0316480646582 -0.152165476093 0.0580698885652   9.77733183747  0.451688559279 -0.803918462726  0.369933672156 1785404719.03
-0.0143279290121 -0.0317946939261  -0.001892143632 0.0349252389993 -0.130344347894 0.0355165665902   9.72605429793  0.400195291705 -0.335187019676  0.210676450659 1785404719.04
-0.00489128633038  -0.0354601848744  0.00190055382821 0.0358463596219  -0.111842294389 0.00378727362537    9.68215006451  0.395409755068 0.0208151817424  0.117885525076 1785404719.07
0.00428675251475  -0.030814778853 0.00365754622214 0.0313257799144 -0.0985182655283 -0.0564159210814    9.60766813521  0.447753867987  0.440456738919 0.0395618215769 1785404719.09
0.0117956772565 -0.019045171874 0.0033749501948 0.0226549522725 -0.0441120384036  -0.141935960389    9.56773240946   0.332567061976   0.832657024486 -0.0812940693192 1785404719.11
  0.0155948781723  -0.0025023229935 0.000893341175461 0.0158196050528 0.0230316054099 -0.207650023467   9.58345490224 0.0350052390126  0.983602885615 -0.213930377539 1785404719.13
  0.0130381146005   0.0158657440672 -0.00421805866757 0.020964405216 0.0624099760148 -0.197953062252    9.6568609313 -0.319354401649  0.783210516239 -0.298512533189 1785404719.14
0.00106500150592   0.033131919547  -0.012688279332 0.0354943763642 0.0878273205416 -0.189588504543   9.70280695552  -0.76354644625  0.650375574285 -0.444778543936 1785404719.17
-0.0234470754949  0.0469431940084 -0.0254712906163 0.0583285132558  0.124693963263 -0.189236126264    9.7380513416  -1.72100161029   0.61018263525 -0.827214384416 1785404719.19
-0.0632106113845  0.0559208946538 -0.0435829114068 0.0949852515772   0.122825073179 -0.0859613790117    9.81274741446  -2.8466854072 0.380702880337 -1.25021871427 1785404719.21
 -0.120005428489  0.0598564730846 -0.0678781753485 0.150304846647 0.0806779668111 0.0875686336638   9.89304696519 -3.70179285807 0.106472528242 -1.56086044229 1785404719.23
 -0.194197274544  0.0596883883325 -0.0988134196585 0.225918961238 0.0228718462355  0.232815698853   9.93605989559   -3.72272265889 -0.0584015502799   -1.54816523171 1785404719.24
-0.284395123309  0.057277550638 -0.136242765809 0.320504906678 -0.0205832103321   0.368954473306    9.97170003517   -4.03986728654 -0.0975714273168   -1.68344223386 1785404719.27
-0.387332085126 0.0550237699685 -0.179294107241 0.430348854211 -0.0712232718406   0.628399712994    10.0517990824   -5.58199144316 -0.0494748904291    -2.3546078132 1785404719.29
-0.498023240503 0.0553840995644 -0.226355844445 0.549846810375 -0.114318256788  0.838639794325   10.1063077169 -6.56738351532 0.157431027034 -2.82558127073 1785404719.31
-0.610207665187 0.0603664656384 -0.275185121258 0.672104423277 -0.120466416792  0.853973069191   10.0982913679 -6.21640890476 0.445462232111  -2.7467669673 1785404719.33
-0.717029801455  0.071077911375 -0.323125538406 0.789679630755 -0.0868567346245   0.654193449882    10.0314782757 -4.62024054567 0.619464772835 -2.11278872514 1785404719.34
-0.811867539258 0.0874042760828 -0.367402118195 0.895406458115 -0.0554339919732   0.498518955492     9.9920545513 -3.57856688209 0.765122520904 -1.71126086585 1785404719.37
-0.88918103249 0.107885043449 -0.40544778482 0.983193774062 -0.0296613933447   0.434885187477    10.0055257763 -3.42003856519  1.08767524184 -1.73874444819 1785404719.39
-0.945245083715  0.129822351247 -0.435211138625 1.0486900621 0.0110095737434  0.247041570809   9.99867191216 -2.61656092801  1.22089068939 -1.46099844467 1785404719.41
-0.978642339987  0.149627804421 -0.455399929909 1.08973318094  0.0457985692149 -0.0116029293767    9.96670188186  -1.31799799221  0.978451571217 -0.887130869608 1785404719.43
-0.990432735176  0.163368630402 -0.465626481268 1.10655064609 0.0475235163541 -0.186903770655   9.90934393225 -0.118484412877  0.395994469485 -0.245480277085 1785404719.44
-0.983969712531  0.167432763006 -0.466437372358 1.10172317196 0.0387187347312   -0.2936850053   9.88542673735   0.524510966032 -0.0839764557534   0.128914381536 1785404719.47
-0.964395291837  0.159199924026 -0.459226994656 1.0799501504  0.024690394318 -0.480644215541   9.89326179985   1.21329387336 -0.785914733202  0.536926551567 1785404719.49
-0.937902021084  0.137592278168 -0.446050747773 1.04764168767 -0.019103105775 -0.571003312968   9.88881785074  1.59653764291 -1.66525808275 0.890975341069 1785404719.51
-0.910888892828  0.103390426627 -0.429366826737 1.01230629125 -0.071514608831 -0.496591646293   9.87012566395  1.39456713581 -2.24140585237 0.981392813704 1785404719.53
-0.889151899963  0.059239071657 -0.411744031871 0.981648367084 -0.0970044904389  -0.305217247348    9.84370555168 0.767939846275 -2.14644637028 0.771074737026 1785404719.54
 -0.877234912777 0.00932516399462  -0.395575464115 0.962345051781 -0.113701927188 -0.163009385636   9.82520832949 0.230291713681  -2.0796010197 0.598448663607 1785404719.57
 -0.878026936981 -0.0412225732337   -0.38283409359 0.95874529768   -0.15096399423 -0.0422878660628    9.80684470062 -0.395021587301  -2.47302500369  0.530307415554 1785404719.59
 -0.892637942829 -0.0871052076007  -0.374897249756 0.972079092484 -0.154743428788  0.134199689054   9.77833776796 -1.25942304795 -2.44244087277 0.307533108581 1785404719.61
-0.920530735295 -0.123651598507 -0.372455273507 1.00069450043 -0.0989704768534   0.285775853759    9.75093800599   -1.91933843992    -1.7246244771 -0.0174159604152 1785404719.63
-0.959842866927 -0.147492294459 -0.375507063155 1.0411809932 -0.0182878588391   0.337934717604    9.73674337685  -2.06083784114 -0.787121106072 -0.259227522482 1785404719.64
  -1.0078083114 -0.156986595015 -0.383433696637 1.08965305637 0.0537899266426  0.367621152056   9.72047499321  -2.16881447658 -0.103645899345 -0.419987117291 1785404719.67
 -1.06118648658 -0.152335424526  -0.39513207725 1.14256387101 0.146996402345 0.459119491832  9.67732379393  -2.69602881492   0.53527889151 -0.638011779853 1785404719.69
 -1.11662446351 -0.135381859578 -0.409184900222 1.19691717465 0.253046989477 0.520863693009   9.6214519567  -3.09697348456   1.21844568445 -0.815985536938 1785404719.71
 -1.17091063956  -0.10916653033 -0.424042018627 1.25010427195 0.314909513031 0.485308952765  9.57769264163  -2.95743942429   1.64248341297 -0.820978444466 1785404719.73
  -1.22111519802 -0.0773504771475  -0.438191289998 1.2996603517 0.295460862264 0.364866044793  9.56645031708  -2.29815604188   1.60674525244 -0.643862279617 1785404719.74
  -1.26464384394 -0.0436333905446  -0.450302757042 1.34313085654  0.25237919115 0.261323843548  9.55315203252  -1.70592892679   1.44256866626 -0.461673258619 1785404719.77
  -1.29924872638 -0.0112791549299  -0.459336462039 1.37810175883 0.234744279828 0.211426515211  9.48306926386  -1.41420131844   1.47270205632 -0.346465637974 1785404719.79
 -1.32304133729 0.0171798101083 -0.464609577808 1.40235358803 0.185356433999 0.151205680868  9.40010106383 -0.974054934213   1.41648359567 -0.179014784011 1785404719.81
 -1.33453882166 0.0400401693721 -0.465822183288 1.41406767452 0.0857361665545 0.0696842802312   9.37773217969 -0.271250789551   1.09423598268 0.0437453162758 1785404719.83
 -1.33275314492 0.0563576107614 -0.463043329477 1.41202558424  -0.0173749280803 0.000391717455055     9.42989452918 0.434789040496  0.64938350502 0.231178978691 1785404719.84
 -1.31730898901 0.0657739576565 -0.456661016047 1.39576805724 -0.0906866914585  -0.040867574385    9.50521802583  1.00557973651 0.272148351593 0.358162279201 1785404719.87
 -1.28855831367 0.0683184230525 -0.447302239127 1.36569734121  -0.156966700489 -0.0711428996824    9.55134327353    1.72729391551 -0.0378101783876   0.518969934966 1785404719.89
 -1.24765310631 0.0642492018942 -0.435732725503 1.32311346516  -0.194179087915 -0.0850581061469    9.64370502623   2.41433180539 -0.376387590141  0.644228813745 1785404719.91
 -1.19654520754 0.0539738366124 -0.422749899602 1.27017758064  -0.187071312279 -0.0806847834046    9.77072720017   2.88887856872 -0.689550328761  0.701390584079 1785404719.93
 -1.13790020757 0.0380521342073 -0.409085828475 1.20980000925  -0.145639804579 -0.0671101897678     9.9026600866   3.15744022072 -0.953347446292  0.711714189043 1785404719.94
 -1.07493385192 0.0172548911315 -0.395337653828 1.14545727891 -0.0781398446469  -0.049844967647    10.0057342762  3.01319079223 -1.08010247333 0.645569292141 1785404719.96
   -1.01119588189 -0.00736605036414   -0.381939714113 1.0809483408 -0.0166016570014 -0.0474555548803    10.1099457387  3.13904421659 -1.30238229487  0.65889551581 1785404719.99
 -0.950332408493 -0.0344419639107  -0.369183408563 1.0201050557    0.04286004792 -0.0539736165118    10.1645503714  2.89253515564 -1.37805436228 0.618441853456 1785404720
-0.895853195752  -0.06231732433 -0.357278736541 0.966480466867  0.0835530057114 -0.0743457060721    10.1780223481  2.49257716052 -1.37180304269 0.570281322541 1785404720.03
 -0.850918235635 -0.0891550805086  -0.346438256728 0.923054677601  0.100777556273 -0.108816455087   10.1594645128  2.00754656738 -1.31202944707 0.525067173312 1785404720.04
-0.818144661654 -0.113103635682 -0.336954326137 0.892015323691 0.0794082255789 -0.133302725911   10.0694766853  1.22261433809 -1.02908183344 0.408395885154 1785404720.06
-0.799426408244  -0.13249606097 -0.329238188178 0.874663119678 0.0448857136845 -0.164614773435   9.98786514529   0.54399907686 -0.800549585688  0.319741112246 1785404720.09
-0.795759178706 -0.146046134781 -0.323797025839 0.871439417241 -0.00479966510917   -0.182213616716     9.89163486644 -0.191907937923 -0.514821026523   0.20320923573 1785404720.11
 -0.80707288656 -0.153008854023 -0.321141415156 0.881992155383 -0.0578120108776  -0.173269507599     9.7919785768  -0.93754363871 -0.186706541293 0.0557542876223 1785404720.13
-0.832089602702 -0.153281134335 -0.321636511037 0.905162006659 -0.096845103996   -0.1276882917   9.70594754105  -1.57779321057  0.143969861077 -0.108038427909 1785404720.14
-0.868241233631 -0.147427388485 -0.325329880419 0.938838221286  -0.103255254364 -0.0487400667045    9.65608424924  -1.91365999286  0.400479343209 -0.244370242661 1785404720.16
-0.911690993453 -0.136622630314 -0.331801436492 0.979764463489 -0.0881553416505   0.041885439811    9.62437119043  -2.16674880515  0.604776735032 -0.358112912564 1785404720.19
-0.957500784751 -0.122513517635  -0.34008239707 1.02346145584 -0.045180272815  0.144004273376   9.61398517287  -2.21348406755  0.742564416787 -0.423188599822 1785404720.21
-0.999970098004 -0.107007363258 -0.348679222601 1.06440968286 0.023135497007 0.242960019274  9.62361023844  -1.97373138708  0.795901672168 -0.407953363277 1785404720.23
  -1.03314182808 -0.0920114780623    -0.3557167525 1.09653205929 0.102087245884 0.304755782275  9.65429538424  -1.34147070926  0.725950940869 -0.273905239098 1785404720.24
  -1.05143163252 -0.0791584142335  -0.359186782564 1.11390739165 0.159125247473 0.292666953146  9.69794798965  -0.409474592948   0.535757191789 -0.0368479656929 1785404720.26
  -1.05029936633 -0.0695625284427  -0.357260732008 1.11157677868  0.20509534162 0.255478180351  9.72254859927 0.589163132053 0.371655384868 0.253670082165 1785404720.29
  -1.02685516884 -0.0636551103606  -0.348605140195 1.08628221684 0.230135951972 0.171936130973  9.73346440679  1.75854314218 0.211654631598 0.618617334967 1785404720.31
-0.980288930517 -0.061136216546 -0.332632579202 1.03699009495   0.21859134845 0.0308402869837   9.73294125086   3.01074347729 0.0680074739617   1.02195191183 1785404720.33
  -0.91203456806 -0.0610615121093  -0.309631001956 0.96509425393  0.164093842082 -0.149029322029   9.72586685931    4.07177116389 -0.0241955860403    1.36616907394 1785404720.34
 -0.825626234032 -0.0620552648985  -0.280739831716 0.874256476862 0.0772389808887 -0.300110679103   9.72632636766    4.37471494529 -0.0365128479363    1.45662711728 1785404720.36
 -0.726261379389 -0.0626120378631  -0.247775025586 0.769914489915 0.00191364915574  -0.450230979401    9.72312950111   4.84835794403 0.0148305364523   1.59973769639 1785404720.39
-0.620140806672 -0.061426710003  -0.21293898285 0.658552102129 -0.0692132649769  -0.604236845005    9.72676259989   5.3978470981 0.125193275538  1.75976635864 1785404720.41
 -0.513695050615 -0.0576819473132  -0.178475716517 0.546866888245 -0.121184054536 -0.689923420922   9.75354414442  5.44165355951 0.267681381802  1.74803777541 1785404720.43
 -0.412821567568 -0.0512284311544   -0.14634123686 0.440978181335 -0.140017673793 -0.695523321786    9.8025217786 5.05380988419  0.3977080581 1.59769456656 1785404720.44
 -0.322247376608 -0.0426160298367   -0.11795208869 0.345792123907 -0.110400550749 -0.557374858853   9.85960250795 3.86335542653 0.42060717203 1.20441073311 1785404720.46
 -0.245102012774 -0.0329686440399 -0.0940542454646 0.264590493491 -0.0796420561913  -0.482473385155    9.92424603227  3.29839430673 0.446475371298  1.02203290092 1785404720.49
 -0.182744217552 -0.0237326826851 -0.0747259595256 0.198853358793 -0.0396763281721  -0.413797323149    10.0027277102    2.893752773 0.435921802604 0.906896549782 1785404720.51
 -0.134841740887 -0.0163587743492 -0.0594988884606 0.148290331147 0.00602436062027  -0.289763562361    10.0521221138  2.16497041346 0.305999821327 0.707958433291 1785404720.53
-0.0996652411691 -0.0119901887595 -0.0475586312362 0.111079918657 0.0366296302204 -0.189008128323   10.0834024014  1.58872634294 0.135206773925  0.56702828216 1785404720.54
 -0.074530954043 -0.0112260924633 -0.0379735187758 0.0843971349678 0.0388264405744 -0.100987081783   10.0511068324   0.998299242455 -0.0464130129138   0.406641018163 1785404720.56
-0.0563156796381  -0.014005600245 -0.0299008898614 0.0652815121288  0.025277029865 -0.067030711766   10.0337623032 0.758559646772 -0.19571444496 0.355087611113 1785404720.59
-0.0419704140521 -0.0196269717337 -0.0227316793093 0.051608748477 -0.00544384267439  -0.0649502887556      10.019859717 0.719305639044 -0.33878764387 0.361633879221 1785404720.61
-0.0289704983038 -0.0268849787074 -0.0161529870686 0.0426967310611  -0.048386097567 -0.0733296483002    9.96656560197 0.700754925685 -0.39037557532 0.335580748822 1785404720.63
-0.0156542455985 -0.0342871461024 -0.0101292712604 0.0390290395651 -0.0878202312567 -0.0855194463404    9.90607990974  0.730123123311 -0.355471562776  0.300253256039 1785404720.64
-0.00141461291801  -0.0403009811994 -0.00482100202939 0.0406129569953 -0.0990196553394 -0.0784787985472    9.84422846106  0.662293499648 -0.212910204362  0.221064337675 1785404720.66
   0.0132805455014   -0.0435889319262 -0.000471241348133 0.0455696164532  -0.104859885563 -0.0690982331139    9.80279576908   0.644926910018 -0.0656979712185   0.170539655716 1785404720.69
 0.0270519106417 -0.0432008335957 0.00270647287029 0.0510435391419  -0.110562120068 -0.0528317967161    9.76468760199 0.650686960406 0.128722585803 0.134058911893 1785404720.71
 0.0379511808596 -0.0387084468851 0.00461156917841 0.0544049865286 -0.0870086402373 -0.0116014652449    9.73601132875 0.464028244516  0.35477542358 0.071114260058 1785404720.73
 0.0439545240968 -0.0302778447065 0.00529686874191 0.0536358544923 -0.0488753356573   0.036773477597    9.72239183382   0.148913023417   0.532681772108 0.00947596378218 1785404720.74
 0.0435501390433 -0.0186802257206 0.00496785450356 0.047647088285 -0.0120725399453  0.0707140756769    9.72606056044  -0.178950801182   0.587908093306 -0.0314619702394 1785404720.76
  0.0363336241673 -0.00524085846651  0.00395701150073 0.0369223073848 0.0123402159595 0.0952538379334   9.72605327395  -0.470002835765   0.632001164061 -0.0532343128629 1785404720.79
 0.0235023963582  0.0082774769775 0.00269717074362 0.0250630004132 0.0283859502934  0.107807698991   9.72503174493  -0.720909052622   0.641723843278 -0.0572961684002 1785404720.81
0.00813375421161  0.0198615159066 0.00171575167472 0.0215309446029 0.0312889624824  0.086584520007   9.73656084933  -0.746578256941   0.506262411112 -0.0273087891518 1785404720.83
-0.0048525273079  0.0275052429734 0.00165998726739 0.0279792953812 0.0216447785301 0.0329265014851   9.75834218601 -0.454565274405  0.254842268089 0.0429662074915 1785404720.84
-0.00910444392956   0.0295257418372  0.00334513262355 0.0310781312594 0.00330752465258 -0.0422304505666    9.79005033807   0.171674882979 -0.0616812808986   0.145628321728 1785404720.86
 0.0023852506958  0.0249047727685 0.00779964756845 0.0262063280473 -0.0165551778711  -0.131313411922    9.82194229732   1.07147461808 -0.376474230441  0.305582395122 1785404720.89
0.0362168736162 0.0136016052709 0.0162706807719 0.0419690439879 -0.0394216405432  -0.246500356646    9.85956165696   2.40315138606 -0.711768378315  0.565484287993 1785404720.91
  0.0973910856047 -0.00323417404778    0.030155420584 0.102004082407 -0.0614039552148  -0.367907647955    9.89819933495    3.9985368024 -0.968885680892  0.909534804205 1785404720.93
 0.188194112263 -0.023224008103 0.0508404733804 0.196318955214 -0.0781699914364  -0.471365730061     9.9284453175  5.53079738922 -1.04606828936  1.29852798472 1785404720.94
  0.307387916027 -0.0429519596965  0.0794587563993 0.3203839817 -0.0816000501555  -0.501797741181    9.93419421516   6.21165007913 -0.834942110254   1.56087950236 1785404720.96
  0.449904218095 -0.0584019053211   0.116603665858 0.468423956365 -0.0877903990193  -0.549340809871    9.93810140579   7.02987171033 -0.531062747883    1.9371206337 1785404720.99
  0.607164905067 -0.0655982323614   0.162063989454 0.631836281573 -0.0981258036832  -0.617715302393    9.94053215563    8.01212499435 -0.0741877584294    2.46932446915 1785404721.01
  0.768037407459 -0.0613476392203   0.214651820311 0.799825228445 -0.100062289368 -0.622175482276   9.92469849416   8.0141649841 0.554426061383  2.81832027892 1785404721.03
  0.920304207421 -0.0439350159923   0.272184862645 0.960715732816 -0.0990371031371  -0.593263781175    9.90174698206 7.41977420093  1.2454442522 3.05280777487 1785404721.05
  1.05240962806 -0.013614414726  0.331654535285 1.10351534121 -0.0880246195605   -0.49181754313    9.87119064911 5.81009124811 1.76056064281 2.90378730991 1785404721.06
  1.15517335169 0.0272344982133  0.389568568254 1.21939774468 -0.0757697478059   -0.37845941437    9.84620876162   4.056035109 2.08957755104 2.63111774251 1785404721.09
  1.22315014064 0.0743472356428  0.442412548947 1.30282486983 -0.0667826130022  -0.280595626183    9.82975162977  2.5119789527 2.38035527705 2.44605971219 1785404721.11
 1.25537631995 0.122186991347 0.487142014649 1.35211194358 -0.0493064383593  -0.154704505945    9.81806354119 0.820500592782  2.30424266668  2.01701976471 1785404721.13
 1.25536487677 0.164817090442 0.521605373505 1.36937132028 -0.0244994788311 -0.0274579944935    9.81255204693 -0.649957081959   1.94047366866   1.49861031403 1785404721.15
 1.23036454856  0.19686066616 0.544811820258 1.35991579288 0.00946704814293  0.0831075833862    9.81185409249 -1.62129142103  1.22959582386 0.878380096951 1785404721.16
 1.19004633421 0.214355011946 0.556993525814 1.33131519052 0.0495853282853  0.158612381376   9.81393948595 -2.03577212326 0.439964635295 0.348822823129 1785404721.19
 1.14488773117 0.215333645704 0.559457990334 1.29233499485 0.103730644974 0.212265071149  9.81716280093   -2.13616920312  -0.357930195119 -0.0680009551959 1785404721.21
 1.10456756152 0.200032441551 0.554272468801 1.25191870555  0.16439401681 0.218389631276  9.81917405292 -1.72734275499 -1.12994599774  -0.3949692592 1785404721.23
 1.07665728381 0.170700511548 0.543856611181 1.2182403642 0.233465692829 0.184528291005  9.81857183989  -1.01583093188  -1.80720650547 -0.621131432365 1785404721.25
 1.06580990534 0.131080919998 0.530574038535 1.19776532437  0.277145740632 0.0986172915307    9.8131064174 -0.0782503012929   -2.12621755149  -0.686589325611 1785404721.26
  1.07352871128 0.0856909241894  0.516405668913 1.1943540695  0.300057262754 -0.006027618459   9.80305563615  0.776515796851  -2.18751704851 -0.661203524217 1785404721.29
  1.09847433897 0.0390621797122  0.502760259706 1.20869334655  0.327223762503 -0.124334195145    9.7863213213   1.58681623505  -2.25899381589 -0.647458413516 1785404721.31
    1.13716852045 -0.00490679732679    0.490439127248 1.23842918978  0.309948372791 -0.243678570638   9.76333051174   2.18727485555  -2.08642929432 -0.582789476903 1785404721.33
   1.18489672296 -0.0433756507222   0.479733406984 1.27906443659  0.258452130798 -0.357629871737   9.73302133012   2.61821123881  -1.83808896301 -0.522258021743 1785404721.35
   1.23660776762 -0.0747171243129     0.4706038505 1.32523560309  0.147526624256 -0.409755318721   9.70786667566  2.57080677682  -1.3771790672 -0.42162371513 1785404721.36
   1.28764982824 -0.0984204043601    0.46288144192 1.37185563579 0.0193171266352 -0.412602293666   9.68978558776   2.27252405379 -0.933207481134 -0.329806925484 1785404721.39
 1.33425149287 -0.11481432581 0.456433009596 1.41482877688 -0.118956915203 -0.436852271481   9.66088608101   2.14082501407 -0.653824713974 -0.289136329442 1785404721.41
   1.3737319101 -0.124710545862  0.451255336556 1.45131783557 -0.275104306017 -0.433699091126    9.6363531617   1.90136988076 -0.385853774378 -0.242194945661 1785404721.43
  1.40448601563 -0.129067342002  0.447486593333 1.47969037237 -0.401429875232 -0.370940814093   9.63459371729   1.44516267361 -0.112087779485 -0.163895724184 1785404721.44
  1.42582704093 -0.128751078905  0.445347234064 1.49929775223 -0.41957947861  -0.2466919595  9.66856647717   0.823057284268   0.114549470435 -0.0605403884814 1785404721.46
  1.43777522972 -0.124434296504   0.44503798861 1.51021201049 -0.374335505203 -0.135329943673   9.70724980002  0.327920660517  0.264369653541 0.0279375437258 1785404721.48
   1.4408633104 -0.116628837676  0.446628264772 1.51299906541   -0.35824949795 -0.0571440698502    9.72619582294 -0.0427489898794   0.447236010057   0.118395358162 1785404721.51
   1.4359959753 -0.105819900048  0.449965718233 1.50855939224 -0.299949606243 0.0357580664085   9.74459962534 -0.472743170364  0.687132377729  0.229280090177 1785404721.53
  1.42436471009 -0.092648115856  0.454630073797 1.49802770492 -0.131310697691  0.131654225063   9.77158831675 -0.839377505251  0.813946796892  0.292803240552 1785404721.54
   1.40739136683 -0.0780819284054   0.459943972358 1.48269879095 0.0523144227734  0.175383422425   9.79266777234 -0.918077022391   0.70905546377  0.253520843202 1785404721.56
    1.3866603955 -0.0635280642547   0.465041868661 1.46394221437 0.173562144264 0.193277151639  9.79884555514 -0.906090491038  0.566295544953  0.187956189999 1785404721.58
  1.36380301833 -0.050839740333    0.4689857844 1.44308385688 0.311407264856 0.253985142119  9.79257458018 -1.09977033148  0.50615941432 0.139157130703 1785404721.61
   1.34031580381 -0.0421983823047   0.470905984303 1.42125986486 0.454470532143 0.330017236819  9.77541498288  -1.34657637068  0.317968604897 0.0333867698559 1785404721.63
   1.31732638519 -0.0398651602625   0.470138117597 1.39927405669 0.462844138553 0.337711660755  9.75696044478  -1.33268798067 -0.107449311383 -0.135683385115 1785404721.64
  1.29535148866 -0.045823675524  0.466328085667 1.37749670485 0.330846903206 0.277225515855  9.74784017805  -1.10592763945 -0.550188720757 -0.272726194251 1785404721.66
  1.27411501248 -0.061362416526  0.459482019668 1.35582378559 0.166132196748   0.2041009894  9.74662127059 -0.882535800178 -0.841156953682 -0.337284774426 1785404721.68
   1.25249605566 -0.0866697754317   0.449949730197 1.33368391275 0.0417483244154  0.201763618681   9.72484147243  -1.02924475264  -1.33954198832 -0.478585445099 1785404721.71
 1.22865459875 -0.12052825909 0.438343517594 1.3100626793 -0.139000823959  0.239925457072   9.67631915418  -1.53698047042  -2.16664791112 -0.723237544012 1785404721.73
  1.20034108086 -0.160191508059   0.42540782052 1.28353100602 -0.320545110357  0.239310714505   9.64444799437  -1.92453130279  -2.46167523779 -0.804908782527 1785404721.74
  1.16534743065 -0.201504696238  0.411866164109 1.25230687688 -0.38226143892 0.215058316454  9.64161738754  -2.03664930648  -2.05668972533 -0.705448093948 1785404721.76
  1.12201540004 -0.239287905494  0.398277620898 1.21441439507 -0.335277981693  0.189570853376   9.65740024351  -1.93991939894  -1.34759039325 -0.546212896891 1785404721.78
  1.06969515297 -0.267950802487  0.384933855624 1.16799804197 -0.348435995619  0.241711149564   9.62425519554  -2.49774901081 -0.950073317207 -0.584995574848 1785404721.81
  1.00904957869 -0.282256919657  0.371819996327 1.11180040053 -0.367542325703  0.372859689472   9.54993900661  -3.74715828634 -0.298683431503 -0.772060384196 1785404721.83
0.942127687259 -0.27811911818 0.358649994879 1.04574597385 -0.224026244062  0.436049576628   9.54505707583 -4.20409229606 0.889628359586  -0.8246350656 1785404721.84
 0.872176901031 -0.253293279679  0.344972343714 0.97152249081 -0.0231529128143   0.394823486454    9.61175724324  -3.66023243946   1.85160904546 -0.746295039373 1785404721.86
 0.803217360425 -0.207848275569  0.330327179443 0.893014601909 0.116404144981 0.293883014582  9.70023588495  -2.65859643187   2.18269132458 -0.611918218941 1785404721.88
 0.739448773302 -0.144324302873  0.314422855815 0.816379645139 0.258149820273  0.28369925841  9.75345447773  -2.58270177873    3.0547493709 -0.719254010993 1785404721.91
  0.684592256101 -0.0675417307748   0.297291393898 0.749406842373  0.48550722904 0.295939733524  9.83489666347 -2.89297850027  4.72241372953 -1.03268763433 1785404721.93
0.641281552936 0.015921004586 0.279380744524 0.699677860829 0.581901597185 0.180212820305  9.94454495342 -2.25155724269  5.05354660064 -1.08774290952 1785404721.94
 0.610609751239 0.0985095820074  0.261549933025 0.671533151468  0.517887065565 0.0291177028781   10.0120997838  -1.30800815025    4.1517260722 -0.912171042724 1785404721.96
0.591911410409 0.172625921049 0.244951284448 0.663445520102   0.371647299288 -0.0799106215187    10.0181196804 -0.579713496437   2.77594044855 -0.641267250843 1785404721.98
0.582820073852 0.231579607086 0.230809558463 0.668267465302  0.310782151994 -0.178473215784    10.051696604 -0.268544581274   2.13228824493 -0.541032398267 1785404722.01
0.579594085164 0.270427514009 0.220135769698 0.67640232184  0.264980990564 -0.318515319599   10.1137144418 -0.145604901515    1.5516901861 -0.490058203759 1785404722.03
 0.57765831333 0.286587735675 0.213436770435 0.679247312966  0.114095198525 -0.370404081822   10.0771639643 -0.215588944389  0.286210089137 -0.284020740403 1785404722.04
0.572274666809 0.280144577125 0.210493036736 0.671033975949 -0.0428685659664   -0.30429620203    9.97416596063  -0.480684575976  -0.855488673884 -0.0826047510529 1785404722.06
0.559236042666 0.253801071222 0.210270937458 0.649133116017 -0.142032189205 -0.183155731028   9.87340501262  -0.79793028633  -1.46728427905 0.0112227692111 1785404722.08
0.535477983996 0.212480527848 0.211010576533 0.613522704932  -0.228582558423 -0.0692927842393     9.8005300877   -1.31799238979    -2.0122511842 0.00484300770768 1785404722.11
0.499517466302 0.162625449164 0.210490375391 0.565924848358 -0.351186200565   0.10265372522    9.7226169904  -2.31230480255  -2.79149774524 -0.126503372043 1785404722.13
0.451655016391 0.111286418487 0.206424724337 0.508908722257 -0.400384176159  0.335267917635     9.667410242  -3.12878793541  -2.88850273188 -0.402227980817 1785404722.14
 0.393910996956 0.0651293639358   0.19691391134 0.445177263625 -0.336926659475  0.492972395411   9.67509960287  -3.22648815123  -2.16361975922 -0.676717111936 1785404722.16
0.329705834805 0.029509685849 0.180847349155 0.377203556133 -0.228570328269  0.530736805395    9.7232644903  -2.81702551361  -1.23767209591 -0.835891000533 1785404722.18
  0.263333126746 0.00775942336517   0.158167770757 0.307280959383 -0.162523428205  0.616447552866    9.7701660736  -2.84368346149 -0.625976542225  -1.11030613991 1785404722.21
   0.199308600806 0.000805503136895    0.129934210792 0.237923236202 -0.104576645078  0.801161850274   9.83876497382   -3.36472846015 -0.0158839630296   -1.65979925905 1785404722.23
  0.141700671432 0.00718522980207  0.0981672501809 0.172532654357 -0.00339113337011    0.801347855936     9.93229248296 -3.20456354741 0.686399765248 -1.95220500807 1785404722.24
0.0935542080531 0.0234575084055 0.0655091332098 0.116593700854 0.083133834548 0.575810766303  9.99177978395 -2.33722969594  1.03567279827 -1.73917814372 1785404722.26
0.0565049605387 0.0449371377358 0.0347714621753 0.0801324621809 0.111469403116 0.285516285281   9.9891827837 -1.34478417581   0.9226932113  -1.2194837769 1785404722.28
 0.0306485840186  0.0666187779186 0.00846474693153 0.0738176754872  0.130345987256 0.0989647452318   10.0011297403 -0.883379272898  0.827575444548 -0.979354024742 1785404722.31
 0.0146805944102  0.0841194226882 -0.0115969127196 0.0861747382372   0.157485372458 -0.0996755402559    10.0411678138  -0.65661571792  0.749966733993 -0.889106413601 1785404722.33
0.00627102665439  0.0944620911081 -0.0245442749498 0.0977999686331   0.12988392187 -0.310423287632   10.0200269123 -0.356005024905  0.366119737123 -0.557195508476 1785404722.34
 0.0025914755261  0.0965520141357 -0.0305180016719 0.101293413434 0.0600244960905 -0.401424116508   9.94507169058  -0.145493434898 -0.0865784537698  -0.162278847403 1785404722.36
0.000883476811972   0.0912561338407  -0.0305533803048 0.0962391372721 -0.0054415378409  -0.363942569751    9.86810542445 -0.0819481634096  -0.348535103322  0.0944831749549 1785404722.38
-0.00104707963627   0.0810768143667  -0.0263228833228 0.0852492838096 -0.0540682670783  -0.313705165145    9.81578367749 -0.116929201625 -0.472298306285  0.233420937515 1785404722.4
-0.0045039369961   0.069495389891 -0.0197987085514 0.0724008530673 -0.108318989022 -0.270515637698   9.76803229547 -0.230102334378 -0.550776051452  0.352791549509 1785404722.43
-0.00979735675811   0.0601320330141  -0.0129070097603 0.0622771265779 -0.143262134959 -0.134633256634     9.728649252 -0.348315113653 -0.398831836359  0.368633629929 1785404722.44
 -0.0163699585445   0.0559084194182 -0.00724049782573 0.0587039326907 -0.126133726548  0.040609782148   9.72579750027  -0.355136086983 -0.0462544691041    0.24080941403 1785404722.46
 -0.0231118779941   0.0583978918391 -0.00387874658337 0.0629246958731 -0.0834006522067   0.151822596832    9.74900863913 -0.272141542196  0.254027666734 0.0854572934129 1785404722.48
 -0.0287914695419   0.0675031485086 -0.00333992203942 0.0734627719065 -0.0518478518973   0.232478363878    9.77106461621  -0.203516709731   0.500782787445 -0.0385508794258 1785404722.51
 -0.0325101846081   0.0815238071001 -0.00565900819218 0.0879492330898 -0.0226266906421   0.335349667208    9.79853621616 -0.143351698894  0.813787646345  -0.19536820402 1785404722.53
-0.0340904156241  0.0975845280359 -0.0105616402838 0.103905942058 0.015776165929 0.348152852619  9.84184169501 -0.0534614335026   0.908956051742  -0.355028399225 1785404722.54
-0.0343210243556   0.112311865695 -0.0176844907632 0.118762911307 0.0402030092433   0.25458658834   9.87773971938 -0.0254426318616   0.690066483592  -0.447643975263 1785404722.56
-0.0350125622909   0.122595403921 -0.0267861174499 0.130280499956 0.0399885114816  0.120372645537   9.88869855136 -0.101899498621  0.313977412649 -0.455046524782 1785404722.58
-0.0388472790072   0.126258369296 -0.0378971167068 0.137428084314 0.0307206839975 0.0215573513316   9.89615818504   -0.297757653608 -0.00212490190799   -0.521816116562 1785404722.6
-0.0490427180344   0.122495279863 -0.0513737688372 0.141596419112  0.0138404952522 -0.0748408054254    9.91791218087 -0.791886727521 -0.376029734147 -0.789616323396 1785404722.63
-0.0688780766714   0.111998156983 -0.0678418136138 0.147953669397 -0.025415818038 -0.158732280751   9.91700379779  -1.53682322534 -0.758646660902  -1.08134385947 1785404722.64
 -0.101156449065  0.0967695442142 -0.0880421781342 0.165373507568 -0.0701385371331  -0.167022462742    9.88732481639  -2.18691260211 -0.896513221178  -1.24234028928 1785404722.66
-0.147690383641 0.0796894697859 -0.112613472136 0.202100606435 -0.0992545543068  -0.104766153322    9.85096818156  -2.51718376347 -0.766795912438  -1.25738324363 1785404722.68
-0.208899589255  0.063948341134 -0.141862014833 0.260486583104  -0.121194452393 -0.0188296198305    9.82596454681   -2.8525323576 -0.571293268472  -1.32150775482 1785404722.7
-0.283596149798 0.0524708304792 -0.175575255347 0.337648685058 -0.172866103218  0.107383634849   9.81133190154  -4.04188815813 -0.416782608528  -1.79404603589 1785404722.73
-0.369005157248 0.0474389243324 -0.212927009297 0.428664401258 -0.21182485411 0.298292509456  9.80567418444   -5.19686290729 -0.0728084135579   -2.25315195439 1785404722.74
-0.461031250506 0.0499849522826 -0.252504020078 0.528021391189 -0.187135099241  0.441778088636   9.81889649604 -5.14566922559 0.350235050238 -2.20331978864 1785404722.76
 -0.55474004733 0.0600807918344 -0.292456676055 0.629981848173 -0.122477096549  0.471365744197   9.84496407896   -4.211844644  0.60961453555 -1.79149652416 1785404722.78
-0.644984341364 0.0766099794442 -0.330747960854 0.728881405418 -0.0649625430435   0.489348731079     9.8817743225  -3.6155859613 0.786800199405 -1.53141233091 1785404722.8
 -0.72707479698 0.0975831543395 -0.365450531957 0.819581798066 -0.00616455708029    0.613177807779      9.9609108902 -3.94443140805  1.13460212976 -1.66375793671 1785404722.83
-0.797380331182   0.12044616183 -0.395028464519 0.897981156949 0.0838960728104   0.63822733318   10.0600932396 -3.73959568768  1.32396191941 -1.56731567858 1785404722.84
-0.853749991748   0.14243108658 -0.418541837923 0.96143275008 0.160379142776 0.493257957527  10.1202771839 -2.77756643031  1.14330466391  -1.1500769019 1785404722.86
 -0.89567812997  0.160907599793 -0.435729571308 1.00895531491  0.17793594348 0.271190260272  10.1057687298  -1.60727975821  0.713532627846 -0.648376317773 1785404722.88
-0.924184669033  0.173699719261 -0.446955171986 1.04118097404 0.183275674243 0.119852472463  10.1011642239 -0.948862613739  0.382136548633 -0.358789266495 1785404722.9
-0.941442841185  0.179338475391 -0.453034381225 1.06005521674   0.223462838073 0.00111276655148    10.1717594322 -0.676012823541 0.0914400299202 -0.208547517192 1785404722.93
-0.950243928772  0.177224592469 -0.454994359601 1.06835946554  0.212170416005 -0.135776421398   10.1815197758 -0.355238373795 -0.345580895372 -0.023658617489 1785404722.94
-0.953426905511  0.167680208758 -0.453832511199 1.06916016797  0.13893621579 -0.22379560574  10.0999314547 -0.0930231408846  -0.745203750898   0.136753255305 1785404722.96
-0.953407883568  0.151878308104 -0.450343031836 1.0652992346 0.0407660408421 -0.208469101465   9.95492158825 0.0354245364354 -0.844095728463  0.205566047863 1785404722.98
-0.951914993853  0.131654383127 -0.445058996127 1.05903377763 -0.0261671579683  -0.173062379591    9.84914703842 0.0691968093605 -0.859748363369  0.242311177842 1785404723
-0.949974937822  0.109225048304 -0.438321652022 1.05190701314 -0.0978187871968  -0.176424299278    9.75226599604 0.0948755023014  -1.12133455163  0.365767313491 1785404723.03
-0.948124795458 0.0868579887466 -0.430446892359 1.04487772735  -0.16751354401 -0.139545546119   9.63536129342 0.0942242048467  -1.25026055672  0.480383684568 1785404723.04
-0.946758831976   0.06655055408 -0.421924965218 1.03865390696  -0.183990620506 -0.0620763593642    9.57069548272 0.0462593788767  -1.04561385129  0.475732758335 1785404723.06
 -0.94648420649 0.0497752913568 -0.413575029105 1.03409585507  -0.149675351308 0.00635336984321    9.58435901182 -0.037988713206 -0.692485706581  0.363587694387 1785404723.08
-0.948361406545 0.0373376671655 -0.406586820186 1.03251939505 -0.108542172499 0.0504645816118   9.62446013396 -0.154788345679 -0.423537600539  0.231596143284 1785404723.1
-0.953942995203 0.0293662776127 -0.402415101709 1.03576422531 -0.0851750273484    0.10225051259    9.64274127031 -0.403789629452 -0.287612480231 0.0977280144332 1785404723.13
-0.965085981012 0.0254250374382 -0.402539020699 1.04598042356 -0.0437569409497   0.167289369224     9.6954874424 -0.862969558481 -0.135620767519 -0.166806322472 1785404723.14
 -0.98358078539 0.0247085236826 -0.408143891026 1.06518688891 0.0164052688893  0.205324763768   9.79218762466  -1.32154890873 0.0243094693195 -0.500530529408 1785404723.16
 -1.01069407345 0.0262639837054  -0.41981287451 1.09473063196 0.058462776056 0.199082352972  9.86430853091  -1.50353000517  0.106476932947 -0.694464166942 1785404723.18
 -1.04674848612 0.0291819316042 -0.437320365401 1.13480530503 0.0839719807515  0.201080754235   9.89516838477  -1.67688639936   0.13490144017 -0.832222494381 1785404723.2
 -1.09085334881  0.032712602821 -0.459595147249 1.18417010703 0.124144526643 0.259473496993   9.9129663356 -2.26915361639 0.171465450383 -1.14661488932 1785404723.23
 -1.14086122206  0.036293430155 -0.484876010608 1.240155751 0.161868277516 0.324463234742  9.88524381605 -2.85965524513 0.189086891107 -1.43194709615 1785404723.24
 -1.19356848374 0.0395043605221 -0.511028843476 1.29896758957  0.16731978982 0.337652742794  9.79717891662 -2.91194713581 0.159175060579 -1.42644453627 1785404723.26
 -1.24511997996  0.041992501371 -0.535948138165 1.35621810247 0.140859170657 0.294848839105  9.69289281889 -2.42951035091 0.097014471292  -1.1634197238 1785404723.28
 -1.29153251737 0.0434162306339 -0.557940884375 1.40756500488 0.105940684633 0.236657532744  9.60769927121   -1.8153314973 0.0314119399783 -0.864312969787 1785404723.3
 -1.32922943678 0.0434479056392 -0.575994209378 1.44931292182 0.089041291496 0.222546968024  9.48612146467   -1.52048066456 -0.0373003968901  -0.758890186396 1785404723.33
 -1.35548269207 0.0418474064106 -0.589859185693 1.47885712389 0.0635025396716   0.19906100045   9.35029437757  -1.08252858825 -0.133388790048 -0.656778965609 1785404723.34
 -1.36868724745 0.0385859281546 -0.599933586457 1.49489597074 0.0215352914794  0.131712074823   9.32262927658 -0.345540438602 -0.210046719929 -0.456749006072 1785404723.36
 -1.36843655355 0.0339730281598 -0.606982111681 1.49739776 -0.0128111911707   0.065613334883    9.37883183545  0.318819042167 -0.236756103516 -0.284516856995 1785404723.38
 -1.35541487727 0.0287298209858 -0.611777963824 1.48736248748 -0.032575699546 0.0208142706662   9.45141205585   0.84185121169 -0.226102679432 -0.175915693483 1785404723.4
 -1.33115994011 0.0239613514366 -0.614771541944 1.46646001694  -0.0421334732508 -0.00800392138145     9.49991952493   1.44119864702 -0.193037157254 -0.102655630664 1785404723.43
 -1.29776904802 0.0210086182013 -0.615884038284 1.43664853484 -0.0289727910162  -0.025386856568    9.60149618376    1.90608570528 -0.0716469985379 0.00734861233603 1785404723.44
 -1.25762053977  0.021197111983 -0.614488022403 1.3998765193 0.00669864893938 -0.0309906085888    9.72240155671  2.18272409502  0.11672637257 0.162539115761 1785404723.46
 -1.21316209455 0.0255331766626 -0.609583682029 1.35794200029  0.0572787639521 -0.0314412496386    9.83458959071  2.28886248727 0.333232436264 0.361962974873 1785404723.48
 -1.16678482416 0.0344217626469 -0.600123172602 1.31252409727   0.106367761896 -0.0329968375074    9.91670610738  2.14357400995  0.50922268838 0.561244607721 1785404723.5
 -1.12076715653 0.0474823132504 -0.585392233307 1.26532907026   0.168444337695 -0.0494114364362    9.98835044182  2.23549705948 0.726538824657  0.86842913695 1785404723.53
  -1.0772467046 0.0635217428366 -0.565340075231 1.21823843112   0.212929466091 -0.0781847603092    10.0263792948  2.12097823935 0.852694134283   1.1460841961 1785404723.54
 -1.03817080141 0.0806884189145 -0.540760763023 1.17334199476  0.223726496091 -0.115683925163   10.0226949663  1.82307038225 0.841635539604  1.31744084869 1785404723.56
 -1.00519022398 0.0967872138468 -0.513268497574 1.13279287681  0.206255531119 -0.159429353906   9.99009920078  1.47493129107 0.729066081332  1.39994124326 1785404723.58
-0.979490795252  0.109694246101 -0.485064229043 1.09850914967  0.152471246945 -0.189981444503   9.92587258541  1.03365667398 0.497761158176  1.29740638672 1785404723.6
-0.961592493611  0.117781860627 -0.458546291205 1.07181966377 0.0933636798684 -0.225404784296   9.85531328296 0.693813520552 0.258796183911  1.20555623227 1785404723.63
-0.951171889549  0.120257350612 -0.435857875679 1.0531675468 0.0207464911887 -0.241924249787    9.7697625614   0.369176689777 -0.0112816138753    1.01166712663 1785404723.65
-0.946971022837  0.117335045343 -0.418478589926 1.04194335795 -0.0516012860963  -0.233869584843    9.67904965375  0.112724667984 -0.261866708927  0.752365653438 1785404723.67
-0.946841200226  0.110196878661 -0.406953271562 1.03646638911 -0.106175177061 -0.192969076678   9.60191637843 -0.0250694038403  -0.429960711644   0.457752246467 1785404723.68
-0.947938444011  0.100742983608 -0.400814060756 1.03411235061 -0.123055955085  -0.12398709529   9.56813390752 -0.00493056991872   -0.451402110176    0.195843870616 1785404723.7
-0.947048910998 0.0911806021931 -0.398702930892 1.03159079539  -0.127673657182 -0.0682516931125    9.53206622024   0.17243954406 -0.426993712243 0.0535736511243 1785404723.73
-0.940989642289  0.083536404577 -0.398655201655 1.02536130588  -0.107345679055 -0.0144723542907    9.52725984546   0.519510113921  -0.310724103321 0.00599007549689 1785404723.74
-0.927012063021 0.0791963665559 -0.398471901257 1.0121280974 -0.0648916209271  0.0214090095307    9.57179512676  0.965673015693 -0.126583232526 0.0652631697461 1785404723.76
-0.903136806512 0.0785745445736 -0.396096989914 0.989304238215 -0.0216531829238  0.0269308865936    9.63844567128   1.49579214148 0.0456846219141  0.218001922974 1785404723.78
-0.868366567964 0.0809875226894 -0.389924703861 0.95533279535   0.0106231375327 -0.00184244450138     9.72793242479  1.90434211968 0.146755562224 0.405334897737 1785404723.8
 -0.82275206109 0.0847692867824 -0.378987279306 0.909801156234  0.0236957489372 -0.0606060773019    9.80900851171  2.47878662436 0.162446795898 0.660332176977 1785404723.83
-0.767316350582 0.0876098288925 -0.363005601841 0.853359789864 0.0135486529605 -0.150753395153    9.8894725571   3.10059305367 0.0594990338923   0.95640621306 1785404723.84
-0.703867646681 0.0870506270549  -0.34231629714 0.787520109586 -0.0215280531716  -0.242878038219    9.94795600194   3.39876763217 -0.168615796901   1.16121295749 1785404723.86
-0.634745658665 0.0810328823982 -0.317711888972 0.714429299244 -0.0719811228284  -0.327364931939    9.97958974381   3.57866830414 -0.472815069995   1.31870297551 1785404723.88
-0.562550356881 0.0683797309031 -0.290242309077 0.636694031387 -0.119630951735 -0.366884522923    9.9734516877   3.41853876058 -0.753483691675   1.33782602472 1785404723.9
-0.489895374311 0.0491062802329  -0.26102554031 0.557264064177 -0.172843593286 -0.413762244217   9.96198442244 3.51484421531 -1.0762766678 1.45016236143 1785404723.93
-0.419213934722 0.0244888391977 -0.231104244428 0.479321601957 -0.216676747068 -0.431978498655   9.93453978439   3.5550537484 -1.35264317332  1.54505924881 1785404723.94
 -0.352627186405 -0.0031221501725  -0.201367515903 0.406084420871  -0.22323108439 -0.382564811913   9.89042639824  3.24829739688 -1.40787815797  1.49390891692 1785404723.96
 -0.291868066168 -0.0307054502837  -0.172537215205 0.340439250611 -0.206372167402 -0.307619407034   9.85169408922  2.90437745329 -1.31988698322  1.42613336126 1785404723.98
 -0.238242894279 -0.0551038022441  -0.145201519014 0.284393366344 -0.156590797183 -0.201491143911   9.82464550402  2.34986657241 -1.01504421729  1.24691169535 1785404724
-0.192610487039 -0.073580578982 -0.119868081681 0.238497921011 -0.109673685495 -0.116546652908   9.81704860585   2.02690070048 -0.713737427346   1.17865154064 1785404724.03
 -0.155364418152 -0.0842879997331 -0.0970073260032 0.201625867946 -0.0544619435855 -0.0377980484365    9.82772697405   1.72458889163 -0.338107140994   1.11520999374 1785404724.04
  -0.12641516828 -0.0865582283692 -0.0770627027426 0.171498635049 0.00576869405116  0.0255336544947    9.85341075839   1.32135527255 0.0874460522567  0.963425691035 1785404724.06
 -0.105180814832  -0.080966895947 -0.0604174900129 0.14583866136 0.0567966952282 0.0579694083908   9.88612275005 0.937316589186 0.455238150012 0.778368265825 1785404724.08
-0.0906032860862 -0.0691650282632 -0.0473237298482 0.123419171894 0.0834494289789 0.0513667808732   9.90500558461 0.554802109784 0.635207638291 0.523132540755 1785404724.1
-0.0812089897207 -0.0535209181007 -0.0378140399617 0.104351762343  0.106658052258 0.0267290204823   9.92621859591 0.364895917886 0.771609441686 0.372499476579 1785404724.13
-0.0752267435412 -0.0366497689066 -0.0316267769121 0.0894568137292   0.128052484636 -0.0198225226144    9.94150309646 0.272611187059 0.850595857957  0.25154191139 1785404724.14
-0.0707635513661 -0.0209292746881 -0.0281758972378 0.0789898469809   0.130504629499 -0.0798621764433    9.92651457852 0.241760310239 0.749955242241 0.132360748291 1785404724.16
  -0.066023110286 -0.00809953665126  -0.0265879027336 0.0716349785898   0.12653630217 -0.139429850075   9.89344177208    0.2952459211  0.576074450653 0.0621816601624 1785404724.18
 -0.0595374171858 0.000974801265934  -0.0258115642846 0.0648990842269  0.105068251567 -0.166604161669   9.84468181894  0.363149812811  0.335046269911 0.0418077295612 1785404724.2
-0.0503726089957   0.006339799112 -0.0247861341456 0.0564973029064 0.0979343814214 -0.198648215238   9.80409673837  0.502260912967  0.184572186999 0.0749969616213 1785404724.23
-0.0382687959764 0.00879065121507 -0.0226357607781 0.0453227752932 0.0948584016551 -0.231102376722   9.76587907251  0.696540368324 0.0841110647631  0.154997268526 1785404724.24
-0.0236806389191 0.00956300070357 -0.0188465179488 0.031739799635 0.0749578530824 -0.217724412515   9.74534592619  0.783499596949 0.0299139323401  0.237201115476 1785404724.26
-0.0076995823376 0.00995778058188 -0.0133810635165 0.0183710049568 0.0508301333805 -0.192452022229   9.74313183612  0.825724393448 0.0370560178972  0.315284954598 1785404724.28
 0.00814229172764   0.0109911177568 -0.00669562193099 0.0152293446072 0.0174380308496 -0.136790036884   9.76604247211  0.705506386326 0.0754088768374  0.324521023112 1785404724.3
  0.0221658674274   0.0131499841773 0.000356539007414 0.0257754705629 -0.0155909385739 -0.0918739848931    9.79676910924 0.593348527931 0.127382956547  0.32170882778 1785404724.33
 0.0328957507208  0.0163053110899 0.00672550562108 0.0373259428693 -0.0532719110126  -0.046799976695      9.837352211 0.452632424548 0.174378674958 0.290698278345 1785404724.34
0.0394135388536 0.0197947270775 0.0114336694053 0.0455630010108 -0.0821772648283 0.00302967927539    9.87637506052  0.22737975362 0.164655395629 0.185215307366 1785404724.36
0.0416523810134 0.0226463612593 0.0138583393291 0.0493946565059 -0.0994693865773  0.0427030956362    9.90499428219 0.0302328857771  0.106477318216 0.0659335911601 1785404724.38
0.0405742057882 0.0238824844768 0.0139649176528 0.0491086363604 -0.0890344480793   0.060120449772    9.90470316149 -0.0807486186883 0.00413905462737 -0.0331657602019 1785404724.4
0.0381831951035 0.0228241865922 0.0124334457538 0.0461897223981 -0.0747104999138  0.0661290846326    9.89843831729 -0.0765333774941  -0.108345589723 -0.0789232249999 1785404724.43
0.0373507856925 0.0193192029044 0.0106408423563 0.0433767255421 -0.0499755138366  0.0562303458072    9.88053697063  0.0859273761798   -0.23592161186 -0.0509828649492 1785404724.44
0.0414577455304  0.013833603507 0.0104905729511 0.0449462498023 -0.00937022643465   0.0162574714192     9.84042500842  0.424022578262 -0.306007297738 0.0890332311029 1785404724.46
 0.0538946563477 0.00737987369673  0.0141146061012 0.0561989201321  0.0282284635912 -0.0420517478495    9.79890095254  0.914194052274 -0.318134930819  0.330053031858 1785404724.48
 0.0774971356546 0.00129207706042  0.0235019351966 0.0809926938419 0.0510809571004 -0.106887746622   9.76757210869   1.41730714846 -0.247154282581  0.613198757842 1785404724.5
   0.114017374463 -0.00310450668531   0.0401267348812 0.120912176779 0.0594778191433 -0.181750663422   9.74981970344   2.03920824686 -0.145327092719  0.973003965281 1785404724.53
    0.16374005779 -0.00485414815265   0.0646525657635 0.176108840037 0.0523488906094 -0.276567314252   9.74750476309    2.86904770683 -0.0146796124811    1.46006495768 1785404724.55
     0.2253330086 -0.00367405816691    0.096775516377 0.245263050699 0.0201916429465  -0.34671076172   9.77462609152   3.4571483146 0.123799736696   1.8453770918 1785404724.56
    0.295981645059 -0.000118605388987     0.135241263014 0.325415653435 -0.0264076035546  -0.382541540343    9.82439965014  3.75232495611 0.208199824594   2.0817862037 1785404724.58
  0.371799058072 0.00445269155912   0.178034736905 0.412250813935 -0.072375668212 -0.369921318576    9.8821667845 3.63545645332 0.19646564238 2.08557286022 1785404724.6
  0.448443059211 0.00812064325949   0.222704664562 0.500763906267 -0.118435735822 -0.363801328236   9.94629250266  3.64905190827 0.106584705387  2.15800845347 1785404724.63
  0.521823033471 0.00883472328157   0.266757236687 0.586120084898 -0.161059677705 -0.347170681189   10.0117350779    3.63361756099 -0.0821875857759    2.20989222527 1785404724.64
  0.588756025236 0.00494695099908   0.308040153924 0.664489929198 -0.176309821136 -0.285742363842   10.0430008646   3.21178052856 -0.334842730754   2.00161242724 1785404724.66
   0.647440188739 -0.00426143659777    0.345043052552 0.733656367757 -0.174527582066 -0.221164384926   10.0446971115   2.77054359511 -0.588603484676   1.75602332216 1785404724.68
   0.69765282337 -0.0181882326397   0.377061019566 0.793237219399 -0.148492029408 -0.153306565988   10.0008695273   2.22853497423 -0.729480393571   1.41450170618 1785404724.7
  0.740639756493 -0.0347690382967   0.404198932593 0.844471972319 -0.122610851917 -0.112779608038   9.94112464185   1.93649484178 -0.775623492136   1.19824770429 1785404724.73
  0.778728087276 -0.0506612751491   0.427228077466 0.889667257399 -0.0995817917165  -0.100478109268    9.86436738936   1.9219669992 -0.70005638887  1.11869174391 1785404724.75
   0.81475017976 -0.0617629852849   0.447335322906 0.931526388724 -0.0650594500325  -0.102369503979    9.76698099651  1.89028592649 -0.34689405345  1.00388499404 1785404724.76
   0.85140147397 -0.0639978637228    0.46582314996 0.972610612464 -0.0307618047267  -0.121631270564    9.67999626488  1.92967295604 0.191647307492 0.927514555525 1785404724.78
  0.890661710671 -0.0542237592926   0.483822878806 1.01503846084 0.000707293829648    -0.14746312869     9.62657570503  1.96483863726  0.78909882887 0.868754396546 1785404724.8
  0.933388425545 -0.0310710847784   0.502073722037 1.06031004315   0.03046281375 -0.183053536729   9.60103664245  2.10545899364   1.3970810133 0.879836745169 1785404724.83
  0.979149334606 0.00449235899111   0.520800404023 1.1090476372 0.0683755086733 -0.235846775983   9.59510611899   2.4186654987  2.08509532258 0.979350604913 1785404724.85
  1.02630769538 0.0490332268793   0.53969800004 1.16059711966  0.106890382476 -0.258879724324   9.65083499162  2.41560465602  2.39925196072 0.964694093283 1785404724.86
  1.07232478962 0.0970370527505  0.558010884996 1.21271298823  0.145281003116 -0.260910663294     9.738919307 2.22253755109 2.34473646804 0.88447591041 1785404724.88
 1.11420708262 0.141765472814 0.574678237165 1.26166950843   0.17741247422 -0.241800810356   9.83647747404  1.84649632598  1.91176818323 0.734486533123 1785404724.9
 1.14900826536 0.176431215111 0.588513507423 1.3029566823  0.209212365713 -0.220860017888   9.92536153742  1.43547778479  1.28247336973 0.566395175298 1785404724.93
 1.17429872713 0.195452081303 0.598388543159 1.33238427836  0.250209855773 -0.210581754609   10.0086065253  1.02894752676  0.49684114784 0.387568492327 1785404724.95
 1.18853303056 0.195516279411 0.603401102038 1.34719347912  0.24806418679 -0.17438508167  10.0402434142  0.438368846992 -0.496525841414  0.119424654608 1785404724.96
 1.19127284434 0.176226062194 0.603012795313 1.34677802401  0.220723480991 -0.140624650185   10.0284471803 -0.137577286404  -1.44136509024 -0.162827202329 1785404724.98
 1.18325089176 0.140176545173 0.597149518616 1.3327864361  0.146635010689 -0.100075101322    9.9566413354 -0.602101858252  -2.01862835741 -0.403732885812 1785404725
  1.16628470078 0.0924499128799  0.586257266044 1.30861169629 0.0577723566448 -0.071465535874   9.86511591055 -0.928873292414  -2.32399519576  -0.59737449525 1785404725.03
  1.14306464211 0.0396325292356  0.571305045752 1.27849793458 -0.0517632044619 -0.0582377203344    9.75586847815  -1.28026204369  -2.69042577932 -0.842462425545 1785404725.05
   1.11684983882 -0.0114357156035   0.553727196186 1.24663472832  -0.181041989677 -0.0425317370659    9.63752785223  -1.36116198936  -2.47712646104 -0.943240725083 1785404725.06
   1.09111057651 -0.0549166806929   0.535302578082 1.21658825495  -0.306113368229 -0.0314678179029    9.53622789277 -1.26078939168 -1.99700953419 -0.94508425903 1785404725.08
   1.06915854087 -0.0869756728067   0.517977930467 1.19120354668  -0.366644860298 -0.0217649499282    9.50256750764 -0.894495087738  -1.23286630979 -0.758871010833 1785404725.1
  1.05380639427 -0.106332356549  0.503654486476 1.17280958745  -0.394916268619 -0.0164682790731    9.50031732065 -0.500943450172 -0.619607694326 -0.545150360848 1785404725.13
  1.04709473977 -0.114265980571  0.493967058327 1.16338624845  -0.447118245826 -0.0152112428258    9.48261930724 -0.0946377501619  -0.199246115942  -0.347913542699 1785404725.15
   1.0501166695 -0.114100539209  0.490090076768 1.16445362122  -0.407765406869 -0.0125394767995    9.53125609161   0.424177096453   0.105850680882 -0.0364612149765 1785404725.16
  1.06295795494 -0.110307416707  0.492603495553 1.17673512057   -0.299976184535 -0.00885599546899     9.61805477481 0.940377644556 0.180784781424 0.308192452484 1785404725.18
  1.08475521372 -0.107441382984  0.501442258474 1.19986743562   -0.132326631514 -0.00382747403261     9.72953833378   1.24970462721 0.0283456021308  0.572905931368 1785404725.2
  1.11385663611 -0.109152940894  0.515937134326 1.23238877669   0.0194906537505 0.000785681612168     9.81770108559   1.37428515942 -0.218179265423  0.727184408964 1785404725.22
  1.14805326711 -0.117490478469  0.534935567506 1.27200093476   0.166178734541 0.00578962982231    9.88999979442  1.72467151885 -0.57038057728 0.997098141936 1785404725.25
  1.18483813188 -0.132627826451  0.556974234297 1.3159224281  0.320657011227 0.0124105379273   9.95343315118   2.05337829306 -0.992033424445   1.27030976412 1785404725.27
  1.22164984289 -0.153046646246  0.580465633316 1.36117301105  0.404004531199 0.0190894822009   9.97257597015     2.03863459 -1.24405292865  1.34195949942 1785404725.28
  1.25606754727 -0.176094744583  0.603861985095 1.4047648698  0.337774254515 0.0221270958469   9.92516461911  1.51849368526 -1.07961921027  1.07003387254 1785404725.3
  1.28594147843 -0.198756737412  0.625769890039 1.44386207163  0.246897488056 0.0266668372773   9.86861773223   1.09386795437 -0.867350950524  0.842880663421 1785404725.33
  1.30946159498 -0.218432010111  0.645004803275 1.47595169569  0.193560907974 0.0450035126652   9.80767849169  0.976170821388 -0.864970729911  0.866272029439 1785404725.35
  1.32518004955 -0.233525463089  0.660590923296 1.499005228 0.0647515560889 0.0719791626002   9.70522073715  0.652618493526 -0.731806161247  0.773428241729 1785404725.37
  1.33200859874 -0.243714830671  0.671725605159 1.51157504426 -0.101646444508 0.0932809809986   9.60539245462  0.113006806259 -0.457750594542  0.480787903957 1785404725.38
 1.32920963299 -0.24984788009 0.677734801974 1.51279432621 -0.209876566892  0.101820310428   9.55544015163 -0.372013479464 -0.233551819618  0.150544617479 1785404725.4
  1.31639155109 -0.253519286951  0.678045436546 1.50229969003 -0.259968481067  0.109412771337   9.53056750862 -0.745088042695 -0.137907975031 -0.115676866805 1785404725.43
  1.29350946352 -0.256455606691   0.67219225732 1.48012791381 -0.34497228185 0.151367411225  9.43764525666  -1.37147378604 -0.157080651209 -0.449082958608 1785404725.45
  1.26086494894 -0.259878981838  0.659863498963 1.4466296492 -0.381325645825  0.199242791775   9.35818990997  -2.16435811395 -0.219958476658  -0.90795307514 1785404725.47
  1.21909685598 -0.264017979892  0.640976001834 1.40240966657 -0.293325830717  0.215480019927   9.38075646202  -2.67877667631 -0.234021036608  -1.28827543126 1785404725.48
   1.1691589438 -0.267890524784  0.615760310233 1.34827991486 -0.128665793522  0.189503246075   9.50062985676  -2.61248026382 -0.131938484596  -1.37323516804 1785404725.5
  1.11228629741 -0.269412249633  0.584831648368 1.28522053539 0.0100292178583  0.164364873994   9.61380496995  -2.42759679418 0.0425131673332  -1.35504171138 1785404725.52
 1.04995660593 -0.26580299981 0.549223667781 1.21437504351 0.152379063103 0.203166009001  9.66634384888  -3.0711756762 0.363877961207 -1.78061061327 1785404725.55
 0.983851775937 -0.254195115628  0.510367698354 1.13712561371 0.336353246249 0.266488352667  9.74630413125 -3.89689031734 0.973159531784 -2.30129323316 1785404725.57
 0.915820014335 -0.232305443542  0.470009831768 1.05527312091 0.445184293366 0.293294259041  9.84995359515 -3.91290627237  1.58705279698 -2.30992095976 1785404725.58
 0.847830764291 -0.199025757623  0.430069893117 0.971281818033 0.422620494448 0.276246055488  9.91468797193 -3.20040125274  1.85207244516 -1.85343818497 1785404725.6
 0.781908113945 -0.154810616736  0.392457859373 0.888464854168 0.370054898082   0.2685123877  9.94388042928 -2.61341721186  1.98837346744 -1.45589234001 1785404725.63
  0.72002622952 -0.101787878877  0.358872059741 0.810917812571  0.40016442734 0.347865444142  9.99524060252 -2.79885920468  2.63953905658  -1.4676274241 1785404725.65
  0.663956159814 -0.0435728705829   0.330607830505 0.742992540202 0.416744166512 0.460121868633  10.0494311319 -3.05458378943  3.40406326704 -1.46874488062 1785404725.67
 0.615068025314 0.0151787496856  0.308404684893 0.688224178498 0.321769038618 0.479086822087  10.0460399976  -2.6521902008  3.33502042484 -1.12923850802 1785404725.68
 0.574113247114 0.0694009081424  0.292354888969 0.647992197226 0.171874011751 0.380439411431   9.9892681838  -1.80266765944   2.41402032506 -0.645646271959 1785404725.7
0.541031203229 0.114324253506  0.28188754075 0.620681386411 0.0662157205504  0.285993936563   9.94588421567 -1.22505856357  1.58605757576 -0.34148073316 1785404725.73
0.514835108068 0.146147068943 0.275831317783 0.60207729581 -0.00809929287429    0.256572463946     9.94715229091  -1.11654828406   1.13629705567 -0.219979741261 1785404725.75
0.493626861737 0.162567051808 0.272548047846 0.586837254567 -0.0945733248481   0.197066548887     9.9563508261  -1.12658930663  0.476586551198 -0.160584759998 1785404725.77
0.474769147062 0.163096367205 0.270120290087 0.570062399316 -0.160773579126 0.0724923731283   9.94267446491  -1.07845119463 -0.377570535692 -0.167803198795 1785404725.79
0.455209886849 0.149117098894 0.266570502171 0.548189550152  -0.184813943948 -0.0466287784236    9.91824409573  -1.07242421364 -0.986645491434 -0.251096719889 1785404725.8
0.431917987195 0.123672692181 0.260087146906 0.519127543518 -0.174566055205 -0.120468683236   9.89195668779  -1.10593032924  -1.21555625137 -0.362792936503 1785404725.83
 0.402359793627 0.0910282125482  0.249233387881 0.481971804821  -0.20259443855 -0.200754000948   9.89060021411  -1.57004999704  -1.58461013155 -0.632152176297 1785404725.85
 0.364930673657 0.0560641600215  0.233115919164 0.436647018062 -0.242171016697 -0.286128952729   9.89368371386 -2.40759920718 -1.95377795659 -1.09337433394 1785404725.87
 0.319259442002 0.0235918906279  0.211494634962 0.383683657755 -0.214694333268 -0.268378887664   9.87604797262 -2.79546044203 -1.65486802434 -1.36921351244 1785404725.89
   0.266324188066 -0.00230930774175    0.184818568768 0.324178668967 -0.161101539268 -0.185312298716   9.85740757602 -2.79721936577 -1.07005225884 -1.44553289182 1785404725.9
  0.208351797314 -0.0188348768875   0.154180342664 0.259878437149  -0.105558441119 -0.0808876380321    9.84584878245 -2.52906198457 -0.48269785085 -1.36590999535 1785404725.93
  0.148513052361 -0.0247947914341   0.121190469178 0.19328227602 -0.0774251330086   0.019091270786    9.85235987768   -2.77295385891 -0.0438205551469   -1.56176614116 1785404725.95
 0.0904628602442 -0.0206978572799  0.0877836553409 0.127741537976 -0.046335613547  0.162166045816   9.87448312581  -3.1041628079 0.454967661494 -1.82842086473 1785404725.97
  0.0378037164929 -0.00856846222305   0.0559802105196 0.0680905536427 -0.00414335600566    0.295739035354     9.89740925551 -2.73474004483 0.823233671625 -1.69757859488 1785404725.99
-0.00643537532047  0.00847123701442   0.0276344755724 0.0296114868291 0.0273500530656  0.358969541199   9.91140707854 -1.96372861916 0.889705194872 -1.30313565468 1785404726
-0.0402153629769  0.0267795892471 0.00420653710524 0.0484986265169 0.0405236211699  0.348203011389   9.91194664327  -1.17923311669  0.719764067761 -0.859748252291 1785404726.03
 -0.06272969459  0.042831388248 -0.013408251197 0.077131858546 0.054052821605 0.400378538441  9.93464689303 -0.794416211444  0.627220968046 -0.677198518218 1785404726.05
-0.0744369920005  0.0537988305152 -0.0249656224402 0.0951759541413 0.0644551196905  0.458239919534   9.96243732876  -0.40383366742  0.431964428046 -0.497810461106 1785404726.07
-0.0768884593806  0.0579764423334 -0.0308619253152 0.101121518411 0.0509820115268  0.378696366756    9.9442401058 0.0583214715549 0.0337226124246 -0.201698003725 1785404726.09
-0.0723940808045  0.0549800816161 -0.0320307924201 0.0963830066615 0.0262003882571  0.237183078844   9.89931041181  0.340264679928  -0.31450773902 0.0280304046886 1785404726.1
-0.0636010077174  0.0456948079869 -0.0297673284634 0.0837806511282 0.00276048704282  0.0992141124367    9.85013997282  0.412558273603 -0.490701404433  0.139153472204 1785404726.13
-0.0530698708783   0.031995651156 -0.0255128503962 0.0670152103875  -0.01647567259 0.0020772239539   9.81358044049  0.468744320655 -0.666291829989  0.206968299302 1785404726.15
-0.0429276851799  0.0163089246845 -0.0206392767347 0.0503462702035 -0.0380294682688  -0.102277407258    9.77286889553  0.500837655255 -0.839881102996  0.251337280678 1785404726.17
-0.0346524652084 0.00111053134498 -0.0162703730991 0.0382981940262 -0.0524539830508  -0.187144351255    9.73941447014  0.406786107308 -0.813890117442  0.218404014428 1785404726.19
 -0.029011449026 -0.0115344231443 -0.0131676306112 0.0338835297419 -0.0511586633709  -0.203384089546    9.73398809423  0.229515881318 -0.577316925769  0.123400852604 1785404726.2
-0.0261401991766 -0.0203009510699 -0.0116936924795 0.0351024368263 -0.0382141317205   -0.15497002147    9.75477838247 0.0712190562765 -0.285998007315 0.0285367092428 1785404726.22
-0.0257214825696 -0.0247461097329 -0.0118493764656 0.0376081418726 -0.0336670904778  -0.122173023997    9.77148886649 -0.0237609143539  -0.110311313807 -0.0372518180558 1785404726.25
-0.0272065699583 -0.0252516343721 -0.0133655242006 0.0394522461277 -0.0348783051576 -0.0815570134698    9.79395506458 -0.118717241982 0.0537307023164 -0.109697841007 1785404726.27
-0.0300204957786 -0.0228004024781 -0.0158217772695 0.0408829690204  -0.0326586454598 -0.00355349883193     9.82777957274 -0.189497971587  0.192326974788 -0.157362637303 1785404726.29
-0.0337062316873 -0.0186549396054 -0.0187629640924 0.0428505034716 -0.0281620768899  0.0621045271382    9.85007717959 -0.201830120665  0.222392489621 -0.151214984218 1785404726.3
-0.0379861445929 -0.0140232166675 -0.0217897936179 0.0459825281237 -0.0255407139383  0.0932382604378    9.85671678033 -0.196106804739  0.192271599825 -0.126886636733 1785404726.33
 -0.0427454736117 -0.00979247556025  -0.0246116087017 0.0502871690869 -0.0269228722232    0.11684075399     9.8616770571 -0.227738842953  0.174261369832  -0.12031771574 1785404726.35
 -0.0479646072565 -0.00638788950934   -0.027061559377 0.055441290367 -0.0255894767484   0.130952579681    9.86378387131 -0.295449703749  0.163153637398 -0.121327947492 1785404726.37
  -0.053639268526 -0.00377668931039  -0.0290852018737 0.0611341433095 -0.0092835827524   0.103306104616    9.85315299245 -0.342421253729  0.139374830392 -0.106479207635 1785404726.39
 -0.0597277290437 -0.00159997670858  -0.0307194161063 0.0671836592342 0.0193001532114 0.0404983509966   9.83525852729  -0.320491473649   0.112517208063 -0.0766549746028 1785404726.4
 -0.0661522774145 0.000616341207952  -0.0320780564655 0.0735221421765  0.0461084471922 -0.0138636238718    9.82477503942  -0.275976532885   0.101618842032 -0.0553589758903 1785404726.43
-0.0728617860129 0.00323618688272 -0.0333540167207 0.0801985236643  0.0851187546557 -0.0614160332358    9.82721069141   -0.31108620175   0.129077285495 -0.0622433102517 1785404726.45
-0.0799394285026 0.00633696792535 -0.0348366420853 0.0874303209624  0.141404864693 -0.115438554754   9.84222200445  -0.409120420357   0.176004510193 -0.0985289930275 1785404726.47
-0.0877216131019 0.00962891738017 -0.0369327278453 0.0956651652442  0.171523817859 -0.138910352899   9.86235097949 -0.493975467907  0.179340634151 -0.155548051343 1785404726.49
-0.0968868352371  0.0124898213937 -0.0401732149804 0.105626425115  0.149450693443 -0.112989453061   9.87339820013 -0.547462279841  0.118054432881 -0.217761541804 1785404726.5
 -0.108478640722  0.0141049501851 -0.0451891548255 0.118358036595  0.0927994409394 -0.0598834610418    9.86892663271 -0.584795529206 0.0257409155303 -0.270665663332 1785404726.53
 -0.123843341685  0.0136763645884 -0.0526497137471 0.135263478389   0.0394048636602 -0.00833775612393     9.86672502653 -0.816031573339 -0.078304282539 -0.407480049112 1785404726.55
 -0.144485710153  0.0106498047836 -0.0631690503336 0.158050206265 -0.045012389651  0.069676259058   9.85470735806  -1.28912315176 -0.235477134509 -0.659074343204 1785404726.57
 -0.171868458148 0.00490387703082 -0.0772029319919 0.188475748106 -0.157520268065  0.165933760333   9.81850727677  -1.80510959498   -0.3970621084 -0.915207904749 1785404726.59
  -0.207197747655 -0.00314468941321  -0.0949646557662 0.227945347725 -0.237303726692  0.230954003189    9.7753136119  -2.08949892899 -0.459380434032  -1.03157029256 1785404726.6
 -0.251242240987 -0.0125466046638  -0.116389186289 0.277175979532 -0.254198315203  0.246835898206   9.75030048586  -2.11552520318 -0.409754297062  -1.00728683875 1785404726.63
-0.304224922559 -0.021937801303 -0.141163205486 0.3360968926 -0.290354435966  0.297925860827   9.73147840434  -2.58105915152 -0.387461612635  -1.18121600813 1785404726.65
 -0.365806746396 -0.0297447180781  -0.168819378628 0.403979339278 -0.332166913215  0.385880267495   9.72545469705  -3.49939419136 -0.333928820229  -1.54237465213 1785404726.67
 -0.435154852877 -0.0344317573344  -0.198871195693 0.479682232704 -0.298998031731  0.436295078999   9.76414533652   -4.2113818161 -0.144710921486  -1.80125481973 1785404726.69
 -0.511063786556 -0.0347360204705  -0.230947429495 0.56189812265 -0.18171774081 0.402420656992   9.8408093742 -4.14553243052 0.121320865206 -1.74370558703 1785404726.7
 -0.592083609508 -0.0298391669134  -0.264879013577 0.64931831051 -0.0569927129204   0.322113929724     9.9094673803 -3.50769064357   0.3239993886  -1.4779581263 1785404726.73
 -0.676609098221 -0.0194448830199  -0.300699600797 0.740674169382 0.034572000446 0.328801214872  9.99236440775 -3.71200164654 0.566759535768 -1.60079871751 1785404726.75
  -0.762900305151 -0.00375836190784    -0.33854362188 0.834651295332 0.145705596921 0.411830733807  10.1249251161 -4.69960147969 0.982623616923 -2.11936516688 1785404726.77
-0.849032979204 0.0166066371584 -0.378457080632 0.929710999211 0.239474512584 0.445228873789  10.2089111482 -5.00453798324  1.31085259069 -2.40416601527 1785404726.79
-0.932809594833 0.0407464521845 -0.420167568246 1.02388221929 0.260884600605 0.401820335085  10.1830294969 -4.35323409913  1.36369741063  -2.2594911593 1785404726.81
 -1.01168724439 0.0675598354494 -0.462880721961 1.11460036542 0.221581904069 0.315207475988  10.0830317042 -3.24121761493  1.18925502583 -1.83707274925 1785404726.83
 -1.08278734406 0.0957757076124 -0.505172670905 1.19866627802 0.214400563268 0.294449935113  10.0239879937 -2.84686469381   1.2212858454 -1.78046756543 1785404726.85
-1.14303873975 0.123908745325 -0.54502971825 1.27237900467 0.239089135563 0.313840326559  9.97465169401 -2.83598009806  1.44605680862 -1.99050232931 1785404726.87
   -1.189472374  0.150174049133 -0.580052181075 1.3318623451 0.230460534673 0.268196281996  9.87782934946 -2.24775810008  1.42366614402 -1.84184082888 1785404726.89
 -1.21964079222  0.172426309851 -0.607798388866 1.37356229414 0.183692383658 0.155721496818   9.7812771859 -1.17832612135  1.05145618028 -1.27610798631 1785404726.91
 -1.23209159383  0.188204473211 -0.626208101596 1.39485024495  0.116784005573 0.0326798602418   9.73907514039 -0.155226042715  0.488848442523 -0.569139378979 1785404726.93
  -1.2267927005  0.194949587293 -0.634021003118 1.39463554522  0.0854304490554 -0.0616218506546    9.72217145994  0.576738521093 0.0478505610342 -0.105714048591 1785404726.95
 -1.20539853852  0.190419129637 -0.631100840408 1.37387530452 0.0588869253606  -0.18516979963   9.71732901417  1.48204561593 -0.57904879416 0.411844050742 1785404726.97
 -1.17126453981  0.173254226405 -0.618590342696 1.33586363872 0.000945357905488    -0.29685648254     9.75547355191  2.21514017314 -1.36079048864 0.936983461505 1785404726.99
 -1.12916077785  0.143585244874 -0.598852984601 1.28617482557 -0.0705185076957   -0.34009735582    9.81208521128 2.40877017067 -1.9406197763 1.20738493044 1785404727.01
 -1.08469522688    0.1035098719 -0.575197874145 1.23212443495 -0.111196486931 -0.266621196494   9.84424228985  1.80455292863 -1.81881017392  0.99936880339 1785404727.03
 -1.04351956462 0.0572674054499 -0.551424529925 1.18164362211 -0.167017986175 -0.244794376727     9.854627579  1.58922870722 -1.98049133077 0.940456612897 1785404727.05
 -1.01044149158 0.0109751232066 -0.531256800039 1.14164190919 -0.267672980816 -0.243999471143    9.8380387794  1.52994738894 -2.37845309088 0.937915682049 1785404727.07
 -0.988596099772 -0.0281165009973  -0.517754366255 1.1163253871 -0.295961296271 -0.146280729717   9.76069574546 0.919029530046 -1.85325203016 0.536726111276 1785404727.09
 -0.978828641274 -0.0527731863826  -0.512794452906 1.10627694051  -0.252538921964 -0.0229339514657    9.65203851136  0.254472384197 -0.804031316155 0.0290294068284 1785404727.11
 -0.979411246862 -0.0571369756434   -0.51670658721 1.10882673206  -0.13821919089 0.0713229765693   9.58079778265  -0.16263485635  0.327166844635 -0.339952066013 1785404727.13
  -0.98616149148 -0.0380219484364   -0.52812214854 1.11931816729 -0.0360903196472   0.142134364385    9.48837340733 -0.296389982977   1.34054781779 -0.598560094692 1785404727.15
 -0.992961449328 0.00414948945437   -0.54407124505 1.13225579169 0.113248750225 0.231004071537  9.32558911074 -0.174375668188   2.78792731537 -0.871358050339 1785404727.17
-0.992606022224  0.065013546609 -0.560325573494 1.14169094982 0.302669220978 0.259299711058  9.25791475032  0.434108761002   3.80756003641 -0.801057874086 1785404727.19
-0.977852992598  0.136665488265 -0.571950775057 1.14105285588 0.441770444236 0.210521694811  9.31906300063    1.3449367884   3.85988696651 -0.367128646761 1785404727.21
-0.942514766211  0.208772411629 -0.573999030264 1.12311837806 0.483552998247 0.116571596162  9.45885596284  2.20323547869  3.08361612353 0.224057682533 1785404727.23
-0.882427347836   0.27022182377  -0.56224647925 1.08065672703  0.525965890318 0.0197518062094   9.57077002156  3.32974416338  2.32583780412 0.913049589617 1785404727.25
-0.796153981872  0.311005925241 -0.533865420137 1.00776888978  0.581697258296 -0.113162918999   9.67874592604 5.12158001525 1.39683582321 1.93123399664 1785404727.27
-0.685323083839  0.323979120549 -0.487922841938 0.901498141695  0.505249112066 -0.276620635853   9.81568956102   6.56837159174 -0.132256138564   2.94293980435 1785404727.29
-0.554554399275  0.306141244943  -0.42561742923 0.763153483694  0.320282584082 -0.426986060092   9.92628619276  7.28900281635 -1.72141087272  3.65906726278 1785404727.31
-0.410985181151   0.25918997718  -0.35020567212 0.598942631795 0.0863930972813 -0.511880668393   9.97284441849  6.93706297896 -2.78604082582  3.78912529124 1785404727.33
  -0.2634619984  0.189233655177 -0.266618501068 0.419889302036 -0.126266297813 -0.592244593629   9.97847174073  6.63509862692 -3.51751412286  3.88239763268 1785404727.35
-0.121507666469  0.105727111984  -0.18082359042 0.242155954029 -0.355517316909 -0.728282016209   9.96534926983  6.84620727605 -4.30677835455  4.26100423216 1785404727.37
0.00579774015659  0.0198490649939 -0.0990341964633 0.101170011571 -0.554961817839 -0.798987934764   9.90840735086  6.29057660208 -4.41469686124  4.16694480884 1785404727.39
  0.110871347857 -0.0573553795035 -0.0268932611861 0.127692375774 -0.637134415642 -0.748251840273   9.82713302008   4.8350051323 -3.61440666484  3.44787221244 1785404727.41
 0.188475986254 -0.116712004157 0.0312347962891 0.223876085833 -0.577952433811 -0.596600466843   9.75961217218  2.99570238008 -2.26673274445  2.38087156842 1785404727.43
 0.236251047161 -0.152225374531 0.0727538076669 0.290310589655 -0.475234064247 -0.452963190262   9.71847722991  1.50849202561 -1.02355658986  1.49528890668 1785404727.45
 0.254861009033 -0.161756211471 0.0970387822861 0.317073699859 -0.374019724626 -0.345303873218   9.69026696381 0.289431072823 0.131297607666 0.819878635527 1785404727.47
 0.247753752828 -0.147007283325  0.105337809569 0.306739494549 -0.191745606544 -0.190997573641   9.69509839411 -0.926313587993   1.32022558852 0.0911573895684 1785404727.49
 0.220577522781 -0.112893778274  0.100412578323 0.267361430679   0.028777114236 -0.0204187841875    9.73755537631  -1.78329756473   2.13064785657 -0.511655652707 1785404727.51
    0.1803522015 -0.0664772732435  0.0859992620261 0.210575443756 0.199093344342 0.105064411858  9.79483399567  -2.04705125325   2.31209259012 -0.813964228211 1785404727.53
  0.134520239778 -0.0156942547918  0.0661938210588 0.150743578602 0.305614824907 0.177250123392  9.84464188901  -2.02412778598   2.20399833446 -0.921617731149 1785404727.55
0.0900118977435 0.0318909623954  0.044865877881 0.105508872688 0.397923557233 0.230774874824  9.89228143021 -2.01845271962  2.11054954482 -1.00852910437 1785404727.57
0.0524491825272 0.0701214944892 0.0251866431055 0.0911170002145 0.420877477073 0.235401491922  9.92802307623  -1.71959966039   1.68310860271 -0.948604849197 1785404727.59
 0.0255865222261  0.0949491882509 0.00932608043012 0.0987774986792 0.348796480509 0.179082575234  9.93681938989  -1.13699075138  0.951001025932 -0.737279388275 1785404727.61
 0.0110485323826   0.104749797942 -0.0016595260263 0.105343933206  0.190695328471 0.0756268043236   9.90816679036 -0.425498089925  0.131376682014 -0.422549263228 1785404727.63
 0.00838127183104    0.100261476987 -0.00775993252798 0.100909989782 0.0412936846902  -0.01869596077   9.87063685891 0.0983036339552 -0.465403179004 -0.184354840795 1785404727.65
  0.0153885084097     0.08420286027 -0.00979854955308 0.0861564822986 -0.0961201177596  -0.108487544984    9.83626431235   0.507474323461  -0.989871458814 -0.0341691534085 1785404727.67
  0.0286845810979   0.0606581602597 -0.00912699063707 0.0677164644451 -0.219815525883 -0.180170140601   9.79520890637  0.768592541806  -1.32268863436 0.0666646854724 1785404727.69
  0.0443664151592   0.0343341121099 -0.00728512022085 0.0565710440516 -0.288271719636 -0.206215633979   9.76121538033  0.802687030801  -1.36035992696 0.0921214426952 1785404727.71
  0.0586939820886  0.00979950056635 -0.00568292189346 0.0597771640848 -0.272545971401 -0.171863912152   9.74774787222  0.603190820554  -1.07999585651 0.0480048948143 1785404727.73
  0.0686733584087 -0.00918677232561 -0.00535065402179 0.0694914127022 -0.202914096593 -0.104004900904   9.75369419146   0.310363893154  -0.675732263656 -0.0249309996693 1785404727.75
 0.0724585924537 -0.0201691637194 -0.0067886094558 0.0755190572231  -0.131273026124 -0.0307032390486    9.76508626173 0.0210427282605 -0.323219798587  -0.11331600168 1785404727.77
  0.0695237210224   -0.022248483208 -0.00992989347051 0.0736691629801 -0.017348896271 0.0668123113534   9.79361019177   -0.3145618567  0.108701804548 -0.196863433135 1785404727.79
 0.0605979800729 -0.0160705422834 -0.0142113812339 0.064283286123 0.109014434857 0.158950838346  9.83251132905 -0.592686818635  0.500340453924 -0.235771879402 1785404727.81
  0.0473977849763 -0.00356998296691  -0.0187316305112 0.0510898109279 0.196606972577 0.205044561573  9.86540696842 -0.696389738749  0.700418408123  -0.20247583512 1785404727.83
 0.0322209097845   0.012470691587 -0.0224620355517 0.041209807293 0.234414133257 0.208927443625  9.88465169049 -0.668679563971  0.727163529143 -0.128293238496 1785404727.85
 0.0174858697143  0.0289580843426 -0.0244705474534 0.0417508560526 0.275377567998 0.217555685531  9.90569477384 -0.668959589021  0.759174253845   -0.0411206716 1785404727.87
 0.0053005074694  0.0430215300475 -0.0241168216421 0.0496041179054 0.259164756245 0.179585742233   9.9076154823 -0.543012738943  0.626755487306 0.0876737433352 1785404727.89
-0.0028703240654  0.0524535849766 -0.0211838773981 0.0566425105266  0.178629230044 0.0991626501511    9.8841903346 -0.314998349007  0.349451856301  0.220710738689 1785404727.91
-0.00639278966413   0.0559938024498  -0.0159236477535 0.0585639499202  0.0580980119811 0.00409189254591    9.84084832889 -0.0648216950109  0.0240869899221   0.300999432841 1785404727.93
-0.00549191967372   0.0534277394936 -0.00901050255635 0.0544598355251 -0.0543727886115 -0.0719801953543    9.79553061234  0.118183846558 -0.235514263563  0.325905842149 1785404727.95
-0.00113148190078   0.0455091798948 -0.00141497345193 0.0455452286838  -0.16826691412 -0.143490877886   9.74568741988 0.261253837872 -0.48012556223 0.360608921537 1785404727.97
0.00521952106526  0.0337425300858 0.00577450930971 0.0346286975572  -0.27645610654 -0.199625574209   9.69193199055  0.347544798849 -0.678973119149  0.346031128871 1785404727.99
0.0118850912676 0.0200796430004 0.0115449083314 0.0260332934114 -0.336703098238  -0.21474655062   9.65250326314  0.332720324804 -0.748353829702  0.257828948643 1785404728.01
 0.0172916973285 0.00658981753432  0.0151293827026 0.0239024415614 -0.316343328455 -0.177986495842   9.64631564217  0.217169078737 -0.647945465761  0.119083531522 1785404728.03
  0.0202389191021 -0.00484483012713    0.016125686249 0.0263272479075  -0.22896465792 -0.108789318439   9.67410598695  0.0628608617347  -0.434722879887 -0.0131148516534 1785404728.05
 0.0200911858933 -0.0127704282132  0.0145453169386 0.027898133131  -0.153561541841 -0.0494501598833     9.6939600416 -0.0784973156566  -0.266907163125  -0.124096535144 1785404728.07
 0.0168647336503 -0.0163177608797  0.0107914309309 0.0258291219897 -0.0534615277725  0.0246180749345     9.7214365064  -0.243308498045 -0.0683780512336  -0.245438634622 1785404728.09
 0.0112003956805 -0.0152690458676   0.005576688929 0.0197406201654 0.0819237790416   0.10453066123    9.7815351787 -0.346750907458  0.172229097552 -0.301618982609 1785404728.11
   0.0042299108197    -0.010042120104 -0.000198886111247 0.0108984346312 0.18447795799 0.15534124142 9.84231991887 -0.345457465714   0.34102393934 -0.278621929121 1785404728.13
-0.00264062208991 -0.00160566072473 -0.00558651191311 0.00638436737195 0.235454641257 0.175719175829     9.88657143  -0.27366608669  0.418695599047 -0.213205913225 1785404728.15
 -0.0079936075549  0.00865925941373 -0.00972190165696 0.0152773003886 0.282324664519 0.202839009462  9.93004343982 -0.191619828186  0.495356482206 -0.151644904454 1785404728.17
-0.0106646347803  0.0191372171764 -0.0119365887778 0.0249489412181 0.295553287344 0.215825330661  9.96697037295  -0.052548299979   0.520977944245 -0.0564423099575 1785404728.19
-0.00996292347211   0.0281835857673   -0.011837150665 0.0321510884214 0.226078410329 0.179840162272  9.96806963484  0.130731387402   0.40926443142 0.0696728927556 1785404728.21
-0.00580710328023   0.0343440845325 -0.00934778223337 0.0360641043638 0.110011276887 0.115011031834  9.93996538009  0.29035075977 0.217218028257 0.184386204346 1785404728.23
 0.00125132137767   0.0365732182125 -0.00471558485918 0.0368971927953 -0.0150871851995  0.0367800120229    9.88795626792    0.35783088618 0.00195816356468   0.244073072701 1785404728.25
 0.0101255399706  0.0344312729858 0.00151972346465 0.0359214236707  -0.131593711214 -0.0329055838954    9.84509156896  0.431695884134 -0.198369671619  0.316492244028 1785404728.27
  0.019398113962  0.0282345394848 0.00858850099844 0.0353162624665 -0.252601554742 -0.112318925119   9.79224830568  0.463398648878 -0.405830717319  0.372978184702 1785404728.29
0.0275965240822 0.0191307061166 0.0155816892357 0.0370181185013 -0.322312313549 -0.175785513405   9.73841548374  0.378339348333 -0.514575043041   0.34841527824 1785404728.31
 0.0334863995941 0.00907322248861  0.0215624990245 0.0408485457304 -0.33006796422 -0.21028853282  9.69807534235  0.228795608429 -0.483885845246  0.265035669874 1785404728.33
  0.0363223110341 0.000676309969528   0.0256895964891 0.0444940787275 -0.253768232992 -0.191937215809   9.68974625423 0.0568831894008 -0.274239769709  0.130615536039 1785404728.35
  0.0360017861249 -0.00305371747742   0.0273383453427 0.0453082654787 -0.187431688997 -0.182457200175   9.67785935643 -0.0743782739425 0.00522496978973  0.0118080896932 1785404728.37
  0.0330864522271 0.000903624528124   0.0262033125113 0.0422154408342 -0.102086647906 -0.171271780123   9.66336528374 -0.192244987562  0.477584165455 -0.130637110304 1785404728.39
0.0286816055959 0.0151314240613 0.0223640297918 0.0393921860552 0.0257897432029 -0.125122689201   9.67432795905 -0.246200405204   1.11888867496 -0.274300145713 1785404728.41
 0.024196291626 0.0413060763719 0.0162984858061 0.0505696857145   0.148009251684 -0.0598836235813    9.71023601288 -0.201186618015   1.70057680566 -0.355853256942 1785404728.43
 0.0210331349583  0.0797819057548 0.00883562907682 0.0829795974516    0.215809533654 -0.00320016026865     9.75725160519 -0.0880371426179    1.97529052723  -0.342296446032 1785404728.45
 0.0202740950992   0.129308451448 0.00104862771409 0.130892376279  0.286305276707 0.0369408951807   9.79554004626 0.0320490554751   2.45767726813 -0.337853935612 1785404728.47
  0.0224306980094    0.186953829873 -0.00589716632318 0.188386961566  0.371249306712 0.0748504316902   9.84500671364  0.186112634932   3.14528187531 -0.316307482171 1785404728.49
0.0273143136363  0.248287325563 -0.010916566375 0.250023677251  0.395703596192 0.0969204727559   9.90580825696 0.321631403733  3.34428209696 -0.20108307892 1785404728.51
 0.0340566695059    0.30783919083 -0.0131656920853 0.309997031594  0.357452770421 0.0992058538885   9.96135022729    0.37152649775    2.96704905597 -0.0331085325723 1785404728.53
 0.0412787645608   0.359808875664 -0.0121610064919 0.362373086044  0.26551416894 0.083535572076  9.98766787565  0.30229586935  2.06786092956 0.121024211618 1785404728.55
  0.0473746698744    0.398941238242 -0.00783382798013 0.401820656234  0.218261292722 0.0824591047972    10.034226778 0.223080660034  1.43622082313 0.271444613943 1785404728.57
   0.0508520819462     0.421443074582 -0.000512191030111 0.424500249342  0.176102789884 0.0903752404615   10.0931721312 0.0864306731187  0.706279603759  0.447250875143 1785404728.59
 0.0506591065048   0.425780443794 0.00916207294559 0.428881422972  0.104738077967 0.0918773660225    10.104798442 -0.119284758627 -0.222550691275  0.562922811448 1785404728.61
0.0464292247076  0.413191308412 0.0203599410013 0.416289871906 0.0299514401659 0.0902325884675   10.0732925376 -0.320834606446  -1.01055242911  0.612765768326 1785404728.63
0.0385931115695  0.387775439825 0.0322070578336 0.391019839096 -0.0314919403941   0.073974042991    9.98297024902 -0.411457357574  -1.29843049171  0.535509315817 1785404728.65
0.0283330838849  0.356085558341 0.0439119611863 0.359899915027 -0.0781211499731  0.0642833346196    9.90589466222 -0.48421399723 -1.40527021697 0.517200040404 1785404728.67
0.0173873686631  0.326232817957 0.0548573966316 0.331269536882 -0.124086113422 0.0511093478743   9.81175174352 -0.541935808171  -1.30179177788  0.545530955445 1785404728.69
0.00774049894996   0.306619814706  0.0646411552445 0.313455108501 -0.137067759945 0.0162682769749   9.69448277322 -0.442621443257 -0.596278640381  0.499611578349 1785404728.71
0.0012574452339  0.304503349224 0.0730641433355 0.313148910102  -0.110704312527 -0.0310836237491     9.5928720026 -0.229857938641  0.492567228504  0.421721748253 1785404728.73
-0.000670957498631     0.324644894958    0.0800737051918 0.334374873861 -0.0416604477375 -0.0691064221405    9.56951331022 0.0306410742339   1.46334406097  0.289269055631 1785404728.74
0.00259355200868   0.368312597514  0.0856777463055 0.37815548682 0.0354019453967 -0.106532959128   9.55261133963 0.259905382976  2.45493114292  0.22178908154 1785404728.77
0.0107846852601  0.432848941556 0.0898493260612 0.442207436658  0.151652206257 -0.155150327626   9.53465769455 0.537528458452   3.8329102742 0.180551647274 1785404728.79
0.0227331323035  0.511920257753 0.0924424753919 0.520696415254  0.264808797682 -0.161525035876   9.60870924956  0.686731350959   4.36502162448 0.0877674804636 1785404728.81
 0.036521327396  0.596436928776 0.0931385893703 0.604769058561   0.35805255728 -0.138917624005   9.71708738018   0.715537817041    4.34322993436 -0.0265638541945 1785404728.83
0.0497653312898  0.676002508939 0.0914389234128 0.683971532306   0.369375516653 -0.0804422938957    9.83444505634  0.550595235883   3.38491466002 -0.150843821243 1785404728.84
0.0599780824403  0.740642887803 0.0867122595834 0.748109800489   0.365099317996 -0.0189383766413    9.92987858587 0.347219106349  2.43410019354 -0.30033694726 1785404728.87
 0.064957673852  0.782504954498 0.0782978787426 0.789090654502  0.357673956924 0.0547130498571   10.0217224404 0.0809218910501   1.44629059798 -0.538416370598 1785404728.89
0.0631431261055  0.797210682199 0.0656535410976 0.802397852468 0.265539948901 0.133043242469  10.0646299305 -0.295622265042 0.0561810453284 -0.794944220279 1785404728.91
0.0538868092558  0.784608898684 0.0485277265419 0.787952950593 0.120968274791 0.197450688509  10.0488793919 -0.699168326827  -1.32606405807  -1.05476481373 1785404728.93
0.0376048283704    0.7487739647  0.027126484279 0.750208250741 -0.0401692553971   0.200659317151    9.95134948737 -0.905064952361  -2.07520873677  -1.09943887511 1785404728.94
  0.015782107083    0.69723924565 0.00223956701919 0.697421433739 -0.167807255962  0.193709415738   9.84831415326 -1.06802270587   -2.492635442 -1.18349385152 1785404728.97
-0.00917392568509    0.639598027101  -0.0247098367115 0.640140901063 -0.304067263584  0.191972646391   9.72212176859 -1.31045466112 -2.92255434226 -1.41420744084 1785404728.99
-0.0342190187648   0.585727560584 -0.0517203037964 0.589001448468 -0.364184735089  0.136828388579   9.59142210972 -1.23960791006 -2.52796139347 -1.36603394059 1785404729.01
-0.0560666614166   0.543968574754 -0.0763851027826 0.552159365373 -0.346715407732 0.0611744413435   9.49911504443 -0.951884013489  -1.68177929925  -1.13064253158 1785404729.03
 -0.071643459473    0.51960642736 -0.0961728461081 0.533266200849  -0.271442670217 -0.0125678633798    9.46345817516 -0.535275733176 -0.714977795234 -0.771499485549 1785404729.05
-0.0785430394108    0.51394645683  -0.108780582317 0.531171520902  -0.181885537479 -0.0741938479642    9.45936266726 -0.0886995046357   0.107346055162  -0.384664310391 1785404729.07
-0.0754089394422     0.5241634925  -0.112502652702 0.541378538439 -0.0917795249215    -0.1320826819    9.46484802874  0.427574479079  0.784143993278 0.0583591789551 1785404729.09
-0.062180377182  0.543954523094 -0.106547260218 0.557768089048 0.00672722625542  -0.157079235312     9.5508470336 0.927665382164  1.07086097848 0.559564555697 1785404729.11
-0.0401511418274   0.564863728144 -0.0912352709104 0.573591335553 0.0695496913811 -0.146632739615   9.67321818877  1.27273856377 0.860764917701 0.973363727703 1785404729.13
-0.0118204212081   0.578013429293 -0.0680330233834 0.582123474076 0.0847790684463 -0.114000179672   9.79389455532  1.46142241798 0.270425718139  1.27101405502 1785404729.15
 0.0194492472445   0.575892351914 -0.0394002016911 0.577566143489   0.053606155235 -0.0660102843378    9.89631332037   1.46321955345 -0.572888526427   1.41174241311 1785404729.17
  0.0499150145297    0.553842399918 -0.00846948569191 0.556151638324 -0.0133730544995  -0.015354908281    9.98350986689  1.43524181595 -1.64829602323  1.54292698345 1785404729.19
0.0759975771449  0.510949715586 0.0213909089794 0.517013360153 -0.112048580554 0.0382597575011   10.0344496975  1.18194854735 -2.73036924345   1.4623553863 1785404729.21
0.0947931153676  0.450171401289 0.0470555476393 0.462443780175 -0.208502889535 0.0775468009561   10.0324856006  0.73628986171 -3.44643442674  1.15563904488 1785404729.23
 0.104467143774  0.377689026218 0.0660751352586 0.397401947848 -0.270492797367  0.092303961016   9.98823168145 0.236508990513 -3.63088091453 0.731703044271 1785404729.24
 0.104468191993  0.301639833878 0.0769879531912 0.32837073173 -0.289212776406 0.0857609898614   9.92651341545 -0.206024205167  -3.39484802618  0.308674755348 1785404729.27
0.0955347703314  0.230502192868 0.0794580199781 0.261862044211 -0.302223181306 0.0740730038688   9.87229777502  -0.624828863776   -3.25832838197 -0.0691628088791 1785404729.29
0.0795075369143  0.171476175328 0.0742250382287 0.203063742287 -0.255501785353 0.0474195386054   9.81558235531 -0.965709501657  -2.67733668927 -0.437846522715 1785404729.31
0.0589915085018  0.129189515014 0.0628895383661 0.15532231939 -0.147561084526 0.0154368038688   9.77665070246  -1.09216098157  -1.70594560558 -0.683352433546 1785404729.33
0.0369343128459  0.104977183201 0.0475874666966 0.121032720554  -0.0269997760561 -0.00641225706921     9.76627293454  -1.04491679258 -0.789566057382 -0.787745617828 1785404729.35
0.0161931346721 0.0968499607768 0.0306245468625 0.102859104524  0.0772859916758 -0.0132008140953    9.77992797039 -0.889163232927  -0.11441333212 -0.787249537618 1785404729.37
-0.000843905882155     0.100116060152    0.0141392941628 0.101113091718     0.16234869743 -0.00600466841791     9.80939343996 -0.725802252014  0.293992431969 -0.777634195618 1785404729.39
  -0.0125329846181     0.108485721961 -0.000152999783938 0.109207376041  0.199675355778 0.0150348355224   9.85076235572 -0.457864164754  0.405120588572 -0.669160729384 1785404729.41
-0.0181192201657   0.115401347861 -0.0111082853513 0.117342111925  0.16223857739 0.040852003709  9.88651350665 -0.136324691697  0.178501661434 -0.471780828282 1785404729.43
-0.0177457747982   0.115311277158 -0.0181929780024 0.118078734798 0.0616404242363 0.0585717546012   9.90148786835  0.141652154619 -0.263774220987 -0.253176295443 1785404729.44
-0.0123418927516   0.104643233789 -0.0214341597172 0.107526517182 -0.068327564985 0.0628206588571   9.89574641727   0.329977532297  -0.759909363138 -0.0718309927301 1785404729.47
-0.00341906921872   0.0823181286937  -0.0213116796824 0.085100834525 -0.232143926036 0.0597973887797   9.88252352303  0.488846056422  -1.37408292943 0.0703387089264 1785404729.49
0.00718652296114  0.0497513873328 -0.0186242699153 0.0536069965927 -0.403813100203 0.0363601172305   9.84909681442 0.557156852903 -1.90799030445 0.184532048223 1785404729.51
  0.017584513963   0.010391106957 -0.0143552289013 0.0249652324627   -0.517562331809 -0.00360690525238      9.8056381453 0.497962505701 -2.13083961464 0.239139717396 1785404729.53
  0.0260762649528  -0.0310800208262 -0.00955272836384 0.0416796581996  -0.538841238506 -0.0449758979085    9.77064597492 0.344052528242 -2.00240066913 0.228133134463 1785404729.54
  0.0313473402248  -0.0697091401082 -0.00522942270476 0.0766117929278  -0.472487654418 -0.0744356220847     9.7557566989 0.150439859899 -1.62017067566 0.168006103042 1785404729.57
  0.0325896522414   -0.101226317768 -0.00227879965434 0.106367503355 -0.403400643044 -0.100131098043   9.75521703731 -0.0443777077809   -1.31128356192  0.0944578992256 1785404729.59
  0.0295495808201   -0.122829782736 -0.00140289390972 0.126342001587 -0.257224114536 -0.107460653956   9.78075180933  -0.265440898998  -0.854865265536 -0.0202383135658 1785404729.61
  0.0225100843362   -0.133688054171 -0.00304730765987 0.135604151149 -0.0465156756724 -0.0860877604463    9.83232733255 -0.456991734894 -0.323515152362  -0.15668844637 1785404729.63
  0.0122227431314   -0.135095856949 -0.00734373500299 0.135846297183   0.160667995117 -0.0449403350344    9.89478683029 -0.575578497567 0.0865163415614 -0.279362318347 1785404729.64
-0.000191644211061    -0.130275712484   -0.0140658004358 0.131032991009   0.301191535333 0.00158413811778    9.94670229428 -0.586674592939  0.257499157735 -0.350104572993 1785404729.67
-0.0133578560766  -0.123868197136  -0.022609241419 0.126621247736  0.426018995956 0.0453495307369   10.0117299448 -0.625804122561   0.22218076039  -0.43909414855 1785404729.69
-0.0257665869544  -0.121195778331 -0.0320104053102 0.1279726523  0.483672418485 0.0838510820472   10.0678887804  -0.593271060056 -0.0933287353409  -0.484486404063 1785404729.71
-0.0358975519811  -0.127413964754 -0.0410159646736 0.138583050951  0.415706861043 0.0992686134892   10.0820542207 -0.435883439636 -0.669853128576 -0.425877985759 1785404729.73
-0.0423474553879  -0.146676779867 -0.0482106694369 0.160098886247  0.255580779258 0.0883899470986   10.0569674928 -0.203495641599  -1.36272420831 -0.282074836716 1785404729.74
-0.0439653219268   -0.18144040643 -0.0521990783376 0.193851268753 0.0526337446357 0.0560477185567   9.99798355639  0.0540241616628   -1.95794017286 -0.0828899496417 1785404729.77
-0.0399929119938  -0.232009989271 -0.0518232749335 0.241067874169 -0.156732597346 0.0204904441544   9.95181893457 0.338272890678 -2.82494447781 0.142875719556 1785404729.79
-0.0301992422235  -0.296402059908 -0.0463847237224 0.301525650557  -0.378817290237 -0.0254850460315    9.88460080558  0.65550814385 -3.63199190383 0.419311270178 1785404729.81
-0.0149886673222  -0.370551691706 -0.0358287191199 0.372581418602  -0.546544697346 -0.0688517967595    9.80413319278 0.919699065289 -4.03526276645 0.675976315841 1785404729.83
0.00454439991495  -0.448842929736 -0.0208482410858 0.449349837322  -0.617360231811 -0.0958531910405    9.73105089932  1.06730431936 -3.95694192346 0.844935200997 1785404729.84
   0.026640563684   -0.524888600515 -0.00287279265222 0.52557208404   -0.57352976725 -0.0986897751082    9.68224054866    1.045840707 -3.37836098695  0.86864869553 1785404729.87
0.0489976368673 -0.592439445399 0.0160734870821 0.594679427818 -0.526277959858 -0.095314220693   9.63893820616  1.02636224397 -2.94177340324 0.884770064972 1785404729.89
0.0689907210585 -0.646273196763 0.0336349332624 0.650814930054  -0.425046866654 -0.0777779741252    9.61079690441 0.888542140237 -2.29856716078 0.797747660974 1785404729.91
0.0839709085685 -0.682911703491 0.0474730622208 0.689690655213  -0.273612752301 -0.0473035842529    9.60532381088 0.597111512591   -1.446151175 0.581135114993 1785404729.93
0.0916051431144 -0.701043323177 0.0556442807374 0.709189346504    -0.09514418437 -0.00978188583717     9.63172791849  0.162065454726 -0.485186222163  0.245962554112 1785404729.94
0.0902081989266 -0.701584697995 0.0569392366737 0.7096482821 0.0566555266494  0.022391011943    9.6847205563 -0.296162633863  0.321226258518 -0.106457349865 1785404729.96
0.0790154717101 -0.687388214197 0.0511188514626 0.693800503575 0.167999475143 0.047926347133  9.73037067169 -0.751863614907  0.918435302179 -0.423451586383 1785404729.99
0.0583523937343 -0.662671395785  0.038997962516 0.666377686996  0.254977685512 0.0707205839317   9.77755145036  -1.25119733819   1.39695343594 -0.729360508222 1785404730.01
0.0296707394978 -0.632295151652  0.022354324984 0.633385528276  0.298918003168 0.0870012685214   9.82809605059  -1.68789665075   1.65361416574 -0.947747637541 1785404730.03
-0.0045592529438  -0.601037533255 0.00367330890854 0.60106604992  0.276775641882 0.0906609520682   9.86864775076  -1.85229140539   1.55223322754 -0.957625322006 1785404730.04
-0.0410923509559  -0.572995184073 -0.0142298361716 0.574642976565  0.199045751968 0.0805699600438   9.88390768565 -1.63328194987  1.13520709808 -0.73616788753 1785404730.06
-0.0762607411313  -0.551201656271 -0.0286446464182 0.557188910768  0.144020036003 0.0831495614102    9.8953941628  -1.54226674527  0.838470815289 -0.546772168939 1785404730.09
 -0.106394193191  -0.537493096599 -0.0373809739524 0.549195675921 0.0816081402575 0.0900324114791   9.89947333581  -1.37014174875    0.4903373038 -0.275349311142 1785404730.11
 -0.128257020474  -0.532593570324 -0.0390940321931 0.54921227026 0.00248727695985  0.0849355463909    9.88301884856 -0.885731709321 0.0306627361341  0.104902999535 1785404730.13
  -0.1394468655 -0.536348861433 -0.033466329787 0.555189629485 -0.0701284285544  0.0706147617985    9.85756156403 -0.274349649072 -0.405096917644  0.469390775247 1785404730.14
 -0.138702809789  -0.548017526827 -0.0212221043036 0.565696081712 -0.114116238836 0.0426860840197   9.82987842785 0.301924095945 -0.68175964827 0.665984232484 1785404730.16
  -0.126079666337   -0.566532662999 -0.00398095914262 0.580406054883  -0.16342039429 0.0173420949416   9.81299631752  0.835895066246 -0.997584650232  0.870885456883 1785404730.19
-0.102961220012 -0.590672714992 0.0160156208609 0.599793105307  -0.223253321185 -0.0185141892919    9.80148584347  1.43205703357 -1.39003856881  1.06358285066 1785404730.21
-0.0719061506961  -0.619116655385  0.0362534874223 0.624331837113  -0.252931606417 -0.0613739324636     9.7980231567  1.79216287356 -1.60675766495  1.03028055571 1785404730.23
 -0.03634365451 -0.650398471825 0.0543127998827 0.6536733998  -0.260454268884 -0.0998776917046    9.80163723892  1.90166640103 -1.68813399379 0.846677355783 1785404730.24
-0.000157678332024    -0.682808707332    0.0681980003136 0.686206035325 -0.219770103026 -0.111068726921   9.80805987273  1.56798371933 -1.44963478678 0.505210220601 1785404730.26
0.0327846865553 -0.714309114981  0.076586210001 0.719150745657 -0.208478813131 -0.126237297899   9.81126752195   1.3766395721 -1.38739296169 0.250119676122 1785404730.29
0.0590968785977 -0.742526121315 0.0789638760653 0.749047912765 -0.202969689663 -0.138078718499   9.80809629709    1.14616184783   -1.33276287156 -0.0249836535807 1785404730.31
0.0762665436322 -0.764870041265 0.0756384069867 0.772375513798 -0.159902379687 -0.115892287586   9.79439851497  0.641683385226 -0.976553708053 -0.305185310463 1785404730.33
0.0829283186372 -0.778794289814 0.0676296174656 0.786111580527  -0.100420053314 -0.0729394943218    9.77104335046 0.0715408526919 -0.455567202537 -0.504962056078 1785404730.34
 0.078983193329 -0.782169478665 0.0564632788616 0.788172278149 -0.0338183305262 -0.0202903477087    9.74965536145 -0.393106943843  0.115035934137 -0.536828162975 1785404730.36
0.0655542323252 -0.773710064567 0.0439035068376 0.77772240504 0.0185480684237 0.0222584581906   9.72073497916 -0.776165199926  0.653865047987 -0.562822896799 1785404730.39
 0.044791282627 -0.753365178583 0.0316696006211 0.755359725498 0.0769494619471 0.0665945342386   9.67797285826  -1.21489460282   1.35053520986 -0.600070882732 1785404730.41
0.0195575549187 -0.722577948061 0.0211844440069 0.723152936554  0.127440080772 0.0955134674819   9.65526425722  -1.43418058131   1.91331075967 -0.506500544628 1785404730.43
-0.00695412770801   -0.684332692962   0.0133949991809 0.684499101936 0.149826004616 0.094347893461  9.66653290499 -1.34387576176  2.09107526241 -0.32805102249 1785404730.44
-0.0316204072773  -0.642944864577 0.00869148646945 0.643780623333  0.137745235951 0.0664381538495   9.70774783816  -1.00867214338   1.81798952751 -0.145513564567 1785404730.46
-0.0517485263637  -0.603597095987 0.00693284726783 0.605850995408  0.130926608317 0.0376865936241   9.74482658741  -0.764940024896    1.61598410444 -0.0255250565249 1785404730.49
-0.0653563038182  -0.571675652894  0.0075657633564 0.57544916312    0.125028519421 7.55426530833e-06     9.79173866683 -0.521870893134   1.37408002404 0.0765520393345 1785404730.51
-0.0713433954064  -0.552004032493 0.00980717347656 0.556681697749   0.083125747788 -0.0469687185314     9.8566126603 -0.116661886999  0.656941014468  0.147205056947 1785404730.53
-0.0695437281026  -0.548095623219  0.0128494943683 0.552639350585  0.0220928513338 -0.0799727121845    9.90948846825  0.280817836034 -0.251032034146   0.16405069385 1785404730.54
-0.0606647889973  -0.561549979883  0.0160454979915 0.565045179199 -0.0329124902798 -0.0855110814121    9.92855064612  0.529723011628 -0.986523181019  0.139975710783 1785404730.56
-0.046131642741 -0.591696834452 0.0190359790357 0.593797643024 -0.0805500907547 -0.0847588815534    9.93956976089  0.74163918882  -1.6731208765 0.130022158103 1785404730.59
-0.0278617456907  -0.635552887761  0.0217964380003 0.636536593389  -0.136226568275 -0.0788661167792    9.94540251065  1.01168602371 -2.55798340293 0.147532521028 1785404730.61
-0.00800127315267   -0.688107035116   0.0245964685762 0.688592984581  -0.164994411152 -0.0464137112635    9.90548234986    1.103411088 -3.02113061813 0.171329477321 1785404730.63
 0.011344654529 -0.742899693877 0.0278841165911 0.743509368002   -0.149119764803 -0.00314346091297     9.83210591944 0.978594133532 -2.81841629746 0.202596206939 1785404730.64
0.0283564401706 -0.792819671599 0.0321235265872 0.793976725309 -0.0928081303016   0.027605862564     9.7593567244 0.685855989117  -1.9914166002 0.220135155923 1785404730.66
0.0416913370843 -0.831012779365 0.0376243124953 0.832908155769 -0.0369416107153  0.0439476235615      9.692012364 0.491433599997 -1.30266916654 0.271291359272 1785404730.69
0.0506001075883 -0.851782143225 0.0444029368045 0.854438301577 0.0393816315513 0.0511987045497   9.59700343041  0.352349263967 -0.540472485942  0.384746035265 1785404730.71
0.0549566529924 -0.851360596145 0.0521093085606 0.85472245695  0.144550445076 0.0281586390576   9.52080316289  0.13454859368 0.682500402869 0.457309780797 1785404730.73
0.0551999629982 -0.828449285671 0.0600371311996 0.832454029942   0.221981350595 -0.0207102415429    9.52127974811 -0.0744808595155    1.80853851242   0.408312254441 1785404730.74
0.0522007590485 -0.784442190985 0.0672174219277 0.789045405572   0.238437162838 -0.0645666180941    9.58259126841 -0.179202156251   2.31999240965  0.276625720976 1785404730.76
0.0470773616008 -0.723292216232 0.0725755990102 0.728447064384  0.267723955627 -0.109902801473   9.61810130595 -0.243647980922   2.90075567434  0.171775847744 1785404730.79
0.0409939385301 -0.651019175999 0.0751184153518 0.656619560202    0.3266632778 -0.174229880106   9.64108318719 -0.316854269268   3.88549852434 0.0402186048108 1785404730.81
0.0349771102648 -0.574910094637 0.0741114950792 0.580721558805   0.33079613042 -0.214977549639   9.70693458443 -0.330339539827   4.37578510976 -0.174018167703 1785404730.83
0.0297827404827  -0.50251199607 0.0692125157946 0.508129599775  0.240641074095 -0.185627063671   9.80042837997 -0.252376316196   3.70848671136 -0.374683568674 1785404730.84
0.0258339756711 -0.440558370784 0.0605373913359 0.445447918523  0.119736429336 -0.111314700303   9.86907076478 -0.148197114475   2.45653830182 -0.465405430277 1785404730.86
0.0232360756831  -0.39399346731  0.048653051066 0.397665546501  0.0308160715631 -0.0454671385211    9.91821149302 -0.0859771764898    1.62771201975  -0.562692316834 1785404730.89
0.0218564358156 -0.365255951047 0.0345057023695 0.367532661213 -0.0591033081858   0.032338386512    9.97708368377 -0.0457621934619    1.02212431977  -0.749187092533 1785404730.91
0.0214433511285 -0.353951956465 0.0193038001865 0.355125951592 -0.159466727642   0.13632912206   10.0181913383 -0.00319945278276    0.244804984219   -0.892161522844 1785404730.93
 0.0217483938392  -0.356989157903 0.00437839600085 0.3576778185 -0.202785933751  0.201737633861   9.98695364345 0.0324979532383  -0.42107094647 -0.782237158347 1785404730.94
 0.0226175393427  -0.369165731285 -0.0089593228875 0.369966430514 -0.178866509307  0.200503928812   9.91752492301 0.0519126954261 -0.618459126967 -0.545388028548 1785404730.96
 0.0240260127541  -0.384123449315 -0.0195499721865 0.385370308943 -0.148167955895  0.189899940136   9.85837597606 0.0740669545821 -0.568370993257 -0.378608689683 1785404730.99
 0.0260491124832  -0.395498751797 -0.0265005248659 0.397240603101 -0.113949669385  0.182109829377   9.79348972241  0.119815221359 -0.351061448482 -0.245109499108 1785404731.01
 0.0287813381797  -0.398056665921 -0.0292780803512 0.400168315463 -0.0346834261496   0.127489812643    9.70645773179 0.183299253394 0.204953896448  -0.0378901966 1785404731.03
 0.0322329817626  -0.388584331358 -0.0277788062468 0.390907162594 0.0747947675009 0.0132431920052   9.65013419669 0.206898854526  0.87905683754  0.19174330171 1785404731.04
 0.0362414398953  -0.366360727164 -0.0223644387202 0.368827591827   0.148936675939 -0.0827220121764    9.64962511267 0.187222132856  1.26706712368 0.317988351122 1785404731.06
 0.040430877774 -0.333103259966 -0.013855049501 0.33583388762  0.211319022476 -0.158269613441    9.6592290152 0.172769141893  1.59760694537 0.408240237491 1785404731.09
  0.0442392393224   -0.292404580989 -0.00346625180013 0.295752538756  0.302481888587 -0.251179864954   9.67016176499 0.164738339967  2.11106925211 0.530085339195 1785404731.11
  0.047010350258  -0.248789419854 0.00731599000408 0.253297596065  0.389941998817 -0.333918628597    9.7195228807  0.11486220647  2.53420926844 0.602152947421 1785404731.13
0.0481277305765 -0.206612649254 0.0169187516021 0.212817549647 0.374559127931  -0.3124035583  9.81315222046 0.00405873235262    2.27452110737   0.473240550732 1785404731.14
0.0471526200954 -0.169061140204 0.0239043851824 0.177134012375  0.280082425129 -0.210487113772   9.88667979731 -0.0977920727023    1.60870976449   0.239243230533 1785404731.16
0.0439263802851 -0.137499140857 0.0271971370433 0.14688507373  0.216660504312 -0.125242375396   9.93359099203 -0.181466634572   1.22642153207 0.0502397755391 1785404731.19
0.0386078224695 -0.111312100992 0.0262700471442 0.120710658851   0.194939267501 -0.0491289503591    9.98462876035 -0.300387718076   1.20302610642  -0.14538385215 1785404731.21
 0.0316358698514 -0.0882767391963  0.0212486856112 0.096151534489  0.166299196766 0.0595999465458   10.0149176027 -0.439057214825   1.34743480021 -0.391908285082 1785404731.23
 0.0236308177004 -0.0653487578396  0.0129013743231 0.0706775859505 0.0984239734729  0.157364538124   9.96039802827 -0.455278018409   1.35234277549 -0.521172982692 1785404731.24
 0.0152657191631 -0.0396513847497 0.00250919036583 0.0425625484485 0.0398517088339  0.192919912804   9.87377775011 -0.378842818491    1.2858876534 -0.488701608134 1785404731.26
 0.00714693013966 -0.00939830435356 -0.00836259576173 0.0144685777814 0.00750249534681   0.216704759206    9.80350929095 -0.338646136013   1.42065430329 -0.450425849227 1785404731.29
-0.000262914750732    0.0254927827097   -0.0181451073631 0.0312921078815 -0.014517472287   0.25271882334   9.73269175666 -0.342854369456   1.80366627122 -0.426414713345 1785404731.31
-0.00666303418182    0.063252269979  -0.0255383196318 0.0685379562842 -0.0294200958757   0.267233178266    9.66314704305 -0.337341626729   2.18139358718  -0.33607574028 1785404731.33
-0.0118788829261   0.100606544188 -0.0297174862049 0.105574208874 -0.0246627912887   0.199859133423    9.65177806121 -0.252295863082   1.94111267106 -0.135214983235 1785404731.34
-0.0157964569272   0.133522952996 -0.0304332695066 0.137855326053 -0.00423635123191    0.108979390588     9.69099754902 -0.151936273822   1.36188413366 0.0408144149457 1785404731.36
-0.0182993372157    0.15815642749 -0.0279927691316 0.161653692883 0.0247757843335 0.0366361034444   9.74084069657 -0.0751999375586   0.835387271004   0.159393127868 1785404731.38
-0.0192386038035   0.171761358223 -0.0231373251878 0.174377245855  0.0713613696605 -0.0286805307396    9.79597268108 -0.00369637495728     0.36561338523    0.267962081865 1785404731.41
-0.0184529821119   0.173353649439  -0.016854557577 0.175145871871  0.147741016306 -0.106339581873   9.87214131708 0.0981844624987 -0.224661980142  0.374389849351 1785404731.43
-0.0158383060939   0.163980925382 -0.0101715573376 0.165057736589  0.202041883546 -0.153856470701   9.93477213412  0.194943761939 -0.745542634232  0.358440007344 1785404731.44
 -0.0114471348934    0.146560497719 -0.00397301726256 0.147060536022  0.215594091541 -0.156463810636   9.95350526979  0.245751148471 -0.926092006972  0.270772296304 1785404731.46
-0.00558623394947    0.125346875747  0.00112432930913 0.125476329982  0.221732412968 -0.146312934117   9.95409233348  0.281268376016 -0.926064434049  0.196866860207 1785404731.48
0.00112466366687   0.105168373644 0.00482630296237 0.105285064864  0.232808664608 -0.132090688867   9.95040777769  0.320072743298 -0.832866778512   0.14439002094 1785404731.51
0.00776328133335  0.0906098729216 0.00714651280208 0.0912222026326   0.233325212846 -0.0978352731346     9.9350979261  0.339860879575 -0.558892755026 0.0987949096386 1785404731.53
 0.0131993842145  0.0853117963245 0.00833633014438 0.0867284309556   0.165972533084 -0.0170744445772    9.88284292598  0.243155065099 0.0257533241989 0.0467313686576 1785404731.54
 0.0162671785686  0.0915105476509 0.00878085571228 0.0933590105828 0.0640321450566 0.0683572150712   9.82319490162 0.0670405095914  0.590759671178 0.0131704284061 1785404731.56
   0.01598718178   0.109877814441 0.00888400629528 0.111389629927 -0.0120423860687   0.142622277507    9.78315981344 -0.0990894769445    1.06579351825 0.00404698227873 1785404731.58
 0.0117921033257   0.139643874564 0.00896362537423 0.140427248011 -0.0750209198554   0.230539358342    9.75065165449   -0.29142785832    1.63832487168 0.00685330392826 1785404731.61
0.00370383895766   0.178931288495 0.00917286502726 0.179204536433 -0.127547381431  0.335677171945   9.72121298626 -0.534258650974   2.35859766168 0.0136433953077 1785404731.63
-0.00758604310568    0.225192795069  0.00945848626532 0.225518970296 -0.132333625049  0.385694112514   9.71215782721 -0.704542733004    2.7851084469  0.011181580459 1785404731.64
-0.0207617087278   0.275645370302 0.00956115019025 0.276591457408 -0.0734414122745   0.316349970313    9.73386323367   -0.638946068065     2.47238222053 -0.00967652631601 1785404731.66
-0.0340559007605   0.327617097708 0.00905761319171 0.329506915624 -0.00600412410773    0.246308351247     9.75198207726  -0.541210143133    2.25404776184 -0.0463672831128 1785404731.68
-0.0455211168881   0.378764074297 0.00743992888196 0.381562247349 0.0739812724645  0.191287893711   9.76133215312 -0.456488419374   2.35567681494 -0.114437466801 1785404731.71
-0.0533451110873   0.427157729227 0.00422198478864 0.430496517606 0.173117564309 0.106935612268  9.77019646744 -0.286142718668   2.49174074055 -0.225739416019 1785404731.73
  -0.0561449474127     0.471276759791 -0.000941263935613 0.474610287939   0.257461848804 -0.0145917850869    9.78179659226 0.00480563756658    2.39298059052  -0.357321833492 1785404731.74
  -0.053178835934    0.509954904214 -0.00814135760186 0.51278482293  0.250151525165 -0.118250212469   9.79624068518  0.292341312161   1.77401703007 -0.404260680018 1785404731.76
-0.0444353448698   0.542334230845 -0.0171337474809 0.54442123684  0.208408370226 -0.179446366178   9.80639092731  0.495124158624   1.26913052439 -0.420112330939 1785404731.78
-0.0305895186432   0.567857132574 -0.0273083697059 0.569335743408  0.176248451998 -0.247220451261   9.81556755344  0.745374797348   1.03756638655 -0.486028570338 1785404731.81
-0.0128466459217   0.586305897636 -0.0377314524787 0.587659173688  0.115378322094 -0.305434431021   9.82839987649   1.01135538049  0.801625664264 -0.532941642298 1785404731.83
0.00728147609273   0.597874633738 -0.0472647871229 0.599784175903  0.020338797257 -0.322124012738   9.84468104101  1.19004641814 0.490848754843 -0.49330410205 1785404731.84
 0.0282120868779   0.603241058788 -0.0547513275072 0.60637727919 -0.0690076510136  -0.251444259494    9.85424241418   1.06423753488    0.1478474351 -0.309205062275 1785404731.86
 0.0484876241038   0.603599129534 -0.0592368790143 0.608434028224 -0.113501864493 -0.168010905832    9.8571515206   0.849392863977 -0.0575748349049  -0.119246332495 1785404731.88
 0.0668985808414     0.6006187522 -0.0601825275065 0.607322189806 -0.146718557932 -0.121084647207   9.86479426389   0.78320832242 -0.167629220687 0.0372733202765 1785404731.91
 0.0825229724522    0.59631458115 -0.0576171178302 0.604748586556  -0.167419153082 -0.0799257613416    9.87232201178  0.754844428893 -0.211549038263    0.2171251379 1785404731.93
 0.0946953229411   0.592828572088 -0.0521870105092 0.602608002051 -0.136365868892 -0.029018617538   9.86228806403  0.591679979842 -0.120582829783  0.363393875113 1785404731.94
  0.102934311173   0.592154803793 -0.0450810244574 0.602723056501 -0.0611315295788 0.00941058227788    9.83267033721  0.311483480035 0.0774194889983  0.367290448804 1785404731.96
   0.10686480002   0.595853306166 -0.0378371878556 0.606541755147 0.00590102902226  0.0238592343605    9.80122411262 0.070962795267 0.277720768268 0.285672018327 1785404731.98
  0.106167063292   0.604806537686 -0.0320670666637 0.61489079528 0.0627128496959 0.0271648165394   9.76656343298 -0.142971025578  0.527694336615  0.197379206832 1785404732.01
  0.100575792059   0.619065519065 -0.0291548733927 0.627859549171  0.124314471486 0.0218087261437   9.71868456158 -0.43093428685 0.876411494398  0.05498842745 1785404732.03
0.0899368953407  0.637814599896 -0.029996051569 0.644822357005   0.166010914491 0.00437687670814    9.67449559225 -0.750104370811   1.15377481634 -0.162131092468 1785404732.04
 0.0743142057903   0.659459840245 -0.0348311763677 0.664547284191   0.158909890211 -0.0157474759155    9.66440131827 -0.932287009442   1.14561088943 -0.343932858869 1785404732.06
 0.0541235762453   0.681822644551 -0.0432080529134 0.685330880644   0.124125969691 -0.0278265895019    9.68266678044 -0.965864017804  0.941532345672 -0.421899227122 1785404732.08
 0.0302607346871   0.702403533372 -0.0540741806291 0.705131514519   0.106127909354 -0.0387758794659    9.68950160771  -1.13503020604  0.837570464079 -0.517374415631 1785404732.11
0.00418370199136   0.718674671424 -0.0659718640625 0.721708440824  0.0891726253876 -0.0494996061148    9.70011366834  -1.40134603971  0.694969603997 -0.621409455171 1785404732.13
-0.0220874734655   0.728364582577 -0.0772873418224 0.73278656841  0.0501733129652 -0.0470082492288    9.74459096803  -1.39045086785  0.305296515665 -0.567831988917 1785404732.14
-0.0460800726501   0.729710915578 -0.0864985721866 0.736263129866 0.00597761251412 -0.0344277512104     9.8014939933  -1.12775370918 -0.175535494434 -0.395625726708 1785404732.16
-0.0650941506232   0.721670569268 -0.0923744550505 0.730464714369 -0.0305281279993 -0.0174704630677    9.84844376761 -0.681665534539 -0.573765584979 -0.170133975719 1785404732.18
-0.0765260805963   0.704084166572 -0.0940974606652 0.714454397938  -0.0661710977434 -0.00464376635389     9.88853966388 -0.298561715782 -0.996037205944  0.024274744418 1785404732.21
-0.0782472113647   0.677790402528 -0.0913050373357 0.688374219221   -0.11711576277 0.00847743701543     9.9350385144  0.20272457593 -1.59515976147 0.269373259352 1785404732.23
-0.0689761766353   0.644676948941 -0.0840654148294 0.653783661015   -0.1542953337 0.0192229852254   9.95220500239 0.818887844919 -1.93599203328 0.510311404823 1785404732.24
-0.0485766856517   0.607644164847 -0.0728150722539 0.61391624853 -0.170901904894 0.0231714905215    9.9403085617  1.34784704824  -1.9710451566 0.684576140726 1785404732.26
-0.0182199486935   0.570452787244 -0.0582861524957 0.573712144352 -0.150569841477 0.0180066184816   9.89977404047  1.53382343166 -1.57893684758 0.705483120621 1785404732.28
 0.0196288955512   0.537432494358 -0.0414438692343 0.539385366718 -0.139134258977 0.0104945911782   9.86789383426   1.7950811714 -1.29405545538 0.785504850687 1785404732.31
 0.0614118526913   0.513047045016 -0.0234402818726 0.517240884757   -0.125202329914 -0.00291990242993     9.83255211429   2.20592855195 -0.956694314213  0.950774985433 1785404732.33
     0.1028459101    0.501341912642 -0.00557658979529 0.511812556459 -0.0640219112864 -0.0236280229672    9.78427720674    2.1593399294 -0.213483366336  0.946397103971 1785404732.34
 0.139408106493  0.505335937285 0.0107439740258 0.524322861074  0.0261011443728 -0.0448272589771    9.73980017956  1.75709722592 0.689083864348 0.814276257332 1785404732.36
 0.166868903604  0.526449920964 0.0240930282341 0.552788589139   0.109523926659 -0.0516794272367    9.72179504079 0.967505453275  1.34078253712 0.511102243419 1785404732.38
 0.181798797452  0.564081547434 0.0331376227397 0.593579730913   0.195512243084 -0.0560219992051    9.70497182452 0.335119826236  1.97319704722 0.281885828906 1785404732.41
 0.181980801476  0.615429294685 0.0368043915277 0.642825631177   0.327744176008 -0.0577963869268    9.67560883235 -0.396735070808   2.92730937019 0.0349445661803 1785404732.43
 0.166679973563  0.675635776169 0.0344692941266 0.696745324968   0.417147423867 -0.0308768401382    9.67266213335  -1.23537513338   3.35468898617 -0.291284872058 1785404732.44
 0.136745020019  0.738268077607 0.0261384015314 0.751280354427  0.439668043986 0.0195876231448   9.69093866611  -1.90100166793   3.17416012988 -0.576947477957 1785404732.46
0.0945400589358  0.796089979153 0.0125750777741 0.801782520533  0.378164156148 0.0766769735901   9.72483534295  -2.14791035426   2.39569430152 -0.711388945903 1785404732.48
  0.0437222520126     0.84202199582 -0.00467078412473 0.843169314545 0.324301455327 0.144323183298   9.7492408894  -2.40795605125   1.68781639278 -0.819112867748 1785404732.51
-0.0111083881903   0.870142485568 -0.0233632868209 0.870526958026 0.270674507284  0.24419200458  9.76846107148  -2.83411561727  0.901661041486 -0.943547390031 1785404732.53
-0.0648555645472   0.876565536163  -0.040819032561 0.879908845767 0.140218021576 0.320796689911  9.79360798021  -2.73737962332 -0.272843899298 -0.834733134583 1785404732.54
-0.112434999422  0.860042919006 -0.054261697509 0.869056835566 -0.0185237239221   0.349447210661    9.81424077325  -2.20647672169  -1.42104504784 -0.533590303869 1785404732.56
 -0.149305312255   0.822177064899 -0.0612414399665 0.837864974971 -0.154488827591   0.31488686873    9.8246464359  -1.39410304525  -2.17400439543 -0.135470972082 1785404732.58
 -0.171975237995   0.767194158075 -0.0600474778535 0.788522706246 -0.26999263013 0.273935922508  9.82724232926 -0.670685248171  -2.78323808253  0.257996090533 1785404732.61
 -0.178433073007   0.701301448197 -0.0500367080588 0.725372838573 -0.39894536414 0.227270377502  9.82473746994 0.0913766784346  -3.50109802176  0.729724555269 1785404732.63
 -0.168439648207   0.631728012618 -0.0318126292051 0.654571799264 -0.458392380301  0.119277823187   9.81537126939 0.923539308893 -3.60072877862  1.13633236716 1785404732.64
  -0.143629790579    0.565609139895 -0.00721438752935 0.583605400303  -0.447437565465 -0.0106691933412    9.80515405868  1.60095247185 -3.22044242156  1.38191674753 1785404732.66
-0.107383044215  0.508907828341 0.0208904616658 0.520533099159 -0.356471928104 -0.123611566636   9.80038216156  1.88869754067 -2.38652305262  1.34050507342 1785404732.68
-0.0644534388944   0.465563375844  0.0489811116665 0.472549100108 -0.261346676689 -0.209341267422   9.80314275873  2.00349635688 -1.65568160654   1.2085738864 1785404732.71
-0.0203872580258   0.437014848578   0.073369137284 0.443599648865 -0.179655883165 -0.297929089569   9.81527109911   2.1651119738 -1.12300519627  1.08024624866 1785404732.73
0.0192003415722  0.422173642986 0.0907187601708 0.432237355391 -0.0658523377762  -0.317155824852    9.83790574116   1.83590452316 -0.504810562104  0.661813568934 1785404732.74
0.0493847510837  0.417829947243 0.0985208059999 0.432119274816 0.0305817896105 -0.268151532102   9.86357796901    1.19710820594 -0.0702206715241   0.119417715356 1785404732.76
0.0666059868151  0.419392894991 0.0954477176884 0.435243638277 0.0876680362562 -0.180578628298   9.88692323395  0.480789229536 0.0966758309408 -0.413259120046 1785404732.78
0.0691442834898  0.421803141934 0.0815366339906 0.435140259189   0.102911085927 -0.0698881517871    9.90329681719 -0.219948991267 0.0246271887563 -0.882544836871 1785404732.81
0.0573168307682  0.420432980686 0.0581749997694 0.428291303829 0.0878154389834 0.0536168422346   9.91905596145 -0.913119903393  -0.25512038914  -1.36902916865 1785404732.83
0.0333655963648  0.411806784886 0.0278940990858 0.414096814601 0.0318421267091  0.183913194642   9.91798564112  -1.48729353748 -0.698136294405  -1.69655250991 1785404732.84
 0.00106227490728    0.394027065389 -0.00599444999608 0.394074092168 -0.0454429585996    0.27399395248    9.89653700784 -1.72073136644 -1.13293275602 -1.70798830333 1785404732.86
   -0.0348945699   0.366864163509 -0.0398605591004 0.370669407488 -0.119370169119  0.322693621755   9.87089102279 -1.72077715392 -1.52200110826 -1.56497144736 1785404732.88
-0.0695833487811   0.331542090329 -0.0702435502944 0.345971323154 -0.176626683142  0.326602410676   9.84665109796 -1.51202211559 -1.81842459528 -1.29296802068 1785404732.9
 -0.098548105985   0.290311608887 -0.0942922937377 0.320754728891 -0.225452500556   0.31188106697   9.83096659888 -1.23396786852 -2.16542421391 -1.00799294218 1785404732.93
-0.118368324761  0.245931945237 -0.110094597252 0.294303248944 -0.240132700206  0.244243869079   9.82489821952 -0.752358703586  -2.35398771688  -0.59584754706 1785404732.94
-0.127035393218  0.201180289059 -0.116853447267 0.265077777217 -0.204576288006  0.127746611425   9.83144776203 -0.146182190441  -2.23067475073 -0.122422915941 1785404732.96
  -0.1240994084  0.158478175872 -0.114894196769 0.231768573892  -0.148567926303 0.00665393230602     9.8499106416 0.406871855696 -2.01633335525 0.280522384422 1785404732.98
-0.110589125246    0.1196775795 -0.105514382542 0.19412872683 -0.0835895945559  -0.101223305724    9.87404249751 0.836412847218 -1.71446390063 0.572048241581 1785404733
-0.0887412919846  0.0860017494394 -0.0907117031729 0.153296871795 -0.0290457921752  -0.201647088353    9.90698208329  1.23013111557  -1.5462062501 0.820398437725 1785404733.03
-0.0615989062694  0.0580996047485 -0.0728418498309 0.11169567768 0.0166530102002 -0.279790855863   9.93695013792  1.48868747728 -1.32055553018 0.965595815568 1785404733.04
-0.0325490100911  0.0361558081383 -0.0542641390657 0.072878510609  0.038347877994 -0.302856394863    9.9461312746   1.47109844628 -0.987924430983  0.928690509229 1785404733.06
-0.00486961912259   0.0200027330767  -0.0370291884133 0.0423672434256 0.0307507154146 -0.278523423825   9.93388665635   1.24769751121 -0.656815860614  0.770311104832 1785404733.08
 0.0186558305688 0.00920043539486 -0.0226509820087 0.0307531301111 0.00158493933369  -0.231896182218    9.90850762948 0.942571917924 -0.39019123298 0.577283858849 1785404733.1
 0.0360162500132 0.00307743816162 -0.0119883911455 0.0380836239466 -0.0461895805925  -0.201123530937    9.88417584964  0.696415434262 -0.214284587737  0.441397089535 1785404733.13
  0.0461235594912 0.000748711497566 -0.00524158094437 0.0464264739113 -0.106719253685  -0.14537598168   9.84359486976   0.341376986763 -0.0515887304414   0.264643729044 1785404733.14
 0.0488366556928 0.00114002445652 -0.0020497013729 0.0488929429544  -0.158017615913 -0.0786419995202     9.7986217289 -0.0326451910541  0.0600558851833  0.0935858544544 1785404733.16
  0.0448744460693  0.00304664910564 -0.00166067536154 0.0450083972549  -0.185334425162 -0.0210500472576    9.76385620587 -0.324602966383  0.100893549307 -0.026685003007 1785404733.18
  0.0356431283512  0.00524085513038 -0.00313431658978 0.0361624543089 -0.187764135551 0.0194487848914   9.74517466611  -0.502628521998  0.0821802790297 -0.0891230617778 1785404733.2
  0.0230066569623  0.00662205506039 -0.00553813999841 0.0245729296675 -0.194507360293 0.0511941586385   9.73202933921 -0.663218688171 0.0284583399906 -0.123776342578 1785404733.23
 0.00902917747289  0.00638284475778 -0.00810127177368 0.0137075656989 -0.170412277594 0.0741420944625   9.73661283251  -0.719993683784 -0.0652107518794  -0.125743859189 1785404733.24
-0.00428365767739  0.00415033624291  -0.0103042783112 0.0119060138393  -0.11289040169 0.0838545490449   9.76073467242  -0.636039783129  -0.165842865523 -0.0996026696948 1785404733.26
-0.0152195602345  6.015826337e-05 -0.0118985798611 0.0193187689944 -0.0407477805408  0.0824861238621    9.79478984538  -0.456592782728  -0.235449611207 -0.0640123758956 1785404733.28
 -0.0225475692893 -0.00526775149479  -0.0128648014286 0.0264885862678 0.0278867597448 0.0730939158761   9.82827261656  -0.239710752404  -0.251216149624 -0.0329665422826 1785404733.3
-0.0256387353466 -0.0108591060068 -0.0133314908734 0.0308705941366 0.0954271890232 0.0701882652572   9.86179055842 -0.0481610567341  -0.254299235457 -0.0151792515885 1785404733.33
-0.0245043464619 -0.0155998947803 -0.0134815323523 0.0320245441381 0.160643287485 0.061114283161  9.89310611582    0.155622793164   -0.201486935027 -0.00371710123926 1785404733.34
-0.0197453110215 -0.0184894021861 -0.0134722572381 0.0302198116411  0.201938968686 0.0407437440592   9.91093612415   0.319087029186 -0.0863855029986 0.00248118524497 1785404733.36
-0.0124185649343 -0.0188718432486 -0.0133875546596 0.0262601188571  0.213607742204 0.0132575502633   9.91322415119   0.399899247804  0.0477618540387 0.00612217607817 1785404733.38
-0.00384031397784  -0.0165897933434  -0.0132287629256 0.0215631496579   0.197585033552 -0.0162970719088    9.90205208736  0.390477959692  0.156791828589 0.0102615336909 1785404733.4
0.00464159012165 -0.0120215387927 -0.0129392237063 0.0182615789001   0.198542025458 -0.0515666381315    9.89865335347  0.384295184682  0.259248714723 0.0190941813106 1785404733.43
  0.0118664528468 -0.00599387834361  -0.0124483527994 0.0182126540675   0.184310896497 -0.0932063320084    9.88781837171  0.325835054344  0.326849257697 0.0321393536998 1785404733.44
  0.0170315916135 0.000407028166245  -0.0117171125953 0.0206768351637  0.141432026089 -0.128202636815   9.86427345927  0.208567732501  0.318010819241 0.0442423864278 1785404733.46
 0.0197854353451  0.0060804827363 -0.0107685403011 0.0233323205515 0.0816610934443 -0.148425395638   9.83375924482  0.080387225292  0.245057647308 0.0508694054831 1785404733.48
0.0202293491862 0.0101552803865 -0.009693556912 0.0246235930326 0.0163801535512 -0.149018163253    9.8014906204 -0.0218567141922   0.140138656493   0.049096344184 1785404733.5
  0.0188339815868   0.0121809171486 -0.00863130682767 0.0240331658869 -0.0504667828773  -0.155128183754    9.76578625263 -0.0941781317982  0.0496260306557  0.0469457475517 1785404733.53
  0.0162935319846   0.0122292117905 -0.00773163775697 0.0217901589703 -0.130849724457 -0.152245642079   9.72077489198  -0.143410755343 -0.0337941522049  0.0397480622126 1785404733.55
  0.0133531746547    0.010889387631 -0.00711223348906 0.0186405445613 -0.205076335258 -0.120548331307   9.67767185884  -0.151378071914 -0.0823481080694  0.0243653850692 1785404733.56
  0.0106485930164  0.00915842327852 -0.00682304439261 0.0156148386146  -0.240872711007 -0.0647446639153    9.65400186983  -0.118650986023  -0.065935402136 0.00711500090584 1785404733.58
 0.00859177903049  0.00824343797866 -0.00682671260706 0.0137250479648   -0.247189904123 -0.00672524158661     9.64310321718  -0.0769718978618  0.00337346303832 -0.00404919793002 1785404733.6
 0.00732525930015   0.0093040757019 -0.00699787230225 0.0137548342498 -0.248831568097 0.0528070735751   9.62767895072  -0.0441731437169    0.118218369024 -0.00749253260411 1785404733.63
  0.0067503642658   0.0131715239572 -0.00713904854245 0.0164323606085 -0.22541038936 0.120099045772  9.61958143286   -0.0184312224334     0.280837568289 -0.000265176100347 1785404733.65
 0.00661754550446   0.0200875504359 -0.00700805441498 0.0222803594607 -0.148857525143   0.17546582413   9.64484080466 -0.0025929822088   0.429962359092  0.0207218864575 1785404733.66
 0.00665182695562   0.0295107545937 -0.00635158500083 0.0309107436106 -0.0448750296237   0.204981204952    9.69602431937 0.00151478206188   0.503160081418  0.0521327301109 1785404733.68
 0.00667759969585   0.0400355499463 -0.00494122973406 0.0408882788643 0.0560282095009  0.209161928095   9.75871449975 0.00129641281953     0.4739170969  0.0888924859866 1785404733.7
 0.00670639598315   0.0494590262553 -0.00260989374146 0.0499798216338 0.144565737504 0.206627699322  9.82423379736 0.00677265147784   0.359576454399   0.135769863311 1785404733.73
 0.00695963741725   0.0550096150079 0.000712718798316 0.0554527029493 0.223286897171 0.198100895345  9.90081501485 0.0291261482201  0.112017274919  0.199205826914 1785404733.75
0.00781436629884  0.0537202081499 0.00496797550731 0.0545124377089 0.243833143304 0.150825011616   9.9713283011 0.0718539217637  -0.32000466645  0.243794990751 1785404733.76
0.00968048345423  0.0428922050301 0.00994434621875 0.0450815154356   0.20175525471 0.0845031891035   10.0186163686  0.127107681113 -0.838825566967  0.260611257988 1785404733.78
0.0128383923823 0.0205650007619 0.0152688302339 0.0286510165964  0.113206635244 0.0165941879158   10.0366520883 0.179165902084 -1.34376198426 0.246990770796 1785404733.8
 0.0172808985553 -0.0141116598717  0.0204219670291 0.0302460763828 0.00352476745435 -0.0457730529966      10.05589564 0.238433238172 -1.98328069835 0.232198093301 1785404733.83
 0.0226080461506 -0.0606986934143  0.0247830028157 0.069351657237 -0.139762608611 -0.107430193585   10.0640605255 0.283106903851 -2.72785452145 0.192136315613 1785404733.84
0.0280156368515 -0.117545394618 0.0277073176767 0.123973751887 -0.280607015673 -0.147045964371   10.0320182776 0.257075425392  -3.1887401821 0.101053931933 1785404733.86
0.0323979627784  -0.18213192836 0.0286313269682 0.187193536759 -0.391986317456 -0.160905780168   9.98670075963   0.168791231261   -3.45969449763 -0.0133039724523 1785404733.88
0.0345567687104 -0.251618223707 0.0271917515693 0.255431580112 -0.420354572118 -0.135706724804   9.93045379615 0.0249922925946  -3.26963944365 -0.122444072274 1785404733.9
0.0334783869645 -0.323479406645 0.0233380335806 0.326043544222 -0.459807792531 -0.107399771079   9.90370768773 -0.141443757945  -3.43997804919 -0.232917443799 1785404733.93
0.0286173033517 -0.396068786635  0.017411149661 0.397482807088   -0.48829083204 -0.0608433539249    9.89743085826 -0.349563496819  -3.80494968191 -0.344642456186 1785404733.94
0.0201141779311 -0.468946949376 0.0101619615131 0.469488111611 -0.437485917028 0.0101492071274   9.90343647527 -0.516925237685  -3.84514059322 -0.385631653364 1785404733.96
 0.0088837508285    -0.5428565198 0.00268971233988 0.542935867917 -0.353385586113 0.0807433514458   9.92293162069 -0.589500210719  -3.75872052132  -0.34662097826 1785404733.98
-0.00346693239239   -0.619302796035 -0.00370352552183 0.619323573666 -0.273731955512  0.133421546932   9.94625647558 -0.551234046689  -3.63887414681 -0.241499210281 1785404734
 -0.0148915871576    -0.69980521201 -0.00772641740083 0.700006279722 -0.250701580191  0.181202200909   9.98200746184 -0.476068473506  -3.97942652334 -0.111450471603 1785404734.03
 -0.0232882876555   -0.784988261997 -0.00834382311518 0.785377956909 -0.271007141399  0.214855404849   10.0130651517 -0.312204345703  -4.50866037861 0.0705579482991 1785404734.05
 -0.0269367100723   -0.873753362279 -0.00500422864347 0.874182799389 -0.312102421007  0.206612047798   10.0059829645 -0.0422282683056   -4.68050215467   0.277643849632 1785404734.06
-0.0248924327573  -0.962788700116 0.00220316446743 0.963112957141 -0.360135810533  0.159437769777   9.95625662981 0.245971728429 -4.38729260468 0.444328938706 1785404734.08
-0.0172451059797    -1.0466183628  0.0125029059704 1.04683509384 -0.393877264774 0.0907455600319   9.87777413436 0.466105007549 -3.67538412971 0.527489087528 1785404734.1
-0.00517453059538    -1.11827054112   0.0245178318727 1.11855125184 -0.448143039795 0.0222195065912   9.78955491523 0.646918798558 -3.02822858287 0.586023198586 1785404734.13
0.0092163354983  -1.17048443936 0.0364734855991 1.17108884324  -0.484650070258 -0.0542643390682    9.68632122922 0.751061806319 -2.08524563492 0.580215230723 1785404734.14
0.0232611440199  -1.19721925862 0.0464851471707 1.1983471546 -0.434494678515 -0.123907912478   9.59839655189  0.670353279887 -0.660839057698  0.439848184739 1785404734.16
0.0342082799852  -1.19512167697 0.0528717963787 1.19677961883 -0.311818154021 -0.169910719712   9.55349235185  0.43341753696 0.859523902403 0.209409712138 1785404734.18
0.0397173131909  -1.16458451374 0.0544360982862 1.16653240135 -0.131026557587 -0.167968511751   9.58713666073  0.0927445422718     1.9401560119 -0.0505142320266 1785404734.2
0.0382725138506   -1.1101005256 0.0506581712159 1.11191466065 0.0283167291255 -0.171686130244   9.62506310048 -0.241155241002   2.92719382905  -0.29702848547 1785404734.23
0.0294343457695  -1.03976765861 0.0417706707109 1.04102255188  0.214215861888 -0.174708287069   9.68967609218 -0.660501737541   3.95750773507 -0.594568299653 1785404734.24
0.0138884752721 -0.963999439405 0.0287082269049 0.964526812075  0.363696107461 -0.135916844512   9.80587928864 -0.988235228537   3.99474789658 -0.788160863018 1785404734.26
-0.00670360295394   -0.893687059091   0.0129490743631 0.893806006025   0.439123156285 -0.0834686828554    9.91718903102  -1.16115936685   3.32767360472 -0.857650528425 1785404734.28
  -0.030008694281   -0.838198057946 -0.00371491132953 0.838743290074   0.390459047182 -0.0285272724514    9.97126509556  -1.04331304606   2.01130460588 -0.723366495162 1785404734.3
-0.0534112380223  -0.803643824324 -0.0194350105521 0.805651212595   0.365078533841 0.00990490733721    10.0050957218  -1.00607882373   1.05149527959 -0.653277339808 1785404734.33
-0.0744101584818  -0.791792220836 -0.0325461218992 0.795946633081  0.347157796056 0.0484176262575   10.0181376024 -0.994193180597  0.100256706937 -0.591120030398 1785404734.34
-0.0909543620532  -0.799857890104 -0.0417571236499 0.806094906145   0.25333200652 0.0761653620123       9.9471313 -0.738067267099 -0.796472896878 -0.371617562295 1785404734.36
 -0.101668980481  -0.821208120837 -0.0462709643814 0.828770391282  0.155732580478 0.0908526711487   9.83042171905 -0.403996504392  -1.26521847401 -0.109680943862 1785404734.38
 -0.105950946886  -0.846823534537 -0.0458285439749 0.854655461128 0.0709393862804 0.0799444357787   9.71462810294 -0.0513731097017   -1.04110518158    0.12651622341 1785404734.4
 -0.103938199232  -0.867195124826 -0.0406825741077 0.874348675082 0.0413062289423 0.0755906167222   9.60845804881  0.217339311811 -0.622746254485  0.324915296666 1785404734.43
-0.0963771031089  -0.874255641981 -0.0315159547558 0.880116315576  0.048491132097 0.0742205731938   9.48271117718 0.516772481448 0.112435656207 0.565663685263 1785404734.44
-0.0844249835662  -0.862949579084 -0.0193232372982 0.867284809847 0.0752271116899 0.0531181153034   9.43081664952 0.727360994921  1.13680045844 0.708282928065 1785404734.46
 -0.0694283718654   -0.832137175022 -0.00527406605663 0.835045144076 0.110379479122 0.022654246502  9.43755075164 0.860104506131  2.12292488151 0.779730947841 1785404734.48
-0.0527139533873  -0.784679863596 0.00942451537856 0.786504971825   0.113697822887 -0.0130529561661    9.54686250467 0.771546915031  2.39140897377 0.656280391729 1785404734.5
-0.035420776607 -0.726730663904  0.023652908445 0.727977712126   0.111891271488 -0.0484735022096    9.63023955649 0.754525724233  2.59992665795  0.59477822607 1785404734.53
-0.0183918174673  -0.666413470191  0.0364799999854 0.667664558443  0.106878265637 -0.103406854493   9.69979081896 0.874491903207  3.00907671864 0.619444516666 1785404734.55
-0.00213244622705   -0.612187419328   0.0472326278766 0.614010508743 0.0576134007984 -0.156497978667   9.79848633359 0.883475640835  2.66446291355 0.533287888074 1785404734.56
0.0131664508263 -0.571237291474 0.0555293562683 0.574080924614 -0.0139498482441  -0.185342893366    9.87783126884 0.792017541396  1.70716175437 0.374766442889 1785404734.58
 0.027551707685 -0.548204427007 0.0612785601828 0.552306302991 -0.0694839716717  -0.176182364188     9.9066315216 0.634355660102 0.605452852117 0.206301232276 1785404734.6
 0.041195709416 -0.544485115017 0.0646448587388 0.549854603246 -0.111220594517 -0.177636793239   9.91428853828  0.598160346133 -0.223668932511  0.105496909255 1785404734.63
0.0542717357544 -0.558195795029 0.0659911433468 0.564697085074  -0.15169977404 -0.192754816863    9.9115588385  0.674860801837  -1.05995738305 0.0305373170847 1785404734.65
0.0668408137674 -0.584764114216 0.0658052946111 0.59223905685 -0.148917732669 -0.168716619059    9.8721257814   0.688437231355   -1.67996950893 -0.0384983155065 1785404734.66
0.0787710371943 -0.617980590991 0.0646211101854 0.626323219292 -0.102709326447 -0.113452954703   9.81375963381   0.625827705448   -1.82026881167 -0.0783687132267 1785404734.68
0.0897035046918  -0.65126203829 0.0629423346413 0.660417064257 -0.0360126711711 -0.0454255855601    9.76572294269   0.459022411482   -1.37649387435 -0.0778710498002 1785404734.7
 0.099069651419 -0.678851078878 0.0611775432491 0.688764310141  0.0118976802122 0.00221763881554    9.72843270306   0.355440230561  -0.981943815445 -0.0723771282731 1785404734.73
 0.106154686227 -0.696710286903 0.0595924345067 0.707266074073 0.0541850701666 0.0500560821621   9.67479483875   0.291458341666  -0.631576699677 -0.0757913734637 1785404734.75
 0.110193394447 -0.702955713761 0.0582849042624 0.713923280019 0.0725324757308 0.0915322034484   9.63610258909   0.123283539515 -0.0308224029551 -0.0685729752864 1785404734.76
 0.110479820093 -0.697791623627 0.0571867013582 0.708794229283 0.049895114595 0.103676319469  9.63290917074 -0.0985840960029   0.527984724041 -0.0580756938671 1785404734.78
 0.106472361353 -0.683027056797 0.0560928511057 0.693547930568 0.00769186979761  0.0916618681543    9.65074306268  -0.285396964724   0.825540085647 -0.0559634281946 1785404734.8
0.0978800558994 -0.661345509278  0.054716016362 0.670784786971 -0.0336179725842  0.0817021369472    9.65241576182  -0.474257337229    1.03546504583 -0.0727169373968 1785404734.83
0.0847223297954 -0.635539341468 0.0527579618822 0.643328477733 -0.0799696953419  0.0836342304416    9.62067108591 -0.793928274804   1.39026338789 -0.123058193408 1785404734.85
0.0673607045287 -0.607902473957 0.0499855433926 0.613662315045 -0.105775573419 0.0778633734036    9.6025494739  -1.11693536963   1.62589901744 -0.188862016327 1785404734.86
0.0465048179895 -0.579906923887 0.0462957828386 0.583607777516 -0.0737209458578  0.0603484547784    9.63579661517  -1.17611490007   1.48354575888 -0.219180212974 1785404734.88
0.0231956594806 -0.552192895524 0.0417549666189 0.554254914027 -0.0105121804307  0.0479522189959    9.68571934439  -1.08583972963   1.25327358644 -0.220516581306 1785404734.9
-0.00123345900326   -0.524807520186   0.0366009067417 0.526083720561 0.0650292229096 0.0473759111235   9.72727330683 -1.05524017046  1.19068440127 -0.22993165885 1785404734.93
-0.025221359077 -0.497561361996 0.0312051356845 0.499176508259  0.179594099427 0.0606992694304   9.76868626306  -1.18338666894    1.4057584008 -0.273625321154 1785404734.95
-0.0470746599326  -0.470352239423  0.0260014013935 0.473416651177  0.312788130855 0.0721438371347   9.83645350708 -1.16481464768   1.5838902047 -0.28651751339 1785404734.96
-0.0650996223916  -0.443335746985  0.0213960035055 0.448600417249  0.361193136281 0.0626899686022   9.90015715683 -0.818329572462   1.42534331219 -0.221809822338 1785404734.98
-0.0777695499519  -0.416888747842  0.0176814917496 0.424449014756  0.341816244163 0.0424913595163   9.93369915423 -0.428241851079   1.18210119678 -0.146109008784 1785404735
-0.083917108649 -0.391392731678 0.0149757896521 0.400567879154 0.328348375167 0.021458765355  9.95702475729  -0.112878176968    1.09301714178 -0.0979828563314 1785404735.03
-0.0829287098886  -0.366931790709  0.0132031307373 0.376417896251    0.346782507598 -0.00586470232816     9.98732184903  0.227415778325    1.2206092041 -0.072019726142 1785404735.05
-0.0749071842059   -0.34303374452  0.0121224595282 0.351326329999   0.340687546338 -0.0465365638904    9.99463667556   0.645553437136    1.40842276912 -0.0526300401935 1785404735.07
-0.0607632367385  -0.318572731215  0.0113960460318 0.324515987091   0.259730053169 -0.0790765863729    9.94326407804   0.897517772333    1.40307932895 -0.0395872196396 1785404735.08
-0.0421989484522  -0.291901331451  0.0106797826779 0.295129118033   0.172458072874 -0.0877960924959    9.87686296234   0.894805474479    1.30937119795 -0.0384725110912 1785404735.1
-0.0215597732792  -0.261206200301 0.00971047779854 0.262274276815   0.137412814703 -0.0941587965668     9.8315097852   0.888518625721    1.46237401258 -0.0505712509221 1785404735.13
-0.00155460373963   -0.225006579056  0.00836645429571 0.225167437629 0.143142477155 -0.10441013258  9.79535065106   0.917949791644    1.96524111983 -0.0756834302542 1785404735.15
 0.0151271057771  -0.182663164575 0.00668570577116 0.183410358714   0.162927040246 -0.0989359993498    9.76696339119  0.794020540575   2.57805980321 -0.100777542167 1785404735.17
  0.026243187774  -0.134751522344 0.00483834266224 0.137368436107   0.163356454836 -0.0631911432787    9.76376086355   0.419226067863    2.73181054893 -0.0994756047512 1785404735.18
 0.0303933649532 -0.0831833586739 0.00306326795004 0.0886149615131   0.142978931121 -0.0203937833965     9.7820934929  0.0244866699895    2.40782621146 -0.0754244502257 1785404735.2
 0.0272980815952 -0.0310215748247 0.00158903246436 0.0413527313192  0.133055169461 0.0125612054346   9.80380786807  -0.271027055936    2.19373196453 -0.0542187724438 1785404735.23
  0.0178941334928   0.0179872181596 0.000562805463269 0.0253782737902  0.145017801018 0.0461673593757   9.82937150387  -0.574184043686    2.26557134022 -0.0393147054167 1785404735.25
 0.00421246348289   0.0600678856745 8.34716767506e-06 0.0602154117122  0.152301383181 0.0791443158491   9.85911378588  -0.822282956016    2.11313561641 -0.0210382200884 1785404735.27
  -0.0109526927539    0.0921189455855 -0.000175244468317 0.0927679488023 0.135165261797  0.08963003732  9.87566953793   -0.798494678785     1.45139990869 -0.00508702654755 1785404735.28
  -0.0245293577191     0.112311034911 -0.000174760386281 0.114958638188  0.111886157988 0.0770240644825   9.87412058206    -0.554328025558     0.689984626836 -0.000531400425423 1785404735.3
  -0.0337193326224     0.120457096986 -0.000197069455605 0.125087746975  0.100634981359 0.0566599542414   9.86556391315   -0.259172766617      0.1248475636 -0.00481859140343 1785404735.32
  -0.0365109966604     0.118082777248 -0.000397525390318 0.123599163372  0.121400469951 0.0409205431015    9.8647891284   0.040203747592  -0.296404011063 -0.0151872162759 1785404735.35
  -0.0320555127116     0.108190506811 -0.000825587798855 0.112842470969  0.158145300035 0.0154269025666   9.86215123677   0.445993676969  -0.663259736603 -0.0286746618119 1785404735.37
  -0.020835997448   0.0947716937377 -0.00140533183361 0.0970452867538    0.16772360841 -0.0177977259492    9.84712491662   0.767121463737  -0.727144163696 -0.0316338658001 1785404735.38
-0.00459989536714   0.0821656947613 -0.00195777788294 0.0823176367933    0.14334841997 -0.0383793035892    9.82793403252   0.819532018299  -0.480554278874 -0.0201236456071 1785404735.4
  0.0139310174551   0.0743851348208 -0.00225903744987 0.0757121177873   0.120240674201 -0.0479937256712    9.81199788719    0.778754538464   -0.164748398128 -0.00343188241178 1785404735.43
  0.0315198876538   0.0745244212926 -0.00211695364622 0.0809436481723   0.109878270925 -0.0566093026008     9.7921466705  0.773838373735  0.248404445043 0.0203597769069 1785404735.45
 0.0449633032941  0.0843465918949 -0.0014425744286 0.0955935522323  0.0766219520578 -0.0484509652328    9.76200470791  0.57996949521 0.852927654295 0.052569844557 1785404735.47
   0.0516371757544     0.104109755508 -0.000293473761342 0.116212414305  0.0164195838789 -0.0136338269687     9.7350257332  0.139301269393   1.34904052167 0.0717371934238 1785404735.48
 0.0499515812435   0.132654759627 0.00112628270867 0.141752298864 -0.0331525140468  0.0267745992992    9.72523667464 -0.279322070976   1.48174735515 0.0653337404414 1785404735.5
 0.0396432467724   0.167735134214 0.00251191945461 0.172374510888 -0.063513619618 0.0636244141814   9.71613849026 -0.604607696532    1.5901289499  0.051904941647 1785404735.53
 0.0218614159604   0.206532391818 0.00353779417014 0.207716312228 -0.0892764343642   0.112927712805    9.69375877988  -1.00372013948     1.941110952 0.0355098423276 1785404735.55
-0.000964987134501     0.246268068324   0.00394856690893 0.246301611559 -0.0886529882477    0.15754204357    9.68065766941   -1.33043364214    2.20062231708 0.00271507481683 1785404735.57
-0.0254588119412   0.284803074602 0.00363436265355 0.285961799897 -0.0415847779904   0.157896621209    9.69701488325   -1.28942075285    2.06149676347 -0.0353290889931 1785404735.58
-0.0477770365948    0.32111011522 0.00266595449738 0.324655908056 0.0278988234435  0.113524685042   9.72987728003  -0.921965585557    1.68395687001 -0.0561456741126 1785404735.6
-0.0641763618157   0.355520122096 0.00127654911718 0.361268310551 0.0999515931946  0.059755334174   9.75273802374  -0.522730562649    1.50561005428 -0.0631103969729 1785404735.63
  -0.0715836066663     0.389679687804 -0.000208264450455 0.396200094907    0.201037090373 -0.00411363363772     9.75986067858  -0.096443367664    1.74157357701 -0.0678033372578 1785404735.65
  -0.068090933741    0.426209431227 -0.00147554308885 0.43161676491  0.319612743377 -0.096306991399   9.76116089397   0.509085436764    2.18427063318 -0.0592800228596 1785404735.67
 -0.0533030109341    0.468114004583 -0.00233693295015 0.471144769171  0.388204585394 -0.182161581963   9.76245958114    1.09579675917    2.54058344662 -0.0370750267112 1785404735.68
-0.0284784268223   0.518050257105 -0.0028157868337 0.518840070095  0.369590906042 -0.213719839151   9.76883768042    1.35665138657    2.61167066884 -0.0201784589757 1785404735.7
 0.00356903664502    0.577597590425 -0.00318283211798 0.577617386258  0.341441756714 -0.219318933595   9.77817091568    1.46252283429     2.7957583142 -0.0241375614925 1785404735.73
  0.0388126229164    0.646683812334 -0.00392636221269 0.647859389955  0.352520663945 -0.231808578488   9.79516554104    1.65043772028    3.48525438151 -0.0592467506198 1785404735.75
  0.0725648462745    0.723297088723 -0.00565961598973 0.726950044173  0.354477181659 -0.214130912377   9.83781330101   1.69850277895   4.34286234601 -0.140022225851 1785404735.77
   0.100168512129    0.803563261852 -0.00898445707307 0.809832308005 0.295516811803 -0.12901518894  9.90746313467    1.3007091085   4.57678575848 -0.250091724349 1785404735.78
  0.117723843116   0.882197378005 -0.0143424885215 0.890133037233   0.181873744559 -0.0100399697529    9.96089907676  0.547821401389   3.63455935566 -0.313314822344 1785404735.8
  0.122732050293   0.953262631981 -0.0218891937873 0.961380225772 0.105231056046 0.082786569853   10.003750697 -0.0689559473029    2.79126965983  -0.369831781836 1785404735.83
  0.114539292387    1.01110489327 -0.0314222055942 1.01805683029 0.0629168447346  0.179532846888    10.068629972 -0.670741648933   2.32825728206 -0.486729061616 1785404735.85
 0.0944912999238    1.05129103502 -0.0423823209819 1.05637952801 0.027888885179 0.275225650666  10.1166510704  -1.31546631517   1.62515777788 -0.606887951107 1785404735.87
 0.0657551500219    1.07137396097 -0.0539286794318 1.07474378643 0.00233105212066   0.325463505187    10.0945925988  -1.76599491841  0.574093107541 -0.649774679909 1785404735.89
 0.0328232187046    1.07133821637 -0.0650722830634 1.07381438785 -0.00591333389498    0.271091489159     9.97157017098  -1.61877197299 -0.441761218161 -0.520913828131 1785404735.9
0.000774309446438     1.05364075594  -0.0748392332245 1.0562955803 -0.000375480097352     0.189525116897      9.83868873599  -1.24741744428  -1.03581525836 -0.370703508216 1785404735.93
-0.0255837469397    1.02283895376 -0.0824294774556 1.02647390234 0.0143165218497    0.1348814156   9.69713514048  -1.02553924202  -1.62819400704 -0.295970577614 1785404735.95
-0.0425377683933    0.98487647791 -0.0873390968773 0.989656130342 0.0405744032581 0.0517007553887     9.511184201 -0.619814105774  -2.11006933677 -0.192455045649 1785404735.97
-0.0481070515799   0.946161553163 -0.0894230640525 0.951594691809  0.0676576124362 -0.0547476476666    9.36825059824 0.00458745031402   -2.00948335587 -0.0430910353693 1785404735.99
 -0.042372787462   0.912608352289 -0.0888888028493 0.917905592671 0.0836448523125 -0.132039146425   9.33339539059  0.519495026551  -1.44092220773 0.0803281710947 1785404736
-0.0274311865812   0.888812952083 -0.0862260085731 0.89340688286 0.0877895594061 -0.163525189053   9.38320964042  0.771814866292 -0.765453377931   0.14819420226 1785404736.03
-0.00697308513043    0.877500423029  -0.0820917963697 0.881359563041  0.104265121775 -0.198379285517   9.39371570609  0.987911362569 -0.224060134311  0.213486811465 1785404736.05
 0.0144335283764   0.879317956872 -0.0771790790126 0.882816519021  0.120267460566 -0.214023832846   9.44219353251  1.06179044307 0.419250516049 0.270749713453 1785404736.07
 0.0322199390726   0.892975883116 -0.0720978280291 0.896460902163   0.11083738809 -0.166765280644     9.587737784 0.768033065972 0.988510624675 0.268814305367 1785404736.09
 0.0426785798541   0.915671252996 -0.0672932105137 0.919132025839  0.0862938403726 -0.0884317231347    9.74762305746 0.292237847268   1.2978207267 0.232516096406 1785404736.11
 0.0436376399044   0.943681597414 -0.0630134494924 0.94678925624   0.0536365332945 -0.00782472514528     9.86824270952 -0.174581403063   1.27263270526  0.176845377241 1785404736.13
 0.0348144533178    0.97299777491 -0.0593271018699 0.975426276638 0.0311904718315 0.0617828728832   9.95507483506 -0.606095024944   1.31731636723  0.160237876139 1785404736.15
  0.017782638919   0.999876112418 -0.0561779694522 1.00161091582 0.00638624017623   0.132556887081    10.0157466093 -1.03813927429  1.27584056991 0.155241288046 1785404736.17
 -0.004428772752    1.02122646749 -0.0534587476779 1.02263431863 -0.0199866382617   0.172706250699    10.0073634458 -1.23458750349 0.941708133861 0.137371850381 1785404736.19
-0.0280079951334      1.034803902 -0.0510828716061 1.03644248425 -0.0405346222403   0.175136970764    9.94545166204 -1.17781998786 0.473935730937  0.11643552694 1785404736.21
-0.0491540452801    1.03922319445 -0.0490373499023 1.04154002791 -0.049046230274  0.134907378756   9.85370564989  -0.855564203288 -0.0220898333305  0.0854536020959 1785404736.23
-0.0648209031467    1.03385342862 -0.0474060048306 1.03696769026 -0.0574691120109  0.0972960204692    9.77064700631 -0.566477468394 -0.483090316653 0.0629092254182 1785404736.25
-0.0732606821223    1.01866512555 -0.0463602269172 1.02234780588 -0.0656706626612  0.0532836397434    9.68863793015 -0.242054795214  -1.01908155001 0.0329332026125 1785404736.27
-0.0742647996438   0.994093420261 -0.0461210984253 0.9979299296 -0.0667799551135 0.00247015937807    9.63153869701   0.111991368831   -1.54276408239 -0.0144672389003 1785404736.29
  -0.06907134969   0.960953967328 -0.0469014121332 0.964574062025 -0.0604622225759 -0.0368022511106     9.6229424908   0.373824863457   -1.92792642429 -0.0711088071067 1785404736.31
-0.0599784877758   0.920414644854 -0.0488386346146 0.923658892497 -0.0492377545084  -0.051222731202     9.6646479478  0.457654677083   -2.0610348697 -0.119205440798 1785404736.33
-0.0497625372359   0.873997277594 -0.0519307838738 0.876951741926 -0.0452249915718 -0.0507300323433    9.71660977821  0.451875205565   -2.3101292562 -0.170513694505 1785404736.35
-0.0410347181669   0.823568091077 -0.0559870067848 0.826488229598 -0.0493934422092 -0.0386116419988      9.783358333  0.370115328107  -2.69897223943 -0.227873174983 1785404736.37
-0.0356763193697   0.771277103388 -0.0606034081747 0.774476560689 -0.0580648731495 -0.0137820152442    9.86260667143  0.177602766018  -2.81702788802 -0.248450267464 1785404736.39
 -0.034468803988   0.719423523022 -0.0651721291254 0.723191337296 -0.0702523326806 0.00948518414271    9.91946176544 -0.0329352879644   -2.53640352887  -0.208989053757 1785404736.4
-0.0369881544389   0.670250414254 -0.0689275852727 0.674799787632 -0.0931700844114  0.0208788920374    9.94806773567 -0.174642398331  -2.24125450533 -0.140040112302 1785404736.43
-0.0417719829516   0.625698958357 -0.0710283130304 0.631101502376 -0.133121045196 0.0197501000118    9.9557414052  -0.237934847482   -2.03384731028 -0.0425745157412 1785404736.45
-0.0467072643435   0.587172270187 -0.0706666596538 0.593250891449  -0.185530780931 0.00526324530362    9.93438115302 -0.196389650519   -1.7781259192 0.0969706475054 1785404736.47
 -0.049540189872   0.555365058203 -0.0671926320104 0.561604334102  -0.242334696491 -0.0180376268684    9.88518348552 -0.0431968598787   -1.46382355111   0.268086770953 1785404736.49
-0.0483883078381   0.530206299401 -0.0602338290366 0.535806179902  -0.288280934884 -0.0395807833661    9.81967086012 0.185860099527 -1.11618078386 0.437194832653 1785404736.51
-0.0421426609816   0.510939279801 -0.0497915792104 0.51508654892  -0.312557839847 -0.0483163781954     9.7573016255  0.419722733369 -0.802895799863  0.567408588083 1785404736.53
-0.0306800742017   0.496331874026  -0.036294682914 0.498601945579  -0.340095036326 -0.0430118456993    9.70393353468  0.649681225373 -0.618081227938  0.695050794982 1785404736.55
-0.0148532254507   0.484977181522 -0.0205964245413 0.485641532004  -0.376925730309 -0.0202411033863    9.65470670213  0.892496022579 -0.537335286614  0.840189989028 1785404736.57
 0.00372343039184    0.475618933539 -0.00390744597886 0.475649557982 -0.364662827898  0.023981746893   9.63360366075   1.00358242195 -0.464971229664  0.872334805767 1785404736.59
0.0230312989022  0.467424847515 0.0123335954254 0.468154404422 -0.302821670092 0.0731789659511   9.64571998173  0.945346811754 -0.391938122863  0.773378397582 1785404736.61
0.0410614722176  0.460138686668 0.0266384178216 0.462734546768 -0.217509163157  0.110104003146   9.67715116096 0.782584596334 -0.31523712124 0.597999490703 1785404736.63
0.0561905910937   0.45406777422 0.0376717376985 0.459079607404 -0.136727510252  0.134921717176   9.70777802539  0.625191994966 -0.242641584617  0.422033964027 1785404736.65
0.0674385183824  0.449901562184 0.0444441630037 0.457093702693 -0.05121375828 0.144682064034  9.73738101795   0.47916516566 -0.147871608966  0.229209543943 1785404736.67
 0.074559085682    0.4483992093 0.0464583410854 0.45692371969 0.0475750547047  0.107713535275   9.77686718949   0.280645594312 0.00314468590026 -0.0178012632431 1785404736.69
0.0779570808702  0.450019424626 0.0437769738385 0.458815008949  0.128056886613 0.0326263085788   9.81479976159  0.099441444477  0.157415906605 -0.240800685909 1785404736.71
0.0784667990384  0.454585123473 0.0369956863392 0.462788670823   0.174787790557 -0.0543851533985    9.84456917212 -0.0212741870146   0.261900131522  -0.394555492409 1785404736.73
0.0770591612028  0.461073444168 0.0271239691289 0.468254786354   0.20160023545 -0.143454690641   9.87106573979 -0.0927907030001   0.308877806863  -0.512644160947 1785404736.75
 0.074557615822   0.46759784888 0.0153984800977 0.473754893953   0.21310277226 -0.240180397735   9.90238567866 -0.14654360967 0.274486055361  -0.6267815723 1785404736.77
 0.0714350755741   0.471607735515 0.00306919634821 0.476997113394  0.173605271273 -0.302975384544   9.92884228206 -0.185424160498 0.0729523066083 -0.657829250048 1785404736.79
  0.0677382678554    0.470280817283 -0.00879451905953 0.475215596969 0.0838659267855  -0.29489975656   9.93967630493 -0.215025060543 -0.274375037528 -0.584087740841 1785404736.8
 0.0631499309924   0.461035773113 -0.0194363263523 0.465746356568 -0.0230077114168  -0.225489581738    9.93337138824 -0.244663956604 -0.652931692858 -0.454942980594 1785404736.82
 0.0571630644318   0.442058901928 -0.0284586928624 0.446647048472  -0.13535602168 -0.150604083559   9.93196178241 -0.319717909408  -1.11628869626 -0.377667168553 1785404736.85
  0.049313948323   0.412727715912 -0.0357800976744 0.417200489419  -0.280880980847 -0.0574840985386    9.93389682707 -0.461320371829  -1.77274440645 -0.339492487225 1785404736.87
 0.0394080268895   0.373830517899 -0.0415248876894 0.378188531018 -0.413076885349 0.0658020747178   9.91354994508 -0.586157894407  -2.30830019078 -0.273712009275 1785404736.89
 0.0276771499784   0.327521620041 -0.0458836066533 0.331876093723 -0.468025116869  0.166547329608   9.87474471456   -0.6192592191  -2.43910239101 -0.187984905729 1785404736.91
 0.0148260740928   0.277008544172 -0.0489870875834 0.281697143697 -0.468892067013  0.222534063089   9.83894995883 -0.593979272915  -2.34371795474 -0.114241102086 1785404736.93
0.00195506658213   0.226027659834 -0.0508307812251 0.231681016951 -0.475375621063  0.260874967842   9.81450953683  -0.578125920868   -2.33605103092 -0.0539581958985 1785404736.95
-0.00962354426953     0.17821422598  -0.0512690425168 0.185691781366 -0.463925376085  0.275621936959    9.8024912734 -0.533853897101  -2.32165180525 0.0195343284336 1785404736.97
-0.0186315663908   0.136499431483 -0.0500774926343 0.146584396611 -0.371092972554  0.229756995183    9.8120388834 -0.387281943021  -2.02446810411   0.11274765939 1785404736.99
-0.0240764977739   0.102663212289 -0.0470614188249 0.115473763446 -0.214877849841  0.135091943243    9.8460268976 -0.173848224039  -1.51331162621  0.201452421371 1785404737.01
-0.0254511122085  0.0771367429749 -0.0421751167244 0.0915236401163 -0.0542113342208  0.0338072513384    9.89684844669 0.0293868003315  -1.03321352242  0.271431237356 1785404737.03
-0.0228371779305  0.0590898389916 -0.0356144387253 0.0726741633154  0.0898953923356 -0.0553404710114    9.96495267872  0.201839061647 -0.716120383109  0.337758542643 1785404737.05
 -0.016892293356  0.0467702490683 -0.0278527444405 0.0569963257202  0.227573107983 -0.134088198152   10.0530270693  0.352772987105 -0.527166830965  0.400179597238 1785404737.07
-0.00872534671953   0.0380018033128  -0.0196062205887 0.0436425551059  0.34534066391 -0.19008124531  10.1462429867  0.458767503555 -0.428229368465  0.429883755295 1785404737.09
0.000309912974115   0.0307131179597  -0.0117335795056 0.0328796068844  0.390623718954 -0.193021700336   10.1953083828  0.460184970069 -0.383003979347  0.379864152837 1785404737.11
 0.00885740421206   0.0233679842777 -0.00509236806936 0.0255038920781  0.355197191415 -0.146130425512   10.1837629235  0.369545381643 -0.370367136743  0.270981936816 1785404737.13
   0.0157860813495    0.0152025353528 -0.000385143591697 0.0219195296737   0.305991880817 -0.0862816781366    10.1692806672  0.272407218931 -0.405918593612  0.167273493309 1785404737.15
 0.0203569747227 0.00623228021245 0.00196902089977 0.0213804766039   0.234480928973 -0.0108847730637    10.1404450086  0.162421856496 -0.452419508853 0.0571987142603 1785404737.17
  0.0223006077345 -0.00294341428156  0.00190902137646 0.0225748788607  0.129706173913 0.0768564370115   10.0802513171  0.0384221657908  -0.471998734493 -0.0595485682831 1785404737.19
    0.021797151876   -0.0114596374557 -0.000263036710417 0.0246273894036 -0.00250440190907    0.149473301281     9.97310637101 -0.0770071436315  -0.409862622161  -0.154019325474 1785404737.21
  0.0193737038135  -0.0185215601431 -0.00394497795892 0.027091538175 -0.116411057628   0.17896812284   9.85766451819 -0.145554963602 -0.293616747563 -0.194671663592 1785404737.23
  0.0157500139891  -0.0236580600617 -0.00835074710709 0.029622655583 -0.206594378668  0.183460434337   9.76325986705 -0.181050376339 -0.195265609216 -0.204744881276 1785404737.25
  0.011671980179 -0.0268279872708 -0.0126546449757 0.0318765754397 -0.283499057898  0.165169618767   9.68081606471  -0.19685112342 -0.116081743057 -0.192023591227 1785404737.27
0.00777004885928 -0.0283637901876 -0.0161350133865 0.033544253011 -0.336769489917  0.113821448222   9.61196936186  -0.191748743114 -0.0521824936565  -0.150039763059 1785404737.29
0.00446898572092 -0.0287882098335 -0.0182908518381 0.0343989552131 -0.318911728895 0.0245687655598   9.58828822405  -0.152402485989 -0.0056015417919 -0.0728219063837 1785404737.31
0.00195995261636 -0.0285773398336 -0.0189112298106 0.0343240495742  -0.241270059385 -0.0661036505481    9.61154333064  -0.101063181516  0.0197940769592 0.00487208752382 1785404737.33
0.000229868435364  -0.0279579429398  -0.0180864910597 0.0332989575178 -0.161901272483 -0.147534667588   9.63836267917 -0.0668754951187  0.0416364977382  0.0650085857211 1785404737.35
-0.000869453880239    -0.026815759198    -0.016160809579 0.0313211215901 -0.0710124514844  -0.222760675213    9.67047523604 -0.0442001491945  0.0800571841223   0.111358449041 1785404737.37
-0.00153640759189  -0.0247587889165  -0.0136365115335 0.0283074658651 0.0346514995781 -0.273866025482   9.71418498401 -0.0284919498425   0.145494150083   0.135648498134 1785404737.39
-0.00194285138656  -0.0213344545226  -0.0110504271574 0.0241048866756  0.129721771723 -0.269804008886   9.76608901783 -0.0170286811382   0.221023036722   0.125878101169 1785404737.41
-0.00218397430861  -0.0163537244815 -0.00884961887748 0.0187224411462  0.182850825879 -0.214143188322   9.81087000504 -0.00788671055042    0.271838300403   0.0919899114292 1785404737.43
-0.00226473522208  -0.0102397967161 -0.00729600187056 0.0127755276098  0.200898778656 -0.142263675917   9.84387060429 0.00142500881224   0.285655511319  0.0574750492389 1785404737.45
-0.00212385443905 -0.00430216947975 -0.00642479705651 0.00801856827171   0.189598370228 -0.0603488684871     9.8724367247 0.0140174610131  0.228591815312 0.0298244090843 1785404737.47
  -0.0016885269869 -0.000843195837072  -0.00607002591759 0.00635667501492  0.144960386734 0.0335552673939   9.90480508004 0.0309334032172 0.0333569168685 0.0123942258944 1785404737.49
-0.000947061670205  -0.00303317950518  -0.00595328620122 0.00674823831169 0.0524201886954  0.123566083107   9.93481356552  0.0437616914347   -0.35971204248 0.00672440304318 1785404737.51
-2.25940284494e-05   -0.0145368198144  -0.00581403936203 0.0156563946843 -0.0545600581681   0.179873678283    9.96186705786 0.0422659387254 -0.883086499732 0.0100222957875 1785404737.53
0.000771003819814  -0.0389297071973 -0.00554589052889 0.0393303121157 -0.153232443308  0.206643014943   9.99729624132 0.0219752543733  -1.51991360756 0.0121581617308 1785404737.55
0.000909395200022  -0.0789976486356 -0.00529840138221 0.0791803545508 -0.248445485438  0.216130422966    10.051684951 -0.0261974184477   -2.35130867384 0.00086767541743 1785404737.57
-0.000311100993914    -0.136052346957  -0.00551005051863 0.136164233751 -0.343359181862  0.207064292384    10.126520369  -0.120650587864       -3.4253412 -0.0408612279485 1785404737.59
 -0.0036842572816   -0.209414146246 -0.00685415245224 0.209558673897 -0.388774138933    0.1560013293   10.1740842853 -0.254681474841  -4.23139613533  -0.12132948465 1785404737.61
-0.00995010221096   -0.296199183407  -0.0101020415574 0.29653838205 -0.363529443717 0.0811564235288   10.1627279608 -0.380942751305  -4.35468876307 -0.217068680127 1785404737.63
-0.0196131221444  -0.391502527213 -0.0159307332766 0.392317080481 -0.346665793772 0.0191108747312   10.1531921948 -0.536193996732  -4.53366503529 -0.343723979302 1785404737.65
-0.0327520360305  -0.488995691247 -0.0247190859033 0.490714290734   -0.34182524366 -0.0351084129061    10.1380585457 -0.731782094149  -4.76309884923 -0.511706015642 1785404737.67
-0.0488601266029  -0.581868449519 -0.0363819963515 0.585048591295  -0.324364419342 -0.0769203596117    10.0825618272 -0.896604110373  -4.61314576821 -0.674063168804 1785404737.69
-0.0667576752665   -0.66395916612 -0.0502843813056 0.669198685359  -0.289169584801 -0.0935634603538    9.98387624302 -0.944810971694  -3.93732377113 -0.763111220304 1785404737.71
-0.0846114441346  -0.730855407317 -0.0652578586843 0.738625284568  -0.245072623218 -0.0817296138927    9.86974715613 -0.838166079966    -2.937045331 -0.740371661849 1785404737.73
 -0.100080255604  -0.780725915977 -0.0797189942914 0.791141031353 -0.207562890186 -0.051692369239   9.77186703539 -0.616567431566  -1.98995712511 -0.631683011817 1785404737.75
 -0.110582868946  -0.814677580216 -0.0918659910735 0.827265066909  -0.188577554129 -0.0138996686464    9.69742753935 -0.324681328769  -1.33403714902 -0.482954720871 1785404737.77
-0.113658831826 -0.836517005594 -0.099916760248 0.850095517973  -0.18568118057 0.0316447117214   9.64144351257 0.0842172108343 -0.976299714235 -0.274769330236 1785404737.79
-0.107370096754 -0.851922088096 -0.102348067772 0.864739676919 -0.165222397472 0.0746938654474   9.63746369582  0.605724207322 -0.807827908999 0.0478401515396 1785404737.81
-0.0906761958982  -0.867167942935  -0.098101589627 0.877397478709 -0.137019145755  0.100038260144   9.68024729434   1.09882848844 -0.899732733888  0.392998626322 1785404737.83
-0.0637127758262  -0.887669177952  -0.086733922949 0.894169257288 -0.110101972041  0.102964896969   9.74753528429  1.47586593943 -1.16390376112 0.696121542219 1785404737.85
-0.0279142148193  -0.916663567085 -0.0684986521962 0.919643063347 -0.0976607294292  0.0930096503216    9.81815433372  1.85159435737 -1.58759483283  1.00899120491 1785404737.87
 0.0140551725096   -0.95434900577 -0.0443557554077 0.95548260357 -0.100429411894 0.0672421714922   9.89338593703  2.27795891952 -2.13444343477  1.38534619151 1785404737.89
 0.0585642857369  -0.997693767489 -0.0159065442498 0.999537716847 -0.101889760971 0.0120052196713   9.94775104039   2.3065884267 -2.28689431052  1.56002540783 1785404737.91
 0.101440711131  -1.04098842908 0.0147461021005 1.04602321909  -0.103987939128 -0.0526082213442    9.96176388148   1.9846844042 -1.96995901403  1.51745225489 1785404737.93
 0.138496222862  -1.07703264863 0.0452079069806 1.08684142579 -0.108982568468 -0.112937967875   9.94473907844  1.5198698063  -1.357076686 1.37132008044 1785404737.95
 0.166070718677  -1.09869592224 0.0730592725973 1.11357526484 -0.11982704535 -0.17357158463  9.91212452881   1.03851706116 -0.566599758621   1.22993148206 1785404737.97
 0.181508610566  -1.10049957989 0.0961481290862 1.11950398114 -0.128552426732 -0.232372329865   9.86192057526 0.455056115233 0.491902594249  1.03972585415 1785404737.99
 0.18349309226 -1.07986283666 0.112866434063 1.10114135915 -0.113960507598 -0.255048671072   9.79664643425 -0.246557594505   1.66028113602  0.693434860036 1785404738.01
 0.17218853899 -1.03773964319 0.122360513832 1.05902056418 -0.0757086340637  -0.232983004423    9.74089793567 -0.860725628217   2.54168946425  0.295061987582 1785404738.03
 0.149174504549 -0.978521375507  0.124631054947 0.99764222795 -0.024592200402 -0.179854252708   9.71038500032   -1.25359560533    2.92863424398 -0.0424661108235 1785404738.05
 0.117189748032 -0.909252161349  0.120497405233 0.924658074441 0.0326273975288  -0.13572793157   9.68727245539  -1.66264033557   3.35610995419 -0.316103025038 1785404738.07
0.0797347695793 -0.838354328694  0.111429095502 0.849477520153   0.106675994522 -0.0782754919267    9.67884573531  -2.01266820346   3.55019369535 -0.557634232272 1785404738.09
0.0406011331031 -0.774155667357 0.0992775969143 0.78155069609    0.178499552811 -0.00630186256234     9.70047064821  -2.03226651506   3.05707888617 -0.677971054575 1785404738.11
0.00340238296272  -0.723529759315  0.0859643504648 0.728626624805 0.234297064305 0.056494776529  9.73760884042  -1.81284403924     2.173744734 -0.681194215512 1785404738.13
-0.028825674783 -0.690907381915 0.0731897819067 0.695370889589   0.23851343251 0.0886766289823   9.78052285802  -1.29433960019   1.03259023554 -0.536289939485 1785404738.15
-0.0539057959703  -0.677810795007  0.0622195776033 0.682791757789 0.259026154414 0.113199496645   9.8090390029 -0.965773071765  0.184054386595 -0.448078949736 1785404738.17
-0.0706566898805   -0.68293534164  0.0537819128541 0.68868392085 0.285184670585 0.135010064038  9.83006823932 -0.660243929177 -0.657454525694 -0.373675577735 1785404738.19
-0.0788887236532  -0.702688174631  0.0480800913879 0.708735350235  0.25332240179 0.128906284602  9.83609147908 -0.236606266151  -1.34639683146 -0.243695919213 1785404738.21
-0.0792820950268  -0.732017804028  0.0448980566913 0.737666287356 0.175745917725 0.103710313891  9.82365012935  0.150741047449  -1.65623284178 -0.114243058185 1785404738.23
-0.0731863882255  -0.765341283189  0.0437584268574 0.770076831944  0.073594337608 0.0686733095343   9.80009808821   0.379662403448   -1.46899258719 -0.0182186123532 1785404738.25
-0.0623856270515  -0.797393743231  0.0440872568928 0.801044589538 -0.011574474133 0.0532774536423   9.77071045397 0.554453809544 -1.33455044578 0.036197844308 1785404738.27
-0.0488685958346  -0.823873337829   0.045346028291 0.826566197426 -0.115567391077 0.0523558784857   9.72562775947  0.758405988801  -1.21391785252 0.0824950455134 1785404738.29
-0.0346322218599   -0.84181632761  0.0471061128331 0.843844242788 -0.203832247666 0.0505851876627   9.69139589946    0.7545861952 -0.712771507419  0.102498847509 1785404738.31
-0.021529872122 -0.849697111754 0.0490595704823 0.851384495145 -0.245157134357  0.051946827993   9.67668512489  0.604738611983 -0.141187968332 0.0997602007809 1785404738.33
-0.0111612981577  -0.847296070372  0.0509779741872 0.848901619328 -0.230768569944 0.0519306994483   9.68342767306 0.375630471435  0.32064733275  0.08044300768 1785404738.35
-0.00479116809307   -0.835408545706   0.0526442415864 0.837079332981 -0.217629555458 0.0578929572777   9.67926983437  0.179704950977  0.725563775837 0.0641006503961 1785404738.37
-0.00328120308387    -0.81547996567   0.0537887994687 0.817258573312 -0.195883070585 0.0668754172498   9.66135670226 -0.0594072600231    1.22680395407  0.0376199346403 1785404738.39
-0.00702651230849   -0.789247030748   0.0540597841186 0.791127491419  -0.11173508253 0.0586791012237   9.66058407445  -0.347127036565    1.56929630671 -0.0203961845156 1785404738.41
-0.0158968748835  -0.758446876696  0.0530475389424 0.76046592086 -0.00204796495114   0.0350901519863     9.66899208974  -0.572424056358    1.66855740795 -0.0953352281998 1785404738.43
-0.0291943951025  -0.724629926272  0.0503678006294 0.72696475712  0.0906829016898 0.00587095519215    9.67812332832 -0.671132405285   1.56479727974 -0.163755521562 1785404738.45
-0.045646494889 -0.689083329218 0.0457886664726 0.692109846108   0.178216555115 -0.0236096831893    9.65623541137 -0.793634996199   1.66282149771 -0.254794768148 1785404738.47
-0.0634552198356  -0.652846756215  0.0393684382824 0.657103740636   0.277193512645 -0.0603360227513    9.60546069248 -0.917440303763    1.9074592557 -0.375395002304 1785404738.49
-0.0804194244168  -0.616786585764  0.0315604012584 0.622807382045   0.340341455623 -0.0932600068113    9.55970302786 -0.855968935944   1.98518204302  -0.44993363489 1785404738.51
-0.0941360331224  -0.581691137074  0.0232412994765 0.589717160751  0.329216348136 -0.104128069981   9.55161223535 -0.565675627382   1.77137298268   -0.4122590419 1785404738.53
-0.102271883425 -0.548357165052 0.0156345360135 0.558031860488    0.27278874923 -0.0946984707251    9.57649544383 -0.195628021643   1.43256485952 -0.293419689913 1785404738.55
-0.102881193893 -0.517651180497 0.0101245570994 0.527872893208   0.250675936533 -0.0915106157137     9.5787576546  0.173700339302   1.33131657321 -0.176050955683 1785404738.57
-0.0947285590256  -0.490541775452 0.00798913085812 0.499668449645   0.241451066964 -0.0885564228757    9.58128162992     0.672168699928      1.31556401276 -0.000577846684714 1785404738.59
-0.0775667579322  -0.468105938421  0.0101027949095 0.474596500183   0.198666888107 -0.0694805705745    9.63739861005   1.1906541791   1.0956911731 0.243965918493 1785404738.61
-0.0523155008423  -0.451511455573  0.0166795977271 0.454838119689   0.127120921155 -0.0401579234822    9.73777452852  1.43587553821 0.664513153261  0.43271335695 1785404738.63
-0.0210937649077  -0.441970632352  0.0271214136814 0.443304136975  0.0649177310531 -0.0181479390047    9.83077066505  1.45768221015 0.242628426388 0.521486406935 1785404738.65
 0.012924430381  -0.44065239333 0.0400192098081 0.442654616831     0.01718997163 -0.00632525085632     9.91782484415   1.55246140476 -0.152299976936  0.607772115177 1785404738.67
0.0458341619207 -0.448536413428 0.0533229846372 0.454014344774   -0.042022490879 0.000763875075723     10.0152733982   1.60415536164 -0.676823321765  0.652789414298 1785404738.69
0.0734744201739 -0.466199572989 0.0646592124649 0.476362620313  -0.117015840732 0.00476382934727    10.0847093892  1.30671512733 -1.27413310141     0.52140494 1785404738.71
0.0919923818661 -0.493543710508 0.0717410188344 0.50714373336   -0.17935701441 0.00730057470038    10.0750920912 0.652743321722 -1.65692489967 0.212910721162 1785404738.73
0.0984121077178 -0.529501446875 0.0727933455343 0.543466278937 -0.216377563586 0.0114319952959   10.0105542555 -0.0199232739716   -1.77360526947  -0.109558171762 1785404738.75
0.0911134700595 -0.571786002105 0.0669078789191 0.582852949629 -0.268459247691 0.0214295813532   9.94462641931 -0.639589613033  -1.97397374052  -0.41938591291 1785404738.77
0.0701358783494 -0.616770741305 0.0542523123067 0.623111949935  -0.34937719427 0.0425818851762   9.85693434073  -1.40657544476   -2.2926235974 -0.804876630063 1785404738.79
0.0372472789548 -0.659584279324 0.0360843361563 0.661619876241 -0.388343675707 0.0706541436632   9.72372318308 -2.11900111411  -2.2139164366 -1.13085659881 1785404738.81
-0.00424254081669   -0.694480754586   0.0145584558178 0.694646288609 -0.324195420627 0.0880751665822   9.60452340089 -2.30068047964  -1.4759507542 -1.15439211268 1785404738.83
 -0.0499012713753   -0.715492507227 -0.00764342179318 0.717271278303 -0.208605721992 0.0906133660654   9.54500709281  -2.05395585895 -0.517839064764 -0.960861994833 1785404738.85
-0.0947618557504  -0.717302295363 -0.0277874247614 0.724068044601 -0.101241083304 0.0954477818681    9.4956665151  -1.88740337692  0.433046369728 -0.806496414178 1785404738.87
 -0.133984532387  -0.696200419811 -0.0435725979977 0.710313628449 0.0350519337564  0.103382808774   9.43926438519  -1.78747811492   1.72606659841 -0.669365014469 1785404738.89
 -0.163486132362  -0.650939145308 -0.0535229154646 0.673286112176     0.220708443 0.0892104345973   9.46073579898  -1.3257225422  3.22263513954 -0.38899112571 1785404738.91
 -0.180436771761  -0.583281906207 -0.0572025305896 0.613226989147  0.366760173698 0.0472089159078   9.59488247021  -0.530087425358    4.03854270051 -0.0445785809403 1785404738.93
 -0.183550016433  -0.498079732538 -0.0552102210621 0.53368735886   0.426649579314 0.00316095918006    9.75316156954 0.163662790167   4.0440215122 0.184657615561 1785404738.95
 -0.173132259023  -0.402791236232 -0.0489609876977 0.441149336865   0.499371561713 -0.0346398717638    9.89159241152 0.721323022751  4.23322849656 0.329134943107 1785404738.97
 -0.150902282746  -0.306479974549 -0.0403132752686 0.343986386214   0.635966463439 -0.0812964160407    10.0594611951  1.40705975945  4.84836028569 0.468822189551 1785404738.99
 -0.119632974709  -0.218446681111 -0.0311354110345 0.250998834552  0.688434566111 -0.122987716782   10.2111651843  1.98388147968  4.64586428855 0.506042405152 1785404739.01
-0.0826946266257  -0.146750919653 -0.0229150754737 0.169998042271 0.561790894966 -0.12883130364   10.228053224  2.01316027261  3.21722546729 0.387472797789 1785404739.03
-0.0435872054675 -0.0969181625869  -0.016498887868 0.107541564153  0.401789732598 -0.116559456335   10.1616925693  1.80146019235  1.76631649489 0.254576800261 1785404739.05
-0.00553681540031  -0.0710983377891  -0.0120113714783 0.0723180683228  0.276331236566 -0.106459414213    10.076009027  1.64587446927 0.661095557825 0.171533665819 1785404739.07
  0.0287954145936   -0.067844360496 -0.00895514355909 0.0742443785676  0.167770675216 -0.102691398347   9.96900927262    1.5898488427 -0.288627599305   0.14030678328 1785404739.09
  0.0574763738224   -0.082538007424 -0.00645035357102 0.100785233435 0.0371599391626 -0.094048039372    9.8066133492  1.43522701287 -1.14977888487 0.153678870968 1785404739.11
  0.0793487681894   -0.108343304567 -0.00354207494027 0.134339290428 -0.0882834818031 -0.0681880434318     9.6399259168 0.976230196501 -1.46808563102 0.185929404568 1785404739.13
  0.0939939072868   -0.137454221194 0.000504648720123 0.166519585038  -0.151308592587 -0.0426044133752     9.5554211059 0.503360874238 -1.21940761784 0.215237661856 1785404739.15
  0.101643734508  -0.162353564721 0.00599127710843 0.191640351032  -0.192149616197 -0.0310337685514     9.4942852016  0.204539624047 -0.887317582161  0.274787450085 1785404739.17
 0.103069268547 -0.176824233964 0.0126968847766 0.205064123431  -0.220462750658 -0.0265842656371    9.44474217878 -0.0562602376294  -0.365518499713   0.358939667648 1785404739.19
0.0994599116935  -0.17654169603  0.019924041498 0.203607985847  -0.187959999402 -0.0231672568667    9.47744468707 -0.299932027934  0.490676438043  0.388688535002 1785404739.21
0.0922961677408 -0.159199884984 0.0266579838919 0.185940404603 -0.0871439234388 -0.0199385114208    9.59625910223 -0.43655522176  1.40512156666  0.31893199339 1785404739.23
0.0832121584697  -0.12424574966 0.0317940823668 0.152879473113  0.0375303395067 -0.0164991763316    9.73750471202 -0.420492098078   1.97849147397  0.175925776747 1785404739.25
 0.0738456822161 -0.0723870091467  0.0343773108713 0.108971846722   0.161961464849 -0.0162697165186    9.83845716584 -0.381830071923   2.59557057642 0.0436802508401 1785404739.27
 0.0656806554072 -0.0050716540208  0.0337996353803 0.0740411069681   0.347594226165 -0.0203604892878    9.92775477121 -0.358639867631   3.81197023107 -0.114709506303 1785404739.29
0.0598955683272  0.075888248748 0.0299154235534 0.101199989969   0.562300979349 -0.0248993786053    9.98704185551 -0.246827465889   5.07287125273 -0.314057548087 1785404739.31
 0.057237755297  0.168449332002 0.0230570849198 0.179396118264    0.66233445923 -0.0257213361488    9.96514316956 -0.0540188512346    5.37910249096  -0.441710609843 1785404739.33
0.0579439857651  0.270223418435  0.013957388461 0.276718286439   0.617193062252 -0.0235795467658    9.89122258803  0.102304271863   4.78481740991 -0.443724551143 1785404739.35
 0.0617225480453   0.378205132331 0.00360518312774 0.38322551116   0.615934563628 -0.0255961707856    9.82342415721  0.215006119886   4.76034483059 -0.455491913568 1785404739.37
  0.0678021271687    0.488487682235 -0.00692715052089 0.493219352376   0.703783892569 -0.0347272190308    9.74930637638 0.342978940636  5.61191800058 -0.52148819502 1785404739.39
  0.075041170629    0.59612818522 -0.0166453443199 0.601063272868   0.696065983442 -0.0438741896968     9.6812535468  0.407150719125    5.8967485738 -0.508305264084 1785404739.41
0.0820811706837  0.695290533188  -0.02475375046 0.700556202087   0.552651611423 -0.0473297675994    9.66356956825  0.348268787255   5.12354276597 -0.392771926594 1785404739.43
 0.0875208110292   0.779721931299 -0.0307196816782 0.785219638926   0.328781548722 -0.0408654257931    9.70890990739  0.187970806432   3.48072676476 -0.223758499266 1785404739.44
 0.0900864257319   0.843526879214 -0.0342831230782 0.849016191003   0.165205988586 -0.0339719299514    9.76974318665 0.0272565531227   2.22081448833 -0.102090595263 1785404739.47
  0.088777471903   0.882112378945 -0.0354265591794 0.887276016638  0.0321670949422 -0.0264659680798    9.84902712678   -0.177338510702     1.23607482429 -0.00107485879135 1785404739.49
 0.0829723013212   0.893113345493 -0.0343262421905 0.897615809568   -0.123496518139 -0.00391528896656     9.95620277738 -0.459636272522 -0.141850179776  0.116287283979 1785404739.51
 0.0724873195481   0.877085010179 -0.0313051751934 0.880631898452 -0.251084822333 0.0347625215459    10.040007178 -0.716813091565  -1.56269790302  0.212523086626 1785404739.53
 0.0575894891077   0.837777208519 -0.0268006631207 0.840181811225 -0.282264977357 0.0707847757553   10.0404750978 -0.794522906481  -2.25659339818  0.235997467778 1785404739.54
0.0389665280265  0.781879703659 -0.021348480613 0.783141123249 -0.285134561821   0.10674084727   10.0134676975 -0.858569615001  -2.57050054441  0.241373303135 1785404739.57
 0.0176607076765    0.71823308232 -0.0155753161065 0.718618989178 -0.321506803974  0.171505671856   9.99068635591 -1.09178486102 -3.10864494103 0.277042775267 1785404739.59
-0.00502811959556    0.656613505485  -0.0101847434067 0.656711737805 -0.315025443828  0.240452079695    9.9086742451 -1.27849692474  -3.1574216875 0.272295338512 1785404739.61
 -0.0276647282522    0.606295766221 -0.00592186705974 0.606955485877 -0.231856294118   0.26857025146    9.7753559011 -1.23621786735 -2.31374292932  0.18847973302 1785404739.63
 -0.0488184203043    0.574654247887 -0.00350826314833 0.576734818341 -0.106823049616  0.229235751471   9.66698549466 -0.937910989854 -0.954308193698 0.0562604861419 1785404739.64
 -0.0672084293344    0.566060735008 -0.00354984255977 0.570047655967 -0.0109913269481   0.192737565319    9.59307107438   -0.71519524922    0.14352861431 -0.0633285388227 1785404739.67
 -0.0818369360971    0.581280552835 -0.00643196036462 0.587048324525 0.0823423785261   0.18135059583   9.50038107513 -0.618919050961    1.2788261385 -0.215787475222 1785404739.69
-0.0920882343048   0.617468014954 -0.0122242407548 0.624416867526 0.182390417412 0.141299198519  9.45001570761 -0.444819278638   2.44112995061 -0.395974188644 1785404739.71
-0.0977742898835   0.668743379942 -0.0206192517834 0.676167637145  0.250059173737 0.0716466828612   9.48953951973 -0.198577427559   3.10164355986 -0.528438854829 1785404739.73
-0.0991152068259   0.727224518165  -0.030923875238 0.734598945074   0.247159493146 0.00141560610159    9.61004607295 0.0274646556119   2.83959384818 -0.528093957536 1785404739.74
-0.0966565188201   0.784310670504 -0.0421118986538 0.791365353364   0.218990487226 -0.0446446608043    9.72417342112  0.172731346082   2.26900968169 -0.476716426204 1785404739.77
-0.0911400776759   0.831986309608 -0.0529342118279 0.838635656239   0.219251548565 -0.0870152723732    9.81870231496  0.321033706606   1.92194725912 -0.481814681061 1785404739.79
 -0.083357011967   0.863931439969 -0.0620721007164 0.870160255412  0.199017187963 -0.124223534045   9.92200247019  0.475483640343   1.22992555724 -0.426977853874 1785404739.81
-0.0740158584271   0.876281240316 -0.0683115282353 0.882050805974   0.12947907797 -0.130620829685   9.98997462729   0.54963637581  0.112279155804 -0.241047889796 1785404739.83
-0.0636546181722    0.86795622479 -0.0707127596269 0.873155320055 0.0458005839514 -0.108336539122   9.99294464934    0.53535359219  -0.893370943953 -0.0109701208647 1785404739.84
-0.0526130949652   0.840565393302 -0.0687500998736 0.845011771759 -0.0206820247682 -0.0799716768158    9.95914033451 0.505544686246  -1.5666437393 0.186029931453 1785404739.87
-0.0410651342155   0.797953167538 -0.0624002992918 0.801442075377 -0.0805446913501 -0.0628046006656    9.92792582411 0.572483072264 -2.31391012592 0.403717323201 1785404739.89
-0.0290945360581   0.745506108165 -0.0521647192614 0.747895050977  -0.135713135005 -0.0405850941632    9.87400312166 0.650262851889 -2.90886377825 0.626272203396 1785404739.91
-0.0167882434662   0.689353748174 -0.0390190745809 0.690661221889  -0.163719978109 -0.0141119886249    9.80679416402  0.67266222814 -2.98416685225 0.756657700131 1785404739.93
-0.00431849638594    0.635590859134   -0.024294890375 0.636069674898   -0.16095908274 0.00775356482525    9.75272153839 0.649679203594 -2.61303610843 0.773210010006 1785404739.94
   0.008008217474    0.589621376506 -0.00950778392297 0.589752403246 -0.122487970248 0.0191850723336   9.73122383863  0.53898710183   -1.789705286 0.630208760468 1785404739.96
 0.0197459061047   0.555685072529 0.00384232703443 0.556049066285 -0.0981115670439  0.0263858971834    9.71486648617 0.524508308206 -1.24538045532 0.562988019927 1785404739.99
0.0303445993811  0.536586385382 0.0144672708578 0.537638396709 -0.0673493787044  0.0292790699608     9.7046735034   0.51977046345 -0.589426001727  0.470130783438 1785404740.01
0.0392127121737  0.533609478638 0.0214499931713 0.535478117849 -0.0211077928482  0.0217753989438    9.71623494474 0.414331222956 0.268152135855 0.264898413849 1785404740.03
0.0457869502687  0.546580561886 0.0243401793658 0.549034789224  0.0198839051226 0.00879669649933    9.73093677054   0.27027667706   1.05251016057 0.0448254403718 1785404740.04
0.0495922855271  0.574029564217 0.0231714474659 0.576633550321   0.0435764717349 -0.00517851308187     9.74593765123  0.101318954962   1.50610398298 -0.133834304239 1785404740.06
0.0502824899712  0.613406658288 0.0184019279449 0.615739139718  0.0620339706669 -0.0183747704773    9.73816362173 -0.0454395638874    2.05539438953  -0.291379687099 1785404740.09
0.0476624899006  0.661321139316 0.0107966974089 0.663124370631  0.0770769613661 -0.0318926751576    9.71329734621 -0.228253189176   2.67051750414  -0.45543917618 1785404740.11
 0.0417028818187   0.713786389378 0.00128282576255 0.715004745198  0.0767753013497 -0.0370793599846     9.6911075444 -0.406204144862   2.82821457834 -0.537531178568 1785404740.13
  0.0325603255974    0.766470635665 -0.00918804247992 0.767216938202  0.0705878033922 -0.0323400837969    9.67563755067 -0.551351015062   2.64511737612 -0.549610152757 1785404740.14
 0.0206131965092   0.814964570872 -0.0197402699567 0.815464183092  0.0596962791555 -0.0166287461047    9.68502172073 -0.591146033244   2.01082180914 -0.463724869092 1785404740.16
0.00651077175334   0.855079893009 -0.0296226310028 0.85561762128  0.0652973021793 0.00272641725291    9.68577843657 -0.689059942341   1.59929938712   -0.4329185869 1785404740.19
-0.00877979922601    0.883185341195  -0.0382071309604 0.884054985073 0.0842071609626 0.0320544395223    9.6939414221 -0.801522497991   1.09151971263 -0.403417819307 1785404740.21
-0.0239557681857   0.896569469412 -0.0449568794297 0.898015486125  0.101820369619 0.0645593066501   9.73221105999 -0.769095140846  0.284932521872 -0.300315506584 1785404740.23
-0.0374203739993   0.893796032597 -0.0493906741466 0.89594144394  0.115011450207 0.0905928199198   9.78479718516 -0.617644586834 -0.568247428949  -0.16104855599 1785404740.24
-0.0474055650867   0.874995109202 -0.0510713277867 0.877765349766  0.107031065035 0.0929712957453   9.83505927457   -0.338001833568    -1.18578956783 -0.00559691705096 1785404740.26
 -0.052179039991   0.842019176882 -0.0496350604816 0.845093240821  0.105615389646 0.0950815567488   9.87841568126 -0.0687958594953   -1.81154885308   0.146809611287 1785404740.29
 -0.050314513622   0.798395987955 -0.0448636634469 0.801236826514 0.0933841556749  0.082666903543   9.91720616688 0.292872505787 -2.43198152473 0.336104988403 1785404740.31
-0.0409812142884   0.749033646702 -0.0367842636211 0.751055221582 0.0514383857439 0.0386723990902   9.92832961313 0.692639626382 -2.61775540428 0.506353063081 1785404740.33
-0.0241939510058    0.69967619003 -0.0257682689786 0.700568427669 -0.00855513346591  -0.0245526078802     9.91178113958  1.05217441965 -2.44184969965 0.635989269037 1785404740.34
-0.000963353846975     0.656161591771   -0.0125953750346 0.65628317519 -0.0704600753861 -0.0869674899712    9.86595461913  1.20027989667 -1.79448644754 0.644199930586 1785404740.36
 0.0267014967018   0.623584612218 0.00154772954095 0.624157939939 -0.135723471489 -0.150527498745   9.81399687743  1.35145564883  -1.2027758017 0.658754204989 1785404740.39
0.0559608974975  0.605499838937 0.0151518099889 0.608269064105 -0.206382965248 -0.211939415083   9.74882194005   1.43692363864 -0.513266071015  0.632878368308 1785404740.41
0.0834733386699  0.603305830878 0.0265523085905 0.609631650205 -0.262008150171  -0.24453446657   9.67920110378  1.30899333394  0.27364409996 0.498791112351 1785404740.43
 0.105842911663  0.615927637549 0.0341593210945 0.62588851712 -0.277300064691 -0.223498279496   9.63049217111 0.923913932656 0.921871001587 0.256205373834 1785404740.44
 0.120116404786  0.639867872934 0.0367135910659 0.652078778431 -0.260842334456 -0.162758435911    9.6118075224   0.431330938301    1.25876500391 -0.0149452952853 1785404740.47
 0.124246779397  0.669636153637 0.0335216408049 0.681889683784  -0.254960444766 -0.0920867177505    9.59726484287 -0.0651691675641    1.42809287352  -0.294489932809 1785404740.49
0.117440622815 0.698503962764 0.024622123855 0.708735729922   -0.23604817844 0.00352908800368    9.60965095231 -0.611342351407   1.27364065268 -0.579499608805 1785404740.51
 0.100323658225  0.719476410234 0.0108445936017 0.726518235486 -0.205270682607  0.109744578127   9.65566612432  -1.12783645634  0.737565787286 -0.818512318223 1785404740.53
  0.0748879152914    0.726331952407 -0.00625993806672 0.730209210959 -0.159792048713  0.189524238841   9.73701399331  -1.41723913386 -0.124125003777 -0.895736209806 1785404740.54
 0.0442217483228   0.714562878275 -0.0246134395124 0.716352909841 -0.125228188437  0.228027228543   9.82507865453  -1.49258973305  -1.05183851929 -0.846794458453 1785404740.57
 0.0120627691334   0.682058628502 -0.0419026766172 0.683451035131 -0.116340916787  0.244575833926   9.91616261769  -1.51056785236  -2.07542971596 -0.763085845265 1785404740.59
-0.0177535037662    0.62941259546 -0.0559211610106 0.632141264646 -0.123619805883   0.22107634386   10.0093404895  -1.36454280869   -3.0940936248 -0.582078857958 1785404740.61
-0.0418565144812    0.55979693717 -0.0649032558796 0.565099116345 -0.146976811878  0.158951154329   10.0996086602  -1.06876019925  -4.02751173864 -0.316673328427 1785404740.63
-0.0578194235109   0.478428340802 -0.0677926810868 0.486654508482 -0.165723298648 0.0577072771848   10.1466278917 -0.583223444292  -4.33410557593 0.0130131238489 1785404740.64
-0.0644733482723   0.391724569018 -0.0643986196856 0.402184202608  -0.173536444878 -0.0408394340268    10.1493317579 -0.0990396299618   -4.07037749123    0.29278210828 1785404740.66
-0.0620073816871   0.306309657591 -0.0554121903206 0.317397278742 -0.188658255616 -0.123728968778   10.1601505346 0.299947744497 -3.88751573311 0.525339593268 1785404740.69
 -0.051844847286   0.228051071983 -0.0422805951515 0.237661162896 -0.201849648997 -0.191423214671   10.1712525624  0.64726271408 -3.65502972385 0.717111434328 1785404740.71
-0.0363276981927   0.161298977338 -0.0269613089966 0.167523054918 -0.198654748334 -0.226946326488   10.1650532564 0.897592409902  -3.1979225673 0.820350055473 1785404740.73
-0.0182750986527   0.108449507231 -0.0115996927177 0.11058855149 -0.163776799779 -0.203303138128   10.1175228349 0.936815296363 -2.39048503659 0.752441106856 1785404740.74
-0.000502135738047    0.0698823754657   0.00181344091598 0.0699077042176 -0.111604847755 -0.133162888877   10.0450515721 0.777770352601 -1.51835423691 0.552073268183 1785404740.76
0.0146132647555 0.0442452266762 0.0117449696383 0.0480534275806 -0.0731245768687 -0.0581256730223    9.99620094985  0.608260683356 -0.958702992009  0.363830542995 1785404740.79
0.0254423482035 0.0289902792618 0.0173321090437 0.0422865389656 -0.0461411072631  0.0277002533055    9.95850742778 0.421901775752  -0.5887315729 0.170547284077 1785404740.81
0.0312520297169 0.0210271061804 0.0184709336841 0.0419524009671 -0.030233671168  0.119114748119   9.91052863072   0.180587504468  -0.312251137386 -0.0418736470171 1785404740.83
0.0321764736326 0.0173464042842 0.0157706367148 0.0398112569433 -0.0318297242673   0.182651671242    9.85408480463 -0.0578489828642  -0.144618769442  -0.211229710861 1785404740.84
0.0290383838055 0.0154931325159  0.010388029497 0.0345134183474 -0.0500511439922   0.199668720196    9.80441911177  -0.218449812943 -0.0846991252896  -0.287719118629 1785404740.86
 0.0230708912054  0.0138159143449 0.00377772120127 0.0271554172803 -0.0833056858532   0.194665506418     9.7657956947  -0.316311845548 -0.0944906659511  -0.305659911202 1785404740.89
  0.0156049282372   0.0114802060937 -0.00259304880886 0.0195456598601 -0.130129682457  0.171983174373   9.73309294641 -0.380526518663 -0.137573802718 -0.281082967154 1785404740.91
 0.00778733573097  0.00829036818044 -0.00751176037415 0.0136308233894 -0.179443329812  0.121535604868   9.71089564583 -0.406004210421 -0.188663228476 -0.203490874241 1785404740.93
0.000383100230192    0.004406882366  -0.0102222876423 0.011138336618 -0.200692047383 0.0441535047446   9.71384379479  -0.370617416783  -0.216424998761 -0.0792840534938 1785404740.94
-0.00630562043533 6.06739385771e-05   -0.010526585474 0.0122708407268 -0.182615643126 -0.028989387881   9.74051215321 -0.305723184149 -0.216557305027  0.034707691024 1785404740.96
 -0.0123965000819 -0.00464547593193 -0.00877146401483 0.015880561762  -0.154868219426 -0.0857826437367    9.77304107917 -0.280809423139 -0.231117184533  0.112555119377 1785404740.99
 -0.0182787234809 -0.00979366013284 -0.00572747998983 0.0215135198869 -0.115165629433 -0.133179213918   9.81230041376 -0.299528280437 -0.272346578765  0.159301955387 1785404741.01
 -0.0243998293495   -0.015559522696 -0.00238757992646 0.0290370617783 -0.0519463223872  -0.163606154416    9.85742343304 -0.341909964164 -0.327408280117  0.160704827741 1785404741.03
 -0.0310420293832   -0.022015626358 0.000271540487528 0.0380574450851 0.0267282240226 -0.158960529131   9.89201718492 -0.364036297929 -0.353540303006  0.103370154665 1785404741.04
-0.0381450658489 -0.0289084527464  0.0015154573007 0.0478857108086 0.0895609138961 -0.124120991162   9.89968956866 -0.339006904625 -0.322385506681 0.0178554383547 1785404741.06
-0.0452231136435 -0.0355014166831 0.00101845588175 0.0575023290529   0.136235448247 -0.0920034756111    9.89274778593  -0.31071061599 -0.273136279231 -0.060460782442 1785404741.09
 -0.0514026469376  -0.0405627902033 -0.00106431849279 0.0654882037861   0.171366001056 -0.0615220602718    9.86993937299 -0.258733828297  -0.17583214229 -0.128727570357 1785404741.11
 -0.0555804762092  -0.0425401454817 -0.00413463185775 0.0701138252689   0.178061521776 -0.0271116343104    9.82373364831 -0.139737536496 0.0172675100979 -0.165156227775 1785404741.13
 -0.0566722425958   -0.039911620886 -0.00729246994467 0.0696983549338   0.143368244016 0.00664222430041    9.76296402169 0.0445643760477  0.288418743646 -0.143557997661 1785404741.14
 -0.0538982238832  -0.0316526800806 -0.00955377595641 0.0632312053426 0.0763487584522 0.0310657568962   9.71358586691   0.231096107839   0.532514634841 -0.0674075201835 1785404741.16
-0.0470411260277  -0.017718644248 -0.0101017326818 0.0512724379673 0.00935413268382  0.0494269662001    9.67687865742 0.403362399509 0.751982534924 0.024115515535 1785404741.19
  -0.036612791619 0.000572294748839 -0.00852034519835 0.0375954826238 -0.0620802301813  0.0692297202612    9.65074086506 0.577896769305 0.950244835088 0.128323226014 1785404741.21
 -0.0238831162146   0.0203604390498 -0.00495944657622 0.0317733666576 -0.134563175293 0.0885101863588   9.65755202244 0.687346746564 0.977267547804 0.221410678347 1785404741.23
  -0.0107513191501    0.0373420589306 -0.000189751955572 0.0388594420244 -0.183809081523  0.100726541482   9.71413626856 0.640397494016 0.676981631059 0.247503583408 1785404741.24
0.00052855097282  0.0461666772437  0.0044752797653 0.0463860925584 -0.199392532159   0.10569054891   9.80378735655  0.451617173331 0.0919534487836  0.185246553441 1785404741.26
0.00772552633925    0.04110411619 0.00738917140585 0.0424715431677 -0.201915567411  0.112826702827   9.90780849026  0.201690544785 -0.692937821163 0.0570399850482 1785404741.29
0.00904712282852  0.0168998584773 0.00688441209125 0.0203678859451 -0.20201518996 0.124605576688  10.0294824938 -0.102709718347  -1.74161128559 -0.140403711924 1785404741.31
0.00351421885829 -0.0303054909439 0.00163233347561 0.0305522016901 -0.201497436244  0.138275680636   10.1703560297 -0.467122200538  -3.11929511295 -0.416730077074 1785404741.33
-0.00878019366653   -0.102145353152 -0.00901973240981 0.102918028276 -0.186610066902  0.137209193367   10.2805328893 -0.796445256921  -4.42243804806 -0.699574867908 1785404741.34
-0.0265863435322  -0.197445506189 -0.0248071446621 0.200765923411 -0.165092237227  0.118363693986   10.3206486464  -0.96469401282  -5.21387175336 -0.880438136385 1785404741.36
-0.0476144784252  -0.312032610329 -0.0444622508109 0.31876069427 -0.156801358911 0.0935979367481   10.3202216005 -0.994233231213  -5.68400286453 -0.964891964281 1785404741.38
-0.0688424600406  -0.439022512205 -0.0658162217888 0.449234711011  -0.17441072016 0.0687570489777   10.3186713023 -0.954076218466  -6.24466365591  -1.00910373976 1785404741.41
-0.0869657914177  -0.569596638549 -0.0860831992598 0.582592221642  -0.21366156235 0.0365249311199    10.291107251 -0.782904239333  -6.64308829868 -0.949439791438 1785404741.43
-0.098912838141 -0.694175271457 -0.102283023318 0.708607700995   -0.251946259446 -0.00542207939123     10.1898029983 -0.404316104843  -6.16121424958 -0.674642053615 1785404741.44
-0.102334859204 -0.803799823415 -0.111728033411 0.817954603251  -0.269450517148 -0.0445983340069     10.035555281  0.070975844483  -4.78467003894 -0.247390508808 1785404741.46
-0.0959861851604  -0.891468715908  -0.112484045585 0.903649533666 -0.295513303533 -0.078196137823   9.89558199268 0.526362614738 -3.50928289597 0.188170094405 1785404741.49
-0.0799325624028  -0.953156929701  -0.103719405545 0.962109693463 -0.344091921246 -0.113015199886   9.76216446019  1.01205319596 -2.42406860387 0.666058730401 1785404741.51
-0.0555588692773  -0.988300174532 -0.0858777695532 0.993578891805  -0.37711997134 -0.137946301873   9.63302515213   1.4278192408 -1.21654637833  1.12746721495 1785404741.53
-0.0253825187191  -0.999635262661 -0.0606443550977 1.00179472369 -0.378717860082 -0.144967231401   9.53612347894   1.65238944865 -0.108674768221    1.4503046109 1785404741.54
 0.0072915942775  -0.992433739755 -0.0307138267154 0.992935664735 -0.345059655268 -0.132087706307    9.4922733751  1.62490072452 0.666328107247  1.54999216221 1785404741.56
  0.0388188775003   -0.973307995906 0.000597331511993 0.97408198677 -0.285422273897 -0.104479358571   9.50111274128 1.38239202362 1.03108827256  1.4328450523 1785404741.58
0.0657001806005 -0.948868378161  0.029826492163 0.951607761863  -0.233301312907 -0.0763581389281     9.5220854037 1.10865290316 1.16983806341 1.27737158901 1785404741.61
0.0850379473008 -0.924538153736 0.0538501814033 0.930001124856  -0.177959522552 -0.0435660759734    9.55495725055 0.768250397765  1.18608064971  1.06484765596 1785404741.63
0.0949031191972 -0.903782764818 0.0703037646802 0.911467227794   -0.0926685331748 -7.82218586699e-05       9.6314398881 0.259541335306 0.998265290231 0.654520153268 1785404741.64
0.0945648496051 -0.887895143163  0.077875447163 0.896306243036 0.0011215940544 0.0398865266345   9.73200999965 -0.261658315853  0.694000482685  0.155075008191 1785404741.66
0.0845533302374 -0.876331856138 0.0764376939707 0.883713476641 0.0724855186134 0.0654589898308    9.8147936111 -0.637610735433  0.465184663156 -0.247381203594 1785404741.68
0.0665492551122 -0.867455674122 0.0670059132925 0.87258119527  0.132928294417 0.0875908987391   9.87869438503 -0.981766970663  0.400107580374 -0.589930859364 1785404741.71
0.0431191661158  -0.85944584994 0.0515404497389 0.862068935425 0.183550459208 0.102554431056  9.93323012468  -1.29796374673  0.431104375955 -0.906711734111 1785404741.73
0.0173400654318 -0.851111383257 0.0326301074798 0.851913134359  0.192692912073 0.0929532493469   9.95792678291 -1.39663779404 0.469482859415 -1.05769708426 1785404741.74
-0.00762565829016   -0.842387865856   0.0131105482682 0.842524393523   0.15001959217 0.0576811793476   9.94163229325  -1.21578169069  0.439088987394 -0.970829369375 1785404741.76
 -0.0289371626136   -0.834398003415 -0.00432331307579 0.834910820698 0.0747666343683 0.0110653124316   9.89416919415 -0.832646905076  0.301312126382 -0.692044760859 1785404741.78
-0.0444025985629  -0.829079297712 -0.0174561765716 0.830450956261 0.00518197559768 -0.0345143654221    9.84991233461 -0.547783093241  0.136123227324 -0.472357602484 1785404741.81
-0.0526845942798   -0.82849680442 -0.0248009072648 0.830540610934 -0.077761885907 -0.092097344262   9.79211492108 -0.239264586793 -0.132332751103  -0.22090376662 1785404741.83
-0.0533680952897  -0.834037945638 -0.0257336739778 0.836139743305 -0.151543541459 -0.140592244664   9.72120683296  0.160505136441 -0.477962123074  0.119059539111 1785404741.84
 -0.046902657019  -0.845714614828 -0.0205119804386 0.847262539187  -0.17954723802 -0.159618534607   9.66328398698  0.495764896764 -0.726889189354  0.407441788386 1785404741.86
-0.0344527375416  -0.861771593481 -0.0101881861081 0.862520185034 -0.152129452902 -0.144332642739   9.63741563548  0.658598281016 -0.744501144713  0.542838058444 1785404741.88
-0.0176993790735  -0.878726960117 0.00355830816843 0.878912396097 -0.116537278676 -0.137412785903   9.60005799394 0.818212185819 -0.68745229881 0.658580135967 1785404741.91
0.00136671353386  -0.891866676896  0.0186429403019 0.892062551891 -0.0581728652972  -0.135569492831    9.54214168079  1.01911455946 -0.46201039957 0.778083242318 1785404741.93
0.0206346770491  -0.89610550939 0.0328259566405 0.896943932074 0.0410660996124 -0.109175628737   9.52510664912  1.02405890134  0.13492175288 0.707228005369 1785404741.94
0.0380380122296 -0.887035161938 0.0439686021333 0.888938415674   0.135512344144 -0.0709646701022    9.56285240154 0.808001446218 0.888868967316 0.453883302034 1785404741.96
0.0517017568861 -0.861929130991 0.0502774461731 0.864940876656   0.188530958119 -0.0402233167949     9.6306529695 0.496468203366  1.49882280774 0.147522166177 1785404741.98
0.0600854501272 -0.820474599652 0.0505198490717 0.824221502474   0.239277879063 -0.0274733930465    9.68048355194  0.238893783761   2.21952166649 -0.139436787225 1785404742.01
0.0621285381886 -0.765055672636  0.044191574607 0.768845259305   0.296276989071 -0.0250746508645    9.73746444872 -0.0715763626596    3.18507249689  -0.501933226896 1785404742.03
0.0573895172152 -0.700508434112 0.0316144694779 0.703565986691   0.302978834979 -0.0252243312619    9.82516424601   -0.4589439681   3.78269417751 -0.869034770921 1785404742.04
0.0461533247909 -0.633385249002 0.0139416598453 0.635217579198   0.232993789706 -0.0206727064631    9.90867745608 -0.731187813398   3.39519343284  -1.00994027475 1785404742.06
  0.0294718123495   -0.570875518351 -0.00694636811519 0.571677966346   0.147576830551 -0.0105511323807    9.95542548332 -0.818625999864   2.51413273186 -0.941283968868 1785404742.08
0.00910547369521  -0.519605311521 -0.0286572172039 0.520474615625   0.100565589797 0.00398796388548    10.0051788621 -0.958251458626   1.96371991798 -0.947524212735 1785404742.11
-0.0126482145164  -0.484560037213 -0.0485948779476 0.48715487184 0.0700306390761 0.0314700539031   10.0672508072  -1.15165511106   1.39468618414 -0.970161805876 1785404742.13
-0.0332281010083  -0.468338181981 -0.0643192977079 0.473900550174 0.0412783074739 0.0673443794932   10.0730075328  -1.08928620657  0.397940760222 -0.735059722854 1785404742.14
-0.0501453559641  -0.470861487756 -0.0738982722568 0.479255727164 0.0261201811298 0.0873989322697   9.99939550767 -0.719879331383 -0.543773626108 -0.304092879766 1785404742.16
-0.0613241871928  -0.489561059202 -0.0761877031274 0.499234666995 0.0268801393156 0.0916106234543   9.91296645554 -0.335921590756  -1.08221590659 0.0641738498356 1785404742.18
-0.0653849514275  -0.519957863441 -0.0709869276522 0.528838837005 0.0391972467496 0.0981060223675   9.83807025718 -0.0112309705842   -1.51876279574   0.389143204024 1785404742.21
-0.0618190745408  -0.556484615508 -0.0590402939345 0.563011972858 0.0595333613334  0.102633377814   9.74292366805 0.387990151587 -1.98404072712 0.786444925374 1785404742.23
-0.0510290612476  -0.593368672129 -0.0418879494049 0.597030105155 0.0688733583112 0.0762942908521   9.63361296691 0.804912169928 -2.01137827136  1.09255014325 1785404742.24
-0.0342352714458  -0.625413207048 -0.0215993293809 0.626721839727 0.0526883297563 0.0245041452062   9.57616157907 0.973507939257 -1.42330292823  1.06867262002 1785404742.26
  -0.0132759844854    -0.648565001341 -0.000444343420338 0.648701017549  0.0282261999838 -0.0207167252595    9.55699735572   0.98467569893 -0.780910774073  0.920555122332 1785404742.28
0.0096570936997 -0.660222658402 0.0194348320286 0.660579238867 0.00360503722438 -0.0607971754863    9.52845341959  1.02407809373 -0.24119543124 0.825493513086 1785404742.3
0.0323012215913 -0.659299547799 0.0362947375065 0.66108741526 -0.0262405559115  -0.108865019691    9.47249083889  1.13041030973 0.371987726639 0.777681023851 1785404742.33
0.0525815429551 -0.646097372957 0.0489652860221 0.650080174468 -0.0568106173535  -0.147993845158    9.45008411783  1.07419298502  1.09538574647 0.606513731826 1785404742.34
0.0688170382333 -0.622063310337 0.0569123960939 0.628440584024 -0.0641116708475  -0.141962891184    9.51768181061 0.727180859288  1.50887763211 0.299406172668 1785404742.36
0.0798585576333  -0.58949841715 0.0601962012233 0.597920860726 -0.0516351325819  -0.114484297556    9.60040081034 0.371169436033  1.60817395178 0.055381841666 1785404742.38
0.0851573980077 -0.551265075351 0.0593505257725 0.560952271273 -0.0331198072672 -0.0933501715718    9.65122684318  0.107550171063   1.72879073006 -0.108938941722 1785404742.4
0.0847721210945 -0.510516460364 0.0552191900456 0.520444548215 -0.00575115844082  -0.0810617563731     9.67330571768 -0.151538718391   2.09974252713 -0.274496211487 1785404742.43
0.0793249892672 -0.470450371373 0.0487857399534 0.479579038606  0.0412612083511 -0.0506256926443    9.70962653941  -0.43446102688   2.23573541752 -0.415116800184 1785404742.44
0.0699183392051 -0.434078933867 0.0410267676485 0.441583843282    0.082970863468 -0.00574641957049     9.75978115528 -0.563564673808   1.75744404545 -0.422614597574 1785404742.46
0.0580180378126 -0.404005867839 0.0328077535163 0.409466949399  0.103129542131 0.0285917067758   9.79383199589 -0.539729082901   1.13755048963  -0.35527893404 1785404742.48
0.0453089143754  -0.38221131333 0.0248275104696 0.385687426598  0.128714550937 0.0592055475533   9.81080846453 -0.535713847973   0.74702133379 -0.332533270877 1785404742.51
0.0335277013788  -0.36985553953 0.0176058846268 0.371789179582 0.171298440594 0.101124843393  9.82207794783 -0.552140101269  0.396230789649 -0.349932691248 1785404742.53
0.0242826421559 -0.367122287147 0.0115015810402 0.368104206437 0.191049053614 0.133985950491  9.82761936839  -0.428115522696 -0.0955722475538  -0.317341831824 1785404742.54
 0.0188740241775   -0.37312681747 0.00674380530586 0.373664728886 0.161804692982 0.130119584636  9.82500337483 -0.167643414186 -0.512327901343 -0.219194267982 1785404742.56
 0.0181342839363   -0.38591202296 0.00346258418614 0.38635337608  0.108200083182 0.0975150035403   9.81849086939 0.0776391424417  -0.66518235986 -0.113870237268 1785404742.58
 0.0223081503124  -0.402549091527 0.00170710931089 0.403170359627 0.0717154878486 0.0707306381354   9.81284918442   0.284766844585  -0.740568437233 -0.0446219420338 1785404742.6
 0.0309916545974  -0.419349071824 0.00144788037053 0.420495211688 0.0390306494394 0.0393585047849   9.80562627146  0.545486711521 -0.775749599695 0.0224685323925 1785404742.63
 0.0431438682478  -0.432180060543 0.00256533004013 0.434335790623 -0.00600006555447  -0.0161224973597     9.79539752726   0.76183542589 -0.509813299194 0.0984960444527 1785404742.64
 0.0571777130423  -0.436872542636 0.00483341888577 0.440624864614 -0.0419855539124 -0.0719917370745     9.7869603715 0.750965600894 0.067024519389 0.143428752094 1785404742.66
  0.071127036777  -0.429682531469 0.00790990366243 0.43560153786 -0.051744203554 -0.103176843404   9.78293057732 0.584667776587 0.662131695378 0.148131524726 1785404742.68
0.0828771152065 -0.407768170193 0.0113446236752 0.416259771457 -0.045880363567 -0.129833829503   9.77833711778 0.434207473829  1.35065338828 0.150741885154 1785404742.7
0.0904355496492 -0.369621132471 0.0146131545397 0.380804299471 -0.0163228276021  -0.158242518205    9.77407214645 0.240940085509  2.38471709649 0.150536079264 1785404742.72
0.0922112870963 -0.315382715775 0.0171764869639 0.32903527255 0.0574897468861 -0.153435133736   9.78146044684 -0.0890813247002    3.44380683073    0.11081154739 1785404742.74
0.0872629636561 -0.246971706783 0.0185596513425 0.262591525826  0.158204924842 -0.101698944807   9.80469712593 -0.448418236121   3.95009873351 0.0337310907349 1785404742.76
 0.075476150169 -0.167963548005 0.0184353439343 0.185062866639   0.240541658748 -0.0297593581874     9.8339882929  -0.671638095642    3.71262623114 -0.0422820034717 1785404742.78
0.0576342449079 -0.083192494238 0.0166944182697 0.10257388013  0.338735639219 0.0356741371054   9.86692787646 -0.870181274529   3.68466150239 -0.107382573442 1785404742.8
 0.0353604644529 0.00190074019206   0.013484966704 0.0378922101046 0.510736104068 0.117243438805  9.91743091181  -1.18076997426   4.17850228266 -0.189305173473 1785404742.83
 0.0109276765644  0.0820924526129 0.00920625781905 0.083326706848 0.693370155522 0.211347020265  9.97437197512  -1.42132559267   4.44359510788 -0.265223060375 1785404742.84
-0.0130441263878   0.153231585263 0.00445254388322 0.153850229452 0.696586459408 0.246169591259  9.98478888169  -1.24070566012   3.61707628141 -0.256865116581 1785404742.86
  -0.0339604866473     0.212956617812 -8.70045937295e-05 0.215647497767 0.562561681005 0.216665814663  9.95103744183 -0.837040407868   2.46768583916   -0.1877447198 1785404742.88
 -0.0496363457754    0.261109413809 -0.00375494038065 0.265811949278 0.472897025862 0.190571858587  9.91913857777 -0.535182368978   1.88284180991 -0.129463269997 1785404742.9
  -0.058625705915    0.299732096191 -0.00605364349417 0.305471683598 0.431860937592 0.173660405288   9.8861323546   -0.27064232437    1.79173753947 -0.0749843995776 1785404742.93
 -0.0604378956428    0.332619080403 -0.00674762725325 0.338132699323 0.341202571598  0.12222095423   9.8251190506  0.0882169440696     1.8881360609 0.00397459509203 1785404742.94
 -0.0555997517297    0.364497581735 -0.00591730979116 0.368761215475  0.167676633818 0.0265198901243   9.75405290808 0.403287140697  1.82527001984 0.075738046702 1785404742.96
 -0.0455505250908    0.399999039744 -0.00395175242276 0.402603649361   0.038497397771 -0.0511593948624    9.71338078459  0.53140976153  1.78885426303 0.101560001607 1785404742.98
 -0.0323874184296    0.442635930679 -0.00148110109136 0.443821704811 -0.0232266000045  -0.110016222676    9.68776401813 0.596255894557  2.07258697612 0.103399613692 1785404743
  -0.018508001156    0.493998920366 0.000737822227402 0.494346056737 -0.0410213895748  -0.173350981819    9.66411295235  0.656466120785   2.77671358117 0.0863160041703 1785404743.03
-0.00621519421366    0.553338932904  0.00196017598759 0.553377308531 -0.00439564173424   -0.224426270215     9.66405933687  0.611900938434   3.57606474167 0.0246360376218 1785404743.04
0.00264350470953   0.617612318562 0.00158941316563 0.617620021041 0.0794905559766 -0.206303876757   9.71447698882   0.364507370351     3.5640921717 -0.0740988750888 1785404743.06
  0.00694001310549     0.681968352326 -0.000714080126823 0.682004037574  0.155782547887 -0.143260950197   9.77710658723 0.0887496577058   2.91093666591 -0.155329419286 1785404743.08
 0.00639232408601    0.740571393097 -0.00497176072294 0.740615668539   0.217515037662 -0.0825159046506    9.82540510578 -0.117356847338   2.29653596509 -0.221120494358 1785404743.1
0.00154235314169   0.787594231986 -0.0108842002915 0.787670945844   0.299221113703 -0.0246842554494    9.87012428491 -0.312720571009   1.89810816441 -0.315792811668 1785404743.13
-0.00639787020469    0.818203549272  -0.0178876088995 0.818424063269  0.362443947938 0.0545449316495   9.91248406124 -0.497158011126    1.1983931943 -0.412282679025 1785404743.14
-0.0157929089488   0.829380665365 -0.0252599684302 0.829915519832 0.301638007174 0.124405907054   9.9172386681 -0.509191026689 0.0624322041981 -0.396052392735 1785404743.16
-0.0248739490828   0.820468911914 -0.0322584341193 0.821479491729 0.174906180665  0.15346681023  9.89049917679 -0.387122688089  -0.85832263691 -0.310183690584 1785404743.18
 -0.032022825036   0.793395938038 -0.0382642573151 0.794963350857 0.0515728224225  0.159799173437   9.85529132247 -0.241945149227  -1.47526968575 -0.231435317319 1785404743.2
-0.0360095413974   0.752569217181 -0.0429103085177 0.754651183195 -0.074322059095  0.172028386803   9.81354172851 -0.100109911238  -2.15358407544 -0.191456798149 1785404743.23
-0.0361562722822   0.704476408934 -0.0461693344976 0.706912932558 -0.221216284579  0.156906402966   9.74720687283 0.0994492942857  -2.64298304789 -0.151533039421 1785404743.24
-0.0324149257446   0.657038039185 -0.0483875020899 0.65961432876  -0.31690343045 0.0894250208343   9.67290483525  0.298766449664  -2.37129404624 -0.113065513001 1785404743.26
-0.0253571536757   0.618764356308 -0.0502561651527 0.621319560304  -0.306439729055 0.00295552925046    9.62523963382  0.393847245548  -1.42932510719 -0.104572947387 1785404743.28
-0.0160840323702   0.597771010695 -0.0527236239567 0.600307136262 -0.247165557649 -0.069561325367   9.59049283261  0.419680730468 -0.392630495948 -0.143610596022 1785404743.3
-0.00606814820158    0.600718610493  -0.0568566720897 0.603433801321 -0.183766378993 -0.153189348826   9.51632941228  0.472411281887   0.83904960353 -0.270145789321 1785404743.33
0.00305500940793   0.631763859789 -0.0636681795722 0.634971294397 -0.0393861640352  -0.233242444359    9.45666103048  0.438364255128   2.52365912768 -0.473929746621 1785404743.34
0.00972540802357   0.691641973564 -0.0739315955409 0.695650116061  0.164730324418 -0.262354504639   9.46722677103 0.269615189975  4.06012994835 -0.68023638629 1785404743.36
 0.0127015068278   0.777030278475 -0.0880061945996 0.782101318392  0.333526058382 -0.221796868979   9.55445940885 0.0386199497214   4.69025975062 -0.789529512031 1785404743.38
0.0112792833447  0.880354774304 -0.105698349069 0.886749058003  0.435004160219 -0.152326819722     9.663150094 -0.157681975721   4.63899724028 -0.830907535236 1785404743.4
0.00545648128049   0.990178632089  -0.126183965348 0.99820132726   0.588560622393 -0.0919418029102    9.76514220848 -0.366809015545   5.09076811743  -1.01667019273 1785404743.43
-0.00398818832799     1.09224476264   -0.148014602788 1.10223538765   0.720806046951 0.00457900438976    9.91742567892 -0.57996616788  5.00159358997 -1.18958036742 1785404743.44
-0.0155267059124     1.1711363851  -0.169223006093 1.18340100426 0.670768275732 0.121720480854  10.0815792495 -0.63847069638  3.32759832896 -1.09449560999 1785404743.46
-0.0270399679404    1.21238663251  -0.187531015571 1.22710243596 0.468908210016 0.204110993416  10.1841228349 -0.511995294312  0.836209473382 -0.781898854987 1785404743.48
-0.0361012238457    1.20473944161  -0.200643591776 1.22186671591 0.225530042684 0.238629403978  10.2175652878 -0.290077698794  -1.52905499288 -0.415045793035 1785404743.5
-0.0403599596613     1.1421744103  -0.206589380106 1.16140883493 -0.00948310675429    0.290806152597     10.2918989807 -0.0448111040173   -4.29039902683 -0.0813628573694 1785404743.53
-0.0379754828354    1.02529019299  -0.204046656043 1.04608659057 -0.332745529342  0.314634773759   10.3274977146 0.336007163348 -7.64155257921 0.381657866231 1785404743.54
-0.0280277723125   0.861712954941  -0.192581713535 0.883415241617 -0.643535378761  0.248121876819   10.2259635396  0.73798023269 -9.78296472632 0.851118113602 1785404743.56
-0.0108236846901   0.665354964717  -0.172732284472 0.687496053315 -0.848216577193   0.13302953565   10.0550611614  1.01745282638 -10.3556532951  1.18746631869 1785404743.58
0.0119748260531  0.454565784249 -0.145894794017 0.477554959758 -0.887108021879 0.0098636900734   9.87507790809  1.07150655419 -9.23237864665   1.3033533148 1785404743.6
0.0374463072803  0.249448182441 -0.114017894165 0.276815284697  -1.00994294432 -0.105607319998   9.72416328027  1.17905598154 -9.14090514525  1.58141102608 1785404743.63
 0.0617336228015  0.0687991638857 -0.0791557154198 0.121696312266  -1.09057641566 -0.230435946695   9.57473908482  1.14832380452 -8.58311674794  1.89235788814 1785404743.64
 0.0805546095494 -0.0727637143472 -0.0429784055446 0.116750788385  -0.93735891454 -0.304454750115   9.49702325566 0.749587434844  -6.2919558876  1.94285861156 1785404743.66
  0.0898191322354   -0.166947565881 -0.00636077339272 0.18968243384 -0.673770042384 -0.317494664632   9.50435129137 0.147920370346 -3.63759359386  1.91753224034 1785404743.68
0.0862488136405 -0.212793111755 0.0308371203507 0.231669364086 -0.329377457813 -0.245582095573   9.60833120426 -0.493690458429  -1.11271709557   1.71309751344 1785404743.7
0.0678930490053 -0.216366239531 0.0697223633572 0.23724464939 -0.0640817174841  -0.179402303025    9.71913799971 -1.21832662434 0.554496091097  1.91008936752 1785404743.73
 0.034452771038 -0.189219217379  0.112042823549 0.222585938385   0.223396700413 -0.0783989346844    9.87818371308 -2.19846990833     1.92204004  2.45466667193 1785404743.74
-0.0126424831056  -0.145957035032   0.159643033106 0.216677609534  0.459780523838 0.0725177387736   10.0541102095 -2.89172998251  2.42115180493  2.80666231364 1785404743.76
-0.0704155171739  -0.101416398022   0.213826141563 0.24691142068 0.567301176055 0.210041092799  10.1739978562 -3.19178663581  2.03716887998  3.00963204833 1785404743.78
 -0.134748010032 -0.0680227593704   0.274780023465 0.313509462848 0.502279449533 0.276592143148  10.1784096205 -2.88151082508  1.05061764649  2.81230863992 1785404743.8
 -0.200943855301 -0.0538249143426   0.341219719222 0.39963289551 0.458950902966 0.356511423215  10.1921586209 -2.98932902603 0.149576810202  3.12684687545 1785404743.83
 -0.264357461493 -0.0615375019254   0.410351887519 0.491996344682 0.374571402972 0.446401143556  10.1784491272  -3.26128261983 -0.947273448998    3.7211464121 1785404743.84
-0.320988301558 -0.088693072026  0.478191276904 0.582723646396 0.146984312063 0.409362173967  10.0288820774 -2.75584070182 -1.78858261126  3.45354866051 1785404743.86
-0.367952215658 -0.128772076041  0.540174167975 0.666152544334 -0.0899393908389    0.32390409922    9.85065459286 -2.12880029061 -2.16802623532  2.92543173617 1785404743.88
-0.403762888663 -0.172992889747  0.591941451185 0.73711986257 -0.26765673822 0.194663448697  9.69416142087 -1.36843564784 -1.89218558734  2.03663363851 1785404743.9
-0.428389686264 -0.212341158005  0.630122851975 0.790987546843 -0.421939828472 0.0960205995869   9.56344780461 -0.914694814713  -1.54460756015   1.41885891024 1785404743.93
-0.443095622315 -0.239412461371  0.652953713098 0.824621494156    -0.568895912259 -0.000600218235165      9.44328607976 -0.573974485827 -0.988565848237  0.805804509128 1785404743.94
-0.450095543319 -0.249725518322   0.66059577006 0.837457822244  -0.576910849125 -0.0846681700469    9.42440016244  -0.242021380565 -0.0777830421995  0.0577244146597 1785404743.96
-0.452103023669 -0.242307342303  0.655102064494 0.832026866783 -0.474236730681 -0.124529242177   9.49477993419 -0.045929344161  0.791089421864 -0.538219872392 1785404743.98
-0.451849262267 -0.219519371605  0.640044934741 0.813642445309 -0.273926186252 -0.105214639806   9.64060477091  0.010180992501   1.27551029693 -0.801045128718 1785404744
-0.451655553661 -0.186246736968  0.619894920401 0.789272005409  -0.101355898148 -0.0678982031335    9.77408350435 -0.0300993312625    1.67288430037  -0.962651386148 1785404744.03
-0.453123798335 -0.148682203826  0.599282105094 0.765876371119   0.101936527459 0.00205053402803    9.93009010484 -0.139963912535   1.92509172747 -0.988344452391 1785404744.04
-0.456981939126 -0.112986562891  0.582283057238 0.748766996353  0.296800165365 0.0954515396709   10.0661567002 -0.264077129847   1.71126560015 -0.726643354056 1785404744.06
 -0.463090256023 -0.0840978295308   0.571858070887 0.740639374725 0.430733574699 0.180873698888  10.1431643284 -0.353129114439   1.24801506015 -0.331188107971 1785404744.08
 -0.470587117096 -0.0649036767525   0.569523211148 0.741634283234  0.44099194522 0.216352940643  10.1184369239 -0.343026399661  0.642907734691 0.0782786206849 1785404744.1
 -0.478133989402 -0.0559025286519   0.575291050681 0.750131320186 0.452223582758 0.251028887759  10.0849645719 -0.321348965812  0.224695946508  0.432607603927 1785404744.13
 -0.484211049886 -0.0553774519963   0.587864072789 0.763617162652 0.425673755946 0.265802346127  10.0085077638 -0.242442697298 -0.107300687922  0.776666901027 1785404744.15
 -0.487415391967 -0.0600103070723   0.605024089654 0.779249093899 0.293211094193 0.210915581825  9.86405118907 -0.0650474734371  -0.269778740566   0.940141982857 1785404744.16
 -0.486720562052 -0.0657854355151    0.62413447068 0.794209334206 0.129136840199 0.123512961838  9.70991931915  0.145980965213 -0.227821346459  0.955583076189 1785404744.18
 -0.481665780706 -0.0689832863725   0.642660717194 0.806085240856 -0.0332675335527   0.021404718503    9.58706660222    0.33471540744 -0.0297240148461   0.809018076774 1785404744.2
 -0.472453653618 -0.0670523918268   0.658618054543 0.813318031176  -0.173859810295 -0.0729079499853    9.48282902326  0.51689051977 0.233387954669 0.671342423646 1785404744.23
 -0.459945875199 -0.0591762496249   0.670870741264 0.815548642397  -0.31094277595 -0.168386219546   9.38898887568 0.703652378026 0.539861955222  0.53937835774 1785404744.25
 -0.445557593414 -0.0464169756712   0.679234985907 0.81365611333 -0.394022952827 -0.233237296843   9.37485776059  0.77149378021 0.741680281316 0.360654085268 1785404744.26
-0.431062756014 -0.031409285701  0.684372878542 0.809424412613 -0.408425745873 -0.251157542554    9.4365308383 0.703490751592 0.742648281391 0.213675015454 1785404744.28
 -0.418334105586 -0.0176781807359   0.687503721735 0.804970377946  -0.3559817753 -0.22093846701  9.55277273278 0.514869379301 0.530271907053 0.131503373754 1785404744.3
  -0.409051046145 -0.00873908654207    0.689994914395 0.80217960076 -0.313908822337 -0.192963217702   9.65582485154 0.327093222065 0.246486153998 0.127278445119 1785404744.33
  -0.404414778821 -0.00718905687442    0.692920007211 0.802334800604 -0.278955774676 -0.169491041555   9.76104397688  0.108093371945 -0.137355944789  0.174597636597 1785404744.35
  -0.40491178756 -0.0139989074125   0.696680844838 0.805924143253 -0.199402406667 -0.125546519468   9.87167738865  -0.14996143953 -0.547266523084  0.205049452242 1785404744.36
 -0.410163491832 -0.0281683045511   0.700780497599 0.812478214618  -0.116616538919 -0.0920998955567     9.9516864827 -0.353479176215 -0.829915465762  0.180112621579 1785404744.38
 -0.418891659478 -0.0468215252513   0.703804182082 0.820367481269 -0.0436216750685 -0.0783325685053    9.98969183307 -0.451028349726 -0.898443135333 0.0679600826719 1785404744.4
 -0.429016164229 -0.0657226048697   0.703621181949 0.826714641003 0.0148606011718 -0.090046309825   10.0009530187 -0.452935758566 -0.793596460302 -0.143881007679 1785404744.43
 -0.437884317714 -0.0800988853683    0.69777091411 0.827673097131  0.06825718236 -0.12445836597  9.99097677182 -0.339276336927 -0.496104267015 -0.490874349349 1785404744.45
-0.442610501021 -0.085600821402  0.683952521034 0.819159695827  0.118975380736 -0.171124609459   9.95558632914 -0.0676920086538  0.0233164102865  -0.970292323985 1785404744.47
 -0.440483734848 -0.0792035200571   0.660511058155 0.797855861795  0.159190920796 -0.209399417166   9.89987719198 0.341596796978 0.664441719283 -1.47567158314 1785404744.48
 -0.429383258219 -0.0598724421357   0.626811861347 0.762133716149  0.178409865167 -0.219004891135   9.84328425351 0.770372815256  1.19871742011 -1.83580245658 1785404744.5
 -0.408132993118 -0.0288650386132   0.583419071049 0.712589322814  0.204501020627 -0.231447246096   9.80418804862  1.27651929049  1.70338868547 -2.29761965344 1785404744.53
-0.376728980082 0.0103894820585  0.532038907121 0.651995448191  0.221817162896 -0.227474070921   9.78132039955  1.80585516266  2.05592552984 -2.72297483993 1785404744.55
-0.336390973489 0.0528116388788  0.475242225831 0.584639315697 0.218272144677 -0.19987988309  9.77972307608  2.25858560381  2.12408206818 -3.00094862525 1785404744.57
-0.289418410843  0.092500522778  0.416030670689 0.51517073112  0.187092632206 -0.151311484396   9.80032188416   2.5329690546  1.84168146371 -3.06214111315 1785404744.58
-0.238866654875  0.123720017931  0.357343736303 0.447278959401   0.123409209452 -0.0870826160905    9.83548879753  2.42914650101  1.18342250238 -2.74307408444 1785404744.6
-0.188094320208  0.141863214094  0.301612093204 0.38271987089  0.0599526020392 -0.0352111943748    9.87830784746  2.37423372444 0.493572457372 -2.57387147939 1785404744.63
-0.140258753588  0.144219324151   0.25044437667 0.32123841181 -0.00997508407893   0.0106304276605     9.92830868864   2.32310932962 -0.294982485585  -2.49993444439 1785404744.65
-0.09784800882 0.130403968113 0.204496619799 0.261530677433 -0.0780209790708  0.0467907087414    9.96529191031   2.0184053348 -1.08375273047 -2.25123883071 1785404744.67
-0.06233104823 0.102377201557 0.163527307404 0.202749676298  -0.12509426543 0.0666752053716   9.98150065669  1.62108098793 -1.68425729322  -1.9773103211 1785404744.68
-0.0339849845562  0.0640520923066   0.126599822567 0.145894361708 -0.139707626184 0.0689494668109   9.97135574472  1.21259858542 -1.96788632016 -1.71182887346 1785404744.7
-0.0119245442749  0.0205741458949  0.0923683023401 0.0953802574575 -0.133241855298  0.062021512726   9.94988166169  0.95449107119 -2.08500202843 -1.61772432741 1785404744.73
0.00567768517558 -0.0225875309857  0.0593773333764 0.063781661815 -0.109290193559 0.0474524979608   9.91738104676 0.852563108768 -2.08686531841 -1.69877374568 1785404744.75
0.0212238127949 -0.060564899438  0.026318577547 0.0693629929976 -0.0599067343606  0.0199959572729    9.86266710027 0.822696141527 -1.75345407968 -1.75063518551 1785404744.77
  0.0372418990444  -0.0898619434771 -0.00778892718145 0.0975848108906 -0.0044867494152 -0.0141708033099    9.80138027543 0.88591940599 -1.2321587747 -1.7821983022 1785404744.78
 0.0559316362411  -0.108837404726 -0.0435029249515 0.129870832289 0.0383818836913 -0.048357306227   9.74884511617  0.995787583438 -0.670354700206  -1.75365612342 1785404744.8
 0.0787775239592  -0.117823329872 -0.0809362571775 0.163214316373  0.0623265862237 -0.0838772629278    9.70725919178   1.20544715472 -0.240230667663  -1.82616055979 1785404744.83
 0.106289464276 -0.118873095302 -0.119791196132 0.199444713325 0.0666803286979 -0.126064325461   9.67296608202   1.52478827686 0.0676425668915  -2.02411248605 1785404744.85
 0.137910227818 -0.115200088379 -0.159433217071 0.240227479704 0.0398697074452 -0.157134855096   9.66692813833  1.71318525531 0.219982336653 -2.06165693438 1785404744.86
 0.172104666645 -0.110422064125 -0.198993587077 0.285326998765 -0.00882575755604   -0.173858214828     9.68591111578   1.7520148745 0.189764548461 -1.99048466876 1785404744.88
 0.206619404523 -0.107758047742 -0.237494519418 0.332726647464 -0.0637417200549  -0.171247330594    9.72361119327   1.60338966053 0.0262180966451  -1.80088563379 1785404744.9
 0.238875997916 -0.109330241432 -0.273989412605 0.37958535574 -0.116765401777 -0.164814534166   9.76299874068   1.42456471793 -0.189199241734  -1.67202520461 1785404744.93
 0.266437615766 -0.115702622015 -0.307703724822 0.42315207917 -0.171590706982  -0.16088065027   9.80139050972   1.26300879397 -0.426600640626  -1.66758971801 1785404744.95
 0.287472716515 -0.125744530379  -0.33815316875 0.46130230348 -0.191324785073 -0.130156019175   9.83624003895  0.902328064603 -0.549937449799  -1.49558778667 1785404744.96
  0.30113342305  -0.13684850512 -0.365211218669 0.492735310357  -0.174896186349 -0.0876724283018    9.85557270581  0.511831030262 -0.497196076131  -1.28446632143 1785404744.98
 0.307774974133 -0.145466278822 -0.389102729478 0.516997879168  -0.127848371355 -0.0420745566625     9.8568970228 0.188147783465 -0.26462965903 -1.08337209888 1785404745
 0.308966783444 -0.147866118254  -0.41031642233 0.534494554353   -0.063972563627 0.000501836410532      9.8449118514 -0.0116543407994   0.106405207573  -0.954801416326 1785404745.03
 0.307282462488 -0.140969602032  -0.42945257199 0.546556906496 0.0137748729567 0.0425751156871   9.82352264311 -0.077077869746   0.62210900528 -0.922828641808 1785404745.05
 0.305899034596 -0.123105779255 -0.447045596503 0.555498890733  0.102344425095 0.0813776490907   9.79418640072 0.0206069484048   1.20717397299 -0.882855006724 1785404745.07
 0.308075192756 -0.094530734531 -0.463415188479 0.564446650336 0.181079007493 0.109739162449  9.76597489302  0.279973660487     1.713027618 -0.825108544444 1785404745.08
  0.316605081525 -0.0576004955186  -0.478597317414 0.576725226575 0.218231143483 0.115175527628  9.75095490282  0.611802214321   1.88761069539 -0.701266378967 1785404745.1
  0.333350390761 -0.0165484504438  -0.492386392191 0.594845100381 0.230186360805 0.109496362563   9.7465188412  0.989870150737   1.88720538141 -0.605387005243 1785404745.13
 0.358937253635 0.0231065577777 -0.504486922106 0.619578017392  0.232088503065 0.0968371389547   9.74790397069   1.49106203346   1.80910018245 -0.561810857834 1785404745.15
 0.392669313048 0.0554229838263  -0.51473691408 0.649780722446  0.192648718638 0.0585764618343   9.76216746153   1.96428783311   1.38305159015 -0.502239958479 1785404745.17
 0.432662956905 0.0750166950924 -0.523337516976 0.683159494916    0.108507354036 -0.00680383789477     9.78655357424    2.2093849525  0.596851494828 -0.430691688656 1785404745.18
 0.476165790371 0.0779790337562 -0.531013497648 0.717488623122 0.00667463978415 -0.0808936918608    9.81001804439   2.10273511146  -0.29989575395 -0.378148982413 1785404745.2
 0.519984810951 0.0625626997637 -0.539041192665 0.751574149642 -0.0864871016109  -0.158199952528    9.82424475373   1.97381978248  -1.12863347821 -0.421429752325 1785404745.23
 0.560933652595 0.0295086272726 -0.549112262034 0.785519953924 -0.184102646374 -0.252830098395   9.82907370924   1.90907148223  -2.01875990242 -0.601158947956 1785404745.25
  0.596211960298 -0.0180441889828  -0.563044816067 0.820252253431 -0.270219226364 -0.336153663203    9.8201547484   1.66103349151  -2.76891419201 -0.881496976212 1785404745.27
  0.623653121233 -0.0750436455825  -0.582396974375 0.856598505793 -0.317031297139 -0.369908432217   9.79812753163  1.20463148358 -3.09767851484 -1.18941728286 1785404745.28
 0.641813176568 -0.135306530052 -0.608070100139 0.894416713492 -0.303878810152 -0.324961905207   9.77307804631 0.630118334987 -2.81696089516 -1.38216615126 1785404745.3
 0.649914261443 -0.192444776334 -0.640000851419 0.932214904935 -0.277115834971 -0.249244430213   9.75112299279 0.132495545062 -2.37748197061  -1.5546874427 1785404745.33
 0.647690036878 -0.240760109079  -0.67702850114 0.967385861666 -0.277445347028 -0.164711949248   9.72527252548 -0.367463764088  -2.08529885028  -1.92264724545 1785404745.35
 0.635200130284 -0.275945147768 -0.716988262173 0.996843567558  -0.259645232741 -0.0158258989077    9.70833856441 -0.966491510282  -1.51058703218  -2.20863195567 1785404745.37
  0.61268156928 -0.295476924083 -0.757030052561 1.01773268518 -0.205027832893  0.173025053662   9.71600025547  -1.50627012884 -0.625351984302  -2.12315333751 1785404745.38
 0.580488133285 -0.298659702902  -0.79410720439 1.02799335751 -0.131311586511  0.315376597732   9.74522958162 -1.77828792278 0.220650107708 -1.65645421284 1785404745.4
 0.539138115736 -0.286351646485 -0.825534911582 1.02673027788 -0.0754838574059   0.410051577317    9.77274815187  -1.9943078928 0.836503259115 -1.21343206148 1785404745.43
 0.489455099529 -0.260476316225 -0.849496044906 1.01442483018 -0.0368432149784   0.556488836726    9.79073407988  -2.63606770958   1.55838644824 -0.987308058881 1785404745.45
 0.432754662096 -0.223460040224 -0.865379578974 0.993022055569 0.0141191108816  0.658764470802   9.80458101333  -3.29102084904   2.29884831767 -0.677346979535 1785404745.47
 0.371011259925 -0.177740765798 -0.873873762544 0.965865667513 0.0720947506039  0.617763935018   9.80612015202  -3.48334714848   2.71316713643 -0.316003931526 1785404745.48
 0.306938870904 -0.125462552361 -0.876793395332 0.937400117674 0.114526278855  0.44124925283  9.79469310934   -3.02421264626    2.60189806264 -0.0668554146405 1785404745.5
  0.243935758197 -0.0684106556398  -0.876682984762 0.912555602527 0.153095019408 0.282880800748  9.77607986728   -2.6275290778   2.54561135678 0.0109610788668 1785404745.53
   0.185872685194 -0.00817081242547   -0.876288352011 0.895821797652  0.22824993301 0.166672071573  9.74462711725   -2.67426560624    3.04299881688 -0.0332385658545 1785404745.55
 0.136737614688 0.0535681871153 -0.878015355243 0.890212160097  0.299013984575 0.0125353343086   9.71421689366    -2.363737216   3.38903791152 -0.198660760842 1785404745.57
 0.100181305017  0.114690279808 -0.883490300971 0.89651841368   0.32842043967 -0.132019293822    9.7045583331  -1.60094522284    3.2977392593 -0.424197431258 1785404745.58
0.0790318066147  0.172434658034 -0.893305482104 0.913222000449  0.285761344028 -0.199357640952   9.72842033891 -0.608510923469   2.61189025585 -0.564572511271 1785404745.6
0.0748578271126  0.223385362562 -0.906985260492 0.937084295694  0.234811473893 -0.212205213829   9.76229617895  0.186591137113      1.97421149 -0.645637570693 1785404745.63
0.0876589525859  0.263713434538 -0.923156897627 0.964078588685  0.215876915561 -0.229600495552   9.80123272409    1.0096540966   1.63633960988 -0.812033674473 1785404745.65
 0.115744409955  0.289649972633 -0.939869079033 0.990276608228  0.158021068868 -0.194451194385   9.86206929951   1.87792129819  0.947362412636 -0.876553374404 1785404745.67
 0.155833658642  0.298105799156 -0.954978661776 1.01248972395  0.0590795575521 -0.0980257057093    9.92278236346    2.36554350034 -0.0631557553903  -0.719550934034 1785404745.68
 0.203376537607  0.287310352492 -0.966525016366 1.02863008995 -0.0351886153951 0.00783646103163     9.9591216104   2.36032590564 -0.989985658311 -0.438190841057 1785404745.7
 0.253054705116  0.257328616028 -0.973027598163 1.03780412757 -0.104256248494 0.0914970704312    9.9757206777   2.12927517108  -1.70700073766 -0.158408029198 1785404745.73
 0.299396638602  0.210332803768 -0.973668458965 1.04014830843 -0.176374222152  0.177185846567   10.0064372305  2.07897274788 -2.63125419205 0.115286434867 1785404745.75
  0.33742097744  0.150550348759 -0.968349188228 1.03644511378 -0.238096368366  0.253353586154    10.021052492  1.77753823175  -3.5220588168 0.446543430483 1785404745.77
 0.363220214614 0.0838711701448 -0.957635049349 1.02763232006 -0.244127344111  0.267682964281   9.98689730989  1.02654309699 -3.70206573189 0.714243090526 1785404745.78
 0.374408114994 0.0171620722615 -0.942614460175 1.01439538338 -0.198878774801   0.21998853488   9.92303612443   0.1775905349 -3.13879870638 0.817118193332 1785404745.8
   0.37037633193 -0.0426086098048  -0.924708780749 0.997035831893 -0.136953318373  0.147791496912    9.8604076311 -0.466381565078  -2.24923295262  0.784833665095 1785404745.83
  0.352333542563 -0.0892976582334  -0.905467049377 0.975696456122 -0.106911893257  0.103376508753   9.81339521965 -1.10167314339 -1.76763468141 0.893829574033 1785404745.85
 0.323129168865 -0.118416688211 -0.886375349558 0.950839751022 -0.0762938190819  0.0463376698759    9.75639632659 -1.82471164872 -1.07165642856  1.02505667716 1785404745.87
 0.286889699361 -0.127732944886 -0.868703077108 0.923724223449  -0.037675045387 -0.0240494637217    9.70470669395  -2.15583259949 0.0251199801838    0.9527920614 1785404745.89
 0.248516245369 -0.117547290856 -0.853399412001 0.896586998681 -0.0141434603189 -0.0680739090157    9.68277425431  -1.9058494474 0.958935007894 0.714466449122 1785404745.9
  0.213105410211 -0.0906081142783  -0.841042760528 0.87233976825  -0.012117786671 -0.0730076996768     9.6891709748 -1.32901440237  1.38612049014 0.453802522097 1785404745.92
  0.185360633706 -0.0516779614961  -0.831834426846 0.853801903206  -0.030457258082 -0.0739964649384    9.66996873652 -1.00940441599  1.92003120908 0.353481759126 1785404745.95
  0.169057992083 -0.0068236408342  -0.825617863828 0.842776378308 -0.0715774687004 -0.0549976695997    9.64246857673 -0.518268743153    2.4651544248  0.274729042684 1785404745.97
 0.166620781376 0.0374584768891 -0.821900619804 0.839455925651   -0.112955056037 0.000594242203084     9.65242448829 0.275722313494  2.30960490405 0.162207044563 1785404745.99
 0.178843912817 0.0751487256028  -0.81986082059 0.842498807862 -0.129727834067 0.0616108592688   9.69225354513  0.956281635196   1.60452401406 0.0893558250371 1785404746
   0.2047944919   0.10150930981 -0.818333633601 0.849655730148 -0.121783349392  0.105680401274   9.73811129356    1.3506000501  0.825231524028 0.0871639344456 1785404746.03
 0.241899547747  0.113676413876 -0.815791386986 0.858459844927 -0.122499894877  0.166429566763   9.77319134272  1.91939410064 0.222852902971 0.188278704301 1785404746.05
  0.28621501773  0.110962709993 -0.810346867829 0.866541289024 -0.0982084977291   0.237359377373    9.82719939306   2.53607915811 -0.525310243638  0.445458157847 1785404746.07
 0.332851363123 0.0948371279877 -0.799815849313 0.871486949754 -0.0188844019803   0.256444149931    9.89524996355  2.55468990179 -1.19869123532 0.805731527997 1785404746.09
 0.376511948506 0.0685943037841 -0.781867840313 0.8705077516 0.0791216795534    0.2162285585   9.94462865108  1.99031523536 -1.45865894166  1.14402060452 1785404746.1
 0.412083799581 0.0367693908499 -0.754273546143 0.86028694538 0.159287327656 0.151856011687  9.96502815156  1.24428589449 -1.36097841407  1.41261536374 1785404746.13
  0.435210455869 0.00439089055461   -0.71522848219 0.837245007482 0.278101135331 0.114247839006  10.0097557077 0.719599510068 -1.42031380413   2.1234700146 1785404746.15
  0.442776251523 -0.0238100183448   -0.66370302676 0.798197615642  0.436637880654 0.0555317353283   10.0539463296 -0.055277793894  -1.36136677608   3.24163581531 1785404746.17
  0.433241251412 -0.0441061520015   -0.59974913243 0.741176332879   0.510576873359 -0.0342507101138    10.0280145325  -1.02208155221 -0.865335299227   3.94767816722 1785404746.19
  0.406784725612 -0.0542818899653  -0.524689695837 0.666122821623  0.472604792336 -0.109847588479   9.95010296391  -1.72359320325 -0.247253229553   4.02039492146 1785404746.2
  0.365239455817 -0.0538611588933  -0.441130455385 0.575236441119  0.358007192346 -0.146463281252   9.86170026974 -1.96721240364 0.212438125232   3.5617036104 1785404746.23
  0.311826001193 -0.0440273524519  -0.352763760957 0.4728806761  0.315490061144 -0.207273097686    9.7875687436 -2.59962335217 0.603733790654  4.02161652087 1785404746.25
  0.250722384888 -0.0272658348943  -0.263972582118 0.365084461661  0.246849553357 -0.288660123241   9.68729357324 -3.50604570208   1.0413238975  4.85425376164 1785404746.27
   0.186527806185 -0.00681277629902    -0.17928363944 0.258808152445  0.077991231982 -0.307280947128   9.60155720285 -3.70751204731  1.20358169277  4.70552724434 1785404746.29
 0.123695822494 0.0139712111472 -0.102752081017 0.161412023705 -0.0973170356453  -0.256022632984    9.57996012341 -3.15574512518  1.02099196069  3.71603362183 1785404746.3
 0.0660192819556  0.0321758712476 -0.0373793632735 0.0824078217114 -0.196375849205 -0.170536844936   9.62216170957 -2.24124927246  0.66299519615  2.46302730924 1785404746.33
0.0162428159997 0.0457574243064 0.0153337083266 0.05091849921 -0.305033202445 -0.133489627935   9.63637241013 -2.02897630382 0.485075756194  2.09275563667 1785404746.35
-0.0241421992956  0.0537311494513  0.0556162758299 0.081012667808  -0.429180664039 -0.0921280809551    9.66969147998 -1.97230744225  0.28756122743  1.94230313692 1785404746.37
-0.0548980570328  0.0561297203954  0.0853923299663 0.116000828423  -0.434151166934 -0.0197417443857     9.7690559473   -1.53824894419 0.00111676498211    1.52811932922 1785404746.39
-0.0768525634598  0.0537694170471   0.107979533828 0.143028131658 -0.314493007222 0.0442667579508   9.88275169128  -0.97432722449 -0.218489426715   1.12038831531 1785404746.4
-0.091573452171 0.0479053930269  0.127565722169 0.164175629422 -0.145212950715 0.0716827273563   9.95312514901 -0.510406258955 -0.293952407659  0.858118064795 1785404746.43
-0.100980349566 0.0398737786358  0.148544258021 0.183990069874 -0.017673188627 0.0958110795223   10.0380975618 -0.348005493694 -0.386245472795   1.06746265438 1785404746.45
-0.106976598885 0.0308096982949  0.174812918479 0.207250540857 0.149411606362 0.112837062597  10.1490250536 -0.282021942761 -0.508397960782   1.67687732905 1785404746.47
 -0.11117281444 0.0214999304633  0.209147745495 0.237832758732  0.310666605922 0.0840487431245   10.1867915141 -0.226259567717 -0.536356557139    2.2690232466 1785404746.49
-0.114748542621 0.0123860222198  0.252753140792 0.277857502617   0.38794985511 0.0217064143753   10.1405725081 -0.199135208594 -0.486436701893   2.61974764893 1785404746.5
-0.11846370187 0.003690145544  0.30506390887 0.327278557699   0.324834717407 -0.0407011944365    10.0176653965 -0.168615744727 -0.351670588183   2.32768468845 1785404746.52
  -0.122795360861 -0.00439668871702    0.363836809972 0.384025071853  0.316566610957 -0.108519116457   9.95741725141  -0.21155619259 -0.332740421924   2.63200314868 1785404746.55
 -0.128146008704 -0.0115384082597   0.425522978223 0.444549591618 0.319609706974 -0.21836283931  9.89699562655 -0.340485276323 -0.354438292172   3.38955128942 1785404746.57
 -0.135053241244 -0.0171568944908   0.485864742307 0.50457733284  0.210677261142 -0.296917523814   9.79920785594 -0.471061289859 -0.259560939364   3.34985569848 1785404746.59
 -0.144330968707 -0.0204565331671   0.540619000044 0.559927496633 0.0678859841236 -0.308186685447    9.7237067221  -0.584984578262 -0.0907987818894    2.66587268729 1785404746.61
 -0.157088434331 -0.0205771020746   0.586282807316 0.607311883207 -0.0348383390797  -0.247529452584    9.70240644551 -0.634811892855  0.075740634005   1.67920085687 1785404746.63
 -0.174602218062 -0.0168448118934   0.620692338977 0.645002838679 -0.105485441261  -0.23825127266   9.67981589593 -0.916141629795  0.257540889614   1.27710740659 1785404746.65
  -0.198052767345 -0.00906142543277    0.643387354688 0.67324163289 -0.173936229156 -0.229291072318   9.66095014496 -1.49724106828 0.533524250922 0.977771754759 1785404746.67
  -0.22817414706 0.00224491513474   0.655677432648 0.694248785893 -0.175848279454 -0.133656034195   9.70006363298 -1.90368380219 0.704711583099 0.484646391437 1785404746.69
-0.264895638276 0.0156826761551  0.660404443425 0.711723032088  -0.130633277088 -0.0140445440367    9.76396425477 -2.09657111533 0.711825377911 0.153509837919 1785404746.71
-0.307068288322 0.0290309618892   0.66145402031 0.729832276229 -0.0654838138104  0.0808911501209    9.82384660578   -1.8834887045  0.512207872075 0.0583223085219 1785404746.73
-0.352362393877 0.0394689407908  0.663112855264 0.751954594854 -0.0273927376042   0.168734627902    9.87330996964 -2.01095116117 0.332897834564 0.176667078404 1785404746.75
-0.397391998812 0.0439833725755  0.669389183705 0.779703031317 -0.0021108102854   0.286663574417    9.93381847279  -2.36410839939 0.0117419404954  0.559810150945 1785404746.77
-0.438075121442 0.0398946546655   0.68340924056 0.812742016621 0.00167180484303   0.334029025639    9.95998741004   -2.0644676215 -0.526808821922    1.0660547882 1785404746.79
-0.470184556658 0.0254082390911  0.706977980947 0.849433317852 -0.0233808839779   0.306775746932    9.94538638001 -1.38481559481 -1.06183964593  1.51884094254 1785404746.81
  -0.489997320037 8.20982654238e-05     0.74035657806 0.8878205016 -0.0572318232316   0.208032428922    9.89343200392 -0.538067344799   -1.3115318396   1.63761529974 1785404746.83
 -0.494923341188 -0.0348922119519   0.782270808942 0.926344535597 -0.106087350561  0.138888667555    9.8483734292  0.13468885625 -1.72167687439  2.01384993747 1785404746.85
 -0.483993150046 -0.0766669432708   0.830130132435 0.963972627339 -0.182337995346 0.0497215859835   9.78218179904  1.01683475604 -2.37836884517  2.71078403539 1785404746.87
-0.458110239212 -0.120997780544    0.8804110117 0.999814484637   -0.21793818375 -0.0863524498701    9.69990876813  1.80347180424 -2.42688137543  2.79121112282 1785404746.89
-0.420019689377 -0.162754233272   0.92914107043 1.0325737788 -0.206304669915 -0.207094008728    9.6373080881  2.23261222747 -2.00675850354   2.4420448151 1785404746.91
-0.373998917349 -0.196600300461  0.972412486439 1.06024191207 -0.145057084273 -0.259645551204   9.62725536756  2.07524252183 -1.20489517106  1.70309053641 1785404746.93
-0.325326418388 -0.217733573636   1.00685305444 1.0802769371 -0.0988640539949  -0.330416243736     9.6075714077   2.11809980073 -0.582678019008   1.29223136049 1785404746.95
-0.279620019239 -0.222563434666   1.02999210184 1.09023188701 -0.0396391274705  -0.438674811953    9.58291207945  2.26800150245 0.232019622275 0.916850128826 1785404746.97
-0.242151842796 -0.209224702019   1.04047676248 1.08857906657 0.0505771904763   -0.4397055544   9.63556515528  1.73995645166  1.24706726002 0.226745004194 1785404746.99
-0.217242081977  -0.17785571613    1.0381209752 1.07541709912  0.132137855604 -0.365418318665   9.72988158396  0.913196598704    2.0905225569 -0.443458336569 1785404747.01
-0.207811041575  -0.13061050254   1.02380049079 1.05281146333  0.174313239027 -0.231523695416   9.83231124876 0.0479358247978   2.42164711226  -0.88469983234 1785404747.03
 -0.21513511574 -0.071414891853  0.999234971158 1.02462370282  0.218048804463 -0.121280246741   9.92703703501 -0.699977600396   2.82433670309  -1.28877883671 1785404747.05
 -0.238815598846 -0.0055103436012   0.966715782326 0.995792477345   0.284919523367 0.00639498966331    10.0467419605 -1.62276786824  3.48071833448 -1.84836720321 1785404747.07
-0.276937429959 0.0611465498815   0.92884081749 0.971173776886 0.310960235151 0.170346736612   10.140883734 -2.42338755515  3.54432725439 -2.17021431876 1785404747.09
-0.326373629185  0.122547718185  0.888305009455 0.954265937191 0.288492691222 0.313435495418  10.1714758428 -2.82015751504  2.97640848402  -2.1519389614 1785404747.11
-0.383181886589  0.173277485976  0.847770315422 0.946344521338  0.22536592571 0.382041011432  10.1265653195  -2.6735712071  1.98260605565 -1.79885267563 1785404747.13
-0.443040355613  0.209062772542  0.809808408193 0.946457425109  0.18684321089 0.461393401581  10.0955096692 -2.69420482706  1.22543922001 -1.61179356859 1785404747.15
-0.501675911926  0.227173620571  0.776881901135 0.952277303521 0.158429242438 0.580624474103  10.0708864194 -2.91413505364 0.456535990606 -1.51916660467 1785404747.17
-0.555245877377  0.226641181946  0.751314591542 0.961320875234 0.098307901314 0.625117795958   9.9919554034 -2.72319811278  -0.5197770419 -1.14684138606 1785404747.19
-0.600641471394  0.208284056309   0.73520377318 0.971944964166 0.0201148780726  0.571426753485   9.88118879539  -2.14621169545  -1.38967722214 -0.562048548485 1785404747.21
-0.635688698932  0.174554261985  0.730248276794 0.983784457129 -0.0504827723874   0.429745631566    9.77856308802  -1.34861622012  -1.81964900261 0.0528224013068 1785404747.23
-0.659232251858  0.129229204645  0.737498648232 0.997592905631 -0.11546108572  0.33842531371  9.69348009817 -0.808227541118  -2.22676989185  0.612171178693 1785404747.25
-0.671101876618 0.0769864437215  0.757071078076 1.01462370294 -0.197074175115  0.267873880624   9.59642188905 -0.33040313941 -2.75629766968  1.30643972169 1785404747.27
-0.671977452381 0.0229058610896  0.787894162799 1.03578742354 -0.261870546102  0.154569645678   9.52185983761 0.216383643465 -2.87069180377  1.92675001085 1785404747.29
 -0.663184583969 -0.0280497168328   0.827569214874 1.06088236126 -0.288425258355  0.033098137909   9.49250548798 0.681489503026  -2.5219644709   2.2574408927 1785404747.31
