 0.0440195567373  0.0276311659026 0.00419345878235 1785404702.88
 0.0376870477406  0.0299304217733 0.00842261697829 1785404702.9
0.0289092550988 0.0312603316622 0.0132202711536 1785404702.93
0.0180926968668 0.0303824775122 0.0177038826153 1785404702.94
0.00597208802832  0.0264417063112  0.0210767013561 1785404702.96
-0.00638688109257   0.0192221361914   0.0227714095826 1785404702.98
-0.0176922194298 0.00925178036693   0.022532726664 1785404703
  -0.026618340235 -0.00227000442496   0.0204275644273 1785404703.03
-0.0320374230124 -0.0137057834022  0.0167903789304 1785404703.04
-0.0332292619696 -0.0233203165447  0.0121261066168 1785404703.06
-0.0300190459152 -0.0296503983414 0.00699994302981 1785404703.08
-0.0228160152906 -0.0318216243993 0.00194129610465 1785404703.1
 -0.0125529778246  -0.0297432947817 -0.00261971061638 1785404703.13
-0.000547905057679   -0.0241415196193  -0.00637715864907 1785404703.14
  0.0116805387819  -0.0164270030315 -0.00914131152091 1785404703.16
  0.0226111747057 -0.00842921611977  -0.0108111088806 1785404703.18
   0.030905451501 -0.00205501909691  -0.0113431708627 1785404703.2
 0.0355600728027 0.00105779743365 -0.0107307209469 1785404703.23
   0.0360139180208 -0.000175197346083  -0.00899956994202 1785404703.24
  0.0322011903952 -0.00611306823601 -0.00622063181787 1785404703.26
  0.0245478143128   -0.016353563488 -0.00253192798773 1785404703.28
 0.0139139846858 -0.0298280695484 0.00184030119948 1785404703.3
0.00149201014187 -0.0449975997001 0.00657125939052 1785404703.33
 -0.011326303921 -0.0601044040298  0.0112444496072 1785404703.34
-0.0230960688874 -0.0734294329816  0.0153774680796 1785404703.36
-0.0324637237879 -0.0835118610983  0.0184642638218 1785404703.38
-0.0382970386329 -0.0893004426696  0.0200285705971 1785404703.4
-0.0397925386927 -0.0902240194245  0.0196819574556 1785404703.43
-0.0365555088314    -0.0861861713  0.0171798481677 1785404703.44
-0.0286492093821 -0.0775031110066   0.012469236708 1785404703.46
-0.0166097398897 -0.0648115588696 0.00572200881443 1785404703.48
-0.00142225404844   -0.048973074372 -0.00265243263805 1785404703.5
 0.0155455487213 -0.0309937312337 -0.0120215583983 1785404703.53
 0.0326543408433 -0.0119656778088 -0.0215760675662 1785404703.54
 0.0481451784634 0.00697588738036 -0.0304093474874 1785404703.56
 0.0603222289158  0.0246958788952 -0.0376248809147 1785404703.58
 0.0677481981494  0.0401197196782 -0.0424588802896 1785404703.6
 0.0694283205308  0.0523209741846 -0.0443987353141 1785404703.63
 0.0649562291256  0.0606327342257 -0.0432743613557 1785404703.64
 0.0545973459366  0.0647642056075 -0.0393010902863 1785404703.66
 0.0392925965477  0.0648927905135 -0.0330601458915 1785404703.68
0.0205759387119 0.0616988194568 -0.025415140905 1785404703.7
0.000411337333485   0.0563165780137  -0.0173776376242 1785404703.73
-0.0190336476294   0.050190554355 -0.0099474362763 1785404703.74
 -0.0356511704441   0.0448470580789 -0.00395976012203 1785404703.76
 -0.0476607440127   0.0416140911085 3.04190773934e-05 1785404703.78
-0.0538463972776  0.0413411002677 0.00180648506444 1785404703.8
-0.0537302525619  0.0441795531182 0.00148484865838 1785404703.83
  -0.0476550781417    0.0494812599224 -0.000544817881677 1785404703.84
 -0.0367578156165   0.0558530349639 -0.00371392434921 1785404703.86
 -0.0228291830754   0.0613761692838 -0.00737997697269 1785404703.88
-0.00807068236338   0.0639629843195   -0.010921619533 1785404703.9
0.00522191312539  0.0617883134705  -0.013811543098 1785404703.92
 0.0150033370033  0.0537094884125 -0.0156648884753 1785404703.94
 0.0197961781103  0.0395811058398 -0.0162678042595 1785404703.96
 0.0189243532213  0.0203838335351 -0.0155928481309 1785404703.98
  0.0126173929234 -0.00188141833804  -0.0138052841845 1785404704
0.00196247199878 -0.0245368588323   -0.01125937838 1785404704.03
 -0.0112896009975  -0.0447603848746 -0.00847940119611 1785404704.04
 -0.0250285658826  -0.0602120966908 -0.00611839270664 1785404704.06
 -0.0371407616275  -0.0696268918768 -0.00488981465128 1785404704.08
 -0.0458496949232  -0.0732359628089 -0.00547277004567 1785404704.1
 -0.0499805869128  -0.0728998628328 -0.00839918298064 1785404704.13
-0.0491086659297 -0.0718850551283  -0.013939053153 1785404704.14
-0.0435783095266 -0.0742875406943 -0.0220052299022 1785404704.16
-0.0344063474119 -0.0841874680678  -0.032100157158 1785404704.18
-0.0231010612744  -0.104689610409 -0.0433228149503 1785404704.2
-0.0114353091196  -0.137048362032 -0.0544449333315 1785404704.23
-0.00120859481249   -0.180079087959  -0.0640529459631 1785404704.24
0.00597699652461  -0.230015149619 -0.0707385252085 1785404704.26
0.00891249628761  -0.280887049793 -0.0733089309045 1785404704.28
0.00694072637813   -0.32539247484 -0.0709817076735 1785404704.3
6.82592008112e-05   -0.356116526023   -0.063528350253 1785404704.33
-0.0109852007859  -0.366875365921  -0.051338692609 1785404704.35
-0.0248217863693  -0.353915379783 -0.0353907044676 1785404704.36
-0.0395053142911  -0.316716178938 -0.0171268182902 1785404704.38
-0.0528130855634  -0.258219073131 0.00174498036525 1785404704.4
-0.0625808886115  -0.184419061665  0.0194924675788 1785404704.43
-0.0670903059107  -0.103392571476  0.0346012065818 1785404704.45
 -0.065420077615 -0.0239538880002  0.0459749750729 1785404704.46
-0.0576732817567  0.0457886788758  0.0530606422529 1785404704.48
-0.0450082422591  0.0996894650965  0.0558791090375 1785404704.5
-0.0294435782416   0.134396409595  0.0549628144464 1785404704.53
-0.0134663198706   0.149618876767  0.0512179065371 1785404704.55
0.000471679134331    0.147822328327   0.0457417131513 1785404704.56
 0.010449044482  0.133461675932 0.0396316130973 1785404704.58
0.0154413547422  0.111952364495 0.0338195553365 1785404704.6
0.0154727567165 0.0886123978655 0.0289584188096 1785404704.63
0.0115252419731 0.0677864782005 0.0253742305496 1785404704.65
0.00524217259297  0.0522969666932  0.0230845963301 1785404704.66
-0.00148700705899   0.0432770838968   0.0218711579112 1785404704.68
-0.00695095081834    0.040353661436   0.0213845319458 1785404704.7
-0.0099481107158  0.0420796359282  0.0212553549572 1785404704.73
-0.00995898485126   0.0464819775593   0.0211855646173 1785404704.75
-0.00713964012168   0.0515911710764   0.0210001686859 1785404704.76
-0.00216370894874   0.0558476411286   0.0206507848975 1785404704.78
0.0040265339596 0.0583268126708 0.0201759537323 1785404704.8
0.0104855217604 0.0587741218842 0.0196359920083 1785404704.83
0.0164779671529 0.0574827009982 0.0190479331201 1785404704.85
0.0215948179786 0.0550728379558 0.0183459382825 1785404704.86
0.0257569544959   0.05224179544 0.0173838254717 1785404704.88
0.0291234020976 0.0495467985289 0.0159812654451 1785404704.9
 0.031944527528 0.0472665459704 0.0139984891714 1785404704.93
0.0344113100386 0.0453622458245 0.0114120376184 1785404704.95
0.0365477556939 0.0435335428691 0.0083612441852 1785404704.96
 0.0381770766027  0.0413433973031 0.00514360891594 1785404704.98
 0.0389685066186  0.0383731543249 0.00215437867524 1785404705
   0.0385472520755    0.0343663422023 -0.000214754499484 1785404705.03
  0.0366317852237   0.0293262759512 -0.00168811823005 1785404705.05
  0.0331554851993   0.0235458328984 -0.00219516730991 1785404705.06
  0.0283352436941   0.0175645707961 -0.00190822487073 1785404705.08
  0.0226658531177   0.0120651334828 -0.00121598735005 1785404705.1
    0.016840413641   0.00773414215946 -0.000638391169374 1785404705.13
   0.0116171361716   0.00511976429437 -0.000704388149632 1785404705.15
 0.00766634584704  0.00451767242557 -0.00182319116938 1785404705.17
 0.00543522318495  0.00590971579979 -0.00417990790058 1785404705.18
 0.00506170507272  0.00896729822442 -0.00767925780552 1785404705.2
0.00635536969365  0.0131169898307 -0.0119491516843 1785404705.23
0.00884618194801  0.0176524729264 -0.0164025834865 1785404705.25
 0.0118863944513  0.0218675343025 -0.0203442757833 1785404705.26
 0.0147805097151  0.0251814837425 -0.0230998680719 1785404705.28
 0.0169147914134  0.0272314073812 -0.0241416094182 1785404705.3
 0.0178608994334  0.0279136763007 -0.0231862233093 1785404705.32
 0.0174358858898  0.0273679531102 -0.0202473360606 1785404705.35
  0.015710737055  0.0259086215452 -0.0156347501964 1785404705.37
  0.0129699011666   0.0239196222776 -0.00990334962776 1785404705.38
 0.00963323001673    0.021737532614 -0.00376327102937 1785404705.4
0.00615820574637  0.0195522423102 0.00203123120874 1785404705.43
0.00294328861721  0.0173525538786 0.00679461676573 1785404705.45
0.000252284448329   0.0149345023327   0.0100063885743 1785404705.47
-0.00182502220763   0.0119744839009    0.011377176003 1785404705.48
-0.00336831894909   0.0081511064907   0.0108771618732 1785404705.5
-0.00457988664903  0.00328411693973  0.00872606883332 1785404705.53
-0.00570612098536 -0.00254920003819   0.0053494401256 1785404705.55
-0.00694534135585 -0.00895684582148  0.00130969067542 1785404705.57
 -0.0083633433562  -0.0152568456763 -0.00277757476894 1785404705.58
 -0.0098372711946  -0.0205848933206 -0.00633081529383 1785404705.6
-0.0110431333228 -0.0240627572012 -0.0088825869869 1785404705.63
-0.0114935995741 -0.0249877401936 -0.0101427044435 1785404705.65
-0.0106222378795 -0.0229967398065 -0.0100365573196 1785404705.67
 -0.0079002155953  -0.0181642760961 -0.00871278731687 1785404705.69
-0.00296398477275  -0.0110102462019 -0.00651754182957 1785404705.7
 0.00427066947498 -0.00241538717656 -0.00393680561367 1785404705.73
  0.0135311446122  0.00653550181295 -0.00151378813738 1785404705.75
  0.0241644762063   0.0147463206541 0.000246014100448 1785404705.77
  0.0351774050984   0.0212958245715 0.000965344980531 1785404705.79
  0.0453411424159   0.0255792705641 0.000463576098537 1785404705.8
   0.053352667211   0.0273811891092 -0.00121178265472 1785404705.82
  0.0580341765168   0.0268726587325 -0.00379831071506 1785404705.85
  0.0585416499058   0.0245430673587 -0.00687489434196 1785404705.87
 0.0545447423389  0.0210877025414 -0.0099490584925 1785404705.89
 0.0463373058294  0.0172768551105 -0.0125558273766 1785404705.9
 0.0348446081292  0.0138300924059 -0.0143458468269 1785404705.93
 0.0215112268863  0.0113132993693 -0.0151438373828 1785404705.95
0.00807998136786  0.0100688889538 -0.0149665764577 1785404705.97
-0.00369973637716   0.0101834577082  -0.0139997514637 1785404705.99
-0.0123751985986  0.0114928217018 -0.0125422230693 1785404706
-0.0170402171313  0.0136211310243 -0.0109324301002 1785404706.03
 -0.0174781864381   0.0160475798261 -0.00947397551755 1785404706.05
 -0.0141701264945   0.0181908921621 -0.00837591968751 1785404706.07
-0.00817072376751   0.0194992529944 -0.00771873138585 1785404706.09
-0.000883470561224    0.0195329969131  -0.00745050584505 1785404706.1
 0.00621548421504   0.0180295690847 -0.00741149664394 1785404706.13
  0.0118488139372   0.0149440342727 -0.00737954566258 1785404706.15
  0.0151538105127   0.0104620684951 -0.00712540357466 1785404706.17
   0.015804961452  0.00498481153462 -0.00646552247257 1785404706.19
   0.0140245629248 -0.000913746722264  -0.00530083520901 1785404706.2
  0.0104837483463 -0.00655504635822 -0.00363338877066 1785404706.23
 0.00611696582758   -0.011245942644 -0.00155811543843 1785404706.25
 0.00189013071606  -0.0143824688997 0.000766616734159 1785404706.27
-0.00142691123801  -0.0155538933405  0.00316045281858 1785404706.29
-0.0034324786931 -0.0146280491237 0.00546214428071 1785404706.3
-0.00416968610426  -0.0117962614476  0.00755822046115 1785404706.33
 -0.0040891686088 -0.00755943787178  0.00939090584394 1785404706.35
-0.00390695932289 -0.00264743804966   0.0109432464749 1785404706.37
-0.00439296374756  0.00211985093105    0.012206629908 1785404706.39
-0.00614340482541  0.00600369689906   0.0131419280225 1785404706.4
-0.00939492270989  0.00851087488844   0.0136483894844 1785404706.43
-0.0139274057949 0.00950870321615   0.013553083816 1785404706.45
-0.0190800249931 0.00925697427679  0.0126284365852 1785404706.47
-0.0238765887906 0.00834252060202  0.0106376677295 1785404706.49
-0.0272299650339 0.00752758299502 0.00739981453209 1785404706.51
-0.0281777759877 0.00754716078226 0.00285958597317 1785404706.53
 -0.0260966599345  0.00890583843182 -0.00285565779193 1785404706.55
 -0.0208498465069   0.0117265464256 -0.00940790215291 1785404706.57
-0.0128390429656  0.0156918459656 -0.0162595761972 1785404706.59
-0.00295177827667   0.0200960583169  -0.0227252413469 1785404706.61
0.00758488611891  0.0239996585821 -0.0280567112293 1785404706.63
 0.0174168487517  0.0264521820925 -0.0315480947288 1785404706.65
 0.0253026786909  0.0267321967481 -0.0326441743017 1785404706.67
  0.030336201906  0.0245469478707 -0.0310353940125 1785404706.69
 0.0321094209617  0.0201419448397 -0.0267247660449 1785404706.71
0.0307825749804 0.0142906559236 -0.020055695274 1785404706.73
 0.0270443980809 0.00816197914951 -0.0116947660251 1785404706.75
  0.0219667297811  0.00309155404245 -0.00256940391589 1785404706.77
  0.0167799534457 0.000305408236359  0.00623385056435 1785404706.79
  0.0126143956258 0.000655664461263   0.0135997413154 1785404706.81
 0.0102626682011 0.00442558343995  0.0185288262795 1785404706.83
0.0100153333332 0.0112457995775 0.0202788286738 1785404706.85
0.0116068160261 0.0201390166664 0.0184838296848 1785404706.87
0.0142836784661 0.0296827363945 0.0132322774642 1785404706.89
 0.0169796118311  0.0382555272336 0.00508724460929 1785404706.91
  0.0185579272577   0.0443173429727 -0.00496192427459 1785404706.93
 0.0180685267561  0.0466710923172 -0.0156182470954 1785404706.95
 0.0149649360638  0.0446603998379 -0.0254556076716 1785404706.97
0.00923736834985   0.038274015405 -0.0331334429792 1785404706.99
0.00143670936489  0.0281460473208 -0.0376125323016 1785404707.01
-0.00741297957752    0.015458716149  -0.0383311973089 1785404707.03
-0.0159942928199 0.00176765996781 -0.0353046770763 1785404707.05
-0.0229330842086 -0.0112220478846 -0.0291237727828 1785404707.07
 -0.027047373556 -0.0218974448383 -0.0208494627266 1785404707.09
-0.0275633700041 -0.0289648132818 -0.0118227294423 1785404707.11
 -0.0242602795009   -0.031632676846 -0.00342718418276 1785404707.13
-0.0175185028559 -0.0297257190416 0.00314855452804 1785404707.15
-0.00826279624519  -0.0237124343648  0.00710336975007 1785404707.17
0.00218957815987 -0.0146400402684 0.00813713234546 1785404707.19
    0.01234865981 -0.00398295935453  0.00646895705752 1785404707.21
 0.0207999847003 0.00657569477888 0.00276325266293 1785404707.23
  0.0264363098574   0.0153988455774 -0.00201691362456 1785404707.25
  0.0286315408993   0.0211481674083 -0.00679851981017 1785404707.27
 0.0273274494907   0.022994809464 -0.0105939325966 1785404707.29
 0.0230212432199  0.0207530885873 -0.0126686989183 1785404707.31
 0.0166606372276  0.0149133844807 -0.0126542002851 1785404707.33
0.00946844343629  0.0065662904677 -0.0105885396736 1785404707.35
 0.00272833971387 -0.00277228603116 -0.00688260593967 1785404707.37
-0.00243277543432  -0.0114087620759 -0.00222192689892 1785404707.39
-0.0052314336033  -0.017752861259   0.002574054805 1785404707.41
-0.00535353488803  -0.0205851937198   0.0067072933759 1785404707.43
-0.00299804770539  -0.0192649531393   0.0095421547651 1785404707.45
0.00117114281379 -0.0138401277204  0.0107075071614 1785404707.47
 0.00615963761199 -0.00503935897244   0.0101436495134 1785404707.49
 0.0108409463607 0.00585372544759 0.00808884384143 1785404707.51
 0.0141820358007  0.0172206958641 0.00501184202152 1785404707.53
 0.0154505386473  0.0273820996065 0.00150679216423 1785404707.55
  0.0143592016926   0.0348741030647 -0.00182671178849 1785404707.57
  0.0111152104737   0.0386777001354 -0.00449408973721 1785404707.59
 0.00636325263055   0.0383608980201 -0.00618576564747 1785404707.61
 0.00103642477447   0.0341129796502 -0.00681323843055 1785404707.63
-0.00384870135129   0.0266722777022  -0.0064978394767 1785404707.65
-0.00740386012201   0.0171695734902 -0.00551906127937 1785404707.67
-0.00903914644079  0.00692357267725 -0.00423736444273 1785404707.69
 -0.0085557119891 -0.00276983138027 -0.00301032159175 1785404707.71
-0.00614664896854  -0.0108169328664 -0.00212034890371 1785404707.73
-0.00231465603704  -0.0164483119919 -0.00172790415652 1785404707.75
 0.00226630545236  -0.0192734139538 -0.00185730298319 1785404707.77
 0.00690832699262  -0.0192727216995 -0.00241463324256 1785404707.79
  0.0110490334698  -0.0167437137039 -0.00322997557487 1785404707.81
  0.0143449845703  -0.0122213304117 -0.00411075734561 1785404707.83
   0.016704089135 -0.00639181992095 -0.00489107369537 1785404707.85
   0.0182564946743 -1.27734704171e-05  -0.00546402919476 1785404707.87
 0.0192760825654 0.00615517422211 -0.0057900731925 1785404707.89
  0.0200741122018   0.0114056410715 -0.00588207033184 1785404707.91
  0.0208917704072   0.0151368676124 -0.00577500941134 1785404707.93
  0.0218185218954   0.0168993021242 -0.00549267318353 1785404707.95
  0.0227575268955   0.0164414510625 -0.00502405305951 1785404707.97
  0.0234482078686   0.0137499600105 -0.00431871468501 1785404707.99
   0.023541206097  0.00907487646179 -0.00330376418903 1785404708.01
  0.0227061621264  0.00292844759484 -0.00191753756508 1785404708.03
   0.0207425411953  -0.00395271412484 -0.000149039672979 1785404708.05
 0.0176618024374 -0.0106864031548 0.00193052764481 1785404708.07
 0.0137166854247 -0.0163597000026 0.00415621361987 1785404708.09
0.00936804708746 -0.0201648857255  0.0062843634701 1785404708.11
0.00519679855286  -0.021532794625 0.00803311281497 1785404708.13
0.00178278679599 -0.0202361375907 0.00913933114962 1785404708.15
-0.000419846292106    -0.016438298444   0.00941751962359 1785404708.17
-0.00118144746134    -0.01067326126  0.00880493500507 1785404708.19
-0.000547315743739  -0.00375753373689    0.0073807633823 1785404708.21
0.00117128157037  0.0033490096307 0.00535426677998 1785404708.23
0.00346354528108 0.00970436053092 0.00302499193233 1785404708.25
 0.00572858669011   0.0145342564891 0.000724821308537 1785404708.27
 0.00740391094155   0.0173416946828 -0.00124471385577 1785404708.29
 0.00808437953981    0.017958618248 -0.00266623327874 1785404708.31
 0.00760474681143   0.0165370268842 -0.00344061934601 1785404708.33
 0.00606687301125   0.0134899123847 -0.00359567573811 1785404708.35
 0.00380557501071  0.00940038632275 -0.00326960862066 1785404708.37
 0.00130182120515  0.00491900500494 -0.00267509529375 1785404708.39
-0.000935140729133  0.000666026390867  -0.00205318907237 1785404708.41
-0.00248761947795 -0.00285003805031  -0.0016270960716 1785404708.43
-0.00312217792201 -0.00529112257108 -0.00156427409345 1785404708.45
-0.00283363799693 -0.00652231408769 -0.00195230302953 1785404708.47
-0.00183176819877 -0.00661704559634 -0.00279055890308 1785404708.49
-0.000476731957934   -0.0058345458267  -0.00399665085823 1785404708.51
  0.0008180518835 -0.00457127592626  -0.0054244026032 1785404708.53
 0.00168965286837 -0.00329122335891 -0.00688918566387 1785404708.55
 0.00190954221547 -0.00244385276682  -0.0081965167442 1785404708.57
 0.00142756846995 -0.00238204828781 -0.00917044015583 1785404708.59
0.000367204260677 -0.00329404099644    -0.00967869688 1785404708.61
-0.00102349789977 -0.00516204957754 -0.00965184402331 1785404708.63
 -0.0024492310944 -0.00775612800099 -0.00909365565066 1785404708.65
-0.00365017434153  -0.0106655174229 -0.00808073345666 1785404708.67
-0.00446683553969  -0.0133631749484 -0.00675042207083 1785404708.69
-0.00486962195516  -0.0152934584386 -0.00527775807985 1785404708.71
-0.00494646108833   -0.015968991136 -0.00384420819212 1785404708.73
-0.00485442681753  -0.0150608736934 -0.00260328164191 1785404708.74
-0.00475238567262  -0.0124668520232 -0.00165023615815 1785404708.77
 -0.0047377501119 -0.00834488424084  -0.0010039371893 1785404708.79
-0.00480925207125 -0.00310458185683 -0.00060729233618 1785404708.81
 -0.00486914699031   0.00264440358248 -0.000348251962658 1785404708.83
 -0.00476486143914   0.00818077131825 -9.72624041055e-05 1785404708.84
-0.00435608547532   0.0127837149298  0.00024854299535 1785404708.87
-0.00358337545283   0.0158506323339 0.000727055219836 1785404708.89
-0.00251204171703   0.0169998449951  0.00129051306296 1785404708.91
-0.00133176691263   0.0161392234357  0.00180955899622 1785404708.93
-0.000306567532399    0.0134871808555   0.00210227820556 1785404708.94
0.000312749264531  0.00954123000899   0.0019813900846 1785404708.97
0.000386385222146  0.00499917670351  0.00130759186832 1785404708.99
-4.06116830659e-05  0.000646707288912  3.52754456008e-05 1785404709.01
-0.000718177227872  -0.00276919737865  -0.00176125020249 1785404709.03
-0.00123899396265 -0.00465979658615 -0.00388818499202 1785404709.04
-0.00114668514093 -0.00468788325436 -0.00606041879082 1785404709.07
-7.59782078952e-05  -0.00282071126367  -0.00795247814143 1785404709.09
 0.00211658124027 0.000664737640442 -0.00926194382153 1785404709.11
  0.0052729831944  0.00522415368341 -0.00977130350741 1785404709.13
 0.00893359442105   0.0101291737278 -0.00939314857758 1785404709.15
  0.0124221591724   0.0145789652326 -0.00818643358497 1785404709.17
  0.0149965134443   0.0178232901342 -0.00633845204958 1785404709.19
  0.0160261407406   0.0192782166751 -0.00411677236901 1785404709.21
  0.0151500237411   0.0186166993028 -0.00180460793264 1785404709.23
  0.0123742791253   0.0158205371016 0.000361401537561 1785404709.24
0.00808622623315   0.011186902029 0.00223251462682 1785404709.27
0.00298401729006 0.00529009117636  0.0037565451563 1785404709.29
-0.00205808045298 -0.00109424583022  0.00495299981478 1785404709.31
-0.00615485814015  -0.0070905490316   0.0058653440126 1785404709.33
-0.00856822244741  -0.0118364702086  0.00650906846616 1785404709.34
-0.00882672988593  -0.0145939190438  0.00683585635832 1785404709.37
-0.00678810700613   -0.014846219156  0.00672879515298 1785404709.39
-0.00264129823845   -0.012372091771  0.00603317802845 1785404709.41
 0.00314272411831 -0.00728920988928  0.00461551430739 1785404709.43
 0.00989463472788 -6.1240542476e-05  0.00243357401437 1785404709.44
   0.0168464395052   0.00853658249568 -0.000404663201607 1785404709.47
   0.023231533501   0.0174957394833 -0.00361407993462 1785404709.49
  0.0283746681007   0.0256937933617 -0.00675121493477 1785404709.51
  0.0317664943802   0.0320445187982 -0.00928084853925 1785404709.53
0.0331205731466 0.0356600957926 -0.010679326617 1785404709.54
  0.032411190623  0.0359999692805 -0.0105525420643 1785404709.57
  0.0298884330502   0.0329784336707 -0.00874074435092 1785404709.59
  0.0260644302486   0.0270063680971 -0.00538363460942 1785404709.61
   0.0216638007184    0.0189522086007 -0.000927343415598 1785404709.63
 0.0175341363102  0.0100218301259 0.00393212193866 1785404709.64
 0.0145196069171 0.00157350132292 0.00835979554968 1785404709.67
 0.0133113435542 -0.0051014691967  0.0115254034589 1785404709.69
0.0142992438467 -0.008993045441 0.0127509036139 1785404709.71
 0.0174572297545 -0.0095417436695  0.0116327644603 1785404709.73
  0.0222940156341 -0.00673077426266  0.00811607953045 1785404709.74
  0.0278921157042 -0.00108380623803  0.00250836717633 1785404709.77
  0.0330399980063  0.00643024975006 -0.00456672397358 1785404709.79
 0.0364398898459  0.0145658283485 -0.0122644116218 1785404709.81
 0.0369527959675  0.0220094161425 -0.0196433273775 1785404709.83
0.0338292095947 0.0275890336001 -0.025797428063 1785404709.84
 0.026873514672 0.0304475411696 -0.029974893208 1785404709.87
  0.016503552838  0.0301525233762 -0.0316690758714 1785404709.89
0.00369136089336  0.0267298355089 -0.0306734734037 1785404709.91
-0.0102000809718  0.0206235001504 -0.0270988177721 1785404709.93
-0.0236447975048  0.0125981592486 -0.0213544640011 1785404709.94
-0.0351946418948 0.00360886825798 -0.0140983032289 1785404709.96
 -0.0436839420939 -0.00533508769077 -0.00616039578506 1785404709.99
-0.0483647493437 -0.0132904335409 0.00155344402324 1785404710.01
-0.0489615544627 -0.0194715677273 0.00817002548531 1785404710.03
-0.0456543729817 -0.0233112157403  0.0129583048647 1785404710.04
-0.0390108595322 -0.0244950222445  0.0154263765388 1785404710.06
-0.0298897877244 -0.0229773130578  0.0153907186627 1785404710.09
-0.0193325367785 -0.0189825080548  0.0130039278961 1785404710.11
-0.00845142691169  -0.0129911768542  0.00873254056333 1785404710.13
  0.0016812343067 -0.00570499360492  0.00328522841345 1785404710.14
  0.0101394694407  0.00201596340154 -0.00249841786681 1785404710.16
  0.0162374967677  0.00924560437169 -0.00777985702555 1785404710.19
 0.0195991641981  0.0151072395198 -0.0118509226819 1785404710.21
 0.0201902074159  0.0188957504543 -0.0142372429751 1785404710.23
 0.0183049478436  0.0201838671403 -0.0147575138324 1785404710.24
 0.0145075024521  0.0188896643802 -0.0135293088436 1785404710.26
0.00953711066985  0.0152889436013 -0.0109230236017 1785404710.29
 0.00419445668634  0.00996768849191 -0.00747591769787 1785404710.31
-0.000771250474593   0.00372295432118  -0.00378553979746 1785404710.33
 -0.00475647061829  -0.00256822089885 -0.000404463115949 1785404710.34
-0.00736608133711 -0.00808587769767  0.00224410253356 1785404710.36
-0.00843878978033  -0.0121840858835  0.00391669685951 1785404710.39
-0.00803601247949  -0.0144678294487  0.00456157509423 1785404710.41
-0.00640053066563  -0.0148203879908  0.00429650655615 1785404710.43
-0.00389510097926  -0.0133836324965  0.00336301954753 1785404710.44
-0.000933318471143   -0.0105034636496   0.00207025272579 1785404710.46
 0.00208477073842 -0.00665775990095 0.000740236468062 1785404710.49
  0.00482177463788   -0.0023836564784 -0.000337414313391 1785404710.51
  0.00703038989677   0.00178434199378 -0.000937786259381 1785404710.53
  0.0085584518457  0.00536149861415 -0.00091976951714 1785404710.54
  0.00933667356351   0.00794798518978 -0.000233904523214 1785404710.56
0.00935827726047 0.00925791283493 0.00107815539103 1785404710.59
0.00866078165624 0.00914675057901 0.00288974199201 1785404710.61
0.00731774329754 0.00763678799538  0.0049990871545 1785404710.63
0.00544295751337 0.00493456683238 0.00714321444536 1785404710.64
0.00320318278083  0.0014304469197 0.00901783451397 1785404710.66
0.000830067194251 -0.00232936671392    0.010305871226 1785404710.69
-0.00138027506487 -0.00570349442708   0.0107157520958 1785404710.71
-0.00308941309023 -0.00804605838592   0.0100271750066 1785404710.73
-0.00396345702918 -0.00881553615352  0.00813781804943 1785404710.74
-0.00373876852063 -0.00768215723555  0.00510094972316 1785404710.76
-0.00229224230084 -0.00461034372706  0.00114264082005 1785404710.79
0.000303163178752 0.000105412640345 -0.00335063146123 1785404710.81
 0.00375655801415  0.00586494451585 -0.00787753268154 1785404710.83
0.00758348519127  0.0118484438923 -0.0118959601403 1785404710.84
 0.0111781034976  0.0171516627174 -0.0149128020929 1785404710.86
 0.0139219524203    0.02094583138 -0.0165710435803 1785404710.89
 0.0153070139435  0.0226307166391 -0.0167153029948 1785404710.91
 0.0150448910106  0.0219489034738 -0.0154213972599 1785404710.93
 0.0131352043742  0.0190363320325 -0.0129836177968 1785404710.94
 0.00987473667247   0.0143970844729 -0.00986260532566 1785404710.96
  0.0058023868534  0.00880648873242 -0.00660466508812 1785404710.99
0.00159028754973 0.00316198347758 -0.0037483833538 1785404711.01
-0.00209527103484 -0.00168769619404  -0.0017357440437 1785404711.03
 -0.00473152329598  -0.00510000270898 -0.000842811349798 1785404711.04
-0.00604358504342 -0.00675080644538 -0.00114041254646 1785404711.06
-0.00605131521668 -0.00667941791178 -0.00248943298227 1785404711.09
 -0.0050487060136  -0.0052591865122 -0.00456951176845 1785404711.11
-0.00352277899027 -0.00310261319523 -0.00693496476099 1785404711.13
 -0.00203399337841 -0.000923574597521  -0.00908825228921 1785404711.14
 -0.0010890296949 0.000612836118536  -0.0105596186275 1785404711.16
-0.0010370134014 0.00102171869904 -0.0109816603793 1785404711.19
-0.00201182871528 8.60120127843e-05  -0.0101490490441 1785404711.21
-0.00392877990832  -0.0021138522015 -0.00805570547086 1785404711.23
-0.00652810069222 -0.00522985908004 -0.00490395916396 1785404711.24
 -0.0094459135665 -0.00872571445995   -0.001082819939 1785404711.26
-0.0122891169482 -0.0119868262062 0.00288399670552 1785404711.29
-0.0146952139775 -0.0144382162613 0.00641500537595 1785404711.31
 -0.016368618123 -0.0156482321943 0.00896244812346 1785404711.33
-0.0170964243872 -0.0154003100563  0.0101037754272 1785404711.34
-0.0167539680864 -0.0137218806635 0.00961680043505 1785404711.36
-0.0153109602876 -0.0108675942821  0.0075238555894 1785404711.38
 -0.0128432189703 -0.00726231834667  0.00409528173452 1785404711.41
 -0.00954643369949    -0.003416676724 -0.000189989195455 1785404711.43
-0.00574145987213 0.000167164421952 -0.00472074198326 1785404711.44
-0.00185877838884  0.00308048809768 -0.00885345803006 1785404711.46
0.00160596459149 0.00506772148559 -0.0120182092507 1785404711.48
0.00416453670156 0.00605117298519 -0.0138116882908 1785404711.51
 0.0054257531429 0.00611941509119 -0.0140610624357 1785404711.53
0.00518299456679 0.00548594019509 -0.0128476381709 1785404711.54
0.00347714634552 0.00443054077127 -0.0104865465566 1785404711.56
0.000615250815605  0.00323812981514 -0.00746668267509 1785404711.58
-0.00286627782633  0.00214803205685 -0.00436246428441 1785404711.61
-0.00629229910857   0.0013219309015 -0.00173390442109 1785404711.63
 -0.00897790845488  0.000832432535352 -3.27649943299e-05 1785404711.64
 -0.0103687717621  0.00066873751037 0.000469889822624 1785404711.66
  -0.0101607041232  0.000752847110985 -0.000275607871414 1785404711.68
-0.00836948083012 0.000959679259295  -0.0020931334713 1785404711.71
-0.00533279866132  0.00113686376087 -0.00461185259822 1785404711.73
-0.00164206627256  0.00112339388039 -0.00732740367313 1785404711.74
 0.00198204060563 0.000768962253731  -0.0096839974487 1785404711.76
  0.00484370672228 -4.37166920079e-05    -0.011165234439 1785404711.78
 0.00642298859868 -0.00137340802025  -0.0113796112056 1785404711.81
 0.00649186654951 -0.00319527101512  -0.0101266671978 1785404711.83
 0.00517076755519 -0.00538331074878 -0.00743207951258 1785404711.84
 0.00291259367388 -0.00770878392533 -0.00354494490522 1785404711.86
0.000414917115551 -0.00986092794044  0.00110251081074 1785404711.88
-0.00152537988156   -0.011491247917  0.00596494250631 1785404711.91
-0.00218877533077  -0.0122758073136   0.0104696853485 1785404711.93
-0.00110616764945  -0.0119835668796   0.0141018321345 1785404711.94
0.00180991851736 -0.0105348711871  0.0164737216788 1785404711.96
 0.00620995034961 -0.00803427012235   0.0173689571195 1785404711.98
 0.0113486142418 -0.0047665732109  0.0167573974109 1785404712.01
  0.0162224375054 -0.00115354737531   0.0147831392263 1785404712.03
0.0197790450503 0.0023212653301 0.0117310340881 1785404712.04
 0.0211519662491 0.00520354470153  0.0079786034394 1785404712.06
 0.0198639387819 0.00715449576457 0.00394007250172 1785404712.08
  0.0159458539441  0.00801293276367 8.72862241334e-06 1785404712.11
 0.00993818705455  0.00781957278184 -0.00349631916199 1785404712.13
  0.0027721565641  0.00679909821454 -0.00637265394595 1785404712.14
-0.00443978509956  0.00530542607757 -0.00856010060448 1785404712.16
-0.0106501060865 0.00374383040867 -0.0101443370103 1785404712.18
-0.0150960900199 0.00248817311615 -0.0113363145729 1785404712.21
-0.0174397467118 0.00181148489715 -0.0124289447281 1785404712.23
-0.0177978638831 0.00184368161959 -0.0137364073559 1785404712.24
-0.0166629867814 0.00256267685427 -0.0155249558559 1785404712.26
-0.0147442555952 0.00381672734172 -0.0179469199208 1785404712.28
-0.0127749820255 0.00536885256816 -0.0209912063747 1785404712.31
-0.0113376997263 0.00695042429559 -0.0244629126359 1785404712.33
-0.0107476634116 0.00831129531814  -0.028000602463 1785404712.34
-0.0110165509218 0.00925755731232 -0.0311322541423 1785404712.36
-0.0118956127139 0.00967344356018 -0.0333614322337 1785404712.38
-0.0129778950244  0.0095288061827 -0.0342666555487 1785404712.41
-0.0138269242745 0.00887626372712 -0.0335920730856 1785404712.43
-0.0140963354674 0.00784199426108 -0.0313081422714 1785404712.44
-0.0136109049069 0.00661199076984 -0.0276271522955 1785404712.46
-0.0123921159423 0.00541294063429 -0.0229687573481 1785404712.48
-0.0106274515277  0.0044853464562 -0.0178826200665 1785404712.51
-0.0085981166383 0.00404713603254 -0.0129456324274 1785404712.53
-0.00659080014866  0.00424896887486 -0.00865705550075 1785404712.54
-0.00482223447127  0.00512686063857 -0.00535469082921 1785404712.56
-0.00339962916377  0.00656192284663 -0.00316921633687 1785404712.58
 -0.0023272658189  0.00825906085777 -0.00202414625956 1785404712.61
-0.00155382171581  0.00975513215615 -0.00167828693046 1785404712.63
-0.00104155814434   0.0104622979475  -0.0017985655233 1785404712.64
-0.000831730248781   0.00974520137033  -0.00204546832481 1785404712.66
-0.00108236752164   0.0070227841373 -0.00215198543507 1785404712.68
-0.00206379566957  0.00187849036148 -0.00197997964103 1785404712.7
 -0.0041103552609 -0.00584252684592  -0.0015443066773 1785404712.73
-0.00753931652806  -0.0159726951995 -0.00100293266359 1785404712.74
  -0.0125564654617   -0.0280192380409 -0.000618533743358 1785404712.76
  -0.0191705793833   -0.0412335015815 -0.000701903766374 1785404712.78
 -0.0271362006272  -0.0547539724149 -0.00154915807718 1785404712.8
 -0.0359371792626  -0.0678077889761 -0.00338338070887 1785404712.83
 -0.0448144825674  -0.0799375630831 -0.00630795940731 1785404712.84
-0.0528331476011 -0.0912056981478 -0.0102748738497 1785404712.86
-0.0589772025572   -0.10232246282 -0.0150682788473 1785404712.88
-0.0622591892259  -0.114651270721 -0.0203029310233 1785404712.9
-0.0618322259897  -0.130066289996 -0.0254381983045 1785404712.93
-0.0570953892712  -0.150670434919 -0.0298101796022 1785404712.94
-0.0477850355234  -0.178418267756 -0.0326850146162 1785404712.96
-0.0340439872886  -0.214718156694 -0.0333345583932 1785404712.98
-0.0164577280167  -0.260101610696 -0.0311311871849 1785404713
0.00395574841769  -0.314039154699 -0.0256525824308 1785404713.03
 0.0258149143855  -0.374951328972 -0.0167814724348 1785404713.04
  0.0475084939876   -0.440416811142 -0.00478126404408 1785404713.06
 0.0673877354173  -0.507529273176 0.00967204662609 1785404713.08
0.0839950487917 -0.573315244707 0.0255171734738 1785404713.1
0.0962919074758  -0.63511020646 0.0414006747441 1785404713.13
 0.103839869021  -0.69080599294 0.0558302589204 1785404713.14
 0.106889844696  -0.73892577305 0.0673693697713 1785404713.16
 0.106348433125 -0.778539733171 0.0748430088762 1785404713.18
 0.103614894578 -0.809085722041 0.0775185685156 1785404713.2
 0.100313023881 -0.830186583437 0.0752264123716 1785404713.23
0.0979706426693 -0.841550075505 0.0683939557173 1785404713.24
0.0977167379946 -0.843000469708 0.0579830335914 1785404713.26
 0.100065764128 -0.834636340387 0.0453401550685 1785404713.28
 0.104838749262 -0.817055740798 0.0319879306882 1785404713.3
 0.111236408794 -0.791555985955 0.0193984773625 1785404713.33
  0.118040423554  -0.760211800391 0.00879248467012 1785404713.34
  0.123887189004  -0.725763816434 0.00100015118689 1785404713.36
   0.127543171986     -0.6913008657 -0.00359546445452 1785404713.38
   0.128116475822   -0.659779254219 -0.00503175152537 1785404713.4
     0.1251626097   -0.633473435493 -0.00367417769313 1785404713.43
    0.118675698416     -0.61348114754 -8.90126359865e-05 1785404713.44
  0.10898894724 -0.599404428059 0.0050834745336 1785404713.46
 0.096630595064 -0.589296214015 0.0112248592193 1785404713.48
0.0821880639935  -0.57990815073 0.0177860252153 1785404713.5
0.0662227892787 -0.567211495975 0.0242863813677 1785404713.53
0.0492553939398 -0.547104009764 0.0302816862584 1785404713.54
0.0318130454194 -0.516174256994 0.0353277480755 1785404713.56
0.0145068619885 -0.472379385091 0.0389676414089 1785404713.58
-0.0019052893421   -0.41550598529  0.0407600003857 1785404713.6
-0.0165122913653  -0.347322926004  0.0403487318753 1785404713.63
-0.0283235308611  -0.271391965354  0.0375561794008 1785404713.64
-0.0364197222744  -0.192565476491  0.0324689458778 1785404713.66
-0.0401493975108  -0.116258954725  0.0254830012211 1785404713.68
-0.0393192012395 -0.0476283455061  0.0172836207372 1785404713.7
-0.0343201089616  0.0091996899414 0.00875353480431 1785404713.73
 -0.0261426523415   0.0517070854548 0.000823913715561 1785404713.74
 -0.0162599065716   0.0792740306802 -0.00569912981052 1785404713.76
-0.00639089293865   0.0931381733145  -0.0102905250095 1785404713.78
0.00180977171165  0.0960483172806 -0.0128049794276 1785404713.8
0.00706684520136  0.0916958444628 -0.0134919508945 1785404713.83
0.00872851353954  0.0840453248739 -0.0129208806913 1785404713.84
0.00687737087579  0.0766969703319 -0.0118331471189 1785404713.87
0.00227693343599  0.0723972831749 -0.0109557786579 1785404713.88
-0.00383698818171   0.0727757395704  -0.0108219867135 1785404713.9
-0.0100707266862  0.0783339432999 -0.0116424365378 1785404713.93
-0.0152153602791  0.0886606979589 -0.0132590347954 1785404713.94
-0.0185314094822   0.102802812284 -0.0151928632396 1785404713.96
-0.0199040172016   0.119695338828 -0.0167748222417 1785404713.98
-0.0198310378037   0.138550102151 -0.0173273694788 1785404714
-0.0192510464298   0.159116949109 -0.0163533769474 1785404714.03
-0.0192609570805   0.181763739331 -0.0136864094693 1785404714.04
 -0.0208014430802    0.207362081703 -0.00956582120072 1785404714.07
 -0.0243945136278    0.237008471977 -0.00461761071998 1785404714.08
 -0.0300000814394    0.271646837807 0.000256287192779 1785404714.1
-0.0370230936859   0.311681555153 0.00405679348013 1785404714.12
 -0.044460883655   0.356675074879 0.00589596458424 1785404714.14
-0.0511443001294   0.405209925371 0.00518992510014 1785404714.16
-0.0560057212055   0.454962991862 0.00179520183371 1785404714.18
 -0.0583065755593    0.502995793211 -0.00394065029304 1785404714.2
-0.0577743404375   0.546216091632 -0.0112254067711 1785404714.23
-0.0546268416549   0.581923849152 -0.0189569760934 1785404714.24
-0.0494905708736    0.60832875231 -0.0259202285617 1785404714.26
-0.0432416282171   0.624924912307 -0.0310070855438 1785404714.28
-0.0368088158585   0.632633020774 -0.0334168822738 1785404714.3
-0.0309789300965   0.633666802438 -0.0327988080846 1785404714.33
 -0.026238005267   0.631139203911 -0.0293108080682 1785404714.34
-0.0226732469807   0.628481369184 -0.0235866484394 1785404714.36
-0.0199512622372   0.628790667023 -0.0166209206642 1785404714.38
-0.0173793846494   0.634242175809 -0.0095967599368 1785404714.4
  -0.014047286479     0.64568620683 -0.00369017416007 1785404714.43
-0.00903439790045    0.662515311571  0.00011320024634 1785404714.44
-0.00165501057435    0.682827188475  0.00115811020679 1785404714.46
   0.0083003269982     0.703848030945 -0.000804047454046 1785404714.48
  0.0203771691708    0.722527144345 -0.00561016798215 1785404714.5
 0.0333729212586   0.736178592901 -0.0127459296337 1785404714.53
0.0453936438738  0.743036072904 -0.021455166796 1785404714.55
 0.0540669033892   0.742605500465 -0.0308740127865 1785404714.56
  0.056896208437   0.735742726317 -0.0401627369419 1785404714.58
 0.0517120105665   0.724442341687 -0.0486103808317 1785404714.6
 0.0371484992452   0.711384847618 -0.0556948084105 1785404714.63
 0.0130598015145    0.69934037077 -0.0610926532351 1785404714.65
-0.0192121246624   0.690557432489 -0.0646472480128 1785404714.66
-0.0567903168214   0.686269249005 -0.0663140746321 1785404714.68
-0.0954772773489   0.686426438854 -0.0661087524864 1785404714.7
 -0.130228077524   0.689717327254 -0.0640798949849 1785404714.73
 -0.155829630755   0.693873954829 -0.0603187676422 1785404714.75
  -0.16768785819   0.696196853247 -0.0550027464981 1785404714.76
 -0.162592259202    0.69418016897 -0.0484550655635 1785404714.78
 -0.139317569804   0.686094028899 -0.0411943399941 1785404714.8
-0.0989400566585   0.671389956714 -0.0339471450203 1785404714.83
-0.0447912833428   0.650836039453 -0.0276056997218 1785404714.85
 0.0179620621554   0.626351888304 -0.0231275825719 1785404714.86
  0.083050494885    0.60058421851 -0.0213908561705 1785404714.88
  0.144020247663   0.576325042925 -0.0230315435822 1785404714.9
 0.195172541078  0.555910995373 -0.028297831483 1785404714.93
  0.232353834396   0.540745094661 -0.0369550005543 1785404714.95
   0.25345979669   0.531050836431 -0.0482668760392 1785404714.96
  0.258577326899   0.525911088308 -0.0610652455041 1785404714.98
  0.249764414709   0.523575336212 -0.0739013737946 1785404715
  0.230538704503   0.521955115658 -0.0852572387695 1785404715.02
 0.205196094344  0.519183878032 -0.093781691056 1785404715.05
  0.178100596701   0.514103930158 -0.0985105104196 1785404715.06
   0.15307427863   0.506562139737 -0.0990302597171 1785404715.08
  0.132977516477   0.497442781639 -0.0955540113879 1785404715.1
   0.11951681196    0.48842863596 -0.0888915611359 1785404715.13
  0.113264183488   0.481545043176 -0.0803154777136 1785404715.15
 0.113831625769  0.478591194913 -0.071343823635 1785404715.16
  0.120124784539   0.480587646854 -0.0634766137335 1785404715.18
 0.130603656735  0.487364438448 -0.057932609477 1785404715.2
  0.143499873193   0.497382768006 -0.0554339156363 1785404715.23
  0.156970360461   0.507833170677 -0.0560779215175 1785404715.25
   0.16919523622   0.514996346168 -0.0593209289606 1785404715.26
  0.178445515838   0.514801525305 -0.0640780703867 1785404715.28
  0.183150196508   0.503481596674 -0.0689232908469 1785404715.3
  0.181984088559   0.478209809431 -0.0723548410431 1785404715.33
   0.17398231688   0.437610289954 -0.0730790681001 1785404715.35
  0.158670691913   0.382059987547 -0.0702605842209 1785404715.37
   0.13618811607   0.313736333695 -0.0636912750987 1785404715.38
  0.107370771968   0.236405346906 -0.0538438861048 1785404715.4
0.0737689298182  0.154982442725  -0.04179641716 1785404715.42
 0.0375752606733  0.0749279764476 -0.0290380339495 1785404715.45
0.00145707984487 0.00155891374026 -0.0171910947577 1785404715.47
 -0.0316982425435  -0.0606336852857 -0.00770202874876 1785404715.48
 -0.0590983389691   -0.108573783718 -0.00156167310117 1785404715.5
 -0.0783810281712   -0.141019699051 0.000889145691484 1785404715.53
 -0.0879217137798   -0.158756262884 2.99021023722e-05 1785404715.55
 -0.0870659624182   -0.164528048873 -0.00310704261481 1785404715.57
 -0.0762495658621   -0.162712558158 -0.00702717426658 1785404715.58
-0.0569841110724   -0.15876527158 -0.0100491436423 1785404715.6
-0.0317048057823  -0.158500097306 -0.0106103400826 1785404715.63
-0.00349570476717   -0.167294719403 -0.00754440474493 1785404715.65
   0.0242766889077    -0.189326707834 -0.000280085408111 1785404715.67
0.0483782346547 -0.226949557569 0.0110720745415 1785404715.68
0.0661189936366 -0.280305409783 0.0257561924432 1785404715.7
0.0757073051084 -0.347242016844 0.0425182222808 1785404715.73
0.0764938015301 -0.423557640173 0.0598314705162 1785404715.75
0.0690626915059 -0.503545316146 0.0761550376162 1785404715.77
0.0551451021985 -0.580757144454 0.0901758262998 1785404715.79
   0.0373540318 -0.648870895882   0.10099047118 1785404715.8
0.0187700463129 -0.702524153032  0.108197711359 1785404715.83
0.00243649044458  -0.737989496619   0.111891420826 1785404715.85
-0.00915393076665   -0.753595989061    0.112565497912 1785404715.87
-0.014489659409 -0.749849746657  0.110959398401 1785404715.89
-0.0133048851922  -0.729258530546   0.107883269962 1785404715.9
-0.00662270798056   -0.695910776507    0.104062231121 1785404715.92
0.00343674515077  -0.654890557559   0.100030677932 1785404715.95
 0.014049525506  -0.61162404494 0.0960923468983 1785404715.97
0.0222073799221 -0.571251719389 0.0923444661675 1785404715.99
0.0252638203892 -0.538107181356 0.0887491518912 1785404716
0.0214048512895 -0.515360999285  0.085225787709 1785404716.03
0.0099624177271 -0.504859401319 0.0817363429652 1785404716.05
-0.00847609000473   -0.507156153172   0.0783413052623 1785404716.07
-0.0321685515656  -0.521706060863  0.0752149479094 1785404716.09
-0.0584994579253  -0.547164888145   0.072621309286 1785404716.1
-0.0843869449299  -0.581727068147  0.0708624860191 1785404716.13
-0.106747339562 -0.623432032227  0.070215819524 1785404716.15
-0.122946362044 -0.670383099074 0.0708757732763 1785404716.17
-0.131171626549 -0.720848077172 0.0729114811721 1785404716.19
-0.130673159827 -0.773243463285 0.0762449412835 1785404716.2
  -0.1218368415 -0.826037062548 0.0806501541137 1785404716.23
-0.106079765913 -0.877628454471 0.0857713353223 1785404716.25
-0.0855851574722  -0.926275448551  0.0911582569213 1785404716.27
-0.0629238418671  -0.970123241975  0.0963172543526 1785404716.29
-0.0406330321683    -1.0073620617   0.100775739895 1785404716.3
-0.0208340235922   -1.03649505315   0.104155244341 1785404716.33
-0.00496305194189    -1.05665279932    0.106243571878 1785404716.35
0.00633620217925   -1.06785875107   0.107052436214 1785404716.37
0.0131484132724  -1.07114403807   0.10684523523 1785404716.39
0.0160815831655  -1.06843682093  0.106121989049 1785404716.4
0.015984363678 -1.06220660162 0.105555065933 1785404716.43
0.0136641501349  -1.05491399438  0.105878988306 1785404716.45
0.00967897940277   -1.04838170241   0.107748457472 1785404716.47
0.00425219311503   -1.04324291421   0.111588612002 1785404716.49
-0.00267722992747    -1.03862451574    0.117468147241 1785404716.51
-0.0112940657665   -1.03217982307   0.125026935689 1785404716.53
-0.0216915235546    -1.0205066342   0.133483376032 1785404716.55
-0.0336705392957  -0.999890222636   0.141732523185 1785404716.57
-0.0466166384136   -0.96722291323   0.148526086094 1785404716.59
-0.0594929599383  -0.920896584936   0.152703990316 1785404716.61
-0.070953381291 -0.861457747462  0.153430269702 1785404716.63
-0.0795456240552  -0.791859267868   0.150379319371 1785404716.65
-0.0839511444827  -0.717227233672   0.143825604564 1785404716.67
-0.0832027875159  -0.644164959144   0.134610486845 1785404716.69
-0.076832828794 -0.579714473618   0.12398911528 1785404716.71
-0.0649278021442  -0.530167529272   0.113390187004 1785404716.73
-0.0480938815522  -0.499949155882   0.104142976312 1785404716.75
-0.0273588542656  -0.490782514283  0.0972329737469 1785404716.77
-0.00404756919114   -0.501289218693   0.0931380340148 1785404716.79
0.0203351757676 -0.527097166772 0.0917744946351 1785404716.81
0.0441949425587 -0.561435671294 0.0925544854936 1785404716.83
0.0659122082194 -0.596113433049 0.0945300518762 1785404716.85
0.0839005363829 -0.622713499453 0.0965836345893 1785404716.87
0.0966864493624 -0.633809835189 0.0976210783812 1785404716.89
 0.103033646048 -0.624014901825 0.0967315326854 1785404716.91
 0.102114940958 -0.590703210607 0.0932938430663 1785404716.93
0.0937079424666 -0.534314114061 0.0870253936869 1785404716.95
0.0783649088678 -0.458207062417 0.0779817327165 1785404716.97
0.0574942768292 -0.368111999627 0.0665210052646 1785404716.99
0.0332987832841  -0.27127551307 0.0532465598034 1785404717.01
0.0085440227648 -0.175441916392 0.0389367726123 1785404717.03
-0.0138250059887 -0.0878237429854  0.0244665867302 1785404717.05
-0.0311560584527 -0.0142079261701  0.0107229527411 1785404717.07
 -0.0415540458117   0.0416849738314 -0.00148305946124 1785404717.09
-0.0442321937468  0.0785153429074 -0.0115020460632 1785404717.11
-0.0396639869169  0.0972916508823 -0.0189211347194 1785404717.13
-0.0294935806742   0.101020100112 -0.0236163472019 1785404717.15
-0.0162182837697  0.0941097610395   -0.02577008264 1785404717.17
-0.00270948852761   0.0816360432812  -0.0258439216759 1785404717.19
0.00832588491513  0.0685795155758 -0.0245038066763 1785404717.21
  0.014831027225  0.0591547104343 -0.0225052525647 1785404717.23
 0.0157353653142  0.0563251512861 -0.0205580713555 1785404717.25
 0.0110806777828  0.0615686957326 -0.0191991829631 1785404717.27
0.00192322643934  0.0749157998114 -0.0187045220712 1785404717.29
-0.0099559434845  0.0952385449913 -0.0190646867365 1785404717.31
-0.0224639250271   0.120726855445 -0.0200344682154 1785404717.33
-0.0336428731463   0.149456496937  -0.021247185826 1785404717.35
-0.0420594224158   0.179936560317 -0.0223660556586 1785404717.37
-0.0470601364861   0.211526160863 -0.0232321697177 1785404717.39
-0.0488452787296   0.244632455411 -0.0239662412904 1785404717.41
-0.0483503472642    0.28064240328 -0.0249905841679 1785404717.43
-0.0469640761979   0.321592463332 -0.0269570098462 1785404717.45
-0.0461461014543   0.369634128535 -0.0305906988382 1785404717.47
 -0.047030403688   0.426398329718 -0.0364833378006 1785404717.49
 -0.050106401634   0.492388745107 -0.0448848682881 1785404717.51
-0.0550554830152   0.566536259942 -0.0555477979396 1785404717.53
 -0.060788374593   0.646022346859 -0.0676696121251 1785404717.55
-0.0656842145395   0.726432121935 -0.0799588379874 1785404717.57
-0.0679852323025   0.802237696165 -0.0908229732436 1785404717.59
-0.0662626329578   0.867550902072 -0.0986479592936 1785404717.61
-0.0598490933844   0.917032028647  -0.102115852364 1785404717.63
-0.0491363663579    0.94680548593  -0.100495417729 1785404717.65
-0.0356622764944   0.955219842822 -0.0938426173645 1785404717.67
-0.0219539958882   0.943302824009 -0.0830641848743 1785404717.69
-0.0111446424138   0.914803893789 -0.0698242561081 1785404717.71
-0.00642763941412    0.875785201961  -0.0563055014277 1785404717.73
-0.0104484681387   0.833805606355 -0.0448655173611 1785404717.75
-0.0247492818107   0.796825015573 -0.0376501414461 1785404717.77
-0.0493747112259   0.772017480519 -0.0362336949493 1785404717.79
-0.0827179947521   0.764704692364 -0.0413507139229 1785404717.81
-0.121641035936  0.777599140305 -0.052766265125 1785404717.83
 -0.161849707905   0.810482584645 -0.0693064867103 1785404717.85
 -0.198457998285   0.860356640763 -0.0890426718268 1785404717.87
-0.226641799262  0.922010787099 -0.109596122912 1785404717.89
-0.242272263567  0.988880865315 -0.128511401081 1785404717.91
-0.242431432294    1.0540322811 -0.143635384708 1785404717.93
-0.225745027946   1.11109997683 -0.153439969513 1785404717.95
-0.192509223146   1.15504596778 -0.157236755323 1785404717.97
-0.144627369711   1.18264393795 -0.155250612967 1785404717.99
-0.0853981252824    1.19265697473  -0.148542559233 1785404718.01
-0.0192029405985    1.18572782516  -0.138797381848 1785404718.03
0.0488689721431   1.16404232136 -0.128014275824 1785404718.05
  0.11343742753   1.13085096848 -0.118155692363 1785404718.07
 0.169282868149   1.08994077272 -0.110817363334 1785404718.09
 0.211827525856    1.0451420932 -0.106978916864 1785404718.11
0.237627720893 0.999937201397 -0.10687950592 1785404718.13
 0.244835104865  0.957211112529 -0.110038672858 1785404718.15
 0.233560107796  0.919153932384 -0.115413658938 1785404718.17
 0.206057251693  0.887292004763 -0.121656399417 1785404718.19
 0.166658266096  0.862599086445 -0.127412828188 1785404718.21
 0.121407623631    0.8456252015 -0.131599162041 1785404718.23
0.0774016671027  0.836583819693 -0.133597140208 1785404718.25
0.0418875088449  0.835357687063 -0.133331319461 1785404718.27
0.0212303433357  0.841415997246 -0.131220954962 1785404718.29
0.0198975531803  0.853672900821 -0.128028732084 1785404718.31
 0.039626725156   0.87034914622 -0.124650771717 1785404718.33
 0.078936571689  0.888914044602 -0.121901606617 1785404718.35
 0.133102198452  0.906176362807 -0.120342876896 1785404718.37
 0.194651058785  0.918559471316 -0.120187978819 1785404718.39
 0.254350636176  0.922545588613 -0.121292414332 1785404718.41
0.302566456269 0.915220031431 -0.12321785461 1785404718.43
 0.330787146239  0.894804924966 -0.125342747626 1785404718.45
 0.333061233877  0.861056289474 -0.126986865341 1785404718.47
 0.307084136601   0.81541578662 -0.127521419176 1785404718.49
  0.25472033732  0.760856649993 -0.126447381702 1785404718.51
0.181839567827 0.701431157261 -0.12343797122 1785404718.53
0.0974693255393  0.641596793027 -0.118352302354 1785404718.55
0.0123940842906  0.585451541568 -0.111232615624 1785404718.57
-0.0625620673131   0.536032108756  -0.102296130839 1785404718.59
 -0.118269304878     0.4948174219 -0.0919259187615 1785404718.61
 -0.148734941494   0.461537284476 -0.0806568868374 1785404718.63
  -0.15199848083   0.434322799693 -0.0691473358207 1785404718.65
 -0.130322264067   0.410164900372 -0.0581266508815 1785404718.67
-0.0896522698056   0.385584652894 -0.0483160172701 1785404718.69
-0.0384601865515   0.357376839197  -0.040329299702 1785404718.71
 0.0138075528596    0.32327539601 -0.0345713948273 1785404718.73
 0.0583788463339   0.282408306964 -0.0311573952571 1785404718.75
 0.0885981346846   0.235456463832 -0.0298751347467 1785404718.77
  0.100907023678   0.184495721423 -0.0302057214706 1785404718.79
 0.0952072677409   0.132569571705 -0.0314035079298 1785404718.81
 0.0745753585886  0.0830960088836 -0.0326223912022 1785404718.83
 0.0444233019081  0.0392430805312 -0.0330637474236 1785404718.85
 0.0113002473086 0.00340613989386 -0.0321160595262 1785404718.87
-0.0184142819909 -0.0231128894342 -0.0294585989261 1785404718.89
-0.0396714022958 -0.0401783383446 -0.0251101554625 1785404718.91
-0.0495606596661 -0.0486608522182 -0.0194159325439 1785404718.93
-0.0476413308902 -0.0501115522472 -0.0129781033168 1785404718.95
  -0.035776240998  -0.0463675917546 -0.00654549847389 1785404718.97
 -0.0175455931735  -0.0391906783332 -0.00088378620519 1785404718.99
0.00260660247277 -0.0300207872161 0.00335130901557 1785404719.01
  0.020302693084 -0.0198919779453 0.00571826490517 1785404719.03
  0.0320508535587 -0.00951548932786   0.0060579491999 1785404719.04
  0.0358075360462 0.000504002513965  0.00451920850068 1785404719.07
  0.031202892321  0.0093829783289 0.00154191760786 1785404719.09
  0.0194241847787   0.0158844321594 -0.00219714730937 1785404719.11
 0.00281893049042     0.01813369351 -0.00586654963185 1785404719.13
 -0.0156751634486   0.0135886190842 -0.00857950442307 1785404719.14
  -0.0331488182769 -0.000800507731767  -0.00949891042461 1785404719.17
   -0.04727252111  -0.0282428515166 -0.00793769791175 1785404719.19
 -0.0566926979628  -0.0716116079562 -0.00344548955379 1785404719.21
-0.0612219824263  -0.132877856214 0.00412631896133 1785404719.23
-0.0618102223347  -0.212575090379  0.0145882716614 1785404719.24
-0.0603149145885  -0.309403508608  0.0274117459026 1785404719.27
-0.0591146181906  -0.420069604367  0.0417675869587 1785404719.29
-0.0606269949829  -0.539422083717  0.0566056196518 1785404719.31
-0.0668051208999  -0.660894870269  0.0707710802874 1785404719.33
-0.0786910867592  -0.777211380059  0.0831477045689 1785404719.34
-0.0961029067977  -0.881252805998  0.0928106454108 1785404719.37
-0.117517341242  -0.96695770041 0.0991670506549 1785404719.39
-0.140186396809  -1.03010852246  0.102059823839 1785404719.41
-0.160490041435  -1.06887604549  0.101812500727 1785404719.43
-0.174485863024  -1.08403202548 0.0992011181889 1785404719.44
-0.178574844115  -1.07879677776 0.0953517292911 1785404719.47
-0.170170325774   -1.0583506174 0.0915773779603 1785404719.49
-0.148244127236  -1.02909481677  0.089182136128 1785404719.51
-0.113636289699 -0.997787962423 0.0892682764755 1785404719.53
-0.0690536789465  -0.970699124659  0.0925830299404 1785404719.54
-0.0187412161256  -0.952906769758  0.0994331056294 1785404719.57
0.0321245066394 -0.947835298282  0.109680153437 1785404719.59
0.0782110401977 -0.957069274027   0.12281241276 1785404719.61
 0.114830305182 -0.980431684886  0.138071410063 1785404719.63
0.138612619559 -1.01626862698 0.154601715606 1785404719.64
0.147932000564 -1.06185635244 0.171588932848 1785404719.67
0.143015815188 -1.11384084166 0.188356731826 1785404719.69
 0.12574118671 -1.16863387936 0.204406177762 1785404719.71
0.0991859772787  -1.22271788595  0.219396422871 1785404719.73
0.0670474614786  -1.27284587562  0.233080766642 1785404719.74
0.0330570192921  -1.31615296141  0.245222378525 1785404719.77
0.000503018760092    -1.35021392981    0.255517511267 1785404719.79
-0.0280664949197   -1.37308436211   0.263550754042 1785404719.81
-0.0509420272041   -1.38335239986   0.268798230389 1785404719.83
-0.0671821627432   -1.38020977103   0.270682758222 1785404719.84
-0.0764393327128   -1.36353085806   0.268672252947 1785404719.87
-0.0787589488334   -1.33393419595    0.26240174139 1785404719.89
-0.0744183597619   -1.29279710833   0.251792900535 1785404719.91
-0.0638444313725   -1.24220287829    0.23714468764 1785404719.93
-0.0476139779933   -1.18481755408   0.219174144598 1785404719.94
-0.0265107637897   -1.12371280503   0.198995850203 1785404719.96
-0.00159496754434    -1.06216406956    0.178039213289 1785404719.99
0.0257602876463  -1.00345450324  0.157912920637 1785404720
0.0538972140081 -0.950704899041  0.140234284169 1785404720.03
0.0809762258376 -0.906732480901  0.126447139387 1785404720.04
 0.105140684496 -0.873924694468  0.117654331362 1785404720.06
 0.124714877898 -0.854105295442  0.114488841002 1785404720.09
 0.138400461351 -0.848373880921   0.11704129345 1785404720.11
 0.145439217343 -0.856916537738  0.124852224337 1785404720.13
0.145717523291 -0.87880958894 0.136967181948 1785404720.14
 0.139796382822 -0.911862360465  0.152043724216 1785404720.16
 0.128858509672 -0.952559787916  0.168493277266 1785404720.19
 0.114571676457 -0.996164832534  0.184638395041 1785404720.21
0.0988774286982  -1.03702101742  0.198866941857 1785404720.23
0.083727143079  -1.0690585139 0.209768076745 1785404720.24
0.0708013141327  -1.08645980134   0.21623935529 1785404720.26
0.061258497903 -1.08439425869 0.217558792115 1785404720.29
0.0555626694326  -1.05969862773  0.213419878815 1785404720.31
0.0534288075417  -1.01137376017  0.203931154404 1785404720.33
0.0539064327217 -0.940792681627  0.189584748667 1785404720.34
0.0555930461162 -0.851566878453  0.171200004035 1785404720.36
0.0569399809258 -0.749084363513  0.149848594814 1785404720.39
0.0565894284334 -0.639797428188  0.126766703435 1785404720.41
0.0536702803349  -0.53038407646   0.10325849222 1785404720.43
0.0479863740488 -0.426925095115 0.0805943217278 1785404720.44
0.0400537747614 -0.334226975557 0.0599077619064 1785404720.46
0.0309787831036 -0.255385171132 0.0420976376478 1785404720.49
0.0222062905306 -0.191632450957 0.0277444397908 1785404720.51
0.0151984784911  -0.14246469205 0.0170529692446 1785404720.53
 0.0111183021338  -0.105991789274 0.00983355520598 1785404720.54
 0.0105871535364 -0.0794323678671 0.00553173825717 1785404720.56
 0.0135639259345 -0.0596612787544 0.00331090865228 1785404720.59
 0.0193607965893 -0.0437266779119  0.0021844856904 1785404720.61
 0.0267792464843 -0.0292725369679 0.00118444718237 1785404720.63
   0.0343269798053   -0.0148248579075 -0.000457536944661 1785404720.64
   0.040467352086 8.02144403908e-05 -0.00314932449899 1785404720.66
  0.0438572435524   0.0149328078976 -0.00683549085152 1785404720.69
 0.0435422608492  0.0284445189718 -0.0109868081772 1785404720.71
 0.0390931595364  0.0388848462956 -0.0147030003769 1785404720.73
 0.0306788910064  0.0445274308988 -0.0169269928926 1785404720.74
0.0190769437205 0.0441578393089 -0.016740539108 1785404720.76
0.00562117532793  0.0375763743562 -0.0136838908185 1785404720.79
-0.00791578402686   0.0260138767667 -0.00802417528516 1785404720.81
  -0.0195098579224    0.0123717256845 -0.000895538172373 1785404720.83
-0.0271424770049 0.00120535761322  0.0057473927232 1785404720.84
  -0.029114738756 -0.00160249743232  0.00938429512993 1785404720.86
-0.0243870853859  0.0105129668175 0.00736588963611 1785404720.89
 -0.0128910718993   0.0438864415635 -0.00254125756852 1785404720.91
0.00425700756998   0.103558941879 -0.0216108604482 1785404720.93
 0.0247141109932   0.192233373063 -0.0497357017581 1785404720.94
0.0450962028273  0.309449654305 -0.085236051011 1785404720.96
 0.061408018778  0.451171209487 -0.124963458814 1785404720.99
0.0696763297667  0.609921183002 -0.164705536685 1785404721.01
0.0666862324401   0.77551332721 -0.199831177136 1785404721.03
0.0506752004685  0.936305650772 -0.226059107227 1785404721.05
0.0218269671435   1.08078967734 -0.240200128666 1785404721.06
-0.0175643830162    1.19924261673  -0.240724038367 1785404721.09
-0.0633240345376     1.2851381002  -0.228037022508 1785404721.11
-0.109996369303   1.33604639142  -0.20441641682 1785404721.13
-0.151705996854   1.35385316043 -0.173622350339 1785404721.15
-0.183109491758   1.34426491158 -0.140272203143 1785404721.16
-0.200246811503   1.31571460142 -0.109108176528 1785404721.19
 -0.201125804159    1.27789712724 -0.0843009849013 1785404721.21
 -0.185935334904    1.24022505523 -0.0689127687405 1785404721.23
 -0.156865938074    1.21048985298 -0.0645972473247 1785404721.25
 -0.117600824425    1.19394891616 -0.0715580410889 1785404721.26
-0.0726047791047    1.19295266659 -0.0887317935821 1785404721.29
-0.0263698435524    1.20710567039  -0.114123614357 1785404721.31
  0.01723053305   1.23384962761 -0.145205584062 1785404721.33
0.0553682330654   1.26928767693 -0.179295273706 1785404721.35
0.0864193942239   1.30905085954 -0.213855129138 1785404721.36
 0.109872494933   1.34903663027 -0.246685956697 1785404721.39
 0.126055640751   1.38591153019 -0.276018628474 1785404721.41
 0.135782173903   1.41734464231 -0.300529867319 1785404721.43
 0.140014899302   1.44200475479 -0.319317176664 1785404721.44
 0.139626201043   1.45939746632 -0.331865433149 1785404721.46
 0.135293646433   1.46963253049 -0.338026755281 1785404721.48
 0.127530318105   1.47319919536 -0.338020192545 1785404721.51
 0.116816550367   1.47079761439 -0.332442534529 1785404721.53
0.103780797631  1.46323972947 -0.32226972921 1785404721.54
0.0893722795073   1.45140373832 -0.308823181881 1785404721.56
0.0749732773139   1.43620863748 -0.293678733154 1785404721.58
0.0624104690203   1.41857196995 -0.278508646386 1785404721.61
0.0538405243308   1.39932490593 -0.264866210495 1785404721.63
0.0515055096268   1.37908145725 -0.253943875369 1785404721.64
0.0573786393394    1.3580862172 -0.246352922356 1785404721.66
0.0727483287618   1.33608727678  -0.24197933348 1785404721.68
 0.097812955444   1.31228803711 -0.239962670106 1785404721.71
 0.131372946016   1.28541904657 -0.238822260344 1785404721.73
 0.170704175233   1.25394197926 -0.236722375915 1785404721.74
 0.211673956737   1.21636155017 -0.231833625164 1785404721.76
  0.24912012408   1.17158847911 -0.222720944713 1785404721.78
 0.277462438613   1.11927687727 -0.208676888739 1785404721.81
 0.291465345199   1.06005830821 -0.189925791168 1785404721.83
  0.28703403337  0.995613052453 -0.167648395048 1785404721.84
 0.261910811091  0.928552054068 -0.143812307062 1785404721.86
 0.216149366014  0.862121562863 -0.120833458999 1785404721.88
0.152278140638 0.799776579982  -0.1011295254 1785404721.91
 0.0751138336297   0.744691850061 -0.0866509170963 1785404721.93
-0.00875763460099    0.699288025642  -0.0784835363335 1785404721.94
-0.0917628143555   0.664846901589 -0.0766075068937 1785404721.96
 -0.166275458845   0.641275549858 -0.0798681795307 1785404721.98
 -0.225573468844   0.627057225261 -0.0861739837917 1785404722.01
 -0.264685995345   0.619400220425 -0.0928879386307 1785404722.03
-0.281015205462  0.614568547167 -0.097336353907 1785404722.04
 -0.274647520957   0.608354364402 -0.0973302996931 1785404722.06
  -0.24830898762   0.596633706481 -0.0915906838134 1785404722.08
 -0.206965121402   0.575934675377 -0.0799883323296 1785404722.11
 -0.157113448145   0.543940929105 -0.0635515082583 1785404722.13
 -0.105862411384   0.499854536851 -0.0442444901128 1785404722.14
-0.0599271059419   0.444554061428 -0.0245694764843 1785404722.16
 -0.0246928837308    0.380508550669 -0.00707888269293 1785404722.18
-0.00349542053761    0.311445297719  0.00610095856301 1785404722.21
0.00276305637274   0.241813446923  0.0136420233565 1785404722.23
-0.00440527200837    0.176127459781   0.0152169477919 1785404722.24
-0.0214933884375   0.118303334353  0.0115036761479 1785404722.26
-0.0437450710132    0.07110742479   0.004004717472 1785404722.28
 -0.0660908050295   0.0358187842942 -0.00527262147354 1785404722.31
-0.0841004257471  0.0121637933944 -0.0142065128195 1785404722.33
 -0.0947733551322 -0.00147451150663  -0.0209452832097 1785404722.34
 -0.0970167363133 -0.00762716436658  -0.0242170395236 1785404722.36
 -0.0917223103732 -0.00918877086485  -0.0235132650835 1785404722.38
 -0.0814338524535 -0.00886478700116  -0.0191217544143 1785404722.4
 -0.0696823272384 -0.00872848254898  -0.0120135065038 1785404722.43
 -0.0601370395194 -0.00996886124973 -0.00361486375339 1785404722.44
-0.0557609389982 -0.0128658809898 0.00448478959778 1785404722.46
-0.0581560453766 -0.0169811128213  0.0108314938309 1785404722.48
-0.0672396502475 -0.0215101605571  0.0143570633186 1785404722.51
-0.0813135656605  -0.025714547935  0.0145411866329 1785404722.53
-0.0974963713118 -0.0293390468048  0.0114655569965 1785404722.54
 -0.112405635932 -0.0329261222733 0.00576210436483 1785404722.56
  -0.122924288712  -0.0379599085544 -0.00152404213991 1785404722.58
  -0.126875061601  -0.0468033567729 -0.00912414011967 1785404722.6
 -0.123459653852 -0.0624286418626 -0.0157508608362 1785404722.63
 -0.113383784828 -0.0879776516908 -0.0202843473509 1785404722.64
-0.0986666343639    -0.1262217628 -0.0219128883161 1785404722.66
 -0.082202632151  -0.179013155856 -0.0202129033491 1785404722.68
-0.0671888120793  -0.246828574326 -0.0151649871865 1785404722.7
-0.0565441577627  -0.328497166244 -0.0071136256616 1785404722.73
-0.0524303106826  -0.421176783439   0.003314076623 1785404722.74
-0.0559451993135  -0.520601721898  0.0153120369231 1785404722.76
-0.0670158750647  -0.621576166693  0.0280038033433 1785404722.78
-0.0844766621316  -0.718639841712  0.0405430635778 1785404722.8
-0.106291821404 -0.806794494135 0.0521981693949 1785404722.83
-0.129870492594  -0.88216070243 0.0624167924738 1785404722.84
-0.152422660236 -0.942441034278 0.0708687510877 1785404722.86
-0.171312430089 -0.987100074632 0.0774653565626 1785404722.88
-0.184373345465  -1.01722967591 0.0823535890411 1785404722.9
-0.190156720989  -1.03513732545 0.0858842429512 1785404722.93
-0.188088348145  -1.04376030391  0.088555429056 1785404722.94
-0.178514295365  -1.04605068804 0.0909362161141 1785404722.96
-0.162626165438  -1.04448218694 0.0935789465256 1785404722.98
-0.142271504539  -1.04079410936 0.0969319687458 1785404723
-0.119674343995  -1.03601800372   0.10126646225 1785404723.03
-0.0971094761991   -1.03074850397   0.106631099555 1785404723.04
-0.0765861429217    -1.0255475201   0.112845885087 1785404723.06
-0.0595974460172   -1.02133264673   0.119541055858 1785404723.08
-0.046979029892   -1.0196078343   0.12623837144 1785404723.1
-0.0388964912832   -1.02244409884   0.132461601429 1785404723.13
-0.0349513487722     -1.032195124   0.137853096732 1785404723.14
-0.0343682396597   -1.05101426262   0.142267364261 1785404723.16
-0.0362090979751   -1.08030165343   0.145813488979 1785404723.18
-0.0395585763753   -1.12023465631   0.148827391201 1785404723.2
-0.0436396981626   -1.16951496019   0.151771292152 1785404723.23
-0.0478454467905   -1.22540869201    0.15507798014 1785404723.24
-0.051702278078    -1.284079511  0.158976188226 1785404723.26
-0.0548050351576   -1.34114095558   0.163344631397 1785404723.28
-0.0567707664425    -1.3923025203   0.167641341196 1785404723.3
-0.0572480585995   -1.43396628613    0.17094044556 1785404723.33
-0.0559924188851   -1.46365045957    0.17208315954 1785404723.34
-0.0529867337093   -1.48016640064    0.16991968525 1785404723.36
-0.0485608612086   -1.48354202226   0.163591950036 1785404723.38
-0.0434554637779   -1.47474798644   0.152791240637 1785404723.4
-0.0387858651203   -1.45532656964    0.13792499677 1785404723.43
-0.0358889253223   -1.42703578761   0.120144463948 1785404723.44
-0.0360713686661   -1.39160183911   0.101215937506 1785404723.46
-0.0403110434054   -1.35062816032  0.0832551422059 1785404723.48
-0.0489833931484   -1.30565269566  0.0683770597947 1785404723.5
-0.0616874789889   -1.25829303282   0.058333513248 1785404723.53
-0.0772276582381   -1.21038783948  0.0542131538686 1785404723.54
-0.0937723179799   -1.16404310432  0.0562633545837 1785404723.56
 -0.10916824955  -1.12152385958 0.0638655557948 1785404723.58
-0.121349241588  -1.08498627052 0.0756622036711 1785404723.6
-0.128750834281  -1.05610326734 0.0898025109522 1785404723.63
-0.130637167053  -1.03567976307  0.104252544196 1785404723.65
-0.127262342434  -1.02336684316  0.117106698573 1785404723.67
-0.119823847657  -1.01756415213  0.126843269482 1785404723.68
-0.110211038058  -1.01555301495  0.132484120819 1785404723.7
 -0.1005971603 -1.01384454426 0.133642464011 1785404723.73
-0.0929589846354   -1.00867460356   0.130467443033 1785404723.74
-0.0886263188685   -0.99654536086   0.123513902191 1785404723.76
-0.0879605555656  -0.974708256437   0.113576479514 1785404723.78
-0.0902370769048  -0.941503837924   0.101527699122 1785404723.8
-0.0937649722716  -0.896511520018  0.0881913759146 1785404723.83
-0.0962269145215  -0.840505286153  0.0742686857241 1785404723.84
-0.0951726955769  -0.775248974185  0.0603187598002 1785404723.86
-0.0885632671955  -0.703189829473  0.0467823459825 1785404723.88
-0.0752477769728  -0.627118285328  0.0340285405217 1785404723.9
-0.0552687101219  -0.549855794759  0.0224020015246 1785404723.93
-0.0299274754786   -0.47401417771  0.0122511787549 1785404723.94
-0.00159544655851   -0.401844822994  0.00392560454596 1785404723.96
  0.0266895376169   -0.335171021894 -0.00225980509512 1785404723.98
  0.0517568508207   -0.275378266345 -0.00608539227535 1785404724
  0.0708581272059   -0.223429809901 -0.00749607643404 1785404724.03
  0.0821341626515   -0.179878895216 -0.00665851357887 1785404724.04
  0.0849056291804   -0.144862102233 -0.00398565261915 1785404724.06
  0.0797374409687   -0.118075439993 -0.00011416348435 1785404724.08
 0.0682726200391  -0.098750665828 0.00416905550451 1785404724.1
 0.0528766563355 -0.0856590240374 0.00804183300617 1785404724.13
0.0361693709599 -0.077169845507 0.0107814738192 1785404724.14
0.0205415900277 -0.071381427003 0.0118901972971 1785404724.16
0.00775439576054 -0.0663235741039  0.0111820496433 1785404724.18
-0.00130136226743  -0.0602100046559  0.00880970056385 1785404724.2
-0.00664456500825  -0.0517003307245  0.00522305142134 1785404724.23
-0.00904731253492  -0.0401205442684  0.00106752242839 1785404724.24
-0.00973096671422  -0.0255907622954 -0.00295581748542 1785404724.26
 -0.0099941947723 -0.00902015010858 -0.00623708789603 1785404724.28
 -0.0108635906623  0.00804985960832 -0.00837877131361 1785404724.3
 -0.0128470984927   0.0237449014326 -0.00926517548326 1785404724.33
 -0.0158421584433   0.0362605156948 -0.00906709804759 1785404724.34
 -0.0192116181026   0.0443036642828 -0.00818454793906 1785404724.36
 -0.0220002562761   0.0474920762095 -0.00714494104845 1785404724.38
 -0.0232323266825   0.0466282991696 -0.00648334214947 1785404724.4
 -0.0222128145024    0.043778631539 -0.00663274762026 1785404724.43
 -0.0187555170014    0.042115680995 -0.00784639192451 1785404724.44
-0.0132789039026   0.045524463441 -0.0101633752985 1785404724.46
-0.0067416734939  0.0580199175302 -0.0134174867138 1785404724.48
-0.000427324289007    0.0830692227488   -0.0172803285489 1785404724.5
0.00437672470536   0.122944028721 -0.0213254141819 1785404724.53
0.00673229570749   0.178235342896 -0.0250996326476 1785404724.55
0.00634972902346   0.247641865212 -0.0281909852051 1785404724.56
0.00375238942245   0.328092802707 -0.0302850781931 1785404724.58
0.000249340336185    0.415198133707  -0.0312060765371 1785404724.6
-0.00230199313594    0.503948227068  -0.0309399129433 1785404724.63
-0.00191420454924    0.589528106073  -0.0296385393873 1785404724.64
0.00300598693687   0.668084291035 -0.0276045935939 1785404724.66
 0.0131387801848   0.737291623858 -0.0252569267781 1785404724.68
0.0278638211098  0.796611489518 -0.023079486954 1785404724.7
 0.0451192280679    0.84720006861 -0.0215588110503 1785404724.73
 0.0615820685556    0.89149912304 -0.0211180080783 1785404724.75
 0.0731808285581   0.932605424732 -0.0220567101691 1785404724.76
 0.0758727812236   0.973554952517 -0.0245064781354 1785404724.78
 0.0665450796538    1.01666701882 -0.0284094596254 1785404724.8
 0.0438473814221    1.06307131112 -0.0335249195963 1785404724.83
0.00875338932401    1.11249444778 -0.0394640466912 1785404724.85
-0.0353115003816    1.16332461417  -0.045748847241 1785404724.86
 -0.082852644871    1.21291763862 -0.0518867232865 1785404724.88
 -0.127159599766    1.25806752136 -0.0574491412058 1785404724.9
  -0.16147636976    1.29554545363 -0.0621411133172 1785404724.93
-0.180250477017   1.32261398506 -0.065848489875 1785404724.95
 -0.180193804245    1.33744226338 -0.0686528101595 1785404724.96
-0.160922555799   1.33937612437 -0.070808965746 1785404724.98
 -0.125033457952    1.32904476367 -0.0726886082882 1785404725
-0.0775966071996     1.3083077803 -0.0747003099972 1785404725.03
-0.0251726816918    1.28006096768 -0.0772034365629 1785404725.05
 0.0254359961484    1.24792866391 -0.0804343992716 1785404725.06
 0.0684373996612    1.21587810726 -0.0844607643324 1785404725.08
  0.100046790596     1.1877984358 -0.0891716787245 1785404725.1
  0.119032091198    1.16709228787 -0.0943043639032 1785404725.13
  0.126713511591    1.15632875423 -0.0994983108467 1785404725.15
 0.126443926115   1.15700077783 -0.104363094923 1785404725.16
 0.122708349365    1.1694174038 -0.108543588882 1785404725.18
 0.120058927238   1.19274208041 -0.111768242851 1785404725.2
 0.122128575883   1.22516454531 -0.113871565485 1785404725.22
 0.130936374374   1.26417024544 -0.114789503642 1785404725.25
 0.146619553172   1.30685444613 -0.114533910686 1785404725.27
0.167620536501   1.3502242581 -0.11315760888 1785404725.28
  0.19124922232   1.39144248348 -0.110723355192 1785404725.3
0.214456293287  1.42798840173 -0.10728799536 1785404725.33
0.234612287176    1.457734724 -0.10290777308 1785404725.35
  0.250098118162    1.47895957709 -0.0976633546805 1785404725.37
   0.26057137002    1.49032306919 -0.0916954841493 1785404725.38
 0.266862366478   1.49083847197 -0.085236639489 1785404725.4
  0.270550470399    1.47985966237 -0.0786228225178 1785404725.43
  0.273349447491    1.45709287075 -0.0722737644052 1785404725.45
  0.276472593713    1.42262733611 -0.0666386076521 1785404725.47
  0.280145723492    1.37697114555 -0.0621150223906 1785404725.48
  0.283392429776    1.32107728535 -0.0589593815095 1785404725.5
  0.284144290321    1.25634882415 -0.0572110404722 1785404725.52
  0.279648146755     1.1846172493 -0.0566531269884 1785404725.55
  0.267073661047    1.10809123703 -0.0568252902731 1785404725.57
  0.244182944272    1.02927385494 -0.0570919196626 1785404725.58
  0.209917102099   0.950845461109 -0.0567551449995 1785404725.6
  0.164779184146   0.875509177495 -0.0551891537023 1785404725.63
  0.110939436605   0.805797848301 -0.0519648004467 1785404725.65
 0.0520446243483    0.74384788459 -0.0469339310267 1785404725.67
-0.00723281635647    0.691157100014  -0.0402519778379 1785404725.68
-0.0618267128433   0.648358362463 -0.0323332150087 1785404725.7
 -0.106984319985    0.61505320794 -0.0237511893441 1785404725.73
-0.138935263872  0.589752985888 -0.015111700388 1785404725.75
  -0.155419638732    0.569965347673 -0.00693244794428 1785404725.77
  -0.155998153393    0.552441137802 0.000440134675697 1785404725.79
-0.142102051257  0.533565677415 0.0068589303108 1785404725.8
-0.116819016239  0.509846492729 0.0123482596102 1785404725.83
-0.0844484630922   0.478424636906  0.0170351784289 1785404725.85
-0.0498914543832   0.437525116437  0.0210649629343 1785404725.87
-0.0179637092064   0.386766667294  0.0245274099835 1785404725.89
0.00726794772072   0.327271676152  0.0274144866142 1785404725.9
0.0230269397468  0.261549620449 0.0296187979536 1785404725.93
 0.028163553669  0.193166016917 0.0309699814657 1785404725.95
0.0232344701566  0.126246492113 0.0312958967574 1785404725.97
0.0103137176339  0.064895282493 0.0304896834005 1785404725.99
-0.0074312092607  0.0126235332835  0.0285632648666 1785404726
-0.0263231052865 -0.0281182110349  0.0256722161275 1785404726.03
-0.0428150690168 -0.0562273590798  0.0221047135577 1785404726.05
-0.0540735042379 -0.0720135678009  0.0182366800546 1785404726.07
-0.0584027569115 -0.0770388656466  0.0144640850242 1785404726.09
-0.0554415878526 -0.0737745769296  0.0111294540673 1785404726.1
-0.0461067627755  -0.065149080844 0.00846120223775 1785404726.13
-0.0323085840006 -0.0540768362082 0.00654078930245 1785404726.15
-0.0165069548786 -0.0430554856573 0.00530491410909 1785404726.17
-0.00120532548074  -0.0338961714574  0.00458045167617 1785404726.19
 0.0115124864832 -0.0276186292073 0.00414150897181 1785404726.2
 0.0203125244431 -0.0245053990315 0.00377311928417 1785404726.22
 0.0247517347297 -0.0242769136985 0.00332567864792 1785404726.25
 0.0252183746901 -0.0263282821294 0.00274785655096 1785404726.27
 0.0227055897113 -0.0299636199637 0.00209201667831 1785404726.29
 0.0184870816824  -0.034575111034 0.00149332505117 1785404726.3
 0.0137806853146 -0.0397374697669  0.0011298771574 1785404726.33
0.00948088674035 -0.0452167694157 0.00117494346108 1785404726.35
0.00601708216454 -0.0509176959651 0.00175314310749 1785404726.37
0.00335794126788 -0.0568088364266 0.00291016934374 1785404726.39
0.00114368871792 -0.0628680930998 0.00460149414926 1785404726.4
-0.00110265612397  -0.0690793992684  0.00670063707774 1785404726.43
-0.00374999840445  -0.0754907018068  0.00902355553849 1785404726.45
-0.00688325960148  -0.0823180851168   0.0113635460655 1785404726.47
-0.0102232065848 -0.0900601979585  0.0135308823936 1785404726.49
-0.0131612752955 -0.0995780406251  0.0153924002316 1785404726.5
-0.014898804114 -0.112101024239  0.016907036479 1785404726.53
-0.0146546863883  -0.129139379617  0.0181530353841 1785404726.55
-0.0118898437428  -0.152309780459  0.0193413334891 1785404726.57
-0.00649378375587   -0.183107664185   0.0208087470335 1785404726.59
0.00111222515265  -0.222678199304   0.022985517392 1785404726.6
0.00998151827217  -0.271641835629  0.0263354231639 1785404726.63
0.0187589045194 -0.330017266273 0.0312728046467 1785404726.65
0.0258833892764 -0.397257125078  0.038068096729 1785404726.67
0.0298320547024 -0.472377718863 0.0467597219441 1785404726.69
0.0293512730716 -0.554134258147 0.0570931965148 1785404726.7
0.0236263210875 -0.641177404885 0.0685062949114 1785404726.73
 0.012358875536 -0.732131684766 0.0801715206128 1785404726.75
-0.00425080495882   -0.825561895487   0.0910950506352 1785404726.77
-0.0255918538761  -0.919834169591   0.100257631192 1785404726.79
-0.0507554430168   -1.01292218766   0.106771573717 1785404726.81
-0.0786217735016   -1.10224157083   0.110022732866 1785404726.83
-0.107884986247  -1.18460399293  0.109769026366 1785404726.85
-0.137009698372  -1.25636143398   0.10617688012 1785404726.87
-0.164150832337   -1.3137643806 0.0997907982448 1785404726.89
-0.187101523102  -1.35349800251 0.0914449193202 1785404726.91
-0.203348533051  -1.37330350203 0.0821353930571 1785404726.93
-0.210300697248  -1.37255314348  0.072876848909 1785404726.95
-0.205711422406  -1.35263788373 0.0645651974906 1785404726.97
-0.188249770286   -1.3170505034 0.0578640490692 1785404726.99
-0.158104529317  -1.27110109191  0.053125423466 1785404727.01
-0.117455338675  -1.22127417196 0.0503493938576 1785404727.03
-0.070635563288  -1.17431118869 0.0491833764923 1785404727.05
-0.0238545553312   -1.13616201888  0.0489602678702 1785404727.07
0.0155617043427  -1.11098234664 0.0487744635581 1785404727.09
0.0403327471717   -1.1003541892 0.0475938590925 1785404727.11
 0.044592659285  -1.10287470683 0.0444021478739 1785404727.13
0.0251893917141  -1.11419954733 0.0383584484089 1785404727.15
-0.0173814231666   -1.12755217472  0.0289522620327 1785404727.17
-0.0786518891598   -1.13463384721  0.0161248349109 1785404727.19
  -0.150595863462    -1.12680397633 0.000327505356689 1785404727.21
 -0.222758714372   -1.09635795853 -0.0175038417424 1785404727.23
 -0.283923968282   -1.03771457387 -0.0360622820033 1785404727.25
-0.324014069755 -0.948338190333 -0.053854610508 1785404727.27
 -0.335860127856  -0.829259098894 -0.0694223057901 1785404727.29
-0.316490984499 -0.685112420755 -0.081553859227 1785404727.31
-0.267683856698 -0.523684242691 -0.089445794988 1785404727.33
 -0.195667794401  -0.355023814492 -0.0927832090899 1785404727.35
 -0.110043915168  -0.190243396171 -0.0917311415015 1785404727.37
-0.0221434176507 -0.0401738119314 -0.0868492466806 1785404727.39
  0.056849907783  0.0859336371937 -0.0789581352224 1785404727.41
  0.117654319743   0.181474593488 -0.0689927444408 1785404727.43
  0.154210032158   0.243180089179 -0.0578753743757 1785404727.45
  0.164361571977   0.271338313848 -0.0464303689727 1785404727.47
  0.149841283011   0.269536521548 -0.0353473829626 1785404727.49
  0.115630914341    0.24398426788 -0.0251852169902 1785404727.51
 0.0688824231246   0.202539491353 -0.0163976595539 1785404727.53
   0.017631506046    0.153595155844 -0.00935957100337 1785404727.55
 -0.0304637400817    0.104992296841 -0.00437600177185 1785404727.57
 -0.0691695171357   0.0631075929913 -0.00166715589735 1785404727.59
-0.0943849140015  0.0322264212962 -0.0013334794151 1785404727.61
  -0.104459728812   0.0142635686665 -0.00331405513049 1785404727.63
  -0.100131243455  0.00884072191702 -0.00735524443326 1785404727.65
-0.0841371133695  0.0136790890877 -0.0130045364804 1785404727.67
-0.0605930715194  0.0252231462765 -0.0196379576088 1785404727.69
-0.0342417100563  0.0393831578545 -0.0265203800238 1785404727.71
-0.00968442972313   0.0522738413714  -0.0328893389885 1785404727.73
0.00929638038612  0.0608356367189 -0.0380469954357 1785404727.75
 0.0202342898495  0.0632515151956 -0.0414432140815 1785404727.77
 0.0222325793786  0.0591112852272 -0.0427355143105 1785404727.79
 0.0159510789273  0.0493201027527 -0.0418176685354 1785404727.81
0.00334613976692  0.0357906308299 -0.0388158881315 1785404727.83
-0.0127754214234  0.0209916053698 -0.0340576518284 1785404727.85
-0.0292986314873  0.0074438977034   -0.02802169358 1785404727.87
 -0.0433386007045 -0.00274387229645  -0.0212780086159 1785404727.89
  -0.052684066246 -0.00822332524121  -0.0144248210851 1785404727.91
 -0.0560821228896 -0.00858826966158 -0.00802709131718 1785404727.93
 -0.0533359527065  -0.0043742453158 -0.00256006557282 1785404727.95
-0.0452238482552 0.00310774779251 0.00163786326973 1785404727.97
-0.0332771773555  0.0120599183274 0.00439714685623 1785404727.99
-0.0194724599641  0.0205488196208 0.00572761559808 1785404728.01
-0.00589722951041   0.0268545808155  0.00580331636708 1785404728.03
0.00555739509951  0.0297605953176 0.00492209060717 1785404728.05
 0.0134388329115  0.0287410179609 0.00344632053385 1785404728.07
 0.0168887514277   0.024022955197 0.00173659269893 1785404728.09
  0.0157076829225   0.0165208920029 9.27596854599e-05 1785404728.11
  0.0103361077478   0.0076599838448 -0.00128425372614 1785404728.13
  0.00176622766463 -0.000879717260348  -0.00230172190468 1785404728.15
-0.00859973181156 -0.00745575109803 -0.00295528924986 1785404728.17
  -0.019130228599  -0.0107458168727 -0.00328834925251 1785404728.19
 -0.0281713932311 -0.00997563614379 -0.00334522737616 1785404728.21
 -0.0342675177953 -0.00505501309606 -0.00313480919169 1785404728.23
 -0.0363795407255  0.00340194962721 -0.00261829320205 1785404728.25
  -0.034081253318   0.0141789119346 -0.00172738731449 1785404728.27
  -0.0277079797211    0.0256676790237 -0.000409295981884 1785404728.29
-0.0184297763152  0.0361529026423 0.00131506460862 1785404728.31
-0.00822309304161   0.0441214345127  0.00329996072255 1785404728.33
0.000277211553125   0.0485392413539  0.00525220854035 1785404728.35
0.00404952516974  0.0490420770403 0.00675254850349 1785404728.37
6.5951053725e-05  0.0460004450055   0.007324945953 1785404728.39
-0.0142544610164  0.0404427403569 0.00654343307354 1785404728.41
-0.0405760423856  0.0338485904536 0.00415328033612 1785404728.43
 -0.0792322820456   0.0278515139729 0.000175913567518 1785404728.45
  -0.128945775174   0.0239100068315 -0.00503228981407 1785404728.47
 -0.186755416487  0.0230142702861 -0.0107879541562 1785404728.49
 -0.248203358321  0.0254898471397 -0.0161604522352 1785404728.51
  -0.30779890196  0.0309403155223 -0.0201109153289 1785404728.53
 -0.359729740273  0.0383425855117 -0.0216635334422 1785404728.55
 -0.398739514975  0.0462760434766 -0.0200748047547 1785404728.57
 -0.421043813164  0.0532377300612 -0.0149674959524 1785404728.59
-0.425125287663 0.0579765999408 -0.006404431498 1785404728.61
 -0.412242980175  0.0597753462333 0.00510995707588 1785404728.63
-0.386518552967 0.0586193979423  0.018698292174 1785404728.65
-0.354524165569 0.0552166971943 0.0332345338391 1785404728.67
-0.324385719262 0.0508629682342 0.0475004528628 1785404728.69
-0.304514993397 0.0471785002422 0.0603469649801 1785404728.71
-0.302172938548 0.0457676629963 0.0708341217613 1785404728.73
-0.322121829617 0.0478668524667 0.0783287670334 1785404728.74
-0.365629654162 0.0540480575585 0.0825468771143 1785404728.77
-0.430040319911  0.064034130248 0.0835372981392 1785404728.79
-0.509025289013 0.0766610158995 0.0816139494761 1785404728.81
-0.593504993121 0.0899962770313 0.0772531027962 1785404728.83
-0.673097864861  0.101597326028 0.0709789908598 1785404728.84
-0.737847928755  0.108871221877 0.0632627818389 1785404728.87
-0.779920469064  0.109483469088  0.054456121358 1785404728.89
-0.794952029189  0.101756954475 0.0447719354153 1785404728.91
-0.782797604056  0.085003402488 0.0343141001192 1785404728.93
-0.747525049001 0.0597371260945 0.0231462577721 1785404728.94
-0.696645505413 0.0277330801803 0.0113806225567 1785404728.97
   -0.639713380998   -0.0080922901808 -0.000737960568707 1785404728.99
 -0.586552241781 -0.0439781086747 -0.0127774991956 1785404729.01
 -0.545439195495 -0.0757699108148 -0.0241125526933 1785404729.03
 -0.521593596147 -0.0994733409864 -0.0339736093843 1785404729.05
  -0.51626164768  -0.111835462892 -0.0415461089448 1785404729.07
  -0.52657536728  -0.110862849818 -0.0461008230145 1785404729.09
 -0.546213159975 -0.0961847739289  -0.047129237991 1785404729.11
 -0.566729571632 -0.0691872560208 -0.0444552966629 1785404729.13
  -0.57928661822 -0.0328787977102 -0.0382985850816 1785404729.15
 -0.576437692795  0.0085041993333 -0.0292730218269 1785404729.17
 -0.553605776674  0.0500945660855 -0.0183177696076 1785404729.19
  -0.509963110335   0.0870953813414 -0.00657115490677 1785404729.21
 -0.448545692264   0.115464292525 0.00478908537061 1785404729.23
-0.375595921338  0.132463453502  0.014708041099 1785404729.24
-0.299286221529  0.136984667313  0.022386425852 1785404729.27
-0.228101425159  0.129604479771 0.0273592337752 1785404729.29
-0.169221082976  0.112376310179 0.0295092413598 1785404729.31
-0.127231257846 0.0884142866687 0.0290207392693 1785404729.33
-0.103412579268 0.0613561920877 0.0262930373244 1785404729.35
-0.0957181044542  0.0348050837301  0.0218407830667 1785404729.37
-0.099403292056 0.0118405478755 0.0162068503491 1785404729.39
  -0.10813673484 -0.0053339519975 0.00990454933976 1785404729.41
 -0.115333612089  -0.015573778467 0.00339293642234 1785404729.43
  -0.115430049751   -0.018804712352 -0.00292309161298 1785404729.44
  -0.104855007783   -0.015888934435 -0.00868339333347 1785404729.47
 -0.0825412250932 -0.00838815238217  -0.0135696464326 1785404729.49
-0.0499232249888 0.00172637730775 -0.0173187473845 1785404729.51
-0.0104723089993  0.0123694099132 -0.0197530201444 1785404729.53
 0.0311042022323  0.0216044894868 -0.0208185270548 1785404729.54
 0.0698295567652  0.0278487193995 -0.0206171022712 1785404729.57
  0.101412433939   0.030008441185 -0.0194173212955 1785404729.59
  0.123033775134  0.0275472788624 -0.0176342821161 1785404729.61
 0.133850459757 0.0204969622254 -0.015776047752 1785404729.63
  0.135152729314 0.00942540994804 -0.0143634579984 1785404729.64
   0.130167083431 -0.00462463134363  -0.0138374881671 1785404729.67
  0.123547323088  -0.020218572415 -0.0144727412828 1785404729.69
   0.12063824714 -0.0356341414431 -0.0163160577075 1785404729.71
  0.126625357914 -0.0489922104782 -0.0191654243809 1785404729.73
  0.145697363652 -0.0584211134986 -0.0225969636296 1785404729.74
  0.180345391193 -0.0622561339922 -0.0260381022294 1785404729.77
  0.230904331032 -0.0592644809056 -0.0288749299875 1785404729.79
  0.295409581814 -0.0488711938621 -0.0305733921705 1785404729.81
  0.369799369055 -0.0313477345217 -0.0307893658348 1785404729.83
  0.448442304076 -0.0079180477053 -0.0294432837084 1785404729.84
 0.524917198344 0.0192589633242 -0.026741087893 1785404729.87
   0.59292551805  0.0472549117542 -0.0231338446426 1785404729.89
  0.647186899399  0.0726831257384 -0.0192211702399 1785404729.91
  0.684164962072  0.0921229394936 -0.0156161004369 1785404729.93
  0.702499222018   0.102597824711 -0.0127987127281 1785404729.94
   0.70307551051   0.102031983251 -0.0109906293091 1785404729.96
  0.688739529287  0.0896083619509 -0.0100809837867 1785404729.99
    0.66372851012   0.0659643001804 -0.00962588389286 1785404730.01
   0.632947292176   0.0331863407086 -0.00892863038553 1785404730.03
   0.601235703683 -0.00540202983657 -0.00718958872396 1785404730.04
   0.572760477285   -0.045632933447 -0.00369687086724 1785404730.06
  0.550622544797 -0.0830121638366  0.0019833893943 1785404730.09
  0.536712170366   -0.11328936025 0.00986157577254 1785404730.11
 0.531786036611 -0.133000085152 0.0194607253777 1785404730.13
 0.535696487587 -0.139904968776 0.0298538400553 1785404730.14
 0.547682338664  -0.13326713043 0.0397992362127 1785404730.16
 0.566634532543 -0.113932833772 0.0479484953456 1785404730.19
  0.591274086695 -0.0842079314347  0.0530856574808 1785404730.21
  0.620216313176 -0.0475501403541   0.054350646642 1785404730.23
   0.651934733438 -0.00812113074064   0.0514049789227 1785404730.24
 0.684671006729 0.0297398530046 0.0445108256441 1785404730.26
 0.716355781697 0.0620496033244 0.0345112147659 1785404730.29
 0.744605398654 0.0856506708656 0.0227157518615 1785404730.31
  0.76684106802 0.0985562677481 0.0107104414649 1785404730.33
   0.780544930843     0.10012856158 0.000120980228138 1785404730.34
   0.783628509206   0.0910737164999 -0.00763429902848 1785404730.36
  0.774852207842  0.0732640434197 -0.0115635016135 1785404730.39
  0.754208715942  0.0494221623644 -0.0112571078529 1785404730.41
   0.723175866938    0.022720451184 -0.00695431931147 1785404730.43
   0.684759394407 -0.00364153902689 0.000493124169199 1785404730.44
  0.643281124576 -0.0268202159679 0.00975610344802 1785404730.46
  0.603916132526 -0.0446217767608  0.0192420254911 1785404730.49
  0.572032764443 -0.0556764127487  0.0273535347236 1785404730.51
  0.552431429091 -0.0594853366568  0.0327499766321 1785404730.53
  0.548602949383 -0.0563538686888  0.0345684466927 1785404730.54
  0.562129858526 -0.0472386437684  0.0325671681756 1785404730.56
  0.592333769785 -0.0335441937198   0.027165877593 1785404730.59
  0.636233237788 -0.0169041924977  0.0193742312886 1785404730.61
  0.688827616562 0.00102270250631  0.0106178221061 1785404730.63
   0.74367294139  0.0187209787058 0.00248945415898 1785404730.64
   0.793674067745   0.0349383555741 -0.00353231255328 1785404730.66
   0.831988339923   0.0487543514849 -0.00634770003028 1785404730.69
   0.852921858964   0.0596004120761 -0.00543492143069 1785404730.71
     0.85269965587    0.0672390604092 -0.000946376803714 1785404730.73
  0.830004429414  0.0717121235177 0.00631696414431 1785404730.74
 0.786203545336 0.0732694558638 0.0150481411511 1785404730.76
 0.725219445158 0.0722901042226 0.0236655114704 1785404730.79
 0.653042868808 0.0692076826605 0.0305869852651 1785404730.81
 0.576938236453 0.0644507679432 0.0344940395254 1785404730.83
 0.504440388502 0.0584070647222 0.0345369980026 1785404730.84
 0.442283210434 0.0514164376906 0.0304481641443 1785404730.86
 0.395424060467 0.0437923380866  0.022550694097 1785404730.89
 0.366325729498 0.0358640237819 0.0116729788316 1785404730.91
   0.354626439848    0.028024704559 -0.00100457843553 1785404730.93
  0.357270105981  0.0207656961477 -0.0141348168189 1785404730.94
   0.36909127894  0.0146764341833 -0.0263863414981 1785404730.96
  0.383764417961  0.0103965189622 -0.0365971345887 1785404730.99
  0.394951574602 0.00851861448041 -0.0438855927712 1785404731.01
  0.397433518551 0.00945726497191 -0.0477172615834 1785404731.03
  0.388001221076  0.0133136761784 -0.0479332367432 1785404731.04
 0.365924528103 0.0197748075071 -0.044748098589 1785404731.06
  0.332898987812  0.0280827742195 -0.0387221881471 1785404731.09
  0.292484491969    0.03709675586 -0.0307078343667 1785404731.11
  0.249165655443  0.0454472639418 -0.0217654917335 1785404731.13
  0.207254979159  0.0517576664555 -0.0130468002657 1785404731.14
   0.169900785406   0.0548875375736 -0.00564856637325 1785404731.16
    0.138438700336    0.0541430855632 -0.000453026443111 1785404731.19
  0.112240415775  0.0494051274301 0.00201866297727 1785404731.21
 0.0890863833087  0.0411441769442 0.00170630798328 1785404731.23
   0.0659530754765    0.0303202595526 -0.000966457590803 1785404731.24
  0.0399978676517   0.0181940813467 -0.00516292438533 1785404731.26
 0.00947573468995  0.00609751394826 -0.00979237347814 1785404731.29
  -0.025654716725 -0.00478143042882  -0.0137282651951 1785404731.31
-0.0635905561551 -0.0135527699974 -0.0160381751772 1785404731.33
 -0.101037760459 -0.0196929051046 -0.0161721294584 1785404731.34
  -0.13395860574 -0.0230286723224 -0.0140649266604 1785404731.36
 -0.158517512165   -0.02366151488 -0.0101294288543 1785404731.38
  -0.171989416348  -0.0218687574508 -0.00514490115678 1785404731.41
  -0.173416641535   -0.018018484548 -6.9057537564e-05 1785404731.43
 -0.163873522287 -0.0125225364539 0.00418187279435 1785404731.44
  -0.146299572046 -0.00583350949452  0.00693664588426 1785404731.46
 -0.124963803024 0.00152721447607 0.00791417439206 1785404731.48
 -0.104700117628 0.00893645398604  0.0072825677265 1785404731.51
-0.0900907494496  0.0156606073268 0.00562224102395 1785404731.53
-0.0847673921762  0.0208935805392 0.00380170424371 1785404731.54
-0.0909546641989  0.0238480003414 0.00279049124106 1785404731.56
 -0.109312656539  0.0238875089892 0.00344477243318 1785404731.58
 -0.139063126133    0.02067111212 0.00630618953816 1785404731.61
-0.178325274251 0.0142710449533 0.0114527962288 1785404731.63
 -0.224554648338 0.00522697063634  0.0184327459624 1785404731.64
  -0.274977008396 -0.00548771848258   0.0262973562785 1785404731.66
  -0.32693383629 -0.0165899192651  0.0337323219012 1785404731.68
 -0.378096877892 -0.0266789725094  0.0392672542638 1785404731.71
 -0.426552390393 -0.0344550757264  0.0415280978976 1785404731.73
 -0.470789722644 -0.0389139690936    0.03948756267 1785404731.74
 -0.509645989072 -0.0394744582368  0.0326674135977 1785404731.76
 -0.542257136402 -0.0360147595607  0.0212535597523 1785404731.78
 -0.568049201067 -0.0288198825468 0.00609930295544 1785404731.81
 -0.586779084527 -0.0184669474055  -0.011388273171 1785404731.83
  -0.598609758179 -0.00569054865536  -0.0294620170051 1785404731.84
 -0.604187087109 0.00872883308702  -0.046311708538 1785404731.86
 -0.604678423634  0.0240237606749 -0.0603534169555 1785404731.88
 -0.601738008632  0.0394390868671 -0.0704757638234 1785404731.91
 -0.597379852999  0.0541879876258 -0.0761946128633 1785404731.93
  -0.59376164996  0.0673974578242 -0.0776855672437 1785404731.94
 -0.592907664021  0.0780799139714 -0.0756891286006 1785404731.96
 -0.596417519575  0.0851590714668 -0.0713110840325 1785404731.98
 -0.605215478831   0.087561217624 -0.0657642744516 1785404732.01
 -0.619388720233  0.0843633176451 -0.0601114523685 1785404732.03
 -0.638145290503  0.0749728062119 -0.0550685263489 1785404732.04
-0.659898172054  0.059304299014 -0.050912408349 1785404732.06
 -0.682457956408  0.0379170282924 -0.0475110293017 1785404732.08
 -0.703299052587  0.0120823806375 -0.0444613384851 1785404732.11
 -0.719857304712 -0.0162389873881 -0.0412926102665 1785404732.13
-0.729821155704 -0.044518747911 -0.037675167365 1785404732.14
 -0.731390754004 -0.0698765992136 -0.0335739563858 1785404732.16
 -0.723493069463 -0.0893725680763 -0.0293028784905 1785404732.18
-0.705949285837 -0.100346336801 -0.025464729575 1785404732.21
 -0.679589907936  -0.100764144073 -0.0227944148881 1785404732.23
 -0.646304728057 -0.0895280891371  -0.021950082381 1785404732.24
 -0.609004677865 -0.0667028388211 -0.0233105021284 1785404732.26
  -0.57146753995  -0.033621644627 -0.0268343386696 1785404732.28
 -0.538044977229 0.00715313861278 -0.0320195687776 1785404732.31
 -0.513226761577  0.0520217316389 -0.0379744270117 1785404732.33
 -0.50108788914 0.0966771301097 -0.043582090984 1785404732.34
 -0.504679575616   0.136540731887 -0.0477173398234 1785404732.36
  -0.52545643642   0.167255145529 -0.0494608371143 1785404732.38
 -0.562848771883   0.185177593399 -0.0482588214107 1785404732.41
 -0.614082542002   0.187816856003 -0.0439921413202 1785404732.43
 -0.674317877656   0.174163380707 -0.0369440651058 1785404732.44
 -0.737124577873   0.144873853134 -0.0276838069595 1785404732.46
 -0.795250670412   0.102285616819 -0.0169044617298 1785404732.48
  -0.841581181911    0.050250991062 -0.00526397914814 1785404732.51
   -0.87014127397 -0.00620354787944  0.00672672059137 1785404732.53
 -0.876979753099 -0.0613722935107  0.0187418074954 1785404732.54
-0.860779746246 -0.109480306487 0.0306028195555 1785404732.56
-0.823082219355 -0.145350323885 0.0421872055354 1785404732.58
-0.768069604825 -0.165051284293 0.0533207370032 1785404732.61
-0.701931643657 -0.166442676549 0.0636938985394 1785404732.63
-0.631910957514 -0.149529722538 0.0728319522737 1785404732.64
-0.565187452408 -0.116559625764 0.0801295165508 1785404732.66
  -0.50779484256 -0.0718193135006  0.0849399942479 1785404732.68
 -0.463759958212 -0.0211376842357    0.08669459055 1785404732.71
-0.434614061488 0.0288556375006  0.085019184667 1785404732.73
-0.419352298059 0.0716166414263 0.0798207272064 1785404732.74
-0.414828142859  0.101586660726 0.0713255431413 1785404732.76
-0.416484483409  0.114962801971 0.0600653025169 1785404732.78
-0.419261433182  0.110212608003 0.0468178613599 1785404732.81
-0.418496663917 0.0882483051514 0.0325169361651 1785404732.83
-0.410650941018 0.0522352432803 0.0181464860501 1785404732.84
 -0.393743283569 0.00707318944736 0.00463438870635 1785404732.86
  -0.367452303702  -0.0413556842849 -0.00724247281337 1785404732.88
 -0.332914403599 -0.0870430253876 -0.0169319881458 1785404732.9
 -0.292308045802  -0.124676111491 -0.0241518467147 1785404732.93
 -0.248343864317  -0.150302449313 -0.0289005276431 1785404732.94
 -0.203778678653   -0.16174997047 -0.0314321962546 1785404732.96
 -0.161042081828   -0.15876231131 -0.0321979145774 1785404732.98
  -0.12201872107  -0.142856926935 -0.0317608702457 1785404733
-0.0879822136635  -0.116955271762 -0.0306982848188 1785404733.03
-0.0596408367661 -0.0848629868333  -0.029505790477 1785404733.04
-0.0372386038544 -0.0506909692504 -0.0285203008533 1785404733.06
 -0.020659331454 -0.0183054036944 -0.0278746131464 1785404733.08
-0.00950088764353  0.00912107745397  -0.0274918581995 1785404733.1
-0.00311306151061   0.0294096104189  -0.0271214398636 1785404733.13
-0.000615557532846     0.041507461378   -0.0264110901578 1785404733.14
-0.000924924770889     0.045460074266   -0.0250028091847 1785404733.16
-0.00281763632235   0.0422514278589  -0.0226347097129 1785404733.18
-0.00504275278533   0.0335541050624  -0.0192275381206 1785404733.2
-0.00647698611034   0.0214344131178  -0.0149353904847 1785404733.23
-0.00629453060157  0.00805446555016  -0.0101457650279 1785404733.24
-0.00411050983876 -0.00459487741848 -0.00542420939641 1785404733.26
-5.52822561397e-05   -0.0149059991565  -0.00141157736353 1785404733.28
0.00525099659407 -0.0217965457765 0.00130571821424 1785404733.3
 0.0108305171634 -0.0247746927724 0.00232353086788 1785404733.33
 0.0155648563496 -0.0239279688976 0.00151512507091 1785404733.34
    0.018449969203   -0.0198425736265 -0.000930979321945 1785404733.36
   0.018828901054  -0.0134666939961 -0.00454196443836 1785404733.38
  0.0165452530825 -0.00593764776486 -0.00865508622671 1785404733.4
 0.0119797006245 0.00160224730208  -0.012553956946 1785404733.43
0.00596149925034 0.00817394588008 -0.0156144007298 1785404733.44
-0.00042192689595   0.0130890422412  -0.0174251114353 1785404733.46
-0.00607059689414   0.0160180647413   -0.017855095039 1785404733.48
-0.0101160739316  0.0169921970347 -0.0170539667787 1785404733.5
-0.0121120265313  0.0163431656775 -0.0153885653891 1785404733.53
 -0.012134717639  0.0145972588891 -0.0133350524014 1785404733.55
-0.0107768295762  0.0123474707514 -0.0113553845007 1785404733.56
-0.00903679517274   0.0101311507097 -0.00978859303129 1785404733.58
-0.00812064965217   0.0083385532764 -0.00878113724821 1785404733.6
-0.00918445038097  0.00717036512308 -0.00826929284176 1785404733.63
-0.0130538322693 0.00665066853937 -0.0080135775668 1785404733.65
 -0.0199639237169  0.00668806567751 -0.00767378324924 1785404733.66
 -0.029366643988 0.00716493036867 -0.0069054373117 1785404733.68
 -0.0398507553843  0.00802629091132 -0.00545542018383 1785404733.7
 -0.0492097266253  0.00933833380253 -0.00323594654232 1785404733.73
 -0.0546712692079     0.01129315166 -0.00036137516968 1785404733.75
-0.0532711300348  0.0141503567231 0.00285985606836 1785404733.76
-0.0423175139999  0.0181246727618 0.00597681260401 1785404733.78
-0.0198605111907  0.0232470648686  0.0084809478222 1785404733.8
 0.0149361933279  0.0292401606826 0.00990700175925 1785404733.83
 0.0616176598222  0.0354521678522 0.00992895175199 1785404733.84
  0.118517427535  0.0408847972599 0.00843093163419 1785404733.86
  0.183102566539  0.0443304524945 0.00553849417777 1785404733.88
  0.252525356768  0.0446059368723 0.00160423864936 1785404733.9
    0.32426124353   0.0408406138737 -0.00284868801976 1785404733.93
   0.396673483864   0.0327541870684 -0.00721369953362 1785404733.94
  0.469342441076  0.0208503861384 -0.0109018774523 1785404733.96
  0.543038672868 0.00646248502481 -0.0134386711128 1785404733.98
   0.619299947573 -0.00838518022308  -0.0145390500173 1785404734
  0.699677546337 -0.0212938602522  -0.014147936072 1785404734.03
  0.784821344471 -0.0299339427996 -0.0124390220953 1785404734.05
    0.87364631668  -0.0325268846578 -0.00977296317222 1785404734.06
   0.962838728565  -0.0282589514069 -0.00662409403132 1785404734.08
    1.04690424948  -0.0175280032239 -0.00349143201908 1785404734.1
     1.11883818956  -0.00195798158706 -0.000812890523031 1785404734.13
   1.17133723708  0.0158329537195 0.00109982520287 1785404734.14
  1.19831518849 0.0326686950022 0.0020940726827 1785404734.16
   1.19637780673  0.0453678715647 0.00217400533166 1785404734.18
  1.16588809817  0.051300469549 0.0014691799972 1785404734.2
    1.11132476259   0.0488382957166 0.000186505827921 1785404734.23
    1.04078939717   0.0376163869273 -0.00143954691199 1785404734.24
    0.96471596716   0.0185661989462 -0.00318544288642 1785404734.26
   0.894029477269 -0.00627001898132 -0.00485811318969 1785404734.28
   0.838139537184  -0.0340925805428 -0.00629498983072 1785404734.3
   0.803202008263  -0.0617882507325 -0.00735071707509 1785404734.33
   0.791025989563  -0.0863805239465 -0.00788088045452 1785404734.34
   0.798859449784   -0.105412691963 -0.00773347844525 1785404734.36
   0.820091866283   -0.117212624137 -0.00675559865801 1785404734.38
   0.845713326677   -0.121015744591 -0.00481718867485 1785404734.4
   0.866211575799   -0.116949037429 -0.00184775680268 1785404734.43
  0.873504776317  -0.105899609639 0.00212305660858 1785404734.44
   0.86251391638 -0.0893040814017 0.00693263238602 1785404734.46
  0.832069919398 -0.0688995908302  0.0122713243141 1785404734.48
  0.785002522453 -0.0464749667893  0.0176946877008 1785404734.5
  0.727434064674 -0.0236540835444  0.0226636749433 1785404734.53
   0.667461806157 -0.00173484731054   0.0266081489881 1785404734.55
  0.61352465472 0.0184020507501 0.0290039334737 1785404734.56
 0.572795028319 0.0363102259895 0.0294508306353 1785404734.58
 0.549910219052 0.0519261250279 0.0277388118965 1785404734.6
 0.546270227821 0.0654639433765 0.0238914791736 1785404734.63
 0.560001549862 0.0772791519643 0.0181792699242 1785404734.65
 0.586546188216 0.0877264644123 0.0110991792828 1785404734.66
 0.619710937398 0.0970372195251 0.0033225409296 1785404734.68
     0.6529283994    0.105235996585 -0.00438279099576 1785404734.7
  0.680454359779   0.112107933128 -0.0112451773973 1785404734.73
    0.6982603178    0.11721848174 -0.0165829438812 1785404734.75
  0.704466134106   0.119978358095 -0.0198840168199 1785404734.76
  0.699274748433   0.119740071926 -0.0208580038188 1785404734.78
  0.684489602983   0.115909651715 -0.0194522931029 1785404734.8
  0.662785937146   0.108057694504 -0.0158314441783 1785404734.83
  0.636947293293  0.0960164784048 -0.0103276609964 1785404734.85
   0.609260395325   0.0799531037302 -0.00337694470273 1785404734.86
   0.58119350248  0.0604113863149 0.00454163891224 1785404734.88
 0.553387543683 0.0383170857765 0.0129484093738 1785404734.9
 0.525894864223 0.0149422870954 0.0213790859886 1785404734.93
   0.498534663993 -0.00817378191646   0.0293761872289 1785404734.95
 0.471214901051 -0.029347420829 0.0364676982121 1785404734.96
 0.444100498748 -0.046911612025 0.0421517285069 1785404734.98
  0.417574710891 -0.0594036570875  0.0459067004523 1785404735
  0.392021101705 -0.0657593637705  0.0472401891615 1785404735.03
  0.367521273894 -0.0654869801024  0.0457769293686 1785404735.05
 0.343596953774 -0.058790435183 0.0413709641976 1785404735.07
  0.319114489276 -0.0466128262271  0.0342131104219 1785404735.08
  0.292419288775 -0.0305785178275  0.0248977133529 1785404735.1
  0.261693510975 -0.0128257851987  0.0144156695251 1785404735.13
  0.225455782875 0.00425949714562   0.004054879248 1785404735.15
   0.183070077577   0.0183778056755 -0.00478788324851 1785404735.17
  0.135117946919  0.0276675957096 -0.0108540564306 1785404735.18
 0.0835177857633  0.0310133884774 -0.0132788048124 1785404735.2
 0.0313376568425  0.0282496075111 -0.0117950581219 1785404735.23
 -0.0176739726533   0.0202135395798 -0.00683209953689 1785404735.25
  -0.059744201864  0.00862674679535 0.000524539905882 1785404735.27
 -0.0917774094717 -0.00418298307131  0.00871420058869 1785404735.28
  -0.11195212318 -0.0156747367163  0.0159920318637 1785404735.3
 -0.120088927573 -0.0235339436779  0.0207711263358 1785404735.32
 -0.117718561872 -0.0260792023007  0.0219432994845 1785404735.35
 -0.107844368252 -0.0225634102071   0.019109380754 1785404735.37
-0.0944540101475 -0.0133164436174  0.0126696533613 1785404735.38
 -0.0818793041275 0.000294119161651  0.00375580082955 1785404735.4
 -0.0741235225653   0.0160762587528 -0.00598044704233 1785404735.43
-0.0742724777253  0.0313649637968 -0.0146776450872 1785404735.45
-0.0840838103429  0.0434557249803 -0.0206111510509 1785404735.47
 -0.103815046417  0.0500528660645 -0.0225084371272 1785404735.48
 -0.132311581291  0.0496641313323 -0.0197752004138 1785404735.5
 -0.167335529937  0.0418807986535 -0.0125948672996 1785404735.53
  -0.206078816259   0.0274984527098 -0.00189070859245 1785404735.55
 -0.245772504684 0.00845545564713  0.0108337859742 1785404735.57
 -0.284283715801 -0.0124085876544  0.0237400326111 1785404735.58
 -0.320586588244 -0.0317465439142  0.0349376691699 1785404735.6
 -0.355008673318 -0.0461990815081  0.0427582257027 1785404735.63
 -0.389189787814 -0.0529237687429  0.0459796959245 1785404735.65
 -0.425742879278 -0.0500804293275   0.043976239099 1785404735.67
 -0.467666913471 -0.0371949895418   0.036781885746 1785404735.68
-0.517617472406 -0.015334665511 0.0250692221469 1785404735.7
-0.577178374858 0.0129504197314 0.0100521520458 1785404735.73
  -0.646287206908   0.0439310404135 -0.00667327000398 1785404735.75
 -0.722945361645  0.0732194430479 -0.0233324312293 1785404735.77
 -0.803292276534  0.0964364623841 -0.0381991311529 1785404735.78
  -0.88205344821    0.10992085851 -0.0498211476482 1785404735.8
 -0.953296299099   0.111358674829 -0.0572166938549 1785404735.83
  -1.01136283489   0.100214970898 -0.0600134905691 1785404735.85
  -1.05180779403  0.0778788249588 -0.0585055170381 1785404735.87
  -1.07216524969   0.047481034754 -0.0536109313704 1785404735.89
  -1.07239719628  0.0134036203189 -0.0467283950602 1785404735.9
  -1.05493802826 -0.0194407060566 -0.0395066444013 1785404735.93
  -1.02432619494 -0.0464345233204  -0.033560262977 1785404735.95
 -0.986492905941 -0.0640385116789  -0.030178752054 1785404735.97
 -0.947841874026  -0.070386238236 -0.0300821493729 1785404735.99
 -0.914290616662 -0.0655779007354 -0.0332723732955 1785404736
 -0.890444888355  -0.051614902093 -0.0390150984005 1785404736.03
 -0.879043264554 -0.0319855050785 -0.0459641045637 1785404736.05
 -0.880747430275 -0.0109807473962  -0.052412150534 1785404736.07
 -0.894280697533 0.00712504487367 -0.0566246830162 1785404736.09
-0.916849950559 0.0188662011529 -0.057191602332 1785404736.11
 -0.944738869727  0.0221928466462 -0.0533241532446 1785404736.13
 -0.973941285074  0.0167758703568 -0.0450325099188 1785404736.15
  -1.00071454417 0.00395787552059 -0.0331440125601 1785404736.17
  -1.02196906919 -0.0136256802984 -0.0191567909499 1785404736.19
  -1.03546133808 -0.0326620129312 -0.0049600320528 1785404736.21
  -1.03980917355 -0.0498738146432 0.00751874794113 1785404736.23
  -1.03438640982 -0.0626759828901  0.0166644698345 1785404736.25
  -1.01916941909 -0.0696427819177  0.0214514286933 1785404736.27
  -0.99459915569 -0.0706991924843  0.0215938660067 1785404736.29
 -0.961495637781 -0.0670127583916  0.0175477001239 1785404736.31
 -0.921028194984 -0.0606258715964  0.0103739015576 1785404736.33
 -0.874715950712 -0.0539202120117 0.00150208235785 1785404736.35
   -0.82441747267  -0.0490356040854 -0.00754967629809 1785404736.37
 -0.772269982294 -0.0473700352563 -0.0154386636164 1785404736.39
 -0.720555320602 -0.0492659073933 -0.0211940555434 1785404736.4
 -0.671495980524 -0.0539443961799 -0.0243146479958 1785404736.43
  -0.62701147626 -0.0596941362328 -0.0247614864972 1785404736.45
 -0.588484827747 -0.0642646048088 -0.0228636803277 1785404736.47
 -0.556595144503 -0.0653714253833 -0.0191736776003 1785404736.49
 -0.531263080653 -0.0612002702743 -0.0143153937846 1785404736.51
  -0.511733066784  -0.0508019492019 -0.00886376948172 1785404736.53
  -0.496784766888  -0.0343003720887 -0.00327989163666 1785404736.55
-0.485033539716 -0.012878696618 0.0020935596883 1785404736.57
  -0.47525413284   0.011443601599 0.00699049379828 1785404736.59
-0.466650816832 0.0361883985534 0.0111601742931 1785404736.61
-0.459005020484 0.0588682772842 0.0143174092263 1785404736.63
-0.452657811698  0.077413132988 0.0161289364728 1785404736.65
-0.448323656644 0.0904875411577 0.0162467775648 1785404736.67
-0.446774334217 0.0976386390602 0.0143818767611 1785404736.69
  -0.4484670566 0.0992537870268 0.0103960032943 1785404736.71
 -0.453209784817  0.0963511929894 0.00438162422076 1785404736.73
  -0.459954223038   0.0902642128608 -0.00329898619705 1785404736.75
 -0.466782614919  0.0823017334028 -0.0120330954455 1785404736.77
 -0.471112751304  0.0734677651466 -0.0210359622074 1785404736.79
  -0.47009525303  0.0643036587385 -0.0294715234562 1785404736.8
 -0.461129571507  0.0548819276962 -0.0365862461017 1785404736.82
 -0.442391797428  0.0449406230427 -0.0418239548541 1785404736.85
 -0.413257161104  0.0341116784696 -0.0448959234265 1785404736.87
-0.374516812014 0.0221743016888 -0.045793861599 1785404736.89
 -0.328329502531 0.00926048239594 -0.0447490463162 1785404736.91
  -0.277905623028 -0.00404555703185  -0.0421539991659 1785404736.93
  -0.22698097327 -0.0167429328383  -0.038470345662 1785404736.95
 -0.179186731442 -0.0275778212066 -0.0341464121255 1785404736.97
 -0.137448153746 -0.0352952614723 -0.0295615913819 1785404736.99
 -0.103540202609 -0.0389167298704 -0.0250042319849 1785404737.01
-0.0778930903015 -0.0379751179278 -0.0206792873687 1785404737.03
-0.0596820038962 -0.0326497740859 -0.0167342985845 1785404737.05
-0.0471672352581 -0.0237688955271 -0.0132892429084 1785404737.07
-0.0381913407555 -0.0126781618495 -0.0104575016879 1785404737.09
 -0.0307051850977 -0.00100523806154 -0.00835045322235 1785404737.11
  -0.023194590608  0.00962747906253 -0.00706492547773 1785404737.13
  -0.014913553273   0.0178796621695 -0.00665874826686 1785404737.15
-0.00588802522768   0.0229020819175 -0.00712326666802 1785404737.17
  0.0032814340778   0.0244384832547 -0.00836228468671 1785404737.19
  0.011738014763  0.0228070600342 -0.0101849373351 1785404737.21
 0.0187025850085  0.0187757256215 -0.0123165207982 1785404737.23
 0.0237242931626  0.0133672129265 -0.0144274444792 1785404737.25
 0.0267831331558 0.00764137090188 -0.0161768918594 1785404737.27
 0.0282299221318 0.00250132112086 -0.0172647396455 1785404737.29
    0.02860006228 -0.00144078365765  -0.0174829035629 1785404737.31
  0.0283748798841 -0.00391975724367  -0.0167558788358 1785404737.33
  0.0277786950001 -0.00499506136694  -0.0151604721732 1785404737.35
  0.0266883553174 -0.00496605626987  -0.0129173358644 1785404737.37
  0.0246989468241 -0.00425136734401  -0.0103522806601 1785404737.39
  0.0213440714809 -0.00326321025184 -0.00783286565005 1785404737.41
   0.016423086721 -0.00230575859489 -0.00569357501814 1785404737.43
  0.0103521646132 -0.00151994797846 -0.00416820054421 1785404737.45
   0.0044393782278 -0.000886827377388  -0.00334821402854 1785404737.47
 0.000990591098528 -0.000289009823427  -0.00317983136478 1785404737.49
 0.00318231869268 0.000383533715192 -0.00350145659001 1785404737.51
  0.0146849348159  0.00110904761036 -0.00411073680329 1785404737.53
  0.0390758300196  0.00162458976671 -0.00484087628367 1785404737.55
  0.0791363186263  0.00136668181984 -0.00562258609552 1785404737.57
   0.136166664567 -0.00050972950566 -0.00651237782933 1785404737.59
   0.209470358639 -0.00502046380084  -0.0076786109304 1785404737.61
    0.2961448293 -0.0131564019605 -0.0093504115651 1785404737.63
  0.391269434193   -0.02563205528 -0.0117467755362 1785404737.65
  0.488507978103  -0.042626266635 -0.0150095338729 1785404737.67
  0.581054438364 -0.0635727301798 -0.0191618403668 1785404737.69
  0.662765097444 -0.0870552579634 -0.0241038429193 1785404737.71
  0.729258351065  -0.110846780961 -0.0296427805664 1785404737.73
  0.778743398727  -0.132105003491 -0.0355414446575 1785404737.75
  0.812372124656  -0.147707243483 -0.0415621441286 1785404737.77
  0.833994771665  -0.154678999809 -0.0474860518576 1785404737.79
  0.849325822691  -0.150650935555 -0.0530993917524 1785404737.81
  0.864665241632  -0.134270812092 -0.0581539712701 1785404737.83
  0.885437521267  -0.105501417104 -0.0623234815152 1785404737.85
  0.914873748772 -0.0657513094815  -0.065182524193 1785404737.87
  0.953148559658 -0.0178092159689  -0.066229304143 1785404737.89
  0.997191968494  0.0344186165907 -0.0649569879779 1785404737.91
   1.04124445122   0.086339666509 -0.0609590327485 1785404737.93
   1.07804843435    0.13322027166 -0.0540384868437 1785404737.95
  1.10041508893  0.170770064218 -0.044286838193 1785404737.97
   1.10281311153   0.195681133987 -0.0321063180279 1785404737.99
   1.08262135568   0.206040252126 -0.0181672819263 1785404738.01
    1.04077088131    0.201549565872 -0.00331247006518 1785404738.03
 0.981650356466  0.183520863753 0.0115648216074 1785404738.05
0.912320912481 0.154646062644 0.025636417009 1785404738.07
 0.841237909315  0.118584841933 0.0382224151479 1785404738.09
 0.776772016567 0.0794413943154 0.0488293807885 1785404738.11
 0.725842173714 0.0412192107445 0.0571473071045 1785404738.13
   0.69291999342 0.00734174823564  0.0630213511725 1785404738.15
  0.679558807565 -0.0196918514903  0.0664186513191 1785404738.17
  0.684472643886 -0.0384781763649  0.0674064882097 1785404738.19
  0.704075095192 -0.0487062354977  0.0661486057201 1785404738.21
  0.733311259831 -0.0510095447993    0.06291616238 1785404738.23
  0.766588607231 -0.0467250859714  0.0581024087993 1785404738.25
  0.798630369101 -0.0376180718731  0.0522276699686 1785404738.27
  0.825123554424 -0.0256251420917  0.0459233591315 1785404738.29
  0.843095710794 -0.0126516282474  0.0398890689709 1785404738.31
   0.851015089206 -0.00043615680722   0.0348234962267 1785404738.33
  0.848657365833 0.00952556316683  0.0313366818931 1785404738.35
 0.836812870008 0.0160206748248 0.0298569217874 1785404738.37
 0.816920104354 0.0181504371747 0.0305499559293 1785404738.39
 0.790706223875 0.0153748492097  0.033269557029 1785404738.41
  0.759896898106 0.00757937261649  0.0375559835712 1785404738.43
   0.726031381365 -0.00484437670012    0.042691001216 1785404738.45
  0.690389310648 -0.0209279356941  0.0478059346639 1785404738.47
  0.654010154478 -0.0390997188142  0.0520252393321 1785404738.49
  0.617770221266 -0.0572391014769  0.0546166886485 1785404738.51
   0.58247876154 -0.0728374387321  0.0551147577998 1785404738.53
  0.548962622566 -0.0832728271346  0.0533885774922 1785404738.55
  0.518122911981 -0.0861785901241  0.0496392566378 1785404738.57
  0.490960523042 -0.0798573559653  0.0443296457072 1785404738.59
  0.468574866464 -0.0636701789019  0.0380671019706 1785404738.61
  0.452139653431 -0.0383199593397  0.0314710939618 1785404738.63
    0.44285267153 -0.00595490494047   0.0250593201173 1785404738.65
 0.441847837981 0.0299579705598 0.0191784874733 1785404738.67
 0.450053599538 0.0650003002702  0.013992040389 1785404738.69
  0.467987440975  0.0943749845331 0.00952142532057 1785404738.71
  0.495494080161   0.113603435488 0.00572402911682 1785404738.73
   0.53146213278   0.119234441231 0.00258236693538 1785404738.75
   0.573582977107    0.109439598515 0.000176547055551 1785404738.77
   0.618235608935   0.0843825086052 -0.00128434212193 1785404738.79
   0.660582028255   0.0462842922699 -0.00148694557314 1785404738.81
    0.694932450867 -0.000839430983067 -9.56052528631e-05 1785404738.83
  0.715388373075  -0.051734713461 0.00312344162821 1785404738.85
  0.716702441059  -0.100667095408 0.00816560797311 1785404738.87
 0.695223007914  -0.14224946839 0.0146786270426 1785404738.89
 0.649738438343  -0.17219375251 0.0219194811295 1785404738.91
 0.582020847378 -0.187855395068 0.0288047242255 1785404738.93
 0.496902867912 -0.188482556273 0.0340590774874 1785404738.95
 0.401803580394 -0.175143288484 0.0364401620715 1785404738.97
 0.305735881815 -0.150369946915 0.0349935316419 1785404738.99
 0.217950309932  -0.11761469256 0.0292794917479 1785404739.01
 0.146467122257 -0.080640056052 0.0195158949893 1785404739.03
 0.0967903077849  -0.042967532202 0.00659859726031 1785404739.05
  0.0710682457359 -0.00747731437458 -0.00801144390016 1785404739.07
 0.0678694582998  0.0237960693384 -0.0225157240875 1785404739.09
 0.0826019202169  0.0496793933109 -0.0350768849102 1785404739.11
  0.108458001929   0.069735992779 -0.0441305547106 1785404739.13
 0.137654006654 0.0840699868212 -0.048650672108 1785404739.15
  0.162683085689  0.0931273333237 -0.0483191111493 1785404739.17
  0.177323891325  0.0975420830893 -0.0435699654706 1785404739.19
  0.177234146998  0.0980475615349 -0.0355030257563 1785404739.21
  0.160080782935  0.0954445056136 -0.0256851940648 1785404739.23
 0.125280658888 0.0905995253636 -0.015878673737 1785404739.25
  0.0735148979202   0.0844416475763 -0.00774728719473 1785404739.27
 0.00621387559402   0.0779315208522 -0.00259471003554 1785404739.29
 -0.0748156961186   0.0719929052968 -0.00117995079047 1785404739.31
  -0.167522991955   0.0674134126448 -0.00363768507218 1785404739.33
  -0.269501583472   0.0647354335912 -0.00950822224407 1785404739.35
 -0.377720923033  0.0641648740153 -0.0178595832647 1785404739.37
 -0.488246796822  0.0655233486534 -0.0274678046268 1785404739.39
-0.596111027443 0.0682600423467 -0.037014698568 1785404739.41
 -0.695457575107  0.0715256669785 -0.0452656541632 1785404739.43
 -0.780020735417  0.0742968132629 -0.0512016188034 1785404739.44
 -0.843899238633  0.0755282322844 -0.0540951125183 1785404739.47
 -0.882500449061  0.0743056477647 -0.0535352586481 1785404739.49
  -0.89346425595  0.0699732829406 -0.0494173075226 1785404739.51
-0.877354047072 0.0622172863194 -0.041915647185 1785404739.53
 -0.837930058544  0.0510962552531 -0.0314556735351 1785404739.54
 -0.781894347436   0.037020205878 -0.0186910373146 1785404739.57
  -0.718101711303   0.0206872110735 -0.00448214316803 1785404739.59
 -0.656344416128 0.00299132943808  0.0101365322911 1785404739.61
  -0.60591472829 -0.0150833776036  0.0240150985284 1785404739.63
-0.574204539608 -0.032568763458 0.0359823483804 1785404739.64
-0.565601026608 -0.048605978564 0.0449728945414 1785404739.67
 -0.580880140498 -0.0625154996138  0.0501706412376 1785404739.69
 -0.617199479238 -0.0738352436598  0.0511407288254 1785404739.71
 -0.66867339822 -0.082322001883 0.0479187585619 1785404739.73
-0.727404108561 -0.087917294453 0.0410323070474 1785404739.74
 -0.784766437456 -0.0906861201048  0.0314436349931 1785404739.77
 -0.832714233485 -0.0907441994657  0.0204197685157 1785404739.79
 -0.864894424004 -0.0881937442494 0.00935184209456 1785404739.81
   -0.877411076032   -0.0830872676489 -0.000444202647333 1785404739.83
  -0.869159968434  -0.0754324364636 -0.00791078675592 1785404739.84
 -0.841735469334 -0.0652394305375 -0.0123856495453 1785404739.87
 -0.798979927462 -0.0525988393486 -0.0136726006046 1785404739.89
 -0.746291153495 -0.0377671297899 -0.0120386345353 1785404739.91
  -0.689822137597  -0.0212320648524 -0.00814219833589 1785404739.93
   -0.63570040629 -0.00373406458953 -0.00290744735973 1785404739.94
 -0.589367624233  0.0137693462575 0.00263363922317 1785404739.96
 -0.555101176028  0.0301932563236 0.00750572606292 1785404739.99
-0.535737964022 0.0444510191496 0.0109355658734 1785404740.01
-0.532585356404 0.0555870605573 0.0124565708538 1785404740.03
-0.545481026714 0.0628860861856 0.0119578770239 1785404740.04
 -0.572954165452  0.0659356110242 0.00967286372709 1785404740.06
 -0.612443521908  0.0646339375241 0.00611244115864 1785404740.09
 -0.660539307412   0.059153527194 0.00195769163945 1785404740.11
 -0.713231895527  0.0498839338516 -0.0020670994401 1785404740.13
  -0.766166120702   0.0373836719427 -0.00531771170693 1785404740.14
  -0.814911476779   0.0223639692437 -0.00732866716056 1785404740.16
  -0.855261863326  0.00571078118214 -0.00787286101795 1785404740.19
  -0.883571510157  -0.0114697762658 -0.00697633428239 1785404740.21
  -0.897116794921  -0.0278154379602 -0.00489099717955 1785404740.23
  -0.894450543764  -0.0417215537133 -0.00203492531291 1785404740.24
 -0.875692652625  -0.051437753082 0.00108602775489 1785404740.26
 -0.842686723091 -0.0552598366689 0.00396028095397 1785404740.29
 -0.798954643988 -0.0518003559957 0.00614260797781 1785404740.31
 -0.749404171142 -0.0402927739311 0.00730626934095 1785404740.33
 -0.699787105372 -0.0208642287832 0.00727030545194 1785404740.34
  -0.65595912054 0.00529310668923 0.00600239873765 1785404740.36
 -0.623042866461  0.0359099168288 0.00360195837828 1785404740.39
 -0.604629194214  0.0678172960495 0.00027053374805 1785404740.41
   -0.60215736986   0.0973073475374 -0.00372276145771 1785404740.43
  -0.614592001531    0.120631579259 -0.00807415072736 1785404740.44
 -0.638467748105   0.134559946145 -0.0124720016468 1785404740.47
-0.668312783896  0.136905084234 -0.016616062809 1785404740.49
  -0.69739929541   0.126915759611 -0.0202304527557 1785404740.51
 -0.718713487812   0.105461687166 -0.0230733996987 1785404740.53
 -0.725996729708  0.0749660249913 -0.0249467540898 1785404740.54
 -0.714690617755  0.0390860885011 -0.0257069565444 1785404740.57
 -0.682627386804 0.00218881820249 -0.0252773276821 1785404740.59
 -0.630345168913 -0.0312938205866 -0.0236601012062 1785404740.61
   -0.5609712007 -0.0575208789638 -0.0209458838073 1785404740.63
 -0.479694461937 -0.0737979238194 -0.0173180380846 1785404740.64
 -0.392926375774 -0.0789377266674 -0.0130495419355 1785404740.66
  -0.307306706666  -0.0733675050917 -0.00849005825057 1785404740.69
   -0.22873783694  -0.0589708180564 -0.00404143701119 1785404740.71
   -0.161618081005   -0.0387008027148 -0.000121051195099 1785404740.73
 -0.108396970053 -0.0160421108203 0.00288546275587 1785404740.74
-0.0695042540359 0.00557638641046 0.00467745481468 1785404740.76
-0.0436265183254  0.0233118308873 0.00509073027308 1785404740.79
-0.0282382911921  0.0352906492306 0.00413732979643 1785404740.81
-0.0202523845619  0.0407878513775 0.00202368123958 1785404740.83
   -0.016644628079    0.0401873175667 -0.000860277675891 1785404740.84
 -0.0149310565634   0.0347501296984 -0.00398363247742 1785404740.86
 -0.0134235790356   0.0262518249677 -0.00674525024571 1785404740.89
-0.0112503978562  0.0165691086331 -0.0085632531453 1785404740.91
-0.00818495206766  0.00729969548285 -0.00896891795362 1785404740.93
 -0.00436838135064 -0.000513447955089  -0.00768840982255 1785404740.94
-2.65574446407e-05  -0.00650672392809  -0.00469670173399 1785404740.96
  0.00472874954086   -0.0109545621373 -0.000232297681087 1785404740.99
0.00995965086523 -0.0145810873074 0.00523178302407 1785404741.01
 0.0158159766283 -0.0182736012944  0.0110573155832 1785404741.03
 0.0223448119225 -0.0227669451777  0.0165395767596 1785404741.04
 0.0292733786586 -0.0283741191706  0.0210190939757 1785404741.06
0.0358564147085 -0.034828964892 0.0239875190701 1785404741.09
 0.0408660272344 -0.0412825892586  0.0251692963816 1785404741.11
 0.0427652035096 -0.0464612046129  0.0245642443457 1785404741.13
 0.0400554318729 -0.0489563578149  0.0224418907108 1785404741.14
 0.0317377957134 -0.0475872111241  0.0192857611221 1785404741.16
0.0177889321236 -0.041755607928  0.015694241823 1785404741.19
-0.00046209860271  -0.0317122225271   0.0122533580101 1785404741.21
-0.0201595537818 -0.0186665596952 0.00940445813155 1785404741.23
 -0.0370199940877 -0.00470198234044  0.00733428261104 1785404741.24
 -0.045727587032 0.00750590712747 0.00591402236143 1785404741.26
-0.0405957003836   0.015129714686 0.00470652864319 1785404741.29
-0.0164140860957  0.0157167762409 0.00304749885919 1785404741.31
  0.0306411469747  0.00770544237546 0.000189887880313 1785404741.33
   0.102185631469 -0.00917159885356 -0.00451512081854 1785404741.34
  0.197051550583 -0.0336857832681  -0.011438463989 1785404741.36
  0.311098571186 -0.0631683336145 -0.0205360684293 1785404741.38
  0.437499607205 -0.0938310315615  -0.031289277545 1785404741.41
  0.567509821496  -0.121307743196 -0.0427427697786 1785404741.43
  0.691628779887  -0.141326807921 -0.0536387882114 1785404741.44
  0.800969829575  -0.150396384675 -0.0626242468273 1785404741.46
  0.888583691798  -0.146381236055 -0.0684895392504 1785404741.49
 0.950468645595 -0.128870773703 -0.070389444907 1785404741.51
  0.986049995189 -0.0992784431702 -0.0679998668172 1785404741.53
  0.998021242985 -0.0606613793842 -0.0615785607412 1785404741.54
  0.991583821666 -0.0172959116882 -0.0519197854669 1785404741.56
   0.97326346266  0.0259191434073 -0.0402161213517 1785404741.58
 0.949579903062 0.0641375245875 -0.027859441013 1785404741.61
   0.92587466368  0.0932183402561 -0.0162226686051 1785404741.63
   0.905551319375     0.11026358554 -0.00646308470808 1785404741.64
   0.889868438793    0.113966987247 0.000621645083077 1785404741.66
  0.878279019977   0.104730049651 0.00466783050733 1785404741.68
  0.869171799768  0.0845364140155 0.00574830953202 1785404741.71
  0.860776217166  0.0566122164125 0.00431293580709 1785404741.73
  0.851967366384  0.0249324568266 0.00108440800022 1785404741.74
   0.842752966624 -0.00634431111318 -0.00306997919014 1785404741.76
   0.834323987557  -0.0334231433731 -0.00727078804578 1785404741.78
  0.828673804918 -0.0533212470562 -0.0107466115474 1785404741.81
   0.82790482091 -0.0641617776792 -0.0129300445902 1785404741.83
  0.833420055404 -0.0652902134386 -0.0135219014733 1785404741.84
  0.845224974133 -0.0572247370059 -0.0125196228003 1785404741.86
  0.861538198977 -0.0414784559233 -0.0102085375342 1785404741.88
  0.878836161636 -0.0203041917319 -0.0071171614003 1785404741.91
   0.892353192223  0.00358959901048 -0.00394055644558 1785404741.93
   0.896948565905   0.0273173356388 -0.00143913152817 1785404741.94
    0.888160883008    0.0480739881875 -0.000323859745543 1785404741.96
   0.863218883521   0.0633723359435 -0.00114205201345 1785404741.98
   0.821778641938   0.0712655305661 -0.00417966559253 1785404742.01
   0.766210998104   0.0705533915613 -0.00939584762105 1785404742.03
  0.701359160423  0.0609548273138 -0.0164026020795 1785404742.04
  0.633803315923  0.0432125554703 -0.0244971597256 1785404742.06
 0.570778996674 0.0190895151626 -0.032747196395 1785404742.08
   0.518971509327 -0.00877455535434  -0.0401201643031 1785404742.11
  0.483431007485 -0.0371527337732  -0.045638881226 1785404742.13
  0.466817247426 -0.0626383196496 -0.0485381192706 1785404742.14
  0.469100874769 -0.0821083355278 -0.0483936597575 1785404742.16
  0.487742362646 -0.0931611475215 -0.0451980361327 1785404742.18
 0.518268445067 -0.094446542848 -0.039366258482 1785404742.21
  0.555093810621 -0.0858281307359 -0.0316684291671 1785404742.23
  0.592407643051 -0.0683541823852 -0.0231010502795 1785404742.24
  0.624961459378 -0.0440531160669  -0.014721377558 1785404742.26
   0.648645192536  -0.0156027525293 -0.00747649535529 1785404742.28
   0.660803723105   0.0140592228294 -0.00205929940587 1785404742.3
  0.660306707133  0.0421146556719 0.00118272727831 1785404742.33
   0.64742657961  0.0661780791836 0.00227158850565 1785404742.34
  0.623597266156  0.0845093283233 0.00155523893487 1785404742.36
     0.59112148768    0.0961156429961 -0.000391056823123 1785404742.38
   0.552875085597     0.10075421471 -0.00289658702234 1785404742.4
   0.512032276817   0.0988593820296 -0.00533391684136 1785404742.43
   0.471815127605   0.0914226388245 -0.00723858795715 1785404742.44
   0.435259544835   0.0798496175245 -0.00838868760408 1785404742.46
   0.404989972951   0.0658098250955 -0.00883130858819 1785404742.48
   0.383002944402   0.0510864150035 -0.00885309648127 1785404742.51
   0.370470661121   0.0374279584146 -0.00890254410464 1785404742.53
   0.367584997479   0.0264032921432 -0.00948046265645 1785404742.54
  0.373466549945  0.0192632855339 -0.0110204655734 1785404742.56
 0.386161668153 0.0168177730773 -0.013782448484 1785404742.58
  0.402743658126  0.0193398078686 -0.0177789284471 1785404742.6
  0.419524377403  0.0265113261619 -0.0227474866104 1785404742.63
  0.432371004756  0.0374236251079 -0.0281738260047 1785404742.64
  0.437110739711  0.0506426177776 -0.0333608830012 1785404742.66
   0.42999339906  0.0643426864869 -0.0375317619548 1785404742.68
  0.408167894983  0.0765042718579 -0.0399492167835 1785404742.7
  0.370114163919  0.0851596945685 -0.0400324147802 1785404742.72
  0.315960505619  0.0886604987367 -0.0374526036865 1785404742.74
  0.247613280754  0.0859301157238 -0.0321926548616 1785404742.76
  0.168638181518  0.0766606453917 -0.0245608661806 1785404742.78
 0.0838643239826  0.0614145159085 -0.0151563684967 1785404742.8
 -0.0012668076929   0.0416020691449 -0.00479114810556 1785404742.83
-0.0815245616778  0.0193243230486 0.00561914338331 1785404742.84
  -0.152745701372 -0.00290620208734   0.0151781360123 1785404742.86
 -0.212553394916 -0.0225290663523   0.023125722491 1785404742.88
 -0.260773953266 -0.0373263088373  0.0289306722659 1785404742.9
-0.299436821355 -0.045771910954 0.0323451505674 1785404742.93
 -0.332329289375 -0.0472757972649  0.0334143788766 1785404742.94
 -0.36417864901  -0.04227485487 0.0324423825846 1785404742.96
 -0.399623862962 -0.0321512575126  0.0299217721498 1785404742.98
 -0.442191150189 -0.0189912693113  0.0264408624487 1785404743
  -0.493488683027 -0.00522858577993    0.022584669911 1785404743.03
 -0.552785458448 0.00676168495095  0.0188470006182 1785404743.04
-0.617053143787 0.0150440447423 0.0155683952794 1785404743.06
-0.681450753542 0.0184115636561 0.0129089175388 1785404743.08
-0.740145012196 0.0165364489543 0.0108565674514 1785404743.1
 -0.787303270484 0.00996468787959 0.00926371826926 1785404743.13
   -0.818079989552 -3.30138445222e-05    0.0078981754025 1785404743.14
  -0.82943980879 -0.0117175985773 0.00649412814665 1785404743.16
 -0.820708116958 -0.0231946056098 0.00479147468537 1785404743.18
 -0.793796873043 -0.0327297675081 0.00255811562754 1785404743.2
   -0.753103319014   -0.0390197437668 -0.000403588974887 1785404743.23
 -0.705112673842 -0.0413832566528  -0.004260111796 1785404743.24
  -0.657751859677  -0.0398531178807 -0.00915182138454 1785404743.26
 -0.619545915146 -0.0351639859996 -0.0151930707472 1785404743.28
   -0.5986317652 -0.0286423077786 -0.0224639535669 1785404743.3
 -0.601694625541 -0.0220135573264  -0.030994306496 1785404743.33
 -0.632915131654 -0.0171484448167 -0.0407435024159 1785404743.34
 -0.693047378232 -0.0157751830937 -0.0515808225642 1785404743.36
 -0.778778333138 -0.0191895771162 -0.0632709638257 1785404743.38
 -0.882530987343 -0.0279984016535 -0.0754684161561 1785404743.4
 -0.992850805928 -0.0419335526068 -0.0877237999674 1785404743.43
  -1.09544815756 -0.0597735452675 -0.0995047854885 1785404743.44
   -1.1748610583 -0.0794030304791  -0.110233082672 1785404743.46
  -1.21656939089 -0.0980275177822  -0.119336092587 1785404743.48
 -1.20926252352 -0.112537707398 -0.126306718707 1785404743.5
 -1.14687212398 -0.119987010945 -0.130758492981 1785404743.53
 -1.02996331136 -0.118112768599 -0.132457957046 1785404743.54
 -0.86614892002 -0.105806098965 -0.131315270891 1785404743.56
 -0.669350306528 -0.0834279082933  -0.127319886095 1785404743.58
 -0.45794611775 -0.052886421738 -0.120421469295 1785404743.6
 -0.252081151245 -0.0174344056708  -0.110374888064 1785404743.63
 -0.070596948166  0.0187966893267 -0.0965870348961 1785404743.64
 0.0718533694752  0.0514479577057 -0.0780161581615 1785404743.66
  0.166959919282  0.0766462639482 -0.0531752684593 1785404743.68
  0.213769938738  0.0916377525805 -0.0202766074323 1785404743.7
 0.218377805365  0.095214231579 0.0224754664851 1785404743.73
 0.192377957927 0.0878488540824 0.0764754063061 1785404743.74
 0.150417719933 0.0715203961408  0.142263545228 1785404743.76
  0.10736063904 0.0492720797398  0.219130321244 1785404743.78
0.0756296609258 0.0246051874343  0.304885029048 1785404743.8
  0.0632334373289 0.000837031581714    0.395874645569 1785404743.83
 0.0728087047889 -0.0194484095499   0.487290406146 1785404743.84
 0.101781071093 -0.034758020855  0.573736213323 1785404743.86
  0.143511097411 -0.0448037812011   0.649969422481 1785404743.88
  0.189104497583 -0.0503759763717   0.711677839886 1785404743.9
  0.229461435616 -0.0530253667026   0.756139992609 1785404743.93
  0.257134640935 -0.0546367839166   0.782634620039 1785404743.94
  0.267650325493 -0.0569890149821   0.792516242357 1785404743.96
  0.260091869918 -0.0613877549591   0.788943995222 1785404743.98
  0.236915868863 -0.0684337958277   0.776322606909 1785404744
  0.20312502901 -0.077954499236  0.759569572399 1785404744.03
 0.165032882501 -0.089091261946  0.743349247553 1785404744.04
0.128905782611 -0.10050661999 0.731409653152 1785404744.06
0.0997577298224 -0.110656997775  0.726126506334 1785404744.08
 0.080514583423 -0.118072894929  0.728311862799 1785404744.1
0.0716739019973 -0.121596315211  0.737293610015 1785404744.13
0.0714840837526 -0.120541681211  0.751226986157 1785404744.15
0.0765687673463 -0.114766208936  0.767566730521 1785404744.16
0.0828436047752 -0.104653882969   0.78361069633 1785404744.18
0.0865233697925 -0.091030529307  0.797021976615 1785404744.2
 0.0850054700111 -0.0750348012648   0.806244824285 1785404744.23
 0.0774444961756 -0.0579714624228   0.810748224232 1785404744.25
 0.0648984490521 -0.0411701918299    0.81105858054 1785404744.26
 0.0500198904617 -0.0258665534113   0.808577420397 1785404744.28
 0.0363660793084 -0.0131132909495   0.805217107622 1785404744.3
  0.0274884467928 -0.00372150773863    0.802921309832 1785404744.33
 0.0260122813012 0.00177551439925   0.803160929753 1785404744.35
  0.032918995756 0.00314629209086   0.806505065764 1785404744.36
  0.0471952531176 0.000481650011681    0.812357204188 1785404744.38
  0.0659281652601 -0.00578612574263    0.818919155922 1785404744.4
 0.0848256441232 -0.0148730459425   0.823402800661 1785404744.43
 0.0990499867482 -0.0256585141998   0.822459947354 1785404744.45
  0.104190476192 -0.0367456299119   0.812753901329 1785404744.47
  0.097177698705 -0.0465812411326   0.791563514721 1785404744.48
 0.0769591713881 -0.0536360482184   0.757300008324 1785404744.5
 0.0448058372118 -0.0566254926899   0.709832193828 1785404744.53
0.00419055702829 -0.0547334475015    0.65055429024 1785404744.55
 -0.039740447059 -0.0477894541466   0.582183938428 1785404744.57
-0.0810076617142 -0.0363513148959    0.50833393251 1785404744.58
 -0.113797365116 -0.0216598678711   0.432946334645 1785404744.6
   -0.13343779108 -0.00545931442397    0.359701421422 1785404744.63
 -0.13717439876 0.0102917616751  0.291511471514 1785404744.65
-0.124603797234 0.0237651822394  0.230183022884 1785404744.67
-0.0976905883451  0.0335936113971   0.176289425316 1785404744.68
-0.0603708903509  0.0391166268275   0.129250198032 1785404744.7
-0.0178244774255  0.0404895608097  0.0875763498049 1785404744.73
0.0244417873982 0.0386318817719 0.0492190199659 1785404744.75
0.0615253268631 0.0350264434602 0.0119543470055 1785404744.77
 0.0899036197221  0.0314120505296 -0.0262533277925 1785404744.78
  0.107919634795  0.0294324558799 -0.0669518345063 1785404744.8
 0.115901203159 0.0303111181481 -0.110991116028 1785404744.83
 0.115908425953 0.0346127344246 -0.158416965455 1785404744.85
  0.11117068167 0.0421332247182 -0.208475426237 1785404744.86
 0.105328479715 0.0519349234636 -0.259728791155 1785404744.88
 0.101627152792 0.0625185248867 -0.310275536502 1785404744.9
 0.102215018794 0.0721016110411 -0.358052682842 1785404744.93
 0.107678078722 0.0789574966595 -0.401181057141 1785404744.95
 0.116900192457 0.0817587802499 -0.438296949305 1785404744.96
 0.127278773583 0.0798680856143 -0.468805334235 1785404744.98
 0.135260600259 0.0735243921053 -0.492996830856 1785404745
 0.137101185092 0.0638870050794  -0.51199507872 1785404745.03
 0.129705427023 0.0529198139162  -0.52753903502 1785404745.05
 0.111386478235  0.043124106535 -0.541645940446 1785404745.07
0.0823894409685 0.0371553720816 -0.556232866974 1785404745.08
0.0450664463141 0.0373832169103 -0.572787043236 1785404745.1
0.00365339844085  0.0454682335128  -0.592162448827 1785404745.13
-0.0363254806494  0.0620311505821  -0.614545233681 1785404745.15
-0.0689259097439   0.086476402152  -0.639583349801 1785404745.17
-0.0887694633775   0.117006226477   -0.66663032091 1785404745.18
-0.0919657775378   0.150827188603  -0.695022551288 1785404745.2
-0.076799257574  0.184515155725 -0.724302430883 1785404745.23
-0.0440526030025   0.214474615914  -0.754317312826 1785404745.25
0.00309063665886   0.237410602225  -0.785162099682 1785404745.27
0.0595408126802  0.250730720494 -0.816980545178 1785404745.28
 0.119094265758  0.252811244371 -0.849684824526 1785404745.3
0.175367397693 0.243091019387 -0.88268227125 1785404745.33
 0.222694611545  0.221993083888 -0.914703785012 1785404745.35
 0.256826862644  0.190708565525 -0.943807660386 1785404745.37
 0.275316776115  0.150903376657 -0.967589815297 1785404745.38
 0.277548655773  0.104420132661 -0.983576976732 1785404745.4
 0.264450529805 0.0530428396522 -0.989727248489 1785404745.43
   0.237992420488 -0.00162886545863   -0.984926848792 1785404745.45
  0.200614869341 -0.0581808714472  -0.969363422517 1785404745.47
 0.154735383198 -0.115280798219 -0.944678973281 1785404745.48
 0.102447510347 -0.171517791411 -0.913853888691 1785404745.5
0.0454664187928 -0.225250482147 -0.880834553864 1785404745.53
-0.0146978254543  -0.274527210321  -0.849973856098 1785404745.55
-0.0764232937494  -0.317125733673  -0.825391868178 1785404745.57
-0.137640187002  -0.35072993461  -0.81037525463 1785404745.58
-0.195606380664  -0.37322493201 -0.806918700805 1785404745.6
-0.246895795865 -0.383057924794 -0.815476789075 1785404745.63
-0.287644720365 -0.379588810762  -0.83495073193 1785404745.65
 -0.31403298054 -0.363348877694 -0.862892067441 1785404745.67
-0.322913634262 -0.336139972279 -0.895873240992 1785404745.68
-0.312461725314 -0.300937275002 -0.929957152402 1785404745.7
-0.282699237519 -0.261598271076 -0.961194077809 1785404745.73
-0.235771953302 -0.222418853531  -0.98608172753 1785404745.75
-0.175899448559 -0.187605989315  -1.00193841612 1785404745.77
-0.108981473693 -0.160749684781  -1.00715663592 1785404745.78
-0.0419092389095  -0.144374051778   -1.00132183348 1785404745.8
0.0183144403088 -0.139630887656 -0.985196886336 1785404745.83
0.0655068354662  -0.14617448722 -0.960585651878 1785404745.85
0.0951398787705 -0.162228927724 -0.930098867257 1785404745.87
 0.104945070744  -0.18483310682 -0.896852659959 1785404745.89
0.0951944766573 -0.210226957785 -0.864133400598 1785404745.9
0.0686164359898 -0.234326009581  -0.83506147645 1785404745.92
0.0299629613525 -0.253222018223 -0.812280506671 1785404745.95
-0.0147000097139  -0.263645854939  -0.797689601787 1785404745.97
-0.0588672632941  -0.263335576633    -0.7922287147 1785404745.99
-0.0965002226363  -0.251266746951   -0.79572504026 1785404746
-0.122831403872 -0.227721572457 -0.806812822153 1785404746.03
-0.134955865223 -0.194195625601 -0.822946480542 1785404746.05
-0.132133902769 -0.153163018537 -0.840531404281 1785404746.07
-0.115772796005 -0.107739823009 -0.855191996054 1785404746.09
-0.0891007441181 -0.0612980691335  -0.862179750363 1785404746.1
-0.0565888349783 -0.0170861206583  -0.856897126111 1785404746.13
-0.0232130767123  0.0220952426299  -0.835482036511 1785404746.15
0.0063264294534  0.054126317505 -0.795371777202 1785404746.17
 0.028303600428  0.077695562313 -0.735752614817 1785404746.19
 0.040468677763 0.0923223913811  -0.65780725455 1785404746.2
0.0422758701071 0.0982915237001 -0.564697444986 1785404746.23
 0.034808661105 0.0965225119669 -0.461259130251 1785404746.25
0.0204331726325 0.0884005492019 -0.353435881885 1785404746.27
0.0022619728546 0.0755936870856 -0.247524219005 1785404746.29
-0.0164554662768  0.0598789140926  -0.149342677331 1785404746.3
 -0.032891675947  0.0429957046667 -0.0634567445238 1785404746.33
-0.0450451243327  0.0265401498297 0.00741166502114 1785404746.35
-0.0519265494442  0.0119049834527  0.0626898061919 1785404746.37
 -0.0535182314004 0.000261101007197    0.103922995225 1785404746.39
 -0.0505483439133 -0.00743363402565    0.134414370787 1785404746.4
-0.0441603480011 -0.0104195780971   0.158600891044 1785404746.43
 -0.0355729828078 -0.00813741836733    0.181275643983 1785404746.45
   -0.025817087949 -0.000264801604136     0.206790335856 1785404746.47
-0.0156049814967  0.0132069631611   0.238371735194 1785404746.49
-0.00534550315988   0.0318669968688    0.277663285187 1785404746.5
0.00472497921571  0.0547772575936   0.324562565293 1785404746.52
0.0143569314336 0.0804024862924  0.377373427932 1785404746.55
0.0231214380086  0.106619005944  0.433236604226 1785404746.57
0.0303290961627  0.130833837852  0.488753244265 1785404746.59
0.0350736768518  0.150225000127  0.540680735658 1785404746.61
0.0364040432213  0.162087012341  0.586566175092 1785404746.63
0.0335907479959  0.164238848163   0.62519431836 1785404746.65
0.0264244297497  0.155431009842  0.656763907706 1785404746.67
0.0154680262578  0.135678595383  0.682763450294 1785404746.69
0.00218722278074   0.106450511419   0.705582857299 1785404746.71
-0.0110966136538  0.0706614641623   0.727954592628 1785404746.73
-0.0214527504154  0.0324412110252   0.752351760834 1785404746.75
 -0.0257662384797 -0.00330880277916     0.78047235911 1785404746.77
-0.0212793631811 -0.0315231489131   0.812910218126 1785404746.79
-0.00615399389997  -0.0476622884585    0.849064180127 1785404746.81
  0.020055760878 -0.0483801180616   0.887282280842 1785404746.83
 0.0561232888309 -0.0320601125463   0.925190876929 1785404746.85
  0.099133003138 0.00087293676351    0.96012926325 1785404746.87
 0.144750145331 0.0479235887383  0.989601750646 1785404746.89
 0.18774370039 0.104789299504   1.0116688102 1785404746.91
0.222680082229 0.165876884466  1.02522017003 1785404746.93
0.244673954838 0.224989072062  1.03009858781 1785404746.95
0.250075306178 0.276071973746  1.02706864485 1785404746.97
0.236988076851 0.313909717555  1.01764825657 1785404746.99
0.205548973453 0.334669969488  1.00384050835 1785404747.01
0.157936525629 0.336238646628 0.987817865997 1785404747.03
0.0981213771122  0.318324795116  0.971616968684 1785404747.05
0.0314030896025  0.282356775837  0.956898133688 1785404747.07
-0.0361969934415   0.231219475764   0.944809555148 1785404747.09
-0.0986044448029   0.168894203029   0.935974206301 1785404747.11
-0.150338517695  0.100058469486  0.930591236929 1785404747.13
-0.187063327964 0.0296871465422  0.928617745909 1785404747.15
  -0.20598841032 -0.0373224111435   0.929976636703 1785404747.17
 -0.206087118887 -0.0964927786913   0.934727412425 1785404747.19
-0.188125029103   -0.1440726136  0.943143178982 1785404747.21
-0.154510327497 -0.177298602896  0.955659152731 1785404747.23
-0.108992388203 -0.194597183271  0.972691589805 1785404747.25
-0.0562442302685  -0.195704231324   0.994363699762 1785404747.27
-0.00137161693506   -0.181681575241     1.02020746158 1785404747.29
0.0506023152272 -0.154816723266   1.04892827838 1785404747.31
0.0952236478265 -0.118404272385   1.07831645314 1785404747.33
 0.129012437794 -0.076421036155   1.10536362542 1785404747.35
